hour,venue_id,venue_name,amenity_type,terrace_status,address,latitude,longitude,is_sunny,sun_elevation,sun_azimuth,cloud_cover,temperature_c
2026-09-07T08:00,relation/18317100,,,,,41.42,2.1188352,1,5.67,87.79,29,24.6
2026-09-07T08:00,node/208984374,Central Rambla,,,,41.3782716,2.1761732,0,5.67,87.79,29,24.6
2026-09-07T08:00,way/217583616,Can Fisher,,,,41.3946034,2.2062292,1,5.67,87.79,29,24.6
2026-09-07T08:00,way/245214117,la Caseta del Migdia,,,,41.3596833,2.1607145,1,5.67,87.79,29,24.6
2026-09-07T08:00,way/246717741,Mirablau,,,,41.4160323,2.1319129,0,5.67,87.79,29,24.6
2026-09-07T08:00,way/249404809,PURO,,,,41.3911248,2.1461635,0,5.67,87.79,29,24.6
2026-09-07T08:00,way/268912897,Can Cortada,,,,41.4362503,2.1524833,0,5.67,87.79,29,24.6
2026-09-07T08:00,way/315387188,Temple del Metall,,,,41.4741706,2.1662317,1,5.67,87.79,29,24.6
2026-09-07T08:00,way/392926648,Pacha,,,,41.3857491,2.1970415,1,5.67,87.79,29,24.6
2026-09-07T08:00,way/412702054,Camping,,,,41.3953192,2.2042386,1,5.67,87.79,29,24.6
2026-09-07T08:00,way/443599336,Asador Casa Juaco,,,,41.4476663,2.1426909,1,5.67,87.79,29,24.6
2026-09-07T08:00,way/446002194,La Base by Farré,,,,41.3967358,2.2101884,1,5.67,87.79,29,24.6
2026-09-07T08:00,node/476327681,Can Paixano,,,,41.3817618,2.1834151,0,5.67,87.79,29,24.6
2026-09-07T08:00,node/506202703,Bar Almogávares,,,,41.3962323,2.1890864,0,5.67,87.79,29,24.6
2026-09-07T08:00,way/519771543,Restaurant Can Cases,,,,41.4343885,2.0985276,1,5.67,87.79,29,24.6
2026-09-07T08:00,node/534367691,Sant Bartomeu,,,,41.3755248,2.1346488,0,5.67,87.79,29,24.6
2026-09-07T08:00,node/643022131,Euro Bar-Tapas,,,,41.4342324,2.2161197,1,5.67,87.79,29,24.6
2026-09-07T08:00,node/643429648,Joan Figuera,,,,41.4336545,2.2169391,1,5.67,87.79,29,24.6
2026-09-07T08:00,node/643496696,El rincón de Willy,,,,41.4380246,2.2180623,1,5.67,87.79,29,24.6
2026-09-07T08:00,node/643496704,Bar Somni d'estiu,,,,41.4382361,2.2166687,1,5.67,87.79,29,24.6
2026-09-07T08:00,way/655221168,L'Ovella Negra Marina,,,,41.3960196,2.1901331,0,5.67,87.79,29,24.6
2026-09-07T08:00,node/660004524,Bocatapa Can Manel,,,,41.4413833,2.2212875,1,5.67,87.79,29,24.6
2026-09-07T08:00,node/672140180,Kasparo,,,,41.3844847,2.1690087,0,5.67,87.79,29,24.6
2026-09-07T08:00,node/704031158,Café Zurich,,,,41.3858504,2.1694606,0,5.67,87.79,29,24.6
2026-09-07T08:00,node/704042058,Starbucks,,,,41.3888305,2.1719117,1,5.67,87.79,29,24.6
2026-09-07T08:00,node/704058886,Tapa Tapa,,,,41.3916926,2.1660167,0,5.67,87.79,29,24.6
2026-09-07T08:00,node/704060428,Oassis Natural Cooking,,,,41.3901637,2.1678915,0,5.67,87.79,29,24.6
2026-09-07T08:00,node/704066257,Ciutat Comtal,,,,41.3888272,2.1668833,0,5.67,87.79,29,24.6
2026-09-07T08:00,node/704066614,Taller de Tapas,,,,41.3905645,2.1639038,0,5.67,87.79,29,24.6
2026-09-07T08:00,way/707305723,Bar Frankfurt Cafeteria Fabregada,,,,41.3561748,2.1108239,1,5.67,87.79,29,24.6
2026-09-07T08:00,node/745947750,Bar Geminis,,,,41.3976224,2.1807778,0,5.67,87.79,29,24.6
2026-09-07T08:00,node/765796519,La Cafetera,,,,41.4049767,2.1575215,0,5.67,87.79,29,24.6
2026-09-07T08:00,node/814006271,Les 15 Nits Bar,,,,41.3804529,2.1749778,0,5.67,87.79,29,24.6
2026-09-07T08:00,node/819552792,Bracafe,,,,41.3944249,2.1675209,0,5.67,87.79,29,24.6
2026-09-07T08:00,node/824476551,Caleuche,,,,41.3761526,2.1686172,0,5.67,87.79,29,24.6
2026-09-07T08:00,node/830462039,Bar Restaurant Angela,,,,41.4043015,2.1949428,0,5.67,87.79,29,24.6
2026-09-07T08:00,way/907005766,Chevy's Bar,,,,41.4143731,2.2289499,1,5.67,87.79,29,24.6
2026-09-07T08:00,way/969257968,,,,,41.3793991,2.1073385,1,5.67,87.79,29,24.6
2026-09-07T08:00,way/1063378975,Bar Restaurant Oliver,,,,41.3469215,2.1546999,0,5.67,87.79,29,24.6
2026-09-07T08:00,node/1072798261,Taverna del Bisbe,,,,41.3849254,2.1766628,0,5.67,87.79,29,24.6
2026-09-07T08:00,node/1072800838,El Cafè D'en Victor,,,,41.3847931,2.1767008,0,5.67,87.79,29,24.6
2026-09-07T08:00,node/1083144027,Los Caracoles,,,,41.3796584,2.1765082,0,5.67,87.79,29,24.6
2026-09-07T08:00,node/1092685793,Elche,,,,41.3739754,2.1691488,0,5.67,87.79,29,24.6
2026-09-07T08:00,way/1112240803,ForumStation,,,,41.4096655,2.2221501,0,5.67,87.79,29,24.6
2026-09-07T08:00,node/1177498341,Casa Vall,,,,41.4074238,2.1585521,0,5.67,87.79,29,24.6
2026-09-07T08:00,node/1192698924,Bilbao Berria,,,,41.3841976,2.1748665,0,5.67,87.79,29,24.6
2026-09-07T08:00,node/1192699873,Tapas 24,,,,41.3908686,2.1674705,0,5.67,87.79,29,24.6
2026-09-07T08:00,way/1200964257,Chiringuito Joan Miro,,,,41.3789977,2.1478116,0,5.67,87.79,29,24.6
2026-09-07T08:00,node/1264182304,Tosca del Carme,,,,41.3819482,2.1695795,0,5.67,87.79,29,24.6
2026-09-07T08:00,node/1280416455,Carballeira,,,,41.4442679,2.2217701,1,5.67,87.79,29,24.6
2026-09-07T08:00,way/1300745688,La Casona de Sant Just,,,,41.3833348,2.0735139,1,5.67,87.79,29,24.6
2026-09-07T08:00,node/1310450869,El Filete Ruso,,,,41.3925451,2.1558968,0,5.67,87.79,29,24.6
2026-09-07T08:00,node/1312325106,La Palmera,,,,41.4144229,2.1385123,0,5.67,87.79,29,24.6
2026-09-07T08:00,node/1314943380,Mescladís del Pou,,,,41.3870865,2.1803497,0,5.67,87.79,29,24.6
2026-09-07T08:00,node/1335697982,,,,,41.3608771,2.1101417,1,5.67,87.79,29,24.6
2026-09-07T08:00,way/1368167814,Natura Beach. El Chiringuito,,,,41.4028929,2.2157443,1,5.67,87.79,29,24.6
2026-09-07T08:00,node/1420760625,Tapeo,,,,41.4044988,2.1554811,0,5.67,87.79,29,24.6
2026-09-07T08:00,node/1420760630,Diamant,,,,41.4042174,2.1555899,0,5.67,87.79,29,24.6
2026-09-07T08:00,node/1428867664,Café Berlin,,,,41.3943566,2.1494599,0,5.67,87.79,29,24.6
2026-09-07T08:00,node/1430537485,Oasis Restaurant,,,,41.3827219,2.1847191,0,5.67,87.79,29,24.6
2026-09-07T08:00,node/1445598557,Bracafe,,,,41.3948025,2.1817533,1,5.67,87.79,29,24.6
2026-09-07T08:00,node/1554649942,Torrades,,,,41.4375721,2.1566095,0,5.67,87.79,29,24.6
2026-09-07T08:00,node/1554649988,La Panera,,,,41.4374756,2.1563359,0,5.67,87.79,29,24.6
2026-09-07T08:00,node/1658425572,Rebeka,,,,41.3967185,2.1890325,0,5.67,87.79,29,24.6
2026-09-07T08:00,node/1685949861,Cerveceria Milenium 2,,,,41.3534566,2.0866307,1,5.67,87.79,29,24.6
2026-09-07T08:00,node/1711342192,Calero's Centre,,,,41.3744728,2.1349721,0,5.67,87.79,29,24.6
2026-09-07T08:00,node/1722136431,Cervecería Catalana,,,,41.3924032,2.1609008,0,5.67,87.79,29,24.6
2026-09-07T08:00,node/1739122591,La Tagliatella,,,,41.3943371,2.1521208,0,5.67,87.79,29,24.6
2026-09-07T08:00,node/1813593370,Bar Capricornio,,,,41.4381257,2.2179547,1,5.67,87.79,29,24.6
2026-09-07T08:00,node/1820633320,CASA TEVA,,,,41.3752815,2.1166845,1,5.67,87.79,29,24.6
2026-09-07T08:00,node/1824133931,Carmesí,,,,41.3737373,2.1644452,0,5.67,87.79,29,24.6
2026-09-07T08:00,node/1948986220,Cafeteria UPF Jaume I,,,,41.3900298,2.1901118,0,5.67,87.79,29,24.6
2026-09-07T08:00,node/1948987514,Cafeteria UPF Roger de Lluria,,,,41.3886776,2.1915119,0,5.67,87.79,29,24.6
2026-09-07T08:00,node/1951812612,Casa Pagès,,,,41.3998447,2.1613114,0,5.67,87.79,29,24.6
2026-09-07T08:00,node/1960366982,Casa Amalia,,,,41.3962525,2.1685646,0,5.67,87.79,29,24.6
2026-09-07T08:00,node/1984001407,Bar de la FIB,,,,41.3894239,2.1132363,0,5.67,87.79,29,24.6
2026-09-07T08:00,node/2034780565,Cerbeseria Lesseps,,,,41.4073551,2.1514486,0,5.67,87.79,29,24.6
2026-09-07T08:00,node/2034780569,L'Brasseria,,,,41.4067629,2.1516314,0,5.67,87.79,29,24.6
2026-09-07T08:00,node/2056517879,Caelum,,,,41.3830524,2.1744369,0,5.67,87.79,29,24.6
2026-09-07T08:00,node/2065469522,Restaurant Pipa,,,,41.3997461,2.2003004,0,5.67,87.79,29,24.6
2026-09-07T08:00,node/2087204991,La Sanguchería,,,,41.3954987,2.1484037,0,5.67,87.79,29,24.6
2026-09-07T08:00,node/2091604731,Tapa Tapa,,,,41.3762094,2.1500463,0,5.67,87.79,29,24.6
2026-09-07T08:00,node/2112843062,El Vaixell-2,,,,41.4541291,2.2350201,1,5.67,87.79,29,24.6
2026-09-07T08:00,node/2165154147,Asador de Lugo,,,,41.3797623,2.1376748,0,5.67,87.79,29,24.6
2026-09-07T08:00,node/2184580476,Bar del Pi,,,,41.3824922,2.1739624,0,5.67,87.79,29,24.6
2026-09-07T08:00,node/2187210264,Sopa,,,,41.4023416,2.1952788,0,5.67,87.79,29,24.6
2026-09-07T08:00,node/2197824500,Tierra del fuego,,,,41.4016702,2.2016399,0,5.67,87.79,29,24.6
2026-09-07T08:00,node/2213839299,Pollo Rico,,,,41.3791045,2.1721976,0,5.67,87.79,29,24.6
2026-09-07T08:00,node/2364075421,Chen-Ji,,,,41.3936143,2.1807074,0,5.67,87.79,29,24.6
2026-09-07T08:00,node/2434563732,La Bella Napoli,,,,41.3743686,2.1637621,0,5.67,87.79,29,24.6
2026-09-07T08:00,node/2442785485,El Círcol,,,,41.4501968,2.2474223,1,5.67,87.79,29,24.6
2026-09-07T08:00,node/2468197823,365 Cafeteria Forn de Pa,,,,41.3752071,2.1635151,0,5.67,87.79,29,24.6
2026-09-07T08:00,node/2476332030,Bar Lennon,,,,41.4028901,2.1612576,0,5.67,87.79,29,24.6
2026-09-07T08:00,node/2500906795,Bar Lúdic Queimada Nivell Q,,,,41.4094152,2.1808913,0,5.67,87.79,29,24.6
2026-09-07T08:00,node/2598482930,Con Gracia,,,,41.3990704,2.1600617,0,5.67,87.79,29,24.6
2026-09-07T08:00,node/2609183969,Fukuoka,,,,41.4022587,2.1612976,0,5.67,87.79,29,24.6
2026-09-07T08:00,node/2610750687,Xiringuito Aigua,,,,41.4096717,2.1683236,0,5.67,87.79,29,24.6
2026-09-07T08:00,node/2618447074,Vegetalia,,,,41.3803973,2.1776952,0,5.67,87.79,29,24.6
2026-09-07T08:00,node/2618538581,Veggie Garden,,,,41.3822767,2.1680336,0,5.67,87.79,29,24.6
2026-09-07T08:00,node/2618538595,Biocenter,,,,41.3825765,2.1694364,0,5.67,87.79,29,24.6
2026-09-07T08:00,node/2684052224,Pai Mei,,,,41.4051863,2.1931071,0,5.67,87.79,29,24.6
2026-09-07T08:00,node/2687089274,Dolça Estona,,,,41.4117096,2.1394938,0,5.67,87.79,29,24.6
2026-09-07T08:00,node/2689736934,Bar Bodega Molina,,,,41.4403298,2.1817019,0,5.67,87.79,29,24.6
2026-09-07T08:00,node/2721077740,Bar Veni,,,,41.3848861,2.1667078,0,5.67,87.79,29,24.6
2026-09-07T08:00,node/2727449418,Las Euras,,,,41.3998785,2.1577187,0,5.67,87.79,29,24.6
2026-09-07T08:00,node/2793491051,La bona tapa,,,,41.4368098,2.2166172,1,5.67,87.79,29,24.6
2026-09-07T08:00,node/2892028393,Kino,,,,41.3825992,2.1665452,0,5.67,87.79,29,24.6
2026-09-07T08:00,node/2892037115,23 Robadors,,,,41.3796029,2.1708903,0,5.67,87.79,29,24.6
2026-09-07T08:00,node/2910255826,Shôko,,,,41.3854991,2.1969746,1,5.67,87.79,29,24.6
2026-09-07T08:00,node/2910255827,Opium,,,,41.3852778,2.1967099,1,5.67,87.79,29,24.6
2026-09-07T08:00,node/2927944587,Tapas Tapas!,,,,41.3745104,2.1829399,1,5.67,87.79,29,24.6
2026-09-07T08:00,node/2951499208,El racó d'en Henry,,,,41.4394757,2.2215013,1,5.67,87.79,29,24.6
2026-09-07T08:00,node/2966340931,El Capritx,,,,41.4022886,2.1998883,0,5.67,87.79,29,24.6
2026-09-07T08:00,node/2968119440,Can Tresó,,,,41.4028999,2.1537483,0,5.67,87.79,29,24.6
2026-09-07T08:00,node/2969276727,La Sirena Verde,,,,41.4027605,2.1657128,0,5.67,87.79,29,24.6
2026-09-07T08:00,node/2969277275,Café de l'Eixample,,,,41.4005021,2.1690108,0,5.67,87.79,29,24.6
2026-09-07T08:00,node/2970751844,Taverna El Disbarat,,,,41.4017728,2.1545227,0,5.67,87.79,29,24.6
2026-09-07T08:00,node/3007755352,La Pausa,,,,41.4071883,2.1557816,0,5.67,87.79,29,24.6
2026-09-07T08:00,node/3007803307,Oh La Lá,,,,41.4460123,2.2485803,1,5.67,87.79,29,24.6
2026-09-07T08:00,node/3048077142,L'Aliança del Poblenou,,,,41.3997067,2.2032276,0,5.67,87.79,29,24.6
2026-09-07T08:00,node/3049368344,Clot76,,,,41.4082815,2.1885259,0,5.67,87.79,29,24.6
2026-09-07T08:00,node/3084370508,Marina Bay By Moncho's,,,,41.3863077,2.1975017,1,5.67,87.79,29,24.6
2026-09-07T08:00,node/3084507933,Caravelle,,,,41.3822872,2.1688475,0,5.67,87.79,29,24.6
2026-09-07T08:00,node/3120072573,Bar Restaurant Nàutic,,,,41.3806088,2.1408397,1,5.67,87.79,29,24.6
2026-09-07T08:00,node/3177990194,Mezcal Taco Bar,,,,41.3830563,2.1554872,0,5.67,87.79,29,24.6
2026-09-07T08:00,node/3270120640,Luigi,,,,41.3862659,2.1753788,0,5.67,87.79,29,24.6
2026-09-07T08:00,node/3271554311,Al Sultán,,,,41.4035661,2.1554863,0,5.67,87.79,29,24.6
2026-09-07T08:00,node/3328694987,Nou Candanchú,,,,41.4005128,2.1576475,0,5.67,87.79,29,24.6
2026-09-07T08:00,node/3339670930,Bahia,,,,41.3803265,2.1774842,0,5.67,87.79,29,24.6
2026-09-07T08:00,node/3441700493,Santos Tapas,,,,41.3818417,2.1745121,0,5.67,87.79,29,24.6
2026-09-07T08:00,node/3491476947,Bar del Pla,,,,41.3856036,2.1800221,0,5.67,87.79,29,24.6
2026-09-07T08:00,node/3496970198,Centre Cívic Can Deu,,,,41.3869027,2.1327794,0,5.67,87.79,29,24.6
2026-09-07T08:00,node/3504769719,El Rincón,,,,41.3908977,2.1900669,0,5.67,87.79,29,24.6
2026-09-07T08:00,node/3517276245,Bar Canigó,,,,41.4029724,2.1579186,0,5.67,87.79,29,24.6
2026-09-07T08:00,node/3522552400,Àpat's,,,,41.3757617,2.1419109,0,5.67,87.79,29,24.6
2026-09-07T08:00,node/3548547194,El Bon Menjador - 2,,,,41.4388101,2.2172863,1,5.67,87.79,29,24.6
2026-09-07T08:00,node/3548548998,Bar Morales,,,,41.4395878,2.2165237,1,5.67,87.79,29,24.6
2026-09-07T08:00,node/3548613495,Bar Paula's Tapería,,,,41.4385437,2.2175484,1,5.67,87.79,29,24.6
2026-09-07T08:00,node/3556089494,Delicias Mediterráneas,,,,41.4415079,2.2267435,1,5.67,87.79,29,24.6
2026-09-07T08:00,node/3556089497,Xurreria Rodríguez,,,,41.4416928,2.2264651,1,5.67,87.79,29,24.6
2026-09-07T08:00,node/3556089803,Bar de La Salut,,,,41.4422594,2.2258792,1,5.67,87.79,29,24.6
2026-09-07T08:00,node/3560942698,Sandvitxeria Alhociema,,,,41.4443624,2.2236761,1,5.67,87.79,29,24.6
2026-09-07T08:00,node/3560955995,Centro Cultural Castellano-manchego,,,,41.4390698,2.2176297,1,5.67,87.79,29,24.6
2026-09-07T08:00,node/3595399490,Bar Familiar,,,,41.4359163,2.2182018,1,5.67,87.79,29,24.6
2026-09-07T08:00,node/3595399769,La granja de Casablanca,,,,41.4357671,2.2189395,1,5.67,87.79,29,24.6
2026-09-07T08:00,node/3595401238,Bar Alcázar,,,,41.4365542,2.2183742,1,5.67,87.79,29,24.6
2026-09-07T08:00,node/3596986411,Agrupación Cultural Galega Agarimos,,,,41.4358268,2.2165495,1,5.67,87.79,29,24.6
2026-09-07T08:00,node/3612059306,Nabuco Tiramisú,,,,41.4004523,2.1577244,0,5.67,87.79,29,24.6
2026-09-07T08:00,node/3620986554,Yamane,,,,41.3868061,2.1808426,0,5.67,87.79,29,24.6
2026-09-07T08:00,node/3620991692,Yamaneko-ryouri,,,,41.4016619,2.1447787,0,5.67,87.79,29,24.6
2026-09-07T08:00,node/3624045193,Bar-Granja Maribel,,,,41.4399092,2.2235793,1,5.67,87.79,29,24.6
2026-09-07T08:00,node/3624045293,Bar La Cantonada,,,,41.4396227,2.2242325,1,5.67,87.79,29,24.6
2026-09-07T08:00,node/3713349650,Groin's,,,,41.4108415,2.1637178,0,5.67,87.79,29,24.6
2026-09-07T08:00,node/3718061014,Bar Calders,,,,41.3764788,2.1623937,0,5.67,87.79,29,24.6
2026-09-07T08:00,node/3730796125,Buenas Migas,,,,41.3975542,2.1587856,0,5.67,87.79,29,24.6
2026-09-07T08:00,node/3761312382,La Fonda,,,,41.3793598,2.1762144,0,5.67,87.79,29,24.6
2026-09-07T08:00,node/3777075876,Oaxaca,,,,41.3821041,2.1838988,0,5.67,87.79,29,24.6
2026-09-07T08:00,node/3779149860,EsPan's,,,,41.4349094,2.2194667,1,5.67,87.79,29,24.6
2026-09-07T08:00,node/3794002044,Samurai Ramen,,,,41.3736753,2.1548947,0,5.67,87.79,29,24.6
2026-09-07T08:00,node/3804046057,Robata Sushi & Grill,,,,41.3904886,2.1585836,0,5.67,87.79,29,24.6
2026-09-07T08:00,node/3809169458,Freiduría El Boquerón,,,,41.4400822,2.2264769,1,5.67,87.79,29,24.6
2026-09-07T08:00,node/3809169459,Marisquería Melchor,,,,41.4401715,2.2266602,1,5.67,87.79,29,24.6
2026-09-07T08:00,node/3809169461,Elhotro bar,,,,41.4401247,2.2268506,1,5.67,87.79,29,24.6
2026-09-07T08:00,node/3809169658,Carte d'Or,,,,41.4403068,2.2274065,1,5.67,87.79,29,24.6
2026-09-07T08:00,node/3809169668,Vivari,,,,41.4408122,2.2271125,1,5.67,87.79,29,24.6
2026-09-07T08:00,node/3809169669,Pantaiberic delicatessen,,,,41.4408174,2.2269502,1,5.67,87.79,29,24.6
2026-09-07T08:00,node/3840009426,La Esquinica,,,,41.4304816,2.1712169,0,5.67,87.79,29,24.6
2026-09-07T08:00,node/3874539219,Café del Centre,,,,41.3946111,2.1712059,0,5.67,87.79,29,24.6
2026-09-07T08:00,node/3890922254,Characato,,,,41.4046885,2.1836218,0,5.67,87.79,29,24.6
2026-09-07T08:00,node/3901403358,Les Dues Sicilies,,,,41.3866097,2.1802613,0,5.67,87.79,29,24.6
2026-09-07T08:00,node/3955968257,El racó de les Glòries,,,,41.3986109,2.1978895,0,5.67,87.79,29,24.6
2026-09-07T08:00,node/4060217594,Matt & Marshall,,,,41.3993348,2.1997769,0,5.67,87.79,29,24.6
2026-09-07T08:00,node/4073605889,Mariscco,,,,41.3804885,2.1753271,0,5.67,87.79,29,24.6
2026-09-07T08:00,node/4126257971,Xixbar,,,,41.3758485,2.1576176,0,5.67,87.79,29,24.6
2026-09-07T08:00,node/4127494769,Vapiano,,,,41.3788941,2.1758361,0,5.67,87.79,29,24.6
2026-09-07T08:00,node/4138815989,Nømad Cøffee,,,,41.3889108,2.1771731,0,5.67,87.79,29,24.6
2026-09-07T08:00,node/4150499794,El 68,,,,41.4023622,2.1612062,0,5.67,87.79,29,24.6
2026-09-07T08:00,node/4166496789,Bar Thonet Grill Room,,,,41.3792408,2.1761073,0,5.67,87.79,29,24.6
2026-09-07T08:00,node/4168100800,Cervecería Frankfurt Europa,,,,41.4396191,2.2191504,1,5.67,87.79,29,24.6
2026-09-07T08:00,node/4225209596,Bar El Velodromo,,,,41.3934442,2.1501395,0,5.67,87.79,29,24.6
2026-09-07T08:00,node/4225810298,Bar Nolla,,,,41.3905504,2.1647825,0,5.67,87.79,29,24.6
2026-09-07T08:00,node/4233959493,Pastisseria Granja,,,,41.3795042,2.1792309,0,5.67,87.79,29,24.6
2026-09-07T08:00,node/4239222689,Rekons,,,,41.3806195,2.1610796,0,5.67,87.79,29,24.6
2026-09-07T08:00,node/4244877765,Bar La Peña,,,,41.4404265,2.2170329,1,5.67,87.79,29,24.6
2026-09-07T08:00,node/4247196393,cal mariner,,,,41.3791754,2.1898206,0,5.67,87.79,29,24.6
2026-09-07T08:00,node/4253851490,El Trencadís,,,,41.3937976,2.1655309,0,5.67,87.79,29,24.6
2026-09-07T08:00,node/4253862889,Hummus,,,,41.3912547,2.1611975,0,5.67,87.79,29,24.6
2026-09-07T08:00,node/4254090289,La tasqueta de Blai,,,,41.3733347,2.1652358,0,5.67,87.79,29,24.6
2026-09-07T08:00,node/4254094290,Rosa Negra,,,,41.3819164,2.1687596,0,5.67,87.79,29,24.6
2026-09-07T08:00,node/4254704967,Firebug Brunch,,,,41.3927459,2.1778691,0,5.67,87.79,29,24.6
2026-09-07T08:00,node/4254996890,La Macchina,,,,41.4030005,2.1535966,0,5.67,87.79,29,24.6
2026-09-07T08:00,node/4267035492,Kebabish,,,,41.4409198,2.2217884,1,5.67,87.79,29,24.6
2026-09-07T08:00,node/4267055591,La cantina del tapeo,,,,41.4420999,2.2200224,1,5.67,87.79,29,24.6
2026-09-07T08:00,node/4278033120,Buenas Migas,,,,41.3838044,2.1696233,0,5.67,87.79,29,24.6
2026-09-07T08:00,node/4283188047,Granja Romaní,,,,41.4348618,2.2179712,1,5.67,87.79,29,24.6
2026-09-07T08:00,node/4283194434,Bar La Paradeta,,,,41.4337773,2.2167771,1,5.67,87.79,29,24.6
2026-09-07T08:00,node/4291934189,Fonda Espanya,,,,41.3799009,2.1728032,0,5.67,87.79,29,24.6
2026-09-07T08:00,node/4306440989,Blai 9,,,,41.3730722,2.1658539,0,5.67,87.79,29,24.6
2026-09-07T08:00,node/4314857689,El punt,,,,41.4413807,2.2316251,1,5.67,87.79,29,24.6
2026-09-07T08:00,node/4314859689,Versace,,,,41.4337089,2.2172203,1,5.67,87.79,29,24.6
2026-09-07T08:00,node/4315715092,Petit Comitè,,,,41.3943551,2.1600308,0,5.67,87.79,29,24.6
2026-09-07T08:00,node/4321183403,Brunch & Cake,,,,41.3882834,2.1615596,0,5.67,87.79,29,24.6
2026-09-07T08:00,node/4336933393,Mayura,,,,41.3938992,2.1720914,0,5.67,87.79,29,24.6
2026-09-07T08:00,node/4340119890,VIENA,,,,41.3579934,2.1293918,1,5.67,87.79,29,24.6
2026-09-07T08:00,node/4349925690,Nemrut,,,,41.3810051,2.1772158,0,5.67,87.79,29,24.6
2026-09-07T08:00,node/4350019284,Palosanto,,,,41.3808122,2.1772701,0,5.67,87.79,29,24.6
2026-09-07T08:00,node/4364289794,Faborit Casa Amatller,,,,41.3915836,2.1650592,0,5.67,87.79,29,24.6
2026-09-07T08:00,node/4386702690,Red Ant Noodle Bar,,,,41.3880129,2.1810961,0,5.67,87.79,29,24.6
2026-09-07T08:00,node/4396244190,Fresc Co,,,,41.3891657,2.1969678,1,5.67,87.79,29,24.6
2026-09-07T08:00,node/4401234193,BlackLab Brewhouse & Kitchen,,,,41.3812305,2.1854573,0,5.67,87.79,29,24.6
2026-09-07T08:00,node/4431102493,Forn Puiggròs,,,,41.4102615,2.1741597,0,5.67,87.79,29,24.6
2026-09-07T08:00,node/4439412389,La Vinya del Senyor,,,,41.3832546,2.1818655,0,5.67,87.79,29,24.6
2026-09-07T08:00,node/4440352791,La Gavina,,,,41.3807532,2.1853211,0,5.67,87.79,29,24.6
2026-09-07T08:00,node/4443367289,Pannus,,,,41.3863691,2.1726728,0,5.67,87.79,29,24.6
2026-09-07T08:00,node/4449185678,Il Caffè di Francesco,,,,41.3908733,2.1652201,0,5.67,87.79,29,24.6
2026-09-07T08:00,node/4451904190,Bar Granadino,,,,41.4404153,2.2238276,1,5.67,87.79,29,24.6
2026-09-07T08:00,node/4451904193,La ciudad de oro,,,,41.4408727,2.2240695,1,5.67,87.79,29,24.6
2026-09-07T08:00,node/4451986792,Cafe Bar Florida,,,,41.4403503,2.2236929,1,5.67,87.79,29,24.6
2026-09-07T08:00,node/4451986793,Bar Amigo,,,,41.4411469,2.2238965,1,5.67,87.79,29,24.6
2026-09-07T08:00,node/4451988991,Bar Frankfurt Jaime,,,,41.4408051,2.2241201,1,5.67,87.79,29,24.6
2026-09-07T08:00,node/4451989090,Entre tapes,,,,41.4423118,2.2237245,1,5.67,87.79,29,24.6
2026-09-07T08:00,node/4451992791,Bar Leo,,,,41.4406309,2.2245529,1,5.67,87.79,29,24.6
2026-09-07T08:00,node/4452031691,Bar La Granja,,,,41.4427953,2.2241899,1,5.67,87.79,29,24.6
2026-09-07T08:00,node/4455238130,Anahuac,,,,41.3965161,2.1513989,0,5.67,87.79,29,24.6
2026-09-07T08:00,node/4461595656,Cafeteria de la Biblioteca Jaumer Fuster,,,,41.4075557,2.1493457,0,5.67,87.79,29,24.6
2026-09-07T08:00,node/4470059420,Mesón Gallego,,,,41.3818896,2.0709288,1,5.67,87.79,29,24.6
2026-09-07T08:00,node/4486639527,Boldú,,,,41.3973783,2.1517865,0,5.67,87.79,29,24.6
2026-09-07T08:00,node/4486683966,La Tagliatella,,,,41.3974141,2.1514101,0,5.67,87.79,29,24.6
2026-09-07T08:00,node/4503193765,Bicioci,,,,41.3999229,2.1619101,0,5.67,87.79,29,24.6
2026-09-07T08:00,node/4509411660,Bar Mediterráneo,,,,41.4343007,2.2180868,1,5.67,87.79,29,24.6
2026-09-07T08:00,node/4516538193,Más Que Sushi,,,,41.3774227,2.1527247,0,5.67,87.79,29,24.6
2026-09-07T08:00,node/4516600994,Salambó,,,,41.4044546,2.1576355,0,5.67,87.79,29,24.6
2026-09-07T08:00,node/4520259289,Cachitos,,,,41.3953057,2.1536913,0,5.67,87.79,29,24.6
2026-09-07T08:00,node/4572063790,Cafetería 365,,,,41.3744652,2.1675541,0,5.67,87.79,29,24.6
2026-09-07T08:00,node/4580517495,Cadaqués,,,,41.4004717,2.1574102,0,5.67,87.79,29,24.6
2026-09-07T08:00,node/4591423938,Arabia Cafe,,,,41.3796023,2.1762764,0,5.67,87.79,29,24.6
2026-09-07T08:00,node/4602957463,Otafuku Daifuku,,,,41.3861633,2.1813225,0,5.67,87.79,29,24.6
2026-09-07T08:00,node/4631918790,Casa López,,,,41.4047191,2.1550626,0,5.67,87.79,29,24.6
2026-09-07T08:00,node/4643974106,Kyoka Via Augusta,,,,41.3979693,2.1315017,0,5.67,87.79,29,24.6
2026-09-07T08:00,node/4654613659,afiparc,,,,41.4134414,2.1527296,0,5.67,87.79,29,24.6
2026-09-07T08:00,node/4668687590,Can Vilaró,,,,41.3779004,2.1617005,0,5.67,87.79,29,24.6
2026-09-07T08:00,node/4673198082,Montesquiu,,,,41.4046825,2.1325233,0,5.67,87.79,29,24.6
2026-09-07T08:00,node/4680760648,Sushi Taller,,,,41.4048621,2.1326565,0,5.67,87.79,29,24.6
2026-09-07T08:00,node/4681801089,Orxateria la Valenciana,,,,41.3863413,2.1622578,0,5.67,87.79,29,24.6
2026-09-07T08:00,node/4704972453,majide,,,,41.3849224,2.1674688,0,5.67,87.79,29,24.6
2026-09-07T08:00,node/4709933976,Sottovoce,,,,41.3579226,2.1294974,1,5.67,87.79,29,24.6
2026-09-07T08:00,node/4711659235,Casa Lolea,,,,41.3888056,2.1771897,0,5.67,87.79,29,24.6
2026-09-07T08:00,node/4720526074,El Charrito,,,,41.3896183,2.1662427,0,5.67,87.79,29,24.6
2026-09-07T08:00,node/4721286889,Prodigi,,,,41.3985973,2.1659559,0,5.67,87.79,29,24.6
2026-09-07T08:00,node/4726582894,Catalina Cafe,,,,41.3862071,2.1793039,0,5.67,87.79,29,24.6
2026-09-07T08:00,node/4726583193,Betlem,,,,41.3949258,2.1712207,0,5.67,87.79,29,24.6
2026-09-07T08:00,node/4727975192,La Coruña,,,,41.4083413,2.1851911,0,5.67,87.79,29,24.6
2026-09-07T08:00,node/4728103192,Cafè Arrels,,,,41.4137041,2.1809929,0,5.67,87.79,29,24.6
2026-09-07T08:00,node/4729343193,Cervecería Frankfurt El Molino,,,,41.3746194,2.1669636,0,5.67,87.79,29,24.6
2026-09-07T08:00,node/4735766123,I'll Pomo d'Oro,,,,41.3926987,2.1585151,0,5.67,87.79,29,24.6
2026-09-07T08:00,node/4743830714,Casa Escarré (Joan's),,,,41.3747567,2.1427755,0,5.67,87.79,29,24.6
2026-09-07T08:00,node/4751727952,Bar Ribalda,,,,41.4026552,2.1328307,0,5.67,87.79,29,24.6
2026-09-07T08:00,node/4755496723,Brewdog,,,,41.3857301,2.1581661,0,5.67,87.79,29,24.6
2026-09-07T08:00,node/4756509699,Morro fi,,,,41.3833069,2.1550311,0,5.67,87.79,29,24.6
2026-09-07T08:00,node/4776357929,Tomodachi,,,,41.4053891,2.1644663,0,5.67,87.79,29,24.6
2026-09-07T08:00,node/4778618049,De Gustibus Italiae,,,,41.4027491,2.1330183,0,5.67,87.79,29,24.6
2026-09-07T08:00,node/4784670742,Índigo Café,,,,41.3874831,2.1626443,0,5.67,87.79,29,24.6
2026-09-07T08:00,node/4792724121,Venus Delicatessen Barcelona,,,,41.3807065,2.1779781,0,5.67,87.79,29,24.6
2026-09-07T08:00,node/4802341078,El Quatre,,,,41.4031267,2.1333762,0,5.67,87.79,29,24.6
2026-09-07T08:00,node/4805335780,Madonna Vegan,,,,41.3812162,2.1671279,0,5.67,87.79,29,24.6
2026-09-07T08:00,node/4816093515,Olímpic Bar,,,,41.4422394,2.2177816,1,5.67,87.79,29,24.6
2026-09-07T08:00,node/4822739686,Bar El Racó,,,,41.4417497,2.2212713,1,5.67,87.79,29,24.6
2026-09-07T08:00,node/4838956921,Supra,,,,41.3910798,2.1613999,0,5.67,87.79,29,24.6
2026-09-07T08:00,node/4844565923,Pampa Drugstore,,,,41.3827176,2.1712051,0,5.67,87.79,29,24.6
2026-09-07T08:00,node/4847673021,Usagui,,,,41.4021671,2.1463849,0,5.67,87.79,29,24.6
2026-09-07T08:00,node/4859449960,Restaurant el Magatzem,,,,41.3805096,2.1863595,0,5.67,87.79,29,24.6
2026-09-07T08:00,node/4859450597,Restaurant Cal Pinxo,,,,41.3806265,2.1855795,0,5.67,87.79,29,24.6
2026-09-07T08:00,node/4867833221,Pizzeria El Mundo,,,,41.3751322,2.1231212,0,5.67,87.79,29,24.6
2026-09-07T08:00,node/4881181797,Sierra Nevada,,,,41.4420581,2.1834715,0,5.67,87.79,29,24.6
2026-09-07T08:00,node/4903340658,El Ramblero,,,,41.4219271,2.1969049,0,5.67,87.79,29,24.6
2026-09-07T08:00,node/4906736149,L'Olivera,,,,41.4058547,2.1893093,0,5.67,87.79,29,24.6
2026-09-07T08:00,node/4917663030,Picnic,,,,41.4179648,2.1988442,0,5.67,87.79,29,24.6
2026-09-07T08:00,node/4937772721,Vila's Bar,,,,41.4059086,2.1571314,0,5.67,87.79,29,24.6
2026-09-07T08:00,node/4938104321,Hammock Juice Station,,,,41.3971863,2.1671778,0,5.67,87.79,29,24.6
2026-09-07T08:00,node/4973805221,Brunch & Cake by the sea,,,,41.3809714,2.1872568,0,5.67,87.79,29,24.6
2026-09-07T08:00,node/4973805421,Quinoa Aragó Vegetarià,,,,41.3886233,2.1598684,0,5.67,87.79,29,24.6
2026-09-07T08:00,node/4977546909,Tonkotsu,,,,41.3938467,2.1650368,0,5.67,87.79,29,24.6
2026-09-07T08:00,node/4983764927,Cervecería-Frankfurt,,,,41.4394391,2.2207951,1,5.67,87.79,29,24.6
2026-09-07T08:00,node/4983764935,Max Bar,,,,41.4401476,2.2214687,1,5.67,87.79,29,24.6
2026-09-07T08:00,node/4983764944,Bar Verín,,,,41.4396911,2.2210187,1,5.67,87.79,29,24.6
2026-09-07T08:00,node/4983764949,Bar R'Aurora,,,,41.4400582,2.2213943,1,5.67,87.79,29,24.6
2026-09-07T08:00,node/4983764952,Trocadero,,,,41.4385047,2.2204982,1,5.67,87.79,29,24.6
2026-09-07T08:00,node/4983764957,Bar La Alpujarra,,,,41.4420698,2.2228867,1,5.67,87.79,29,24.6
2026-09-07T08:00,node/4983764958,Sant Mori,,,,41.4390777,2.2210618,1,5.67,87.79,29,24.6
2026-09-07T08:00,node/4983764960,El buen gusto,,,,41.4411919,2.2225719,1,5.67,87.79,29,24.6
2026-09-07T08:00,node/4983764965,Bar Junior Bodega,,,,41.4417139,2.2225318,1,5.67,87.79,29,24.6
2026-09-07T08:00,node/4983764975,Bar Satisfecho,,,,41.4385461,2.2198488,1,5.67,87.79,29,24.6
2026-09-07T08:00,node/4983765002,Bar sushi Salon,,,,41.4425727,2.2233672,1,5.67,87.79,29,24.6
2026-09-07T08:00,node/4983765004,Corre que se acaban,,,,41.4392453,2.2212328,1,5.67,87.79,29,24.6
2026-09-07T08:00,node/4983765005,365,,,,41.4403303,2.2225575,1,5.67,87.79,29,24.6
2026-09-07T08:00,node/4984256695,Pampa Mía,,,,41.4085709,2.2035603,0,5.67,87.79,29,24.6
2026-09-07T08:00,node/4991221422,Salterio,,,,41.3825107,2.1760837,0,5.67,87.79,29,24.6
2026-09-07T08:00,node/5007434606,La Balmesina,,,,41.3970301,2.1522555,0,5.67,87.79,29,24.6
2026-09-07T08:00,node/5010794721,Syra Coffee,,,,41.4014925,2.1595216,0,5.67,87.79,29,24.6
2026-09-07T08:00,node/5010794821,Nomad Frutas Selectas,,,,41.3979292,2.1955517,0,5.67,87.79,29,24.6
2026-09-07T08:00,node/5023905423,Petra,,,,41.4038883,2.1551166,0,5.67,87.79,29,24.6
2026-09-07T08:00,node/5028969022,Guzzo,,,,41.3850929,2.1836594,0,5.67,87.79,29,24.6
2026-09-07T08:00,node/5030247521,La Pantera Rosa,,,,41.4010493,2.1525903,0,5.67,87.79,29,24.6
2026-09-07T08:00,node/5037900607,Orio,,,,41.3819545,2.1763606,0,5.67,87.79,29,24.6
2026-09-07T08:00,node/5048602525,Blau Cel,,,,41.4043091,2.1612896,0,5.67,87.79,29,24.6
2026-09-07T08:00,node/5053669724,La Xula Taperia,,,,41.4023295,2.1586126,0,5.67,87.79,29,24.6
2026-09-07T08:00,node/5081388242,La Raposa,,,,41.3725137,2.1639527,0,5.67,87.79,29,24.6
2026-09-07T08:00,node/5082277825,Vermuteria Puigmartí,,,,41.4013967,2.1590604,0,5.67,87.79,29,24.6
2026-09-07T08:00,node/5082277826,Caracas,,,,41.4020908,2.1601676,0,5.67,87.79,29,24.6
2026-09-07T08:00,node/5082288821,Curuba,,,,41.3999554,2.1574731,0,5.67,87.79,29,24.6
2026-09-07T08:00,node/5086827321,Metric Market,,,,41.3916196,2.1419287,0,5.67,87.79,29,24.6
2026-09-07T08:00,node/5088945722,La Juanola,,,,41.4066765,2.1569377,0,5.67,87.79,29,24.6
2026-09-07T08:00,node/5089333723,Ciuri‘s,,,,41.4052466,2.1565749,0,5.67,87.79,29,24.6
2026-09-07T08:00,node/5105012628,Entre Hores,,,,41.4030943,2.1577829,0,5.67,87.79,29,24.6
2026-09-07T08:00,node/5109943322,Intrèpid,,,,41.4043018,2.1550041,0,5.67,87.79,29,24.6
2026-09-07T08:00,node/5110964523,La Trobada,,,,41.4015625,2.1520155,0,5.67,87.79,29,24.6
2026-09-07T08:00,node/5111094221,El Dorado Chicken,,,,41.3930251,2.1579995,0,5.67,87.79,29,24.6
2026-09-07T08:00,node/5113896626,Granja Fimon's,,,,41.4477805,2.2438919,1,5.67,87.79,29,24.6
2026-09-07T08:00,node/5118124314,Kebab Bocateli,,,,41.4426035,2.2166674,1,5.67,87.79,29,24.6
2026-09-07T08:00,node/5118126421,Bar Frankfurt Polideportivo,,,,41.4429429,2.2162226,1,5.67,87.79,29,24.6
2026-09-07T08:00,node/5118126428,Granja Modesto,,,,41.4343689,2.2158958,1,5.67,87.79,29,24.6
2026-09-07T08:00,node/5118126435,Cafeteria i Forn de pa Grey,,,,41.4332655,2.2174982,1,5.67,87.79,29,24.6
2026-09-07T08:00,node/5118126438,Frankfurt Piscis,,,,41.4360107,2.2158678,1,5.67,87.79,29,24.6
2026-09-07T08:00,node/5118126440,Bar Julio,,,,41.4348299,2.2151483,1,5.67,87.79,29,24.6
2026-09-07T08:00,node/5118126443,Bar Beethoven,,,,41.4328863,2.2181523,1,5.67,87.79,29,24.6
2026-09-07T08:00,node/5118126453,Bar Bondia,,,,41.4342763,2.2160261,1,5.67,87.79,29,24.6
2026-09-07T08:00,node/5128075585,Monkey Factory,,,,41.3927261,2.1544614,0,5.67,87.79,29,24.6
2026-09-07T08:00,node/5137360822,El Jardí,,,,41.4475237,2.2469586,1,5.67,87.79,29,24.6
2026-09-07T08:00,node/5144745888,Bar La Imperial,,,,41.4372451,2.2200669,1,5.67,87.79,29,24.6
2026-09-07T08:00,node/5144745889,Gabi,,,,41.4372105,2.2199582,1,5.67,87.79,29,24.6
2026-09-07T08:00,node/5144745893,Bar India,,,,41.4420657,2.2284253,1,5.67,87.79,29,24.6
2026-09-07T08:00,node/5144745896,Mokka,,,,41.4371063,2.2201689,1,5.67,87.79,29,24.6
2026-09-07T08:00,node/5156690125,Loc,,,,41.4351636,2.2283155,1,5.67,87.79,29,24.6
2026-09-07T08:00,node/5160440326,Les Termes Bdn,,,,41.4520115,2.2476488,1,5.67,87.79,29,24.6
2026-09-07T08:00,node/5167185733,La Sucursal,,,,41.3806502,2.1611889,0,5.67,87.79,29,24.6
2026-09-07T08:00,node/5167569072,El Mercader de L'Eixample,,,,41.3923316,2.1603286,0,5.67,87.79,29,24.6
2026-09-07T08:00,node/5168232324,Colmado,,,,41.3819235,2.1744264,0,5.67,87.79,29,24.6
2026-09-07T08:00,node/5175039621,Green's,,,,41.3959672,2.1496553,0,5.67,87.79,29,24.6
2026-09-07T08:00,node/5176233727,Els Porxos,,,,41.4031581,2.1751611,0,5.67,87.79,29,24.6
2026-09-07T08:00,node/5182260830,Catafal,,,,41.4088089,2.1468574,0,5.67,87.79,29,24.6
2026-09-07T08:00,node/5190930121,Casa Ángel,,,,41.4070235,2.1818566,0,5.67,87.79,29,24.6
2026-09-07T08:00,node/5192085421,Esterri,,,,41.3812805,2.1618108,0,5.67,87.79,29,24.6
2026-09-07T08:00,node/5198200824,Copa d'Or,,,,41.3963876,2.1688461,0,5.67,87.79,29,24.6
2026-09-07T08:00,node/5198200829,Gyoza Bistró,,,,41.3940771,2.1723519,0,5.67,87.79,29,24.6
2026-09-07T08:00,node/5198201036,Nou Can Codina,,,,41.3989586,2.1608728,0,5.67,87.79,29,24.6
2026-09-07T08:00,node/5198201122,La Particcela,,,,41.3961328,2.1697679,0,5.67,87.79,29,24.6
2026-09-07T08:00,node/5198201124,Riko's Braseria - Restaurante,,,,41.3929731,2.1692667,0,5.67,87.79,29,24.6
2026-09-07T08:00,node/5199743028,seven7seven,,,,41.3898868,2.1622344,0,5.67,87.79,29,24.6
2026-09-07T08:00,node/5207046925,Sense Nom,,,,41.3843558,2.1622563,0,5.67,87.79,29,24.6
2026-09-07T08:00,node/5207067522,El Maravillas,,,,41.3868914,2.1323626,0,5.67,87.79,29,24.6
2026-09-07T08:00,node/5208223424,Bonastre,,,,41.3774986,2.1587463,0,5.67,87.79,29,24.6
2026-09-07T08:00,node/5212252535,Tariq,,,,41.4477214,2.2405051,1,5.67,87.79,29,24.6
2026-09-07T08:00,node/5218828496,Conecta,,,,41.4388265,2.2253266,1,5.67,87.79,29,24.6
2026-09-07T08:00,node/5218828499,Sweet dolç,,,,41.4385456,2.2254351,1,5.67,87.79,29,24.6
2026-09-07T08:00,node/5226505321,Bodega E. Marin,,,,41.4025586,2.1609645,0,5.67,87.79,29,24.6
2026-09-07T08:00,node/5228942946,La Pubilla,,,,41.3995748,2.1536674,0,5.67,87.79,29,24.6
2026-09-07T08:00,node/5237627856,Tasmango Dessert,,,,41.3909254,2.1784375,0,5.67,87.79,29,24.6
2026-09-07T08:00,node/5238186123,Lennox,,,,41.3834186,2.1829502,0,5.67,87.79,29,24.6
2026-09-07T08:00,node/5271863048,Rest. Alexandre,,,,41.4322501,2.1835476,0,5.67,87.79,29,24.6
2026-09-07T08:00,node/5286467104,Granja Monsul,,,,41.4437723,2.2239591,1,5.67,87.79,29,24.6
2026-09-07T08:00,node/5298404593,Próspero,,,,41.4382431,2.2237839,1,5.67,87.79,29,24.6
2026-09-07T08:00,node/5298404603,Bar Salamanca,,,,41.4388532,2.2246477,1,5.67,87.79,29,24.6
2026-09-07T08:00,node/5298405327,Bar Benuga,,,,41.4383471,2.2243229,1,5.67,87.79,29,24.6
2026-09-07T08:00,node/5298405384,Bar Rocío Los Cazadores,,,,41.4389682,2.2252641,1,5.67,87.79,29,24.6
2026-09-07T08:00,node/5299921764,Bar Crack,,,,41.4343466,2.2189911,1,5.67,87.79,29,24.6
2026-09-07T08:00,node/5299921811,Can Daura,,,,41.4358077,2.2218721,1,5.67,87.79,29,24.6
2026-09-07T08:00,node/5299922525,Bar La Imperial,,,,41.4354603,2.2205399,1,5.67,87.79,29,24.6
2026-09-07T08:00,node/5299922526,Bar Marta,,,,41.4349148,2.2200469,1,5.67,87.79,29,24.6
2026-09-07T08:00,node/5313632423,365,,,,41.3789307,2.1718613,0,5.67,87.79,29,24.6
2026-09-07T08:00,node/5327570662,Ancestral,,,,41.3977332,2.1656576,0,5.67,87.79,29,24.6
2026-09-07T08:00,node/5347967007,Bar Marín,,,,41.4474106,2.2217195,1,5.67,87.79,29,24.6
2026-09-07T08:00,node/5347967009,Bar La Cantonada,,,,41.4474812,2.2209325,1,5.67,87.79,29,24.6
2026-09-07T08:00,node/5363964402,El gran croissant,,,,41.4359355,2.2167366,1,5.67,87.79,29,24.6
2026-09-07T08:00,node/5395531687,Las Marismas,,,,41.3701297,2.1215161,1,5.67,87.79,29,24.6
2026-09-07T08:00,node/5407919537,El Yate,,,,41.4039787,2.1367463,0,5.67,87.79,29,24.6
2026-09-07T08:00,node/5417517130,Tou Kichi Rou,,,,41.3919953,2.1432267,0,5.67,87.79,29,24.6
2026-09-07T08:00,node/5418243448,La Pampa,,,,41.3793623,2.1879402,0,5.67,87.79,29,24.6
2026-09-07T08:00,node/5418243450,els maians,,,,41.3786757,2.1882219,0,5.67,87.79,29,24.6
2026-09-07T08:00,node/5418243451,no30,,,,41.3791653,2.1879988,0,5.67,87.79,29,24.6
2026-09-07T08:00,node/5418243452,Lolita,,,,41.3783615,2.1882936,0,5.67,87.79,29,24.6
2026-09-07T08:00,node/5418243454,Reina Margherita,,,,41.3792655,2.1879835,0,5.67,87.79,29,24.6
2026-09-07T08:00,node/5434314893,PolkaBarcelona,,,,41.3859057,2.1326565,0,5.67,87.79,29,24.6
2026-09-07T08:00,node/5485540627,Bar Placídia,,,,41.3999472,2.1524915,0,5.67,87.79,29,24.6
2026-09-07T08:00,node/5487473548,Cafè Mos,,,,41.4143487,2.1384116,0,5.67,87.79,29,24.6
2026-09-07T08:00,node/5498351755,365 Cafeteria Forn de Pa,,,,41.3747778,2.1626826,0,5.67,87.79,29,24.6
2026-09-07T08:00,node/5509139428,La Carmanyola,,,,41.4013829,2.2068942,0,5.67,87.79,29,24.6
2026-09-07T08:00,node/5536153362,Cafeteria La Dona,,,,41.4396715,2.2242727,1,5.67,87.79,29,24.6
2026-09-07T08:00,node/5564055763,Panda & Smile,,,,41.3842068,2.1585673,0,5.67,87.79,29,24.6
2026-09-07T08:00,node/5564064431,Atrapatapa,,,,41.3832362,2.1568636,0,5.67,87.79,29,24.6
2026-09-07T08:00,node/5595134220,Cervecería Amoretty's 3,,,,41.4412382,2.2200117,1,5.67,87.79,29,24.6
2026-09-07T08:00,node/5606506169,Sincopa,,,,41.3803881,2.1789886,0,5.67,87.79,29,24.6
2026-09-07T08:00,node/5611733921,Buenas Migas,,,,41.4024253,2.1743326,0,5.67,87.79,29,24.6
2026-09-07T08:00,node/5617465886,Amateur,,,,41.3967536,2.1962847,0,5.67,87.79,29,24.6
2026-09-07T08:00,node/5646412432,Made in Sicily,,,,41.4483394,2.2490191,1,5.67,87.79,29,24.6
2026-09-07T08:00,node/5646415922,La Bella Istambul,,,,41.4479233,2.2494906,1,5.67,87.79,29,24.6
2026-09-07T08:00,node/5658288082,Can Teixidó,,,,41.4491148,2.2483189,1,5.67,87.79,29,24.6
2026-09-07T08:00,node/5663240986,Cafè Escac,,,,41.3837378,2.1695562,0,5.67,87.79,29,24.6
2026-09-07T08:00,node/5676005621,CACHO,,,,41.3931048,2.1910878,0,5.67,87.79,29,24.6
2026-09-07T08:00,node/5718757792,360°,,,,41.3790957,2.1696433,0,5.67,87.79,29,24.6
2026-09-07T08:00,node/5793057257,Bar Granja el Chiquitín,,,,41.4398176,2.2263171,1,5.67,87.79,29,24.6
2026-09-07T08:00,node/5796742218,The Clock,,,,41.3754168,2.1482785,0,5.67,87.79,29,24.6
2026-09-07T08:00,node/5805410453,Morrow Coffee,,,,41.3771392,2.1513283,0,5.67,87.79,29,24.6
2026-09-07T08:00,node/5806521955,Paisano Bistró,,,,41.4048549,2.1759323,0,5.67,87.79,29,24.6
2026-09-07T08:00,node/5856758686,El racó de les tapes,,,,41.4357708,2.1910224,0,5.67,87.79,29,24.6
2026-09-07T08:00,node/5878496985,UDON,,,,41.4051569,2.1921906,1,5.67,87.79,29,24.6
2026-09-07T08:00,node/5916157285,Bar Castells,,,,41.3841472,2.1698121,0,5.67,87.79,29,24.6
2026-09-07T08:00,node/5923867889,,,,,41.4406062,2.2451514,1,5.67,87.79,29,24.6
2026-09-07T08:00,node/5930228787,Mi casa,,,,41.3993608,2.1535771,0,5.67,87.79,29,24.6
2026-09-07T08:00,node/5933808740,Kserol,,,,41.3986236,2.1753141,0,5.67,87.79,29,24.6
2026-09-07T08:00,node/5944781772,Restaurante Burning Rock&Food,,,,41.3746837,2.1311612,0,5.67,87.79,29,24.6
2026-09-07T08:00,node/5951964888,el Fornet,,,,41.3882003,2.1723419,0,5.67,87.79,29,24.6
2026-09-07T08:00,node/5972440521,Feroz,,,,41.3965882,2.1508404,0,5.67,87.79,29,24.6
2026-09-07T08:00,node/5980982393,Pepa Tomate,,,,41.3767661,2.1627826,0,5.67,87.79,29,24.6
2026-09-07T08:00,node/6000108088,La Neura,,,,41.4002093,2.1660134,0,5.67,87.79,29,24.6
2026-09-07T08:00,node/6009236381,Mesón Balouta,,,,41.4384121,2.1649296,0,5.67,87.79,29,24.6
2026-09-07T08:00,node/6010958538,Bar Avenida,,,,41.4371962,2.2238498,1,5.67,87.79,29,24.6
2026-09-07T08:00,node/6010958540,Bar Trébol BCN,,,,41.4352675,2.2193633,1,5.67,87.79,29,24.6
2026-09-07T08:00,node/6027971388,Novell,,,,41.4070495,2.1667319,0,5.67,87.79,29,24.6
2026-09-07T08:00,node/6038827086,Honest Greens,,,,41.3986972,2.1569862,0,5.67,87.79,29,24.6
2026-09-07T08:00,node/6066258257,Bar Roma Sports,,,,41.4449369,2.2223513,1,5.67,87.79,29,24.6
2026-09-07T08:00,node/6089625321,Vivari,,,,41.3973187,2.1676233,0,5.67,87.79,29,24.6
2026-09-07T08:00,node/6093865396,The FRESH POKE,,,,41.3975268,2.1644457,0,5.67,87.79,29,24.6
2026-09-07T08:00,node/6093944886,Nicasso,,,,41.4072456,2.1873211,0,5.67,87.79,29,24.6
2026-09-07T08:00,node/6096656135,Yoi Yoi Gion,,,,41.3965593,2.1606187,0,5.67,87.79,29,24.6
2026-09-07T08:00,node/6104559348,Belles Arts II,,,,41.3872827,2.1361782,0,5.67,87.79,29,24.6
2026-09-07T08:00,node/6104561002,Toyodo,,,,41.3866914,2.1375355,0,5.67,87.79,29,24.6
2026-09-07T08:00,node/6106764321,Il Caffe di Francesco,,,,41.3930707,2.1642758,0,5.67,87.79,29,24.6
2026-09-07T08:00,node/6109526596,El Cuiner de Damasc,,,,41.3814196,2.1776754,0,5.67,87.79,29,24.6
2026-09-07T08:00,node/6110978486,Bonaparte,,,,41.4775805,2.0724847,1,5.67,87.79,29,24.6
2026-09-07T08:00,node/6123253862,Bar Granja Oasis,,,,41.3505068,2.1127043,1,5.67,87.79,29,24.6
2026-09-07T08:00,node/6126749461,Cantero,,,,41.3942111,2.1902433,0,5.67,87.79,29,24.6
2026-09-07T08:00,node/6164234382,Poké Sí,,,,41.4052321,2.1924708,0,5.67,87.79,29,24.6
2026-09-07T08:00,node/6164236104,Palo Verde,,,,41.4047343,2.1968042,0,5.67,87.79,29,24.6
2026-09-07T08:00,node/6166398253,Panet,,,,41.3861845,2.1430687,0,5.67,87.79,29,24.6
2026-09-07T08:00,node/6182404055,Kasa,,,,41.3861348,2.1656868,0,5.67,87.79,29,24.6
2026-09-07T08:00,node/6188914880,Bella Venezia,,,,41.3965502,2.1644865,0,5.67,87.79,29,24.6
2026-09-07T08:00,node/6188922858,Arc iris,,,,41.3998386,2.1715382,0,5.67,87.79,29,24.6
2026-09-07T08:00,node/6193461695,Sun Market,,,,41.3928465,2.1569854,0,5.67,87.79,29,24.6
2026-09-07T08:00,node/6193479448,Akashi Sushi Bar,,,,41.3923045,2.1558108,0,5.67,87.79,29,24.6
2026-09-07T08:00,node/6200571548,La Svolta,,,,41.4061025,2.1515184,0,5.67,87.79,29,24.6
2026-09-07T08:00,node/6202321417,La Tapeta del Coll,,,,41.4179646,2.1467035,0,5.67,87.79,29,24.6
2026-09-07T08:00,node/6204104907,La Papa,,,,41.3898088,2.1577366,0,5.67,87.79,29,24.6
2026-09-07T08:00,node/6216083704,La Coma,,,,41.3401472,2.1265697,0,5.67,87.79,29,24.6
2026-09-07T08:00,node/6216218158,la Zona,,,,41.3460291,2.1439158,0,5.67,87.79,29,24.6
2026-09-07T08:00,node/6216756977,Estrella de Istanbul,,,,41.4098375,2.1751296,0,5.67,87.79,29,24.6
2026-09-07T08:00,node/6230395442,Akelarre,,,,41.3892275,2.1373726,0,5.67,87.79,29,24.6
2026-09-07T08:00,node/6230407068,Starbucks,,,,41.3951351,2.1581903,0,5.67,87.79,29,24.6
2026-09-07T08:00,node/6232752417,El Taller,,,,41.3587511,2.1404908,0,5.67,87.79,29,24.6
2026-09-07T08:00,node/6237797177,Luri,,,,41.3977931,2.1514901,0,5.67,87.79,29,24.6
2026-09-07T08:00,node/6246525924,in blue,,,,41.3877036,2.1368756,0,5.67,87.79,29,24.6
2026-09-07T08:00,node/6250219942,Al sur,,,,41.3941572,2.1586822,0,5.67,87.79,29,24.6
2026-09-07T08:00,node/6258570565,Dino Pan,,,,41.3824376,2.1318622,0,5.67,87.79,29,24.6
2026-09-07T08:00,node/6258570699,Don Sándwich,,,,41.3820321,2.1315862,0,5.67,87.79,29,24.6
2026-09-07T08:00,node/6258715958,La Lluna de Gavà,,,,41.3672801,2.1403759,1,5.67,87.79,29,24.6
2026-09-07T08:00,node/6258718433,La Toscana,,,,41.3805625,2.1323335,0,5.67,87.79,29,24.6
2026-09-07T08:00,node/6258718652,Cafeteria Melody Bar,,,,41.3779464,2.1338934,0,5.67,87.79,29,24.6
2026-09-07T08:00,node/6258719247,Bar Florida,,,,41.3592896,2.1399844,0,5.67,87.79,29,24.6
2026-09-07T08:00,node/6260784864,La Cabaña,,,,41.3699161,2.1341331,0,5.67,87.79,29,24.6
2026-09-07T08:00,node/6260786193,Goiko Grill,,,,41.3656448,2.1357604,0,5.67,87.79,29,24.6
2026-09-07T08:00,node/6264834185,König,,,,41.3862163,2.1827612,0,5.67,87.79,29,24.6
2026-09-07T08:00,node/6298115913,N.A.P.,,,,41.3774834,2.1900137,0,5.67,87.79,29,24.6
2026-09-07T08:00,node/6316025985,L'Esclop,,,,41.3768262,2.1577412,0,5.67,87.79,29,24.6
2026-09-07T08:00,node/6330973943,Don Kilo,,,,41.3998564,2.1639573,0,5.67,87.79,29,24.6
2026-09-07T08:00,node/6333708759,SandwiChez,,,,41.3941488,2.1694356,0,5.67,87.79,29,24.6
2026-09-07T08:00,node/6334053687,Cafè Yafa,,,,41.3997495,2.1643963,0,5.67,87.79,29,24.6
2026-09-07T08:00,node/6334053692,La Mananta,,,,41.3994169,2.1648424,0,5.67,87.79,29,24.6
2026-09-07T08:00,node/6339732807,La Soca 2,,,,41.3912352,2.1594135,0,5.67,87.79,29,24.6
2026-09-07T08:00,node/6339732809,Creps Barcelona,,,,41.3905618,2.1590619,0,5.67,87.79,29,24.6
2026-09-07T08:00,node/6357834156,Les gens que j'aime bar,,,,41.3936947,2.1648505,0,5.67,87.79,29,24.6
2026-09-07T08:00,node/6381462875,Comarca Cuina L’Hocal,,,,41.3609203,2.1295937,1,5.67,87.79,29,24.6
2026-09-07T08:00,node/6424929026,Cafeteria Samy's,,,,41.3637433,2.1369241,0,5.67,87.79,29,24.6
2026-09-07T08:00,node/6424929700,Sakuraya,,,,41.3653001,2.1307952,0,5.67,87.79,29,24.6
2026-09-07T08:00,node/6431480513,Restaurant Bodega de Tapas,,,,41.3772493,2.1371156,0,5.67,87.79,29,24.6
2026-09-07T08:00,node/6431508292,Bodega Salvat,,,,41.3711848,2.1345217,0,5.67,87.79,29,24.6
2026-09-07T08:00,node/6431508293,Jaqueline's,,,,41.3682256,2.1345214,0,5.67,87.79,29,24.6
2026-09-07T08:00,node/6431508485,Japonia Café,,,,41.3806518,2.1387176,0,5.67,87.79,29,24.6
2026-09-07T08:00,node/6431508488,La Bodegueta de Sants,,,,41.3710695,2.1344235,0,5.67,87.79,29,24.6
2026-09-07T08:00,node/6431512182,Bar Montevideo,,,,41.3693939,2.1342386,0,5.67,87.79,29,24.6
2026-09-07T08:00,node/6431558869,Bar Alegría,,,,41.3629394,2.1373301,0,5.67,87.79,29,24.6
2026-09-07T08:00,node/6431559030,Bar El Faro,,,,41.3628529,2.1373795,0,5.67,87.79,29,24.6
2026-09-07T08:00,node/6433259684,Entre Copas,,,,41.3621672,2.0761548,1,5.67,87.79,29,24.6
2026-09-07T08:00,node/6438381289,Vera Café,,,,41.3883674,2.1779512,0,5.67,87.79,29,24.6
2026-09-07T08:00,node/6441451785,Líder de Istanbul,,,,41.3752687,2.1338088,0,5.67,87.79,29,24.6
2026-09-07T08:00,node/6445233216,Gyoza Bar,,,,41.3931059,2.1798949,0,5.67,87.79,29,24.6
2026-09-07T08:00,node/6450380989,Bar But,,,,41.3979648,2.1593688,0,5.67,87.79,29,24.6
2026-09-07T08:00,node/6450381086,La Porxada,,,,41.4030026,2.1637245,0,5.67,87.79,29,24.6
2026-09-07T08:00,node/6462934229,Concordia,,,,41.3864201,2.1321758,0,5.67,87.79,29,24.6
2026-09-07T08:00,node/6475037976,L'Oasi a Consell,,,,41.3830142,2.1547507,0,5.67,87.79,29,24.6
2026-09-07T08:00,node/6477273844,Fandango,,,,41.3982346,2.1423415,0,5.67,87.79,29,24.6
2026-09-07T08:00,node/6506313588,Antigua,,,,41.3980086,2.1492952,0,5.67,87.79,29,24.6
2026-09-07T08:00,node/6507308246,L'Antica Pizzeria Da Michele,,,,41.3928154,2.1682858,0,5.67,87.79,29,24.6
2026-09-07T08:00,node/6532206187,Yü Sushi,,,,41.4032734,2.2032208,0,5.67,87.79,29,24.6
2026-09-07T08:00,node/6532330793,La Xemeneia,,,,41.4016359,2.2048002,0,5.67,87.79,29,24.6
2026-09-07T08:00,node/6535101686,Alma Loca,,,,41.3992845,2.1970974,0,5.67,87.79,29,24.6
2026-09-07T08:00,node/6538194375,Mr. White,,,,41.3761815,2.1601126,0,5.67,87.79,29,24.6
2026-09-07T08:00,node/6568369188,Elpilar,,,,41.4000903,2.1489875,0,5.67,87.79,29,24.6
2026-09-07T08:00,node/6597321587,Welcome,,,,41.4065151,2.1509474,0,5.67,87.79,29,24.6
2026-09-07T08:00,node/6600189447,café bar juli-mac,,,,41.3782625,2.1239845,0,5.67,87.79,29,24.6
2026-09-07T08:00,node/6642989000,El Pa Sencer,,,,41.3835483,2.1341796,0,5.67,87.79,29,24.6
2026-09-07T08:00,node/6642989001,Ateneu Popular de les Corts,,,,41.3826968,2.1329407,0,5.67,87.79,29,24.6
2026-09-07T08:00,node/6680396487,La prorroga,,,,41.4032976,2.1567512,0,5.67,87.79,29,24.6
2026-09-07T08:00,node/6680687871,La Mar Salada,,,,41.3768035,2.1888904,0,5.67,87.79,29,24.6
2026-09-07T08:00,node/6681709948,Kiltro Gràcia,,,,41.4018317,2.1544539,0,5.67,87.79,29,24.6
2026-09-07T08:00,node/6710510485,Catedral 1951,,,,41.3849142,2.1757337,0,5.67,87.79,29,24.6
2026-09-07T08:00,node/6750944404,Brasaña,,,,41.3605721,2.1345777,0,5.67,87.79,29,24.6
2026-09-07T08:00,node/6757307686,Kitsu,,,,41.4017918,2.1543486,0,5.67,87.79,29,24.6
2026-09-07T08:00,node/6757314489,LomoAlto,,,,41.3936053,2.1663935,0,5.67,87.79,29,24.6
2026-09-07T08:00,node/6766273102,inti & chaska,,,,41.3886755,2.1599487,0,5.67,87.79,29,24.6
2026-09-07T08:00,node/6771863086,Montseny,,,,41.4070642,2.1804416,0,5.67,87.79,29,24.6
2026-09-07T08:00,node/6775495571,El Petit,,,,41.3298893,2.0988681,1,5.67,87.79,29,24.6
2026-09-07T08:00,node/6782427526,Híbrid Cafè Restaurant,,,,41.3771219,2.1203336,0,5.67,87.79,29,24.6
2026-09-07T08:00,node/6786006588,365,,,,41.3820297,2.1697221,0,5.67,87.79,29,24.6
2026-09-07T08:00,node/6790695789,El Rincón de la Abuela Venezolana,,,,41.4058359,2.1788147,0,5.67,87.79,29,24.6
2026-09-07T08:00,node/6805613085,Bar la Cabaña,,,,41.4071784,2.1778546,0,5.67,87.79,29,24.6
2026-09-07T08:00,node/6812099686,La Xurreria de Maria,,,,41.4050102,2.1750002,0,5.67,87.79,29,24.6
2026-09-07T08:00,node/6821384885,Blu Bar,,,,41.3983358,2.2045648,0,5.67,87.79,29,24.6
2026-09-07T08:00,node/6835358009,Murivecci,,,,41.3874075,2.1828282,1,5.67,87.79,29,24.6
2026-09-07T08:00,node/6852974547,Garrido,,,,41.3603039,2.1401381,0,5.67,87.79,29,24.6
2026-09-07T08:00,node/6852994516,La Patatona,,,,41.3604651,2.1400108,0,5.67,87.79,29,24.6
2026-09-07T08:00,node/6855027201,Bar Sandwicheria Enka 3,,,,41.3758876,2.1221107,0,5.67,87.79,29,24.6
2026-09-07T08:00,node/6871523347,Cafe Punto 10,,,,41.3805947,2.1364501,0,5.67,87.79,29,24.6
2026-09-07T08:00,node/6914132390,El Nou Ramonet,,,,41.3817315,2.1876268,0,5.67,87.79,29,24.6
2026-09-07T08:00,node/6946328085,Cremat 11,,,,41.3855109,2.1810205,0,5.67,87.79,29,24.6
2026-09-07T08:00,node/6973926711,Syra Coffee,,,,41.3965047,2.1941864,0,5.67,87.79,29,24.6
2026-09-07T08:00,node/6983227455,SNOOKER - Cocteles y Billarea,,,,41.3921561,2.1703663,0,5.67,87.79,29,24.6
2026-09-07T08:00,node/7002869606,Chebú,,,,41.3791162,2.1515085,0,5.67,87.79,29,24.6
2026-09-07T08:00,node/7003296923,Triple Sec,,,,41.3747448,2.1609868,0,5.67,87.79,29,24.6
2026-09-07T08:00,node/7004598841,Orange Coffee,,,,41.4052864,2.1712189,0,5.67,87.79,29,24.6
2026-09-07T08:00,node/7014308129,Bar Bodega Lentejil,,,,41.4429922,2.2175094,1,5.67,87.79,29,24.6
2026-09-07T08:00,node/7017780931,Yoüme,,,,41.3835882,2.1541892,0,5.67,87.79,29,24.6
2026-09-07T08:00,node/7098025886,El Club del Café,,,,41.4340729,2.1892624,0,5.67,87.79,29,24.6
2026-09-07T08:00,node/7124857728,Cabo,,,,41.3964797,2.1851438,0,5.67,87.79,29,24.6
2026-09-07T08:00,node/7132160620,Santagloria,,,,41.3863926,2.1243567,0,5.67,87.79,29,24.6
2026-09-07T08:00,node/7141587085,La Cereria,,,,41.3815426,2.1767152,0,5.67,87.79,29,24.6
2026-09-07T08:00,node/7150994121,Vivari,,,,41.3998419,2.1775677,0,5.67,87.79,29,24.6
2026-09-07T08:00,node/7234692489,Van van var,,,,41.3942304,2.1901096,0,5.67,87.79,29,24.6
2026-09-07T08:00,node/7318977151,,,,,41.3711664,2.1434617,0,5.67,87.79,29,24.6
2026-09-07T08:00,node/7318977155,Bar Joaquim,,,,41.3704145,2.1424922,0,5.67,87.79,29,24.6
2026-09-07T08:00,node/7318977156,Vivari,,,,41.3686165,2.1410874,0,5.67,87.79,29,24.6
2026-09-07T08:00,node/7431790448,Santagloria,,,,41.3896086,2.1200086,1,5.67,87.79,29,24.6
2026-09-07T08:00,node/7438491414,,,,,41.3733479,2.1301506,0,5.67,87.79,29,24.6
2026-09-07T08:00,node/7504941029,Iberic Fusión Platja,,,,41.4380577,2.2431806,1,5.67,87.79,29,24.6
2026-09-07T08:00,node/7504941031,l'Altre Can Mario's,,,,41.4405591,2.2418866,1,5.67,87.79,29,24.6
2026-09-07T08:00,node/7504941033,L'Esmolet,,,,41.4432993,2.2460741,1,5.67,87.79,29,24.6
2026-09-07T08:00,node/7504941035,la Masia de la Xesca,,,,41.4452013,2.2417838,1,5.67,87.79,29,24.6
2026-09-07T08:00,node/7556742593,Menjador del Centre,,,,41.4009756,2.2000272,0,5.67,87.79,29,24.6
2026-09-07T08:00,node/7563962192,Passeig9,,,,41.4014488,2.2009478,0,5.67,87.79,29,24.6
2026-09-07T08:00,node/7600529740,Restaurante La Flama,,,,41.3514861,2.1114722,1,5.67,87.79,29,24.6
2026-09-07T08:00,node/7618205068,El Pellizquito,,,,41.3501292,2.1105817,1,5.67,87.79,29,24.6
2026-09-07T08:00,node/7640514041,Bar Plaça Carles Buïgas,,,,41.3711833,2.1510204,0,5.67,87.79,29,24.6
2026-09-07T08:00,node/7644933199,Almirall,,,,41.4100171,2.1883052,0,5.67,87.79,29,24.6
2026-09-07T08:00,node/7704818539,Bar Granja Rocxi,,,,41.3744206,2.1339573,0,5.67,87.79,29,24.6
2026-09-07T08:00,node/7704818548,Cafès Caracas,,,,41.3748038,2.1328052,0,5.67,87.79,29,24.6
2026-09-07T08:00,node/7706832792,Cru Sants,,,,41.3721342,2.1286919,0,5.67,87.79,29,24.6
2026-09-07T08:00,node/7736420790,Mamma Italia,,,,41.3764642,2.1234304,0,5.67,87.79,29,24.6
2026-09-07T08:00,node/7772770550,Eqvilibrivm Café,,,,41.3973065,2.1697662,0,5.67,87.79,29,24.6
2026-09-07T08:00,node/7838098454,El Caserón,,,,41.3838275,2.1398498,0,5.67,87.79,29,24.6
2026-09-07T08:00,node/7925586104,Delicream,,,,41.4572921,2.2290688,1,5.67,87.79,29,24.6
2026-09-07T08:00,node/7989010587,Castañeiras,,,,41.4100358,2.1760296,0,5.67,87.79,29,24.6
2026-09-07T08:00,node/7999604058,Lilo brunch,,,,41.3873718,2.1627034,0,5.67,87.79,29,24.6
2026-09-07T08:00,node/7999616840,Bellillo,,,,41.3879362,2.1620483,0,5.67,87.79,29,24.6
2026-09-07T08:00,node/8034999886,Costa Dorada,,,,41.3980284,2.1986941,0,5.67,87.79,29,24.6
2026-09-07T08:00,node/8046554489,Sport,,,,41.4001224,2.2000188,0,5.67,87.79,29,24.6
2026-09-07T08:00,node/8049731595,Echegaray,,,,41.4018684,2.2023424,0,5.67,87.79,29,24.6
2026-09-07T08:00,node/8049732292,Doroteo,,,,41.4029636,2.2006718,0,5.67,87.79,29,24.6
2026-09-07T08:00,node/8064873985,Saramar,,,,41.3957712,2.1953013,0,5.67,87.79,29,24.6
2026-09-07T08:00,node/8077128420,Tío Bigotes,,,,41.4013922,2.2028846,0,5.67,87.79,29,24.6
2026-09-07T08:00,manual/488492e9,Bar Viejo Cafe,Bar,yes,"Carrer de la Independència, 306, Sant Martí, 08026 Barcelona",41.4116,2.1794,0,5.67,87.79,29,24.6
2026-09-07T08:00,manual/c52f6190,New 88 Bar-Cafeteria,bar,yes,,41.4094505,2.1789589,0,5.67,87.79,29,24.6
2026-09-07T08:00,manual/5d2ea7ea,Restaurant Papá Nico,bar,yes,,41.4094505,2.1789589,0,5.67,87.79,29,24.6
2026-09-07T08:00,manual/c980e39e,Restaurant El Clot,restaurant,yes,,41.4087697,2.1875592,0,5.67,87.79,29,24.6
2026-09-07T09:00,relation/18317100,,,,,41.42,2.1188352,1,16.9,97.85,7,25.0
2026-09-07T09:00,node/208984374,Central Rambla,,,,41.3782716,2.1761732,0,16.9,97.85,7,25.0
2026-09-07T09:00,way/217583616,Can Fisher,,,,41.3946034,2.2062292,1,16.9,97.85,7,25.0
2026-09-07T09:00,way/245214117,la Caseta del Migdia,,,,41.3596833,2.1607145,1,16.9,97.85,7,25.0
2026-09-07T09:00,way/246717741,Mirablau,,,,41.4160323,2.1319129,0,16.9,97.85,7,25.0
2026-09-07T09:00,way/249404809,PURO,,,,41.3911248,2.1461635,0,16.9,97.85,7,25.0
2026-09-07T09:00,way/268912897,Can Cortada,,,,41.4362503,2.1524833,1,16.9,97.85,7,25.0
2026-09-07T09:00,way/315387188,Temple del Metall,,,,41.4741706,2.1662317,1,16.9,97.85,7,25.0
2026-09-07T09:00,way/392926648,Pacha,,,,41.3857491,2.1970415,1,16.9,97.85,7,25.0
2026-09-07T09:00,way/412702054,Camping,,,,41.3953192,2.2042386,1,16.9,97.85,7,25.0
2026-09-07T09:00,way/443599336,Asador Casa Juaco,,,,41.4476663,2.1426909,1,16.9,97.85,7,25.0
2026-09-07T09:00,way/446002194,La Base by Farré,,,,41.3967358,2.2101884,1,16.9,97.85,7,25.0
2026-09-07T09:00,node/476327681,Can Paixano,,,,41.3817618,2.1834151,0,16.9,97.85,7,25.0
2026-09-07T09:00,node/506202703,Bar Almogávares,,,,41.3962323,2.1890864,0,16.9,97.85,7,25.0
2026-09-07T09:00,way/519771543,Restaurant Can Cases,,,,41.4343885,2.0985276,1,16.9,97.85,7,25.0
2026-09-07T09:00,node/534367691,Sant Bartomeu,,,,41.3755248,2.1346488,1,16.9,97.85,7,25.0
2026-09-07T09:00,node/643022131,Euro Bar-Tapas,,,,41.4342324,2.2161197,1,16.9,97.85,7,25.0
2026-09-07T09:00,node/643429648,Joan Figuera,,,,41.4336545,2.2169391,1,16.9,97.85,7,25.0
2026-09-07T09:00,node/643496696,El rincón de Willy,,,,41.4380246,2.2180623,1,16.9,97.85,7,25.0
2026-09-07T09:00,node/643496704,Bar Somni d'estiu,,,,41.4382361,2.2166687,1,16.9,97.85,7,25.0
2026-09-07T09:00,way/655221168,L'Ovella Negra Marina,,,,41.3960196,2.1901331,0,16.9,97.85,7,25.0
2026-09-07T09:00,node/660004524,Bocatapa Can Manel,,,,41.4413833,2.2212875,1,16.9,97.85,7,25.0
2026-09-07T09:00,node/672140180,Kasparo,,,,41.3844847,2.1690087,0,16.9,97.85,7,25.0
2026-09-07T09:00,node/704031158,Café Zurich,,,,41.3858504,2.1694606,0,16.9,97.85,7,25.0
2026-09-07T09:00,node/704042058,Starbucks,,,,41.3888305,2.1719117,0,16.9,97.85,7,25.0
2026-09-07T09:00,node/704058886,Tapa Tapa,,,,41.3916926,2.1660167,0,16.9,97.85,7,25.0
2026-09-07T09:00,node/704060428,Oassis Natural Cooking,,,,41.3901637,2.1678915,0,16.9,97.85,7,25.0
2026-09-07T09:00,node/704066257,Ciutat Comtal,,,,41.3888272,2.1668833,0,16.9,97.85,7,25.0
2026-09-07T09:00,node/704066614,Taller de Tapas,,,,41.3905645,2.1639038,0,16.9,97.85,7,25.0
2026-09-07T09:00,way/707305723,Bar Frankfurt Cafeteria Fabregada,,,,41.3561748,2.1108239,1,16.9,97.85,7,25.0
2026-09-07T09:00,node/745947750,Bar Geminis,,,,41.3976224,2.1807778,0,16.9,97.85,7,25.0
2026-09-07T09:00,node/765796519,La Cafetera,,,,41.4049767,2.1575215,0,16.9,97.85,7,25.0
2026-09-07T09:00,node/814006271,Les 15 Nits Bar,,,,41.3804529,2.1749778,0,16.9,97.85,7,25.0
2026-09-07T09:00,node/819552792,Bracafe,,,,41.3944249,2.1675209,0,16.9,97.85,7,25.0
2026-09-07T09:00,node/824476551,Caleuche,,,,41.3761526,2.1686172,0,16.9,97.85,7,25.0
2026-09-07T09:00,node/830462039,Bar Restaurant Angela,,,,41.4043015,2.1949428,0,16.9,97.85,7,25.0
2026-09-07T09:00,way/907005766,Chevy's Bar,,,,41.4143731,2.2289499,1,16.9,97.85,7,25.0
2026-09-07T09:00,way/969257968,,,,,41.3793991,2.1073385,1,16.9,97.85,7,25.0
2026-09-07T09:00,way/1063378975,Bar Restaurant Oliver,,,,41.3469215,2.1546999,1,16.9,97.85,7,25.0
2026-09-07T09:00,node/1072798261,Taverna del Bisbe,,,,41.3849254,2.1766628,0,16.9,97.85,7,25.0
2026-09-07T09:00,node/1072800838,El Cafè D'en Victor,,,,41.3847931,2.1767008,0,16.9,97.85,7,25.0
2026-09-07T09:00,node/1083144027,Los Caracoles,,,,41.3796584,2.1765082,0,16.9,97.85,7,25.0
2026-09-07T09:00,node/1092685793,Elche,,,,41.3739754,2.1691488,0,16.9,97.85,7,25.0
2026-09-07T09:00,way/1112240803,ForumStation,,,,41.4096655,2.2221501,0,16.9,97.85,7,25.0
2026-09-07T09:00,node/1177498341,Casa Vall,,,,41.4074238,2.1585521,0,16.9,97.85,7,25.0
2026-09-07T09:00,node/1192698924,Bilbao Berria,,,,41.3841976,2.1748665,0,16.9,97.85,7,25.0
2026-09-07T09:00,node/1192699873,Tapas 24,,,,41.3908686,2.1674705,0,16.9,97.85,7,25.0
2026-09-07T09:00,way/1200964257,Chiringuito Joan Miro,,,,41.3789977,2.1478116,1,16.9,97.85,7,25.0
2026-09-07T09:00,node/1264182304,Tosca del Carme,,,,41.3819482,2.1695795,0,16.9,97.85,7,25.0
2026-09-07T09:00,node/1280416455,Carballeira,,,,41.4442679,2.2217701,1,16.9,97.85,7,25.0
2026-09-07T09:00,way/1300745688,La Casona de Sant Just,,,,41.3833348,2.0735139,1,16.9,97.85,7,25.0
2026-09-07T09:00,node/1310450869,El Filete Ruso,,,,41.3925451,2.1558968,0,16.9,97.85,7,25.0
2026-09-07T09:00,node/1312325106,La Palmera,,,,41.4144229,2.1385123,0,16.9,97.85,7,25.0
2026-09-07T09:00,node/1314943380,Mescladís del Pou,,,,41.3870865,2.1803497,0,16.9,97.85,7,25.0
2026-09-07T09:00,node/1335697982,,,,,41.3608771,2.1101417,1,16.9,97.85,7,25.0
2026-09-07T09:00,way/1368167814,Natura Beach. El Chiringuito,,,,41.4028929,2.2157443,1,16.9,97.85,7,25.0
2026-09-07T09:00,node/1420760625,Tapeo,,,,41.4044988,2.1554811,0,16.9,97.85,7,25.0
2026-09-07T09:00,node/1420760630,Diamant,,,,41.4042174,2.1555899,0,16.9,97.85,7,25.0
2026-09-07T09:00,node/1428867664,Café Berlin,,,,41.3943566,2.1494599,1,16.9,97.85,7,25.0
2026-09-07T09:00,node/1430537485,Oasis Restaurant,,,,41.3827219,2.1847191,0,16.9,97.85,7,25.0
2026-09-07T09:00,node/1445598557,Bracafe,,,,41.3948025,2.1817533,1,16.9,97.85,7,25.0
2026-09-07T09:00,node/1554649942,Torrades,,,,41.4375721,2.1566095,0,16.9,97.85,7,25.0
2026-09-07T09:00,node/1554649988,La Panera,,,,41.4374756,2.1563359,0,16.9,97.85,7,25.0
2026-09-07T09:00,node/1658425572,Rebeka,,,,41.3967185,2.1890325,1,16.9,97.85,7,25.0
2026-09-07T09:00,node/1685949861,Cerveceria Milenium 2,,,,41.3534566,2.0866307,1,16.9,97.85,7,25.0
2026-09-07T09:00,node/1711342192,Calero's Centre,,,,41.3744728,2.1349721,0,16.9,97.85,7,25.0
2026-09-07T09:00,node/1722136431,Cervecería Catalana,,,,41.3924032,2.1609008,0,16.9,97.85,7,25.0
2026-09-07T09:00,node/1739122591,La Tagliatella,,,,41.3943371,2.1521208,0,16.9,97.85,7,25.0
2026-09-07T09:00,node/1813593370,Bar Capricornio,,,,41.4381257,2.2179547,1,16.9,97.85,7,25.0
2026-09-07T09:00,node/1820633320,CASA TEVA,,,,41.3752815,2.1166845,1,16.9,97.85,7,25.0
2026-09-07T09:00,node/1824133931,Carmesí,,,,41.3737373,2.1644452,0,16.9,97.85,7,25.0
2026-09-07T09:00,node/1948986220,Cafeteria UPF Jaume I,,,,41.3900298,2.1901118,0,16.9,97.85,7,25.0
2026-09-07T09:00,node/1948987514,Cafeteria UPF Roger de Lluria,,,,41.3886776,2.1915119,1,16.9,97.85,7,25.0
2026-09-07T09:00,node/1951812612,Casa Pagès,,,,41.3998447,2.1613114,0,16.9,97.85,7,25.0
2026-09-07T09:00,node/1960366982,Casa Amalia,,,,41.3962525,2.1685646,0,16.9,97.85,7,25.0
2026-09-07T09:00,node/1984001407,Bar de la FIB,,,,41.3894239,2.1132363,0,16.9,97.85,7,25.0
2026-09-07T09:00,node/2034780565,Cerbeseria Lesseps,,,,41.4073551,2.1514486,0,16.9,97.85,7,25.0
2026-09-07T09:00,node/2034780569,L'Brasseria,,,,41.4067629,2.1516314,0,16.9,97.85,7,25.0
2026-09-07T09:00,node/2056517879,Caelum,,,,41.3830524,2.1744369,0,16.9,97.85,7,25.0
2026-09-07T09:00,node/2065469522,Restaurant Pipa,,,,41.3997461,2.2003004,0,16.9,97.85,7,25.0
2026-09-07T09:00,node/2087204991,La Sanguchería,,,,41.3954987,2.1484037,0,16.9,97.85,7,25.0
2026-09-07T09:00,node/2091604731,Tapa Tapa,,,,41.3762094,2.1500463,0,16.9,97.85,7,25.0
2026-09-07T09:00,node/2112843062,El Vaixell-2,,,,41.4541291,2.2350201,1,16.9,97.85,7,25.0
2026-09-07T09:00,node/2165154147,Asador de Lugo,,,,41.3797623,2.1376748,0,16.9,97.85,7,25.0
2026-09-07T09:00,node/2184580476,Bar del Pi,,,,41.3824922,2.1739624,0,16.9,97.85,7,25.0
2026-09-07T09:00,node/2187210264,Sopa,,,,41.4023416,2.1952788,0,16.9,97.85,7,25.0
2026-09-07T09:00,node/2197824500,Tierra del fuego,,,,41.4016702,2.2016399,0,16.9,97.85,7,25.0
2026-09-07T09:00,node/2213839299,Pollo Rico,,,,41.3791045,2.1721976,0,16.9,97.85,7,25.0
2026-09-07T09:00,node/2364075421,Chen-Ji,,,,41.3936143,2.1807074,0,16.9,97.85,7,25.0
2026-09-07T09:00,node/2434563732,La Bella Napoli,,,,41.3743686,2.1637621,0,16.9,97.85,7,25.0
2026-09-07T09:00,node/2442785485,El Círcol,,,,41.4501968,2.2474223,1,16.9,97.85,7,25.0
2026-09-07T09:00,node/2468197823,365 Cafeteria Forn de Pa,,,,41.3752071,2.1635151,0,16.9,97.85,7,25.0
2026-09-07T09:00,node/2476332030,Bar Lennon,,,,41.4028901,2.1612576,0,16.9,97.85,7,25.0
2026-09-07T09:00,node/2500906795,Bar Lúdic Queimada Nivell Q,,,,41.4094152,2.1808913,0,16.9,97.85,7,25.0
2026-09-07T09:00,node/2598482930,Con Gracia,,,,41.3990704,2.1600617,0,16.9,97.85,7,25.0
2026-09-07T09:00,node/2609183969,Fukuoka,,,,41.4022587,2.1612976,0,16.9,97.85,7,25.0
2026-09-07T09:00,node/2610750687,Xiringuito Aigua,,,,41.4096717,2.1683236,1,16.9,97.85,7,25.0
2026-09-07T09:00,node/2618447074,Vegetalia,,,,41.3803973,2.1776952,0,16.9,97.85,7,25.0
2026-09-07T09:00,node/2618538581,Veggie Garden,,,,41.3822767,2.1680336,0,16.9,97.85,7,25.0
2026-09-07T09:00,node/2618538595,Biocenter,,,,41.3825765,2.1694364,0,16.9,97.85,7,25.0
2026-09-07T09:00,node/2684052224,Pai Mei,,,,41.4051863,2.1931071,1,16.9,97.85,7,25.0
2026-09-07T09:00,node/2687089274,Dolça Estona,,,,41.4117096,2.1394938,0,16.9,97.85,7,25.0
2026-09-07T09:00,node/2689736934,Bar Bodega Molina,,,,41.4403298,2.1817019,0,16.9,97.85,7,25.0
2026-09-07T09:00,node/2721077740,Bar Veni,,,,41.3848861,2.1667078,0,16.9,97.85,7,25.0
2026-09-07T09:00,node/2727449418,Las Euras,,,,41.3998785,2.1577187,0,16.9,97.85,7,25.0
2026-09-07T09:00,node/2793491051,La bona tapa,,,,41.4368098,2.2166172,1,16.9,97.85,7,25.0
2026-09-07T09:00,node/2892028393,Kino,,,,41.3825992,2.1665452,0,16.9,97.85,7,25.0
2026-09-07T09:00,node/2892037115,23 Robadors,,,,41.3796029,2.1708903,0,16.9,97.85,7,25.0
2026-09-07T09:00,node/2910255826,Shôko,,,,41.3854991,2.1969746,1,16.9,97.85,7,25.0
2026-09-07T09:00,node/2910255827,Opium,,,,41.3852778,2.1967099,1,16.9,97.85,7,25.0
2026-09-07T09:00,node/2927944587,Tapas Tapas!,,,,41.3745104,2.1829399,1,16.9,97.85,7,25.0
2026-09-07T09:00,node/2951499208,El racó d'en Henry,,,,41.4394757,2.2215013,1,16.9,97.85,7,25.0
2026-09-07T09:00,node/2966340931,El Capritx,,,,41.4022886,2.1998883,0,16.9,97.85,7,25.0
2026-09-07T09:00,node/2968119440,Can Tresó,,,,41.4028999,2.1537483,0,16.9,97.85,7,25.0
2026-09-07T09:00,node/2969276727,La Sirena Verde,,,,41.4027605,2.1657128,0,16.9,97.85,7,25.0
2026-09-07T09:00,node/2969277275,Café de l'Eixample,,,,41.4005021,2.1690108,0,16.9,97.85,7,25.0
2026-09-07T09:00,node/2970751844,Taverna El Disbarat,,,,41.4017728,2.1545227,0,16.9,97.85,7,25.0
2026-09-07T09:00,node/3007755352,La Pausa,,,,41.4071883,2.1557816,0,16.9,97.85,7,25.0
2026-09-07T09:00,node/3007803307,Oh La Lá,,,,41.4460123,2.2485803,1,16.9,97.85,7,25.0
2026-09-07T09:00,node/3048077142,L'Aliança del Poblenou,,,,41.3997067,2.2032276,0,16.9,97.85,7,25.0
2026-09-07T09:00,node/3049368344,Clot76,,,,41.4082815,2.1885259,0,16.9,97.85,7,25.0
2026-09-07T09:00,node/3084370508,Marina Bay By Moncho's,,,,41.3863077,2.1975017,1,16.9,97.85,7,25.0
2026-09-07T09:00,node/3084507933,Caravelle,,,,41.3822872,2.1688475,0,16.9,97.85,7,25.0
2026-09-07T09:00,node/3120072573,Bar Restaurant Nàutic,,,,41.3806088,2.1408397,1,16.9,97.85,7,25.0
2026-09-07T09:00,node/3177990194,Mezcal Taco Bar,,,,41.3830563,2.1554872,0,16.9,97.85,7,25.0
2026-09-07T09:00,node/3270120640,Luigi,,,,41.3862659,2.1753788,0,16.9,97.85,7,25.0
2026-09-07T09:00,node/3271554311,Al Sultán,,,,41.4035661,2.1554863,0,16.9,97.85,7,25.0
2026-09-07T09:00,node/3328694987,Nou Candanchú,,,,41.4005128,2.1576475,0,16.9,97.85,7,25.0
2026-09-07T09:00,node/3339670930,Bahia,,,,41.3803265,2.1774842,0,16.9,97.85,7,25.0
2026-09-07T09:00,node/3441700493,Santos Tapas,,,,41.3818417,2.1745121,0,16.9,97.85,7,25.0
2026-09-07T09:00,node/3491476947,Bar del Pla,,,,41.3856036,2.1800221,0,16.9,97.85,7,25.0
2026-09-07T09:00,node/3496970198,Centre Cívic Can Deu,,,,41.3869027,2.1327794,0,16.9,97.85,7,25.0
2026-09-07T09:00,node/3504769719,El Rincón,,,,41.3908977,2.1900669,0,16.9,97.85,7,25.0
2026-09-07T09:00,node/3517276245,Bar Canigó,,,,41.4029724,2.1579186,0,16.9,97.85,7,25.0
2026-09-07T09:00,node/3522552400,Àpat's,,,,41.3757617,2.1419109,0,16.9,97.85,7,25.0
2026-09-07T09:00,node/3548547194,El Bon Menjador - 2,,,,41.4388101,2.2172863,1,16.9,97.85,7,25.0
2026-09-07T09:00,node/3548548998,Bar Morales,,,,41.4395878,2.2165237,1,16.9,97.85,7,25.0
2026-09-07T09:00,node/3548613495,Bar Paula's Tapería,,,,41.4385437,2.2175484,1,16.9,97.85,7,25.0
2026-09-07T09:00,node/3556089494,Delicias Mediterráneas,,,,41.4415079,2.2267435,1,16.9,97.85,7,25.0
2026-09-07T09:00,node/3556089497,Xurreria Rodríguez,,,,41.4416928,2.2264651,1,16.9,97.85,7,25.0
2026-09-07T09:00,node/3556089803,Bar de La Salut,,,,41.4422594,2.2258792,1,16.9,97.85,7,25.0
2026-09-07T09:00,node/3560942698,Sandvitxeria Alhociema,,,,41.4443624,2.2236761,1,16.9,97.85,7,25.0
2026-09-07T09:00,node/3560955995,Centro Cultural Castellano-manchego,,,,41.4390698,2.2176297,1,16.9,97.85,7,25.0
2026-09-07T09:00,node/3595399490,Bar Familiar,,,,41.4359163,2.2182018,1,16.9,97.85,7,25.0
2026-09-07T09:00,node/3595399769,La granja de Casablanca,,,,41.4357671,2.2189395,1,16.9,97.85,7,25.0
2026-09-07T09:00,node/3595401238,Bar Alcázar,,,,41.4365542,2.2183742,1,16.9,97.85,7,25.0
2026-09-07T09:00,node/3596986411,Agrupación Cultural Galega Agarimos,,,,41.4358268,2.2165495,1,16.9,97.85,7,25.0
2026-09-07T09:00,node/3612059306,Nabuco Tiramisú,,,,41.4004523,2.1577244,0,16.9,97.85,7,25.0
2026-09-07T09:00,node/3620986554,Yamane,,,,41.3868061,2.1808426,0,16.9,97.85,7,25.0
2026-09-07T09:00,node/3620991692,Yamaneko-ryouri,,,,41.4016619,2.1447787,0,16.9,97.85,7,25.0
2026-09-07T09:00,node/3624045193,Bar-Granja Maribel,,,,41.4399092,2.2235793,1,16.9,97.85,7,25.0
2026-09-07T09:00,node/3624045293,Bar La Cantonada,,,,41.4396227,2.2242325,1,16.9,97.85,7,25.0
2026-09-07T09:00,node/3713349650,Groin's,,,,41.4108415,2.1637178,0,16.9,97.85,7,25.0
2026-09-07T09:00,node/3718061014,Bar Calders,,,,41.3764788,2.1623937,0,16.9,97.85,7,25.0
2026-09-07T09:00,node/3730796125,Buenas Migas,,,,41.3975542,2.1587856,0,16.9,97.85,7,25.0
2026-09-07T09:00,node/3761312382,La Fonda,,,,41.3793598,2.1762144,0,16.9,97.85,7,25.0
2026-09-07T09:00,node/3777075876,Oaxaca,,,,41.3821041,2.1838988,1,16.9,97.85,7,25.0
2026-09-07T09:00,node/3779149860,EsPan's,,,,41.4349094,2.2194667,1,16.9,97.85,7,25.0
2026-09-07T09:00,node/3794002044,Samurai Ramen,,,,41.3736753,2.1548947,0,16.9,97.85,7,25.0
2026-09-07T09:00,node/3804046057,Robata Sushi & Grill,,,,41.3904886,2.1585836,0,16.9,97.85,7,25.0
2026-09-07T09:00,node/3809169458,Freiduría El Boquerón,,,,41.4400822,2.2264769,1,16.9,97.85,7,25.0
2026-09-07T09:00,node/3809169459,Marisquería Melchor,,,,41.4401715,2.2266602,1,16.9,97.85,7,25.0
2026-09-07T09:00,node/3809169461,Elhotro bar,,,,41.4401247,2.2268506,1,16.9,97.85,7,25.0
2026-09-07T09:00,node/3809169658,Carte d'Or,,,,41.4403068,2.2274065,1,16.9,97.85,7,25.0
2026-09-07T09:00,node/3809169668,Vivari,,,,41.4408122,2.2271125,1,16.9,97.85,7,25.0
2026-09-07T09:00,node/3809169669,Pantaiberic delicatessen,,,,41.4408174,2.2269502,1,16.9,97.85,7,25.0
2026-09-07T09:00,node/3840009426,La Esquinica,,,,41.4304816,2.1712169,1,16.9,97.85,7,25.0
2026-09-07T09:00,node/3874539219,Café del Centre,,,,41.3946111,2.1712059,0,16.9,97.85,7,25.0
2026-09-07T09:00,node/3890922254,Characato,,,,41.4046885,2.1836218,0,16.9,97.85,7,25.0
2026-09-07T09:00,node/3901403358,Les Dues Sicilies,,,,41.3866097,2.1802613,0,16.9,97.85,7,25.0
2026-09-07T09:00,node/3955968257,El racó de les Glòries,,,,41.3986109,2.1978895,0,16.9,97.85,7,25.0
2026-09-07T09:00,node/4060217594,Matt & Marshall,,,,41.3993348,2.1997769,0,16.9,97.85,7,25.0
2026-09-07T09:00,node/4073605889,Mariscco,,,,41.3804885,2.1753271,0,16.9,97.85,7,25.0
2026-09-07T09:00,node/4126257971,Xixbar,,,,41.3758485,2.1576176,0,16.9,97.85,7,25.0
2026-09-07T09:00,node/4127494769,Vapiano,,,,41.3788941,2.1758361,0,16.9,97.85,7,25.0
2026-09-07T09:00,node/4138815989,Nømad Cøffee,,,,41.3889108,2.1771731,0,16.9,97.85,7,25.0
2026-09-07T09:00,node/4150499794,El 68,,,,41.4023622,2.1612062,0,16.9,97.85,7,25.0
2026-09-07T09:00,node/4166496789,Bar Thonet Grill Room,,,,41.3792408,2.1761073,0,16.9,97.85,7,25.0
2026-09-07T09:00,node/4168100800,Cervecería Frankfurt Europa,,,,41.4396191,2.2191504,1,16.9,97.85,7,25.0
2026-09-07T09:00,node/4225209596,Bar El Velodromo,,,,41.3934442,2.1501395,0,16.9,97.85,7,25.0
2026-09-07T09:00,node/4225810298,Bar Nolla,,,,41.3905504,2.1647825,0,16.9,97.85,7,25.0
2026-09-07T09:00,node/4233959493,Pastisseria Granja,,,,41.3795042,2.1792309,0,16.9,97.85,7,25.0
2026-09-07T09:00,node/4239222689,Rekons,,,,41.3806195,2.1610796,0,16.9,97.85,7,25.0
2026-09-07T09:00,node/4244877765,Bar La Peña,,,,41.4404265,2.2170329,1,16.9,97.85,7,25.0
2026-09-07T09:00,node/4247196393,cal mariner,,,,41.3791754,2.1898206,0,16.9,97.85,7,25.0
2026-09-07T09:00,node/4253851490,El Trencadís,,,,41.3937976,2.1655309,0,16.9,97.85,7,25.0
2026-09-07T09:00,node/4253862889,Hummus,,,,41.3912547,2.1611975,0,16.9,97.85,7,25.0
2026-09-07T09:00,node/4254090289,La tasqueta de Blai,,,,41.3733347,2.1652358,0,16.9,97.85,7,25.0
2026-09-07T09:00,node/4254094290,Rosa Negra,,,,41.3819164,2.1687596,0,16.9,97.85,7,25.0
2026-09-07T09:00,node/4254704967,Firebug Brunch,,,,41.3927459,2.1778691,0,16.9,97.85,7,25.0
2026-09-07T09:00,node/4254996890,La Macchina,,,,41.4030005,2.1535966,0,16.9,97.85,7,25.0
2026-09-07T09:00,node/4267035492,Kebabish,,,,41.4409198,2.2217884,1,16.9,97.85,7,25.0
2026-09-07T09:00,node/4267055591,La cantina del tapeo,,,,41.4420999,2.2200224,1,16.9,97.85,7,25.0
2026-09-07T09:00,node/4278033120,Buenas Migas,,,,41.3838044,2.1696233,0,16.9,97.85,7,25.0
2026-09-07T09:00,node/4283188047,Granja Romaní,,,,41.4348618,2.2179712,1,16.9,97.85,7,25.0
2026-09-07T09:00,node/4283194434,Bar La Paradeta,,,,41.4337773,2.2167771,1,16.9,97.85,7,25.0
2026-09-07T09:00,node/4291934189,Fonda Espanya,,,,41.3799009,2.1728032,0,16.9,97.85,7,25.0
2026-09-07T09:00,node/4306440989,Blai 9,,,,41.3730722,2.1658539,0,16.9,97.85,7,25.0
2026-09-07T09:00,node/4314857689,El punt,,,,41.4413807,2.2316251,1,16.9,97.85,7,25.0
2026-09-07T09:00,node/4314859689,Versace,,,,41.4337089,2.2172203,1,16.9,97.85,7,25.0
2026-09-07T09:00,node/4315715092,Petit Comitè,,,,41.3943551,2.1600308,0,16.9,97.85,7,25.0
2026-09-07T09:00,node/4321183403,Brunch & Cake,,,,41.3882834,2.1615596,0,16.9,97.85,7,25.0
2026-09-07T09:00,node/4336933393,Mayura,,,,41.3938992,2.1720914,0,16.9,97.85,7,25.0
2026-09-07T09:00,node/4340119890,VIENA,,,,41.3579934,2.1293918,1,16.9,97.85,7,25.0
2026-09-07T09:00,node/4349925690,Nemrut,,,,41.3810051,2.1772158,0,16.9,97.85,7,25.0
2026-09-07T09:00,node/4350019284,Palosanto,,,,41.3808122,2.1772701,0,16.9,97.85,7,25.0
2026-09-07T09:00,node/4364289794,Faborit Casa Amatller,,,,41.3915836,2.1650592,0,16.9,97.85,7,25.0
2026-09-07T09:00,node/4386702690,Red Ant Noodle Bar,,,,41.3880129,2.1810961,0,16.9,97.85,7,25.0
2026-09-07T09:00,node/4396244190,Fresc Co,,,,41.3891657,2.1969678,1,16.9,97.85,7,25.0
2026-09-07T09:00,node/4401234193,BlackLab Brewhouse & Kitchen,,,,41.3812305,2.1854573,1,16.9,97.85,7,25.0
2026-09-07T09:00,node/4431102493,Forn Puiggròs,,,,41.4102615,2.1741597,0,16.9,97.85,7,25.0
2026-09-07T09:00,node/4439412389,La Vinya del Senyor,,,,41.3832546,2.1818655,0,16.9,97.85,7,25.0
2026-09-07T09:00,node/4440352791,La Gavina,,,,41.3807532,2.1853211,1,16.9,97.85,7,25.0
2026-09-07T09:00,node/4443367289,Pannus,,,,41.3863691,2.1726728,0,16.9,97.85,7,25.0
2026-09-07T09:00,node/4449185678,Il Caffè di Francesco,,,,41.3908733,2.1652201,0,16.9,97.85,7,25.0
2026-09-07T09:00,node/4451904190,Bar Granadino,,,,41.4404153,2.2238276,1,16.9,97.85,7,25.0
2026-09-07T09:00,node/4451904193,La ciudad de oro,,,,41.4408727,2.2240695,1,16.9,97.85,7,25.0
2026-09-07T09:00,node/4451986792,Cafe Bar Florida,,,,41.4403503,2.2236929,1,16.9,97.85,7,25.0
2026-09-07T09:00,node/4451986793,Bar Amigo,,,,41.4411469,2.2238965,1,16.9,97.85,7,25.0
2026-09-07T09:00,node/4451988991,Bar Frankfurt Jaime,,,,41.4408051,2.2241201,1,16.9,97.85,7,25.0
2026-09-07T09:00,node/4451989090,Entre tapes,,,,41.4423118,2.2237245,1,16.9,97.85,7,25.0
2026-09-07T09:00,node/4451992791,Bar Leo,,,,41.4406309,2.2245529,1,16.9,97.85,7,25.0
2026-09-07T09:00,node/4452031691,Bar La Granja,,,,41.4427953,2.2241899,1,16.9,97.85,7,25.0
2026-09-07T09:00,node/4455238130,Anahuac,,,,41.3965161,2.1513989,0,16.9,97.85,7,25.0
2026-09-07T09:00,node/4461595656,Cafeteria de la Biblioteca Jaumer Fuster,,,,41.4075557,2.1493457,1,16.9,97.85,7,25.0
2026-09-07T09:00,node/4470059420,Mesón Gallego,,,,41.3818896,2.0709288,1,16.9,97.85,7,25.0
2026-09-07T09:00,node/4486639527,Boldú,,,,41.3973783,2.1517865,0,16.9,97.85,7,25.0
2026-09-07T09:00,node/4486683966,La Tagliatella,,,,41.3974141,2.1514101,0,16.9,97.85,7,25.0
2026-09-07T09:00,node/4503193765,Bicioci,,,,41.3999229,2.1619101,0,16.9,97.85,7,25.0
2026-09-07T09:00,node/4509411660,Bar Mediterráneo,,,,41.4343007,2.2180868,1,16.9,97.85,7,25.0
2026-09-07T09:00,node/4516538193,Más Que Sushi,,,,41.3774227,2.1527247,0,16.9,97.85,7,25.0
2026-09-07T09:00,node/4516600994,Salambó,,,,41.4044546,2.1576355,0,16.9,97.85,7,25.0
2026-09-07T09:00,node/4520259289,Cachitos,,,,41.3953057,2.1536913,0,16.9,97.85,7,25.0
2026-09-07T09:00,node/4572063790,Cafetería 365,,,,41.3744652,2.1675541,0,16.9,97.85,7,25.0
2026-09-07T09:00,node/4580517495,Cadaqués,,,,41.4004717,2.1574102,0,16.9,97.85,7,25.0
2026-09-07T09:00,node/4591423938,Arabia Cafe,,,,41.3796023,2.1762764,0,16.9,97.85,7,25.0
2026-09-07T09:00,node/4602957463,Otafuku Daifuku,,,,41.3861633,2.1813225,0,16.9,97.85,7,25.0
2026-09-07T09:00,node/4631918790,Casa López,,,,41.4047191,2.1550626,0,16.9,97.85,7,25.0
2026-09-07T09:00,node/4643974106,Kyoka Via Augusta,,,,41.3979693,2.1315017,1,16.9,97.85,7,25.0
2026-09-07T09:00,node/4654613659,afiparc,,,,41.4134414,2.1527296,0,16.9,97.85,7,25.0
2026-09-07T09:00,node/4668687590,Can Vilaró,,,,41.3779004,2.1617005,0,16.9,97.85,7,25.0
2026-09-07T09:00,node/4673198082,Montesquiu,,,,41.4046825,2.1325233,0,16.9,97.85,7,25.0
2026-09-07T09:00,node/4680760648,Sushi Taller,,,,41.4048621,2.1326565,0,16.9,97.85,7,25.0
2026-09-07T09:00,node/4681801089,Orxateria la Valenciana,,,,41.3863413,2.1622578,0,16.9,97.85,7,25.0
2026-09-07T09:00,node/4704972453,majide,,,,41.3849224,2.1674688,0,16.9,97.85,7,25.0
2026-09-07T09:00,node/4709933976,Sottovoce,,,,41.3579226,2.1294974,1,16.9,97.85,7,25.0
2026-09-07T09:00,node/4711659235,Casa Lolea,,,,41.3888056,2.1771897,0,16.9,97.85,7,25.0
2026-09-07T09:00,node/4720526074,El Charrito,,,,41.3896183,2.1662427,0,16.9,97.85,7,25.0
2026-09-07T09:00,node/4721286889,Prodigi,,,,41.3985973,2.1659559,1,16.9,97.85,7,25.0
2026-09-07T09:00,node/4726582894,Catalina Cafe,,,,41.3862071,2.1793039,0,16.9,97.85,7,25.0
2026-09-07T09:00,node/4726583193,Betlem,,,,41.3949258,2.1712207,0,16.9,97.85,7,25.0
2026-09-07T09:00,node/4727975192,La Coruña,,,,41.4083413,2.1851911,0,16.9,97.85,7,25.0
2026-09-07T09:00,node/4728103192,Cafè Arrels,,,,41.4137041,2.1809929,0,16.9,97.85,7,25.0
2026-09-07T09:00,node/4729343193,Cervecería Frankfurt El Molino,,,,41.3746194,2.1669636,0,16.9,97.85,7,25.0
2026-09-07T09:00,node/4735766123,I'll Pomo d'Oro,,,,41.3926987,2.1585151,0,16.9,97.85,7,25.0
2026-09-07T09:00,node/4743830714,Casa Escarré (Joan's),,,,41.3747567,2.1427755,0,16.9,97.85,7,25.0
2026-09-07T09:00,node/4751727952,Bar Ribalda,,,,41.4026552,2.1328307,0,16.9,97.85,7,25.0
2026-09-07T09:00,node/4755496723,Brewdog,,,,41.3857301,2.1581661,0,16.9,97.85,7,25.0
2026-09-07T09:00,node/4756509699,Morro fi,,,,41.3833069,2.1550311,0,16.9,97.85,7,25.0
2026-09-07T09:00,node/4776357929,Tomodachi,,,,41.4053891,2.1644663,0,16.9,97.85,7,25.0
2026-09-07T09:00,node/4778618049,De Gustibus Italiae,,,,41.4027491,2.1330183,0,16.9,97.85,7,25.0
2026-09-07T09:00,node/4784670742,Índigo Café,,,,41.3874831,2.1626443,0,16.9,97.85,7,25.0
2026-09-07T09:00,node/4792724121,Venus Delicatessen Barcelona,,,,41.3807065,2.1779781,0,16.9,97.85,7,25.0
2026-09-07T09:00,node/4802341078,El Quatre,,,,41.4031267,2.1333762,0,16.9,97.85,7,25.0
2026-09-07T09:00,node/4805335780,Madonna Vegan,,,,41.3812162,2.1671279,0,16.9,97.85,7,25.0
2026-09-07T09:00,node/4816093515,Olímpic Bar,,,,41.4422394,2.2177816,1,16.9,97.85,7,25.0
2026-09-07T09:00,node/4822739686,Bar El Racó,,,,41.4417497,2.2212713,1,16.9,97.85,7,25.0
2026-09-07T09:00,node/4838956921,Supra,,,,41.3910798,2.1613999,0,16.9,97.85,7,25.0
2026-09-07T09:00,node/4844565923,Pampa Drugstore,,,,41.3827176,2.1712051,0,16.9,97.85,7,25.0
2026-09-07T09:00,node/4847673021,Usagui,,,,41.4021671,2.1463849,0,16.9,97.85,7,25.0
2026-09-07T09:00,node/4859449960,Restaurant el Magatzem,,,,41.3805096,2.1863595,0,16.9,97.85,7,25.0
2026-09-07T09:00,node/4859450597,Restaurant Cal Pinxo,,,,41.3806265,2.1855795,1,16.9,97.85,7,25.0
2026-09-07T09:00,node/4867833221,Pizzeria El Mundo,,,,41.3751322,2.1231212,0,16.9,97.85,7,25.0
2026-09-07T09:00,node/4881181797,Sierra Nevada,,,,41.4420581,2.1834715,0,16.9,97.85,7,25.0
2026-09-07T09:00,node/4903340658,El Ramblero,,,,41.4219271,2.1969049,1,16.9,97.85,7,25.0
2026-09-07T09:00,node/4906736149,L'Olivera,,,,41.4058547,2.1893093,0,16.9,97.85,7,25.0
2026-09-07T09:00,node/4917663030,Picnic,,,,41.4179648,2.1988442,0,16.9,97.85,7,25.0
2026-09-07T09:00,node/4937772721,Vila's Bar,,,,41.4059086,2.1571314,0,16.9,97.85,7,25.0
2026-09-07T09:00,node/4938104321,Hammock Juice Station,,,,41.3971863,2.1671778,0,16.9,97.85,7,25.0
2026-09-07T09:00,node/4973805221,Brunch & Cake by the sea,,,,41.3809714,2.1872568,0,16.9,97.85,7,25.0
2026-09-07T09:00,node/4973805421,Quinoa Aragó Vegetarià,,,,41.3886233,2.1598684,0,16.9,97.85,7,25.0
2026-09-07T09:00,node/4977546909,Tonkotsu,,,,41.3938467,2.1650368,0,16.9,97.85,7,25.0
2026-09-07T09:00,node/4983764927,Cervecería-Frankfurt,,,,41.4394391,2.2207951,1,16.9,97.85,7,25.0
2026-09-07T09:00,node/4983764935,Max Bar,,,,41.4401476,2.2214687,1,16.9,97.85,7,25.0
2026-09-07T09:00,node/4983764944,Bar Verín,,,,41.4396911,2.2210187,1,16.9,97.85,7,25.0
2026-09-07T09:00,node/4983764949,Bar R'Aurora,,,,41.4400582,2.2213943,1,16.9,97.85,7,25.0
2026-09-07T09:00,node/4983764952,Trocadero,,,,41.4385047,2.2204982,1,16.9,97.85,7,25.0
2026-09-07T09:00,node/4983764957,Bar La Alpujarra,,,,41.4420698,2.2228867,1,16.9,97.85,7,25.0
2026-09-07T09:00,node/4983764958,Sant Mori,,,,41.4390777,2.2210618,1,16.9,97.85,7,25.0
2026-09-07T09:00,node/4983764960,El buen gusto,,,,41.4411919,2.2225719,1,16.9,97.85,7,25.0
2026-09-07T09:00,node/4983764965,Bar Junior Bodega,,,,41.4417139,2.2225318,1,16.9,97.85,7,25.0
2026-09-07T09:00,node/4983764975,Bar Satisfecho,,,,41.4385461,2.2198488,1,16.9,97.85,7,25.0
2026-09-07T09:00,node/4983765002,Bar sushi Salon,,,,41.4425727,2.2233672,1,16.9,97.85,7,25.0
2026-09-07T09:00,node/4983765004,Corre que se acaban,,,,41.4392453,2.2212328,1,16.9,97.85,7,25.0
2026-09-07T09:00,node/4983765005,365,,,,41.4403303,2.2225575,1,16.9,97.85,7,25.0
2026-09-07T09:00,node/4984256695,Pampa Mía,,,,41.4085709,2.2035603,0,16.9,97.85,7,25.0
2026-09-07T09:00,node/4991221422,Salterio,,,,41.3825107,2.1760837,0,16.9,97.85,7,25.0
2026-09-07T09:00,node/5007434606,La Balmesina,,,,41.3970301,2.1522555,0,16.9,97.85,7,25.0
2026-09-07T09:00,node/5010794721,Syra Coffee,,,,41.4014925,2.1595216,0,16.9,97.85,7,25.0
2026-09-07T09:00,node/5010794821,Nomad Frutas Selectas,,,,41.3979292,2.1955517,0,16.9,97.85,7,25.0
2026-09-07T09:00,node/5023905423,Petra,,,,41.4038883,2.1551166,0,16.9,97.85,7,25.0
2026-09-07T09:00,node/5028969022,Guzzo,,,,41.3850929,2.1836594,0,16.9,97.85,7,25.0
2026-09-07T09:00,node/5030247521,La Pantera Rosa,,,,41.4010493,2.1525903,0,16.9,97.85,7,25.0
2026-09-07T09:00,node/5037900607,Orio,,,,41.3819545,2.1763606,0,16.9,97.85,7,25.0
2026-09-07T09:00,node/5048602525,Blau Cel,,,,41.4043091,2.1612896,0,16.9,97.85,7,25.0
2026-09-07T09:00,node/5053669724,La Xula Taperia,,,,41.4023295,2.1586126,0,16.9,97.85,7,25.0
2026-09-07T09:00,node/5081388242,La Raposa,,,,41.3725137,2.1639527,0,16.9,97.85,7,25.0
2026-09-07T09:00,node/5082277825,Vermuteria Puigmartí,,,,41.4013967,2.1590604,0,16.9,97.85,7,25.0
2026-09-07T09:00,node/5082277826,Caracas,,,,41.4020908,2.1601676,0,16.9,97.85,7,25.0
2026-09-07T09:00,node/5082288821,Curuba,,,,41.3999554,2.1574731,0,16.9,97.85,7,25.0
2026-09-07T09:00,node/5086827321,Metric Market,,,,41.3916196,2.1419287,0,16.9,97.85,7,25.0
2026-09-07T09:00,node/5088945722,La Juanola,,,,41.4066765,2.1569377,0,16.9,97.85,7,25.0
2026-09-07T09:00,node/5089333723,Ciuri‘s,,,,41.4052466,2.1565749,0,16.9,97.85,7,25.0
2026-09-07T09:00,node/5105012628,Entre Hores,,,,41.4030943,2.1577829,0,16.9,97.85,7,25.0
2026-09-07T09:00,node/5109943322,Intrèpid,,,,41.4043018,2.1550041,0,16.9,97.85,7,25.0
2026-09-07T09:00,node/5110964523,La Trobada,,,,41.4015625,2.1520155,0,16.9,97.85,7,25.0
2026-09-07T09:00,node/5111094221,El Dorado Chicken,,,,41.3930251,2.1579995,0,16.9,97.85,7,25.0
2026-09-07T09:00,node/5113896626,Granja Fimon's,,,,41.4477805,2.2438919,1,16.9,97.85,7,25.0
2026-09-07T09:00,node/5118124314,Kebab Bocateli,,,,41.4426035,2.2166674,1,16.9,97.85,7,25.0
2026-09-07T09:00,node/5118126421,Bar Frankfurt Polideportivo,,,,41.4429429,2.2162226,1,16.9,97.85,7,25.0
2026-09-07T09:00,node/5118126428,Granja Modesto,,,,41.4343689,2.2158958,1,16.9,97.85,7,25.0
2026-09-07T09:00,node/5118126435,Cafeteria i Forn de pa Grey,,,,41.4332655,2.2174982,1,16.9,97.85,7,25.0
2026-09-07T09:00,node/5118126438,Frankfurt Piscis,,,,41.4360107,2.2158678,1,16.9,97.85,7,25.0
2026-09-07T09:00,node/5118126440,Bar Julio,,,,41.4348299,2.2151483,1,16.9,97.85,7,25.0
2026-09-07T09:00,node/5118126443,Bar Beethoven,,,,41.4328863,2.2181523,1,16.9,97.85,7,25.0
2026-09-07T09:00,node/5118126453,Bar Bondia,,,,41.4342763,2.2160261,1,16.9,97.85,7,25.0
2026-09-07T09:00,node/5128075585,Monkey Factory,,,,41.3927261,2.1544614,0,16.9,97.85,7,25.0
2026-09-07T09:00,node/5137360822,El Jardí,,,,41.4475237,2.2469586,1,16.9,97.85,7,25.0
2026-09-07T09:00,node/5144745888,Bar La Imperial,,,,41.4372451,2.2200669,1,16.9,97.85,7,25.0
2026-09-07T09:00,node/5144745889,Gabi,,,,41.4372105,2.2199582,1,16.9,97.85,7,25.0
2026-09-07T09:00,node/5144745893,Bar India,,,,41.4420657,2.2284253,1,16.9,97.85,7,25.0
2026-09-07T09:00,node/5144745896,Mokka,,,,41.4371063,2.2201689,1,16.9,97.85,7,25.0
2026-09-07T09:00,node/5156690125,Loc,,,,41.4351636,2.2283155,1,16.9,97.85,7,25.0
2026-09-07T09:00,node/5160440326,Les Termes Bdn,,,,41.4520115,2.2476488,1,16.9,97.85,7,25.0
2026-09-07T09:00,node/5167185733,La Sucursal,,,,41.3806502,2.1611889,0,16.9,97.85,7,25.0
2026-09-07T09:00,node/5167569072,El Mercader de L'Eixample,,,,41.3923316,2.1603286,0,16.9,97.85,7,25.0
2026-09-07T09:00,node/5168232324,Colmado,,,,41.3819235,2.1744264,0,16.9,97.85,7,25.0
2026-09-07T09:00,node/5175039621,Green's,,,,41.3959672,2.1496553,0,16.9,97.85,7,25.0
2026-09-07T09:00,node/5176233727,Els Porxos,,,,41.4031581,2.1751611,0,16.9,97.85,7,25.0
2026-09-07T09:00,node/5182260830,Catafal,,,,41.4088089,2.1468574,0,16.9,97.85,7,25.0
2026-09-07T09:00,node/5190930121,Casa Ángel,,,,41.4070235,2.1818566,0,16.9,97.85,7,25.0
2026-09-07T09:00,node/5192085421,Esterri,,,,41.3812805,2.1618108,0,16.9,97.85,7,25.0
2026-09-07T09:00,node/5198200824,Copa d'Or,,,,41.3963876,2.1688461,0,16.9,97.85,7,25.0
2026-09-07T09:00,node/5198200829,Gyoza Bistró,,,,41.3940771,2.1723519,0,16.9,97.85,7,25.0
2026-09-07T09:00,node/5198201036,Nou Can Codina,,,,41.3989586,2.1608728,0,16.9,97.85,7,25.0
2026-09-07T09:00,node/5198201122,La Particcela,,,,41.3961328,2.1697679,0,16.9,97.85,7,25.0
2026-09-07T09:00,node/5198201124,Riko's Braseria - Restaurante,,,,41.3929731,2.1692667,0,16.9,97.85,7,25.0
2026-09-07T09:00,node/5199743028,seven7seven,,,,41.3898868,2.1622344,0,16.9,97.85,7,25.0
2026-09-07T09:00,node/5207046925,Sense Nom,,,,41.3843558,2.1622563,0,16.9,97.85,7,25.0
2026-09-07T09:00,node/5207067522,El Maravillas,,,,41.3868914,2.1323626,0,16.9,97.85,7,25.0
2026-09-07T09:00,node/5208223424,Bonastre,,,,41.3774986,2.1587463,0,16.9,97.85,7,25.0
2026-09-07T09:00,node/5212252535,Tariq,,,,41.4477214,2.2405051,1,16.9,97.85,7,25.0
2026-09-07T09:00,node/5218828496,Conecta,,,,41.4388265,2.2253266,1,16.9,97.85,7,25.0
2026-09-07T09:00,node/5218828499,Sweet dolç,,,,41.4385456,2.2254351,1,16.9,97.85,7,25.0
2026-09-07T09:00,node/5226505321,Bodega E. Marin,,,,41.4025586,2.1609645,0,16.9,97.85,7,25.0
2026-09-07T09:00,node/5228942946,La Pubilla,,,,41.3995748,2.1536674,0,16.9,97.85,7,25.0
2026-09-07T09:00,node/5237627856,Tasmango Dessert,,,,41.3909254,2.1784375,0,16.9,97.85,7,25.0
2026-09-07T09:00,node/5238186123,Lennox,,,,41.3834186,2.1829502,0,16.9,97.85,7,25.0
2026-09-07T09:00,node/5271863048,Rest. Alexandre,,,,41.4322501,2.1835476,0,16.9,97.85,7,25.0
2026-09-07T09:00,node/5286467104,Granja Monsul,,,,41.4437723,2.2239591,1,16.9,97.85,7,25.0
2026-09-07T09:00,node/5298404593,Próspero,,,,41.4382431,2.2237839,1,16.9,97.85,7,25.0
2026-09-07T09:00,node/5298404603,Bar Salamanca,,,,41.4388532,2.2246477,1,16.9,97.85,7,25.0
2026-09-07T09:00,node/5298405327,Bar Benuga,,,,41.4383471,2.2243229,1,16.9,97.85,7,25.0
2026-09-07T09:00,node/5298405384,Bar Rocío Los Cazadores,,,,41.4389682,2.2252641,1,16.9,97.85,7,25.0
2026-09-07T09:00,node/5299921764,Bar Crack,,,,41.4343466,2.2189911,1,16.9,97.85,7,25.0
2026-09-07T09:00,node/5299921811,Can Daura,,,,41.4358077,2.2218721,1,16.9,97.85,7,25.0
2026-09-07T09:00,node/5299922525,Bar La Imperial,,,,41.4354603,2.2205399,1,16.9,97.85,7,25.0
2026-09-07T09:00,node/5299922526,Bar Marta,,,,41.4349148,2.2200469,1,16.9,97.85,7,25.0
2026-09-07T09:00,node/5313632423,365,,,,41.3789307,2.1718613,0,16.9,97.85,7,25.0
2026-09-07T09:00,node/5327570662,Ancestral,,,,41.3977332,2.1656576,0,16.9,97.85,7,25.0
2026-09-07T09:00,node/5347967007,Bar Marín,,,,41.4474106,2.2217195,1,16.9,97.85,7,25.0
2026-09-07T09:00,node/5347967009,Bar La Cantonada,,,,41.4474812,2.2209325,1,16.9,97.85,7,25.0
2026-09-07T09:00,node/5363964402,El gran croissant,,,,41.4359355,2.2167366,1,16.9,97.85,7,25.0
2026-09-07T09:00,node/5395531687,Las Marismas,,,,41.3701297,2.1215161,1,16.9,97.85,7,25.0
2026-09-07T09:00,node/5407919537,El Yate,,,,41.4039787,2.1367463,0,16.9,97.85,7,25.0
2026-09-07T09:00,node/5417517130,Tou Kichi Rou,,,,41.3919953,2.1432267,0,16.9,97.85,7,25.0
2026-09-07T09:00,node/5418243448,La Pampa,,,,41.3793623,2.1879402,0,16.9,97.85,7,25.0
2026-09-07T09:00,node/5418243450,els maians,,,,41.3786757,2.1882219,0,16.9,97.85,7,25.0
2026-09-07T09:00,node/5418243451,no30,,,,41.3791653,2.1879988,0,16.9,97.85,7,25.0
2026-09-07T09:00,node/5418243452,Lolita,,,,41.3783615,2.1882936,0,16.9,97.85,7,25.0
2026-09-07T09:00,node/5418243454,Reina Margherita,,,,41.3792655,2.1879835,0,16.9,97.85,7,25.0
2026-09-07T09:00,node/5434314893,PolkaBarcelona,,,,41.3859057,2.1326565,0,16.9,97.85,7,25.0
2026-09-07T09:00,node/5485540627,Bar Placídia,,,,41.3999472,2.1524915,0,16.9,97.85,7,25.0
2026-09-07T09:00,node/5487473548,Cafè Mos,,,,41.4143487,2.1384116,0,16.9,97.85,7,25.0
2026-09-07T09:00,node/5498351755,365 Cafeteria Forn de Pa,,,,41.3747778,2.1626826,0,16.9,97.85,7,25.0
2026-09-07T09:00,node/5509139428,La Carmanyola,,,,41.4013829,2.2068942,1,16.9,97.85,7,25.0
2026-09-07T09:00,node/5536153362,Cafeteria La Dona,,,,41.4396715,2.2242727,1,16.9,97.85,7,25.0
2026-09-07T09:00,node/5564055763,Panda & Smile,,,,41.3842068,2.1585673,0,16.9,97.85,7,25.0
2026-09-07T09:00,node/5564064431,Atrapatapa,,,,41.3832362,2.1568636,0,16.9,97.85,7,25.0
2026-09-07T09:00,node/5595134220,Cervecería Amoretty's 3,,,,41.4412382,2.2200117,1,16.9,97.85,7,25.0
2026-09-07T09:00,node/5606506169,Sincopa,,,,41.3803881,2.1789886,0,16.9,97.85,7,25.0
2026-09-07T09:00,node/5611733921,Buenas Migas,,,,41.4024253,2.1743326,0,16.9,97.85,7,25.0
2026-09-07T09:00,node/5617465886,Amateur,,,,41.3967536,2.1962847,0,16.9,97.85,7,25.0
2026-09-07T09:00,node/5646412432,Made in Sicily,,,,41.4483394,2.2490191,1,16.9,97.85,7,25.0
2026-09-07T09:00,node/5646415922,La Bella Istambul,,,,41.4479233,2.2494906,1,16.9,97.85,7,25.0
2026-09-07T09:00,node/5658288082,Can Teixidó,,,,41.4491148,2.2483189,1,16.9,97.85,7,25.0
2026-09-07T09:00,node/5663240986,Cafè Escac,,,,41.3837378,2.1695562,0,16.9,97.85,7,25.0
2026-09-07T09:00,node/5676005621,CACHO,,,,41.3931048,2.1910878,0,16.9,97.85,7,25.0
2026-09-07T09:00,node/5718757792,360°,,,,41.3790957,2.1696433,0,16.9,97.85,7,25.0
2026-09-07T09:00,node/5793057257,Bar Granja el Chiquitín,,,,41.4398176,2.2263171,1,16.9,97.85,7,25.0
2026-09-07T09:00,node/5796742218,The Clock,,,,41.3754168,2.1482785,1,16.9,97.85,7,25.0
2026-09-07T09:00,node/5805410453,Morrow Coffee,,,,41.3771392,2.1513283,0,16.9,97.85,7,25.0
2026-09-07T09:00,node/5806521955,Paisano Bistró,,,,41.4048549,2.1759323,0,16.9,97.85,7,25.0
2026-09-07T09:00,node/5856758686,El racó de les tapes,,,,41.4357708,2.1910224,0,16.9,97.85,7,25.0
2026-09-07T09:00,node/5878496985,UDON,,,,41.4051569,2.1921906,1,16.9,97.85,7,25.0
2026-09-07T09:00,node/5916157285,Bar Castells,,,,41.3841472,2.1698121,0,16.9,97.85,7,25.0
2026-09-07T09:00,node/5923867889,,,,,41.4406062,2.2451514,1,16.9,97.85,7,25.0
2026-09-07T09:00,node/5930228787,Mi casa,,,,41.3993608,2.1535771,0,16.9,97.85,7,25.0
2026-09-07T09:00,node/5933808740,Kserol,,,,41.3986236,2.1753141,0,16.9,97.85,7,25.0
2026-09-07T09:00,node/5944781772,Restaurante Burning Rock&Food,,,,41.3746837,2.1311612,0,16.9,97.85,7,25.0
2026-09-07T09:00,node/5951964888,el Fornet,,,,41.3882003,2.1723419,0,16.9,97.85,7,25.0
2026-09-07T09:00,node/5972440521,Feroz,,,,41.3965882,2.1508404,0,16.9,97.85,7,25.0
2026-09-07T09:00,node/5980982393,Pepa Tomate,,,,41.3767661,2.1627826,0,16.9,97.85,7,25.0
2026-09-07T09:00,node/6000108088,La Neura,,,,41.4002093,2.1660134,0,16.9,97.85,7,25.0
2026-09-07T09:00,node/6009236381,Mesón Balouta,,,,41.4384121,2.1649296,0,16.9,97.85,7,25.0
2026-09-07T09:00,node/6010958538,Bar Avenida,,,,41.4371962,2.2238498,1,16.9,97.85,7,25.0
2026-09-07T09:00,node/6010958540,Bar Trébol BCN,,,,41.4352675,2.2193633,1,16.9,97.85,7,25.0
2026-09-07T09:00,node/6027971388,Novell,,,,41.4070495,2.1667319,0,16.9,97.85,7,25.0
2026-09-07T09:00,node/6038827086,Honest Greens,,,,41.3986972,2.1569862,0,16.9,97.85,7,25.0
2026-09-07T09:00,node/6066258257,Bar Roma Sports,,,,41.4449369,2.2223513,1,16.9,97.85,7,25.0
2026-09-07T09:00,node/6089625321,Vivari,,,,41.3973187,2.1676233,0,16.9,97.85,7,25.0
2026-09-07T09:00,node/6093865396,The FRESH POKE,,,,41.3975268,2.1644457,0,16.9,97.85,7,25.0
2026-09-07T09:00,node/6093944886,Nicasso,,,,41.4072456,2.1873211,0,16.9,97.85,7,25.0
2026-09-07T09:00,node/6096656135,Yoi Yoi Gion,,,,41.3965593,2.1606187,0,16.9,97.85,7,25.0
2026-09-07T09:00,node/6104559348,Belles Arts II,,,,41.3872827,2.1361782,0,16.9,97.85,7,25.0
2026-09-07T09:00,node/6104561002,Toyodo,,,,41.3866914,2.1375355,0,16.9,97.85,7,25.0
2026-09-07T09:00,node/6106764321,Il Caffe di Francesco,,,,41.3930707,2.1642758,0,16.9,97.85,7,25.0
2026-09-07T09:00,node/6109526596,El Cuiner de Damasc,,,,41.3814196,2.1776754,0,16.9,97.85,7,25.0
2026-09-07T09:00,node/6110978486,Bonaparte,,,,41.4775805,2.0724847,1,16.9,97.85,7,25.0
2026-09-07T09:00,node/6123253862,Bar Granja Oasis,,,,41.3505068,2.1127043,1,16.9,97.85,7,25.0
2026-09-07T09:00,node/6126749461,Cantero,,,,41.3942111,2.1902433,1,16.9,97.85,7,25.0
2026-09-07T09:00,node/6164234382,Poké Sí,,,,41.4052321,2.1924708,1,16.9,97.85,7,25.0
2026-09-07T09:00,node/6164236104,Palo Verde,,,,41.4047343,2.1968042,0,16.9,97.85,7,25.0
2026-09-07T09:00,node/6166398253,Panet,,,,41.3861845,2.1430687,0,16.9,97.85,7,25.0
2026-09-07T09:00,node/6182404055,Kasa,,,,41.3861348,2.1656868,0,16.9,97.85,7,25.0
2026-09-07T09:00,node/6188914880,Bella Venezia,,,,41.3965502,2.1644865,0,16.9,97.85,7,25.0
2026-09-07T09:00,node/6188922858,Arc iris,,,,41.3998386,2.1715382,0,16.9,97.85,7,25.0
2026-09-07T09:00,node/6193461695,Sun Market,,,,41.3928465,2.1569854,0,16.9,97.85,7,25.0
2026-09-07T09:00,node/6193479448,Akashi Sushi Bar,,,,41.3923045,2.1558108,0,16.9,97.85,7,25.0
2026-09-07T09:00,node/6200571548,La Svolta,,,,41.4061025,2.1515184,0,16.9,97.85,7,25.0
2026-09-07T09:00,node/6202321417,La Tapeta del Coll,,,,41.4179646,2.1467035,0,16.9,97.85,7,25.0
2026-09-07T09:00,node/6204104907,La Papa,,,,41.3898088,2.1577366,0,16.9,97.85,7,25.0
2026-09-07T09:00,node/6216083704,La Coma,,,,41.3401472,2.1265697,1,16.9,97.85,7,25.0
2026-09-07T09:00,node/6216218158,la Zona,,,,41.3460291,2.1439158,0,16.9,97.85,7,25.0
2026-09-07T09:00,node/6216756977,Estrella de Istanbul,,,,41.4098375,2.1751296,0,16.9,97.85,7,25.0
2026-09-07T09:00,node/6230395442,Akelarre,,,,41.3892275,2.1373726,0,16.9,97.85,7,25.0
2026-09-07T09:00,node/6230407068,Starbucks,,,,41.3951351,2.1581903,0,16.9,97.85,7,25.0
2026-09-07T09:00,node/6232752417,El Taller,,,,41.3587511,2.1404908,0,16.9,97.85,7,25.0
2026-09-07T09:00,node/6237797177,Luri,,,,41.3977931,2.1514901,0,16.9,97.85,7,25.0
2026-09-07T09:00,node/6246525924,in blue,,,,41.3877036,2.1368756,0,16.9,97.85,7,25.0
2026-09-07T09:00,node/6250219942,Al sur,,,,41.3941572,2.1586822,0,16.9,97.85,7,25.0
2026-09-07T09:00,node/6258570565,Dino Pan,,,,41.3824376,2.1318622,0,16.9,97.85,7,25.0
2026-09-07T09:00,node/6258570699,Don Sándwich,,,,41.3820321,2.1315862,0,16.9,97.85,7,25.0
2026-09-07T09:00,node/6258715958,La Lluna de Gavà,,,,41.3672801,2.1403759,1,16.9,97.85,7,25.0
2026-09-07T09:00,node/6258718433,La Toscana,,,,41.3805625,2.1323335,0,16.9,97.85,7,25.0
2026-09-07T09:00,node/6258718652,Cafeteria Melody Bar,,,,41.3779464,2.1338934,0,16.9,97.85,7,25.0
2026-09-07T09:00,node/6258719247,Bar Florida,,,,41.3592896,2.1399844,0,16.9,97.85,7,25.0
2026-09-07T09:00,node/6260784864,La Cabaña,,,,41.3699161,2.1341331,0,16.9,97.85,7,25.0
2026-09-07T09:00,node/6260786193,Goiko Grill,,,,41.3656448,2.1357604,0,16.9,97.85,7,25.0
2026-09-07T09:00,node/6264834185,König,,,,41.3862163,2.1827612,0,16.9,97.85,7,25.0
2026-09-07T09:00,node/6298115913,N.A.P.,,,,41.3774834,2.1900137,0,16.9,97.85,7,25.0
2026-09-07T09:00,node/6316025985,L'Esclop,,,,41.3768262,2.1577412,0,16.9,97.85,7,25.0
2026-09-07T09:00,node/6330973943,Don Kilo,,,,41.3998564,2.1639573,0,16.9,97.85,7,25.0
2026-09-07T09:00,node/6333708759,SandwiChez,,,,41.3941488,2.1694356,0,16.9,97.85,7,25.0
2026-09-07T09:00,node/6334053687,Cafè Yafa,,,,41.3997495,2.1643963,0,16.9,97.85,7,25.0
2026-09-07T09:00,node/6334053692,La Mananta,,,,41.3994169,2.1648424,0,16.9,97.85,7,25.0
2026-09-07T09:00,node/6339732807,La Soca 2,,,,41.3912352,2.1594135,0,16.9,97.85,7,25.0
2026-09-07T09:00,node/6339732809,Creps Barcelona,,,,41.3905618,2.1590619,0,16.9,97.85,7,25.0
2026-09-07T09:00,node/6357834156,Les gens que j'aime bar,,,,41.3936947,2.1648505,0,16.9,97.85,7,25.0
2026-09-07T09:00,node/6381462875,Comarca Cuina L’Hocal,,,,41.3609203,2.1295937,1,16.9,97.85,7,25.0
2026-09-07T09:00,node/6424929026,Cafeteria Samy's,,,,41.3637433,2.1369241,0,16.9,97.85,7,25.0
2026-09-07T09:00,node/6424929700,Sakuraya,,,,41.3653001,2.1307952,0,16.9,97.85,7,25.0
2026-09-07T09:00,node/6431480513,Restaurant Bodega de Tapas,,,,41.3772493,2.1371156,0,16.9,97.85,7,25.0
2026-09-07T09:00,node/6431508292,Bodega Salvat,,,,41.3711848,2.1345217,0,16.9,97.85,7,25.0
2026-09-07T09:00,node/6431508293,Jaqueline's,,,,41.3682256,2.1345214,0,16.9,97.85,7,25.0
2026-09-07T09:00,node/6431508485,Japonia Café,,,,41.3806518,2.1387176,1,16.9,97.85,7,25.0
2026-09-07T09:00,node/6431508488,La Bodegueta de Sants,,,,41.3710695,2.1344235,0,16.9,97.85,7,25.0
2026-09-07T09:00,node/6431512182,Bar Montevideo,,,,41.3693939,2.1342386,0,16.9,97.85,7,25.0
2026-09-07T09:00,node/6431558869,Bar Alegría,,,,41.3629394,2.1373301,0,16.9,97.85,7,25.0
2026-09-07T09:00,node/6431559030,Bar El Faro,,,,41.3628529,2.1373795,0,16.9,97.85,7,25.0
2026-09-07T09:00,node/6433259684,Entre Copas,,,,41.3621672,2.0761548,1,16.9,97.85,7,25.0
2026-09-07T09:00,node/6438381289,Vera Café,,,,41.3883674,2.1779512,0,16.9,97.85,7,25.0
2026-09-07T09:00,node/6441451785,Líder de Istanbul,,,,41.3752687,2.1338088,0,16.9,97.85,7,25.0
2026-09-07T09:00,node/6445233216,Gyoza Bar,,,,41.3931059,2.1798949,0,16.9,97.85,7,25.0
2026-09-07T09:00,node/6450380989,Bar But,,,,41.3979648,2.1593688,0,16.9,97.85,7,25.0
2026-09-07T09:00,node/6450381086,La Porxada,,,,41.4030026,2.1637245,0,16.9,97.85,7,25.0
2026-09-07T09:00,node/6462934229,Concordia,,,,41.3864201,2.1321758,0,16.9,97.85,7,25.0
2026-09-07T09:00,node/6475037976,L'Oasi a Consell,,,,41.3830142,2.1547507,0,16.9,97.85,7,25.0
2026-09-07T09:00,node/6477273844,Fandango,,,,41.3982346,2.1423415,0,16.9,97.85,7,25.0
2026-09-07T09:00,node/6506313588,Antigua,,,,41.3980086,2.1492952,0,16.9,97.85,7,25.0
2026-09-07T09:00,node/6507308246,L'Antica Pizzeria Da Michele,,,,41.3928154,2.1682858,0,16.9,97.85,7,25.0
2026-09-07T09:00,node/6532206187,Yü Sushi,,,,41.4032734,2.2032208,0,16.9,97.85,7,25.0
2026-09-07T09:00,node/6532330793,La Xemeneia,,,,41.4016359,2.2048002,1,16.9,97.85,7,25.0
2026-09-07T09:00,node/6535101686,Alma Loca,,,,41.3992845,2.1970974,0,16.9,97.85,7,25.0
2026-09-07T09:00,node/6538194375,Mr. White,,,,41.3761815,2.1601126,0,16.9,97.85,7,25.0
2026-09-07T09:00,node/6568369188,Elpilar,,,,41.4000903,2.1489875,0,16.9,97.85,7,25.0
2026-09-07T09:00,node/6597321587,Welcome,,,,41.4065151,2.1509474,0,16.9,97.85,7,25.0
2026-09-07T09:00,node/6600189447,café bar juli-mac,,,,41.3782625,2.1239845,0,16.9,97.85,7,25.0
2026-09-07T09:00,node/6642989000,El Pa Sencer,,,,41.3835483,2.1341796,0,16.9,97.85,7,25.0
2026-09-07T09:00,node/6642989001,Ateneu Popular de les Corts,,,,41.3826968,2.1329407,0,16.9,97.85,7,25.0
2026-09-07T09:00,node/6680396487,La prorroga,,,,41.4032976,2.1567512,0,16.9,97.85,7,25.0
2026-09-07T09:00,node/6680687871,La Mar Salada,,,,41.3768035,2.1888904,0,16.9,97.85,7,25.0
2026-09-07T09:00,node/6681709948,Kiltro Gràcia,,,,41.4018317,2.1544539,0,16.9,97.85,7,25.0
2026-09-07T09:00,node/6710510485,Catedral 1951,,,,41.3849142,2.1757337,0,16.9,97.85,7,25.0
2026-09-07T09:00,node/6750944404,Brasaña,,,,41.3605721,2.1345777,0,16.9,97.85,7,25.0
2026-09-07T09:00,node/6757307686,Kitsu,,,,41.4017918,2.1543486,0,16.9,97.85,7,25.0
2026-09-07T09:00,node/6757314489,LomoAlto,,,,41.3936053,2.1663935,0,16.9,97.85,7,25.0
2026-09-07T09:00,node/6766273102,inti & chaska,,,,41.3886755,2.1599487,0,16.9,97.85,7,25.0
2026-09-07T09:00,node/6771863086,Montseny,,,,41.4070642,2.1804416,0,16.9,97.85,7,25.0
2026-09-07T09:00,node/6775495571,El Petit,,,,41.3298893,2.0988681,1,16.9,97.85,7,25.0
2026-09-07T09:00,node/6782427526,Híbrid Cafè Restaurant,,,,41.3771219,2.1203336,1,16.9,97.85,7,25.0
2026-09-07T09:00,node/6786006588,365,,,,41.3820297,2.1697221,0,16.9,97.85,7,25.0
2026-09-07T09:00,node/6790695789,El Rincón de la Abuela Venezolana,,,,41.4058359,2.1788147,0,16.9,97.85,7,25.0
2026-09-07T09:00,node/6805613085,Bar la Cabaña,,,,41.4071784,2.1778546,0,16.9,97.85,7,25.0
2026-09-07T09:00,node/6812099686,La Xurreria de Maria,,,,41.4050102,2.1750002,0,16.9,97.85,7,25.0
2026-09-07T09:00,node/6821384885,Blu Bar,,,,41.3983358,2.2045648,0,16.9,97.85,7,25.0
2026-09-07T09:00,node/6835358009,Murivecci,,,,41.3874075,2.1828282,1,16.9,97.85,7,25.0
2026-09-07T09:00,node/6852974547,Garrido,,,,41.3603039,2.1401381,0,16.9,97.85,7,25.0
2026-09-07T09:00,node/6852994516,La Patatona,,,,41.3604651,2.1400108,1,16.9,97.85,7,25.0
2026-09-07T09:00,node/6855027201,Bar Sandwicheria Enka 3,,,,41.3758876,2.1221107,0,16.9,97.85,7,25.0
2026-09-07T09:00,node/6871523347,Cafe Punto 10,,,,41.3805947,2.1364501,0,16.9,97.85,7,25.0
2026-09-07T09:00,node/6914132390,El Nou Ramonet,,,,41.3817315,2.1876268,0,16.9,97.85,7,25.0
2026-09-07T09:00,node/6946328085,Cremat 11,,,,41.3855109,2.1810205,0,16.9,97.85,7,25.0
2026-09-07T09:00,node/6973926711,Syra Coffee,,,,41.3965047,2.1941864,0,16.9,97.85,7,25.0
2026-09-07T09:00,node/6983227455,SNOOKER - Cocteles y Billarea,,,,41.3921561,2.1703663,0,16.9,97.85,7,25.0
2026-09-07T09:00,node/7002869606,Chebú,,,,41.3791162,2.1515085,0,16.9,97.85,7,25.0
2026-09-07T09:00,node/7003296923,Triple Sec,,,,41.3747448,2.1609868,0,16.9,97.85,7,25.0
2026-09-07T09:00,node/7004598841,Orange Coffee,,,,41.4052864,2.1712189,0,16.9,97.85,7,25.0
2026-09-07T09:00,node/7014308129,Bar Bodega Lentejil,,,,41.4429922,2.2175094,1,16.9,97.85,7,25.0
2026-09-07T09:00,node/7017780931,Yoüme,,,,41.3835882,2.1541892,0,16.9,97.85,7,25.0
2026-09-07T09:00,node/7098025886,El Club del Café,,,,41.4340729,2.1892624,0,16.9,97.85,7,25.0
2026-09-07T09:00,node/7124857728,Cabo,,,,41.3964797,2.1851438,0,16.9,97.85,7,25.0
2026-09-07T09:00,node/7132160620,Santagloria,,,,41.3863926,2.1243567,0,16.9,97.85,7,25.0
2026-09-07T09:00,node/7141587085,La Cereria,,,,41.3815426,2.1767152,0,16.9,97.85,7,25.0
2026-09-07T09:00,node/7150994121,Vivari,,,,41.3998419,2.1775677,0,16.9,97.85,7,25.0
2026-09-07T09:00,node/7234692489,Van van var,,,,41.3942304,2.1901096,0,16.9,97.85,7,25.0
2026-09-07T09:00,node/7318977151,,,,,41.3711664,2.1434617,0,16.9,97.85,7,25.0
2026-09-07T09:00,node/7318977155,Bar Joaquim,,,,41.3704145,2.1424922,0,16.9,97.85,7,25.0
2026-09-07T09:00,node/7318977156,Vivari,,,,41.3686165,2.1410874,0,16.9,97.85,7,25.0
2026-09-07T09:00,node/7431790448,Santagloria,,,,41.3896086,2.1200086,0,16.9,97.85,7,25.0
2026-09-07T09:00,node/7438491414,,,,,41.3733479,2.1301506,0,16.9,97.85,7,25.0
2026-09-07T09:00,node/7504941029,Iberic Fusión Platja,,,,41.4380577,2.2431806,1,16.9,97.85,7,25.0
2026-09-07T09:00,node/7504941031,l'Altre Can Mario's,,,,41.4405591,2.2418866,1,16.9,97.85,7,25.0
2026-09-07T09:00,node/7504941033,L'Esmolet,,,,41.4432993,2.2460741,1,16.9,97.85,7,25.0
2026-09-07T09:00,node/7504941035,la Masia de la Xesca,,,,41.4452013,2.2417838,1,16.9,97.85,7,25.0
2026-09-07T09:00,node/7556742593,Menjador del Centre,,,,41.4009756,2.2000272,0,16.9,97.85,7,25.0
2026-09-07T09:00,node/7563962192,Passeig9,,,,41.4014488,2.2009478,0,16.9,97.85,7,25.0
2026-09-07T09:00,node/7600529740,Restaurante La Flama,,,,41.3514861,2.1114722,1,16.9,97.85,7,25.0
2026-09-07T09:00,node/7618205068,El Pellizquito,,,,41.3501292,2.1105817,1,16.9,97.85,7,25.0
2026-09-07T09:00,node/7640514041,Bar Plaça Carles Buïgas,,,,41.3711833,2.1510204,1,16.9,97.85,7,25.0
2026-09-07T09:00,node/7644933199,Almirall,,,,41.4100171,2.1883052,0,16.9,97.85,7,25.0
2026-09-07T09:00,node/7704818539,Bar Granja Rocxi,,,,41.3744206,2.1339573,0,16.9,97.85,7,25.0
2026-09-07T09:00,node/7704818548,Cafès Caracas,,,,41.3748038,2.1328052,0,16.9,97.85,7,25.0
2026-09-07T09:00,node/7706832792,Cru Sants,,,,41.3721342,2.1286919,0,16.9,97.85,7,25.0
2026-09-07T09:00,node/7736420790,Mamma Italia,,,,41.3764642,2.1234304,0,16.9,97.85,7,25.0
2026-09-07T09:00,node/7772770550,Eqvilibrivm Café,,,,41.3973065,2.1697662,0,16.9,97.85,7,25.0
2026-09-07T09:00,node/7838098454,El Caserón,,,,41.3838275,2.1398498,0,16.9,97.85,7,25.0
2026-09-07T09:00,node/7925586104,Delicream,,,,41.4572921,2.2290688,1,16.9,97.85,7,25.0
2026-09-07T09:00,node/7989010587,Castañeiras,,,,41.4100358,2.1760296,0,16.9,97.85,7,25.0
2026-09-07T09:00,node/7999604058,Lilo brunch,,,,41.3873718,2.1627034,0,16.9,97.85,7,25.0
2026-09-07T09:00,node/7999616840,Bellillo,,,,41.3879362,2.1620483,0,16.9,97.85,7,25.0
2026-09-07T09:00,node/8034999886,Costa Dorada,,,,41.3980284,2.1986941,0,16.9,97.85,7,25.0
2026-09-07T09:00,node/8046554489,Sport,,,,41.4001224,2.2000188,0,16.9,97.85,7,25.0
2026-09-07T09:00,node/8049731595,Echegaray,,,,41.4018684,2.2023424,0,16.9,97.85,7,25.0
2026-09-07T09:00,node/8049732292,Doroteo,,,,41.4029636,2.2006718,0,16.9,97.85,7,25.0
2026-09-07T09:00,node/8064873985,Saramar,,,,41.3957712,2.1953013,1,16.9,97.85,7,25.0
2026-09-07T09:00,node/8077128420,Tío Bigotes,,,,41.4013922,2.2028846,0,16.9,97.85,7,25.0
2026-09-07T09:00,manual/488492e9,Bar Viejo Cafe,Bar,yes,"Carrer de la Independència, 306, Sant Martí, 08026 Barcelona",41.4116,2.1794,0,16.9,97.85,7,25.0
2026-09-07T09:00,manual/c52f6190,New 88 Bar-Cafeteria,bar,yes,,41.4094505,2.1789589,0,16.9,97.85,7,25.0
2026-09-07T09:00,manual/5d2ea7ea,Restaurant Papá Nico,bar,yes,,41.4094505,2.1789589,0,16.9,97.85,7,25.0
2026-09-07T09:00,manual/c980e39e,Restaurant El Clot,restaurant,yes,,41.4087697,2.1875592,0,16.9,97.85,7,25.0
2026-09-07T10:00,relation/18317100,,,,,41.42,2.1188352,1,27.84,108.87,13,27.4
2026-09-07T10:00,node/208984374,Central Rambla,,,,41.3782716,2.1761732,0,27.84,108.87,13,27.4
2026-09-07T10:00,way/217583616,Can Fisher,,,,41.3946034,2.2062292,1,27.84,108.87,13,27.4
2026-09-07T10:00,way/245214117,la Caseta del Migdia,,,,41.3596833,2.1607145,1,27.84,108.87,13,27.4
2026-09-07T10:00,way/246717741,Mirablau,,,,41.4160323,2.1319129,0,27.84,108.87,13,27.4
2026-09-07T10:00,way/249404809,PURO,,,,41.3911248,2.1461635,0,27.84,108.87,13,27.4
2026-09-07T10:00,way/268912897,Can Cortada,,,,41.4362503,2.1524833,1,27.84,108.87,13,27.4
2026-09-07T10:00,way/315387188,Temple del Metall,,,,41.4741706,2.1662317,1,27.84,108.87,13,27.4
2026-09-07T10:00,way/392926648,Pacha,,,,41.3857491,2.1970415,1,27.84,108.87,13,27.4
2026-09-07T10:00,way/412702054,Camping,,,,41.3953192,2.2042386,1,27.84,108.87,13,27.4
2026-09-07T10:00,way/443599336,Asador Casa Juaco,,,,41.4476663,2.1426909,1,27.84,108.87,13,27.4
2026-09-07T10:00,way/446002194,La Base by Farré,,,,41.3967358,2.2101884,1,27.84,108.87,13,27.4
2026-09-07T10:00,node/476327681,Can Paixano,,,,41.3817618,2.1834151,0,27.84,108.87,13,27.4
2026-09-07T10:00,node/506202703,Bar Almogávares,,,,41.3962323,2.1890864,0,27.84,108.87,13,27.4
2026-09-07T10:00,way/519771543,Restaurant Can Cases,,,,41.4343885,2.0985276,1,27.84,108.87,13,27.4
2026-09-07T10:00,node/534367691,Sant Bartomeu,,,,41.3755248,2.1346488,1,27.84,108.87,13,27.4
2026-09-07T10:00,node/643022131,Euro Bar-Tapas,,,,41.4342324,2.2161197,1,27.84,108.87,13,27.4
2026-09-07T10:00,node/643429648,Joan Figuera,,,,41.4336545,2.2169391,1,27.84,108.87,13,27.4
2026-09-07T10:00,node/643496696,El rincón de Willy,,,,41.4380246,2.2180623,1,27.84,108.87,13,27.4
2026-09-07T10:00,node/643496704,Bar Somni d'estiu,,,,41.4382361,2.2166687,1,27.84,108.87,13,27.4
2026-09-07T10:00,way/655221168,L'Ovella Negra Marina,,,,41.3960196,2.1901331,0,27.84,108.87,13,27.4
2026-09-07T10:00,node/660004524,Bocatapa Can Manel,,,,41.4413833,2.2212875,1,27.84,108.87,13,27.4
2026-09-07T10:00,node/672140180,Kasparo,,,,41.3844847,2.1690087,0,27.84,108.87,13,27.4
2026-09-07T10:00,node/704031158,Café Zurich,,,,41.3858504,2.1694606,1,27.84,108.87,13,27.4
2026-09-07T10:00,node/704042058,Starbucks,,,,41.3888305,2.1719117,1,27.84,108.87,13,27.4
2026-09-07T10:00,node/704058886,Tapa Tapa,,,,41.3916926,2.1660167,0,27.84,108.87,13,27.4
2026-09-07T10:00,node/704060428,Oassis Natural Cooking,,,,41.3901637,2.1678915,0,27.84,108.87,13,27.4
2026-09-07T10:00,node/704066257,Ciutat Comtal,,,,41.3888272,2.1668833,0,27.84,108.87,13,27.4
2026-09-07T10:00,node/704066614,Taller de Tapas,,,,41.3905645,2.1639038,1,27.84,108.87,13,27.4
2026-09-07T10:00,way/707305723,Bar Frankfurt Cafeteria Fabregada,,,,41.3561748,2.1108239,1,27.84,108.87,13,27.4
2026-09-07T10:00,node/745947750,Bar Geminis,,,,41.3976224,2.1807778,1,27.84,108.87,13,27.4
2026-09-07T10:00,node/765796519,La Cafetera,,,,41.4049767,2.1575215,0,27.84,108.87,13,27.4
2026-09-07T10:00,node/814006271,Les 15 Nits Bar,,,,41.3804529,2.1749778,0,27.84,108.87,13,27.4
2026-09-07T10:00,node/819552792,Bracafe,,,,41.3944249,2.1675209,0,27.84,108.87,13,27.4
2026-09-07T10:00,node/824476551,Caleuche,,,,41.3761526,2.1686172,0,27.84,108.87,13,27.4
2026-09-07T10:00,node/830462039,Bar Restaurant Angela,,,,41.4043015,2.1949428,0,27.84,108.87,13,27.4
2026-09-07T10:00,way/907005766,Chevy's Bar,,,,41.4143731,2.2289499,1,27.84,108.87,13,27.4
2026-09-07T10:00,way/969257968,,,,,41.3793991,2.1073385,1,27.84,108.87,13,27.4
2026-09-07T10:00,way/1063378975,Bar Restaurant Oliver,,,,41.3469215,2.1546999,1,27.84,108.87,13,27.4
2026-09-07T10:00,node/1072798261,Taverna del Bisbe,,,,41.3849254,2.1766628,0,27.84,108.87,13,27.4
2026-09-07T10:00,node/1072800838,El Cafè D'en Victor,,,,41.3847931,2.1767008,0,27.84,108.87,13,27.4
2026-09-07T10:00,node/1083144027,Los Caracoles,,,,41.3796584,2.1765082,0,27.84,108.87,13,27.4
2026-09-07T10:00,node/1092685793,Elche,,,,41.3739754,2.1691488,0,27.84,108.87,13,27.4
2026-09-07T10:00,way/1112240803,ForumStation,,,,41.4096655,2.2221501,1,27.84,108.87,13,27.4
2026-09-07T10:00,node/1177498341,Casa Vall,,,,41.4074238,2.1585521,0,27.84,108.87,13,27.4
2026-09-07T10:00,node/1192698924,Bilbao Berria,,,,41.3841976,2.1748665,0,27.84,108.87,13,27.4
2026-09-07T10:00,node/1192699873,Tapas 24,,,,41.3908686,2.1674705,0,27.84,108.87,13,27.4
2026-09-07T10:00,way/1200964257,Chiringuito Joan Miro,,,,41.3789977,2.1478116,1,27.84,108.87,13,27.4
2026-09-07T10:00,node/1264182304,Tosca del Carme,,,,41.3819482,2.1695795,0,27.84,108.87,13,27.4
2026-09-07T10:00,node/1280416455,Carballeira,,,,41.4442679,2.2217701,1,27.84,108.87,13,27.4
2026-09-07T10:00,way/1300745688,La Casona de Sant Just,,,,41.3833348,2.0735139,1,27.84,108.87,13,27.4
2026-09-07T10:00,node/1310450869,El Filete Ruso,,,,41.3925451,2.1558968,0,27.84,108.87,13,27.4
2026-09-07T10:00,node/1312325106,La Palmera,,,,41.4144229,2.1385123,1,27.84,108.87,13,27.4
2026-09-07T10:00,node/1314943380,Mescladís del Pou,,,,41.3870865,2.1803497,0,27.84,108.87,13,27.4
2026-09-07T10:00,node/1335697982,,,,,41.3608771,2.1101417,1,27.84,108.87,13,27.4
2026-09-07T10:00,way/1368167814,Natura Beach. El Chiringuito,,,,41.4028929,2.2157443,1,27.84,108.87,13,27.4
2026-09-07T10:00,node/1420760625,Tapeo,,,,41.4044988,2.1554811,0,27.84,108.87,13,27.4
2026-09-07T10:00,node/1420760630,Diamant,,,,41.4042174,2.1555899,1,27.84,108.87,13,27.4
2026-09-07T10:00,node/1428867664,Café Berlin,,,,41.3943566,2.1494599,1,27.84,108.87,13,27.4
2026-09-07T10:00,node/1430537485,Oasis Restaurant,,,,41.3827219,2.1847191,1,27.84,108.87,13,27.4
2026-09-07T10:00,node/1445598557,Bracafe,,,,41.3948025,2.1817533,1,27.84,108.87,13,27.4
2026-09-07T10:00,node/1554649942,Torrades,,,,41.4375721,2.1566095,1,27.84,108.87,13,27.4
2026-09-07T10:00,node/1554649988,La Panera,,,,41.4374756,2.1563359,0,27.84,108.87,13,27.4
2026-09-07T10:00,node/1658425572,Rebeka,,,,41.3967185,2.1890325,1,27.84,108.87,13,27.4
2026-09-07T10:00,node/1685949861,Cerveceria Milenium 2,,,,41.3534566,2.0866307,1,27.84,108.87,13,27.4
2026-09-07T10:00,node/1711342192,Calero's Centre,,,,41.3744728,2.1349721,0,27.84,108.87,13,27.4
2026-09-07T10:00,node/1722136431,Cervecería Catalana,,,,41.3924032,2.1609008,0,27.84,108.87,13,27.4
2026-09-07T10:00,node/1739122591,La Tagliatella,,,,41.3943371,2.1521208,0,27.84,108.87,13,27.4
2026-09-07T10:00,node/1813593370,Bar Capricornio,,,,41.4381257,2.2179547,1,27.84,108.87,13,27.4
2026-09-07T10:00,node/1820633320,CASA TEVA,,,,41.3752815,2.1166845,1,27.84,108.87,13,27.4
2026-09-07T10:00,node/1824133931,Carmesí,,,,41.3737373,2.1644452,0,27.84,108.87,13,27.4
2026-09-07T10:00,node/1948986220,Cafeteria UPF Jaume I,,,,41.3900298,2.1901118,1,27.84,108.87,13,27.4
2026-09-07T10:00,node/1948987514,Cafeteria UPF Roger de Lluria,,,,41.3886776,2.1915119,1,27.84,108.87,13,27.4
2026-09-07T10:00,node/1951812612,Casa Pagès,,,,41.3998447,2.1613114,0,27.84,108.87,13,27.4
2026-09-07T10:00,node/1960366982,Casa Amalia,,,,41.3962525,2.1685646,0,27.84,108.87,13,27.4
2026-09-07T10:00,node/1984001407,Bar de la FIB,,,,41.3894239,2.1132363,0,27.84,108.87,13,27.4
2026-09-07T10:00,node/2034780565,Cerbeseria Lesseps,,,,41.4073551,2.1514486,0,27.84,108.87,13,27.4
2026-09-07T10:00,node/2034780569,L'Brasseria,,,,41.4067629,2.1516314,0,27.84,108.87,13,27.4
2026-09-07T10:00,node/2056517879,Caelum,,,,41.3830524,2.1744369,0,27.84,108.87,13,27.4
2026-09-07T10:00,node/2065469522,Restaurant Pipa,,,,41.3997461,2.2003004,1,27.84,108.87,13,27.4
2026-09-07T10:00,node/2087204991,La Sanguchería,,,,41.3954987,2.1484037,0,27.84,108.87,13,27.4
2026-09-07T10:00,node/2091604731,Tapa Tapa,,,,41.3762094,2.1500463,1,27.84,108.87,13,27.4
2026-09-07T10:00,node/2112843062,El Vaixell-2,,,,41.4541291,2.2350201,1,27.84,108.87,13,27.4
2026-09-07T10:00,node/2165154147,Asador de Lugo,,,,41.3797623,2.1376748,1,27.84,108.87,13,27.4
2026-09-07T10:00,node/2184580476,Bar del Pi,,,,41.3824922,2.1739624,0,27.84,108.87,13,27.4
2026-09-07T10:00,node/2187210264,Sopa,,,,41.4023416,2.1952788,1,27.84,108.87,13,27.4
2026-09-07T10:00,node/2197824500,Tierra del fuego,,,,41.4016702,2.2016399,0,27.84,108.87,13,27.4
2026-09-07T10:00,node/2213839299,Pollo Rico,,,,41.3791045,2.1721976,0,27.84,108.87,13,27.4
2026-09-07T10:00,node/2364075421,Chen-Ji,,,,41.3936143,2.1807074,0,27.84,108.87,13,27.4
2026-09-07T10:00,node/2434563732,La Bella Napoli,,,,41.3743686,2.1637621,0,27.84,108.87,13,27.4
2026-09-07T10:00,node/2442785485,El Círcol,,,,41.4501968,2.2474223,1,27.84,108.87,13,27.4
2026-09-07T10:00,node/2468197823,365 Cafeteria Forn de Pa,,,,41.3752071,2.1635151,0,27.84,108.87,13,27.4
2026-09-07T10:00,node/2476332030,Bar Lennon,,,,41.4028901,2.1612576,0,27.84,108.87,13,27.4
2026-09-07T10:00,node/2500906795,Bar Lúdic Queimada Nivell Q,,,,41.4094152,2.1808913,1,27.84,108.87,13,27.4
2026-09-07T10:00,node/2598482930,Con Gracia,,,,41.3990704,2.1600617,0,27.84,108.87,13,27.4
2026-09-07T10:00,node/2609183969,Fukuoka,,,,41.4022587,2.1612976,1,27.84,108.87,13,27.4
2026-09-07T10:00,node/2610750687,Xiringuito Aigua,,,,41.4096717,2.1683236,1,27.84,108.87,13,27.4
2026-09-07T10:00,node/2618447074,Vegetalia,,,,41.3803973,2.1776952,0,27.84,108.87,13,27.4
2026-09-07T10:00,node/2618538581,Veggie Garden,,,,41.3822767,2.1680336,0,27.84,108.87,13,27.4
2026-09-07T10:00,node/2618538595,Biocenter,,,,41.3825765,2.1694364,0,27.84,108.87,13,27.4
2026-09-07T10:00,node/2684052224,Pai Mei,,,,41.4051863,2.1931071,1,27.84,108.87,13,27.4
2026-09-07T10:00,node/2687089274,Dolça Estona,,,,41.4117096,2.1394938,0,27.84,108.87,13,27.4
2026-09-07T10:00,node/2689736934,Bar Bodega Molina,,,,41.4403298,2.1817019,0,27.84,108.87,13,27.4
2026-09-07T10:00,node/2721077740,Bar Veni,,,,41.3848861,2.1667078,0,27.84,108.87,13,27.4
2026-09-07T10:00,node/2727449418,Las Euras,,,,41.3998785,2.1577187,0,27.84,108.87,13,27.4
2026-09-07T10:00,node/2793491051,La bona tapa,,,,41.4368098,2.2166172,1,27.84,108.87,13,27.4
2026-09-07T10:00,node/2892028393,Kino,,,,41.3825992,2.1665452,0,27.84,108.87,13,27.4
2026-09-07T10:00,node/2892037115,23 Robadors,,,,41.3796029,2.1708903,0,27.84,108.87,13,27.4
2026-09-07T10:00,node/2910255826,Shôko,,,,41.3854991,2.1969746,1,27.84,108.87,13,27.4
2026-09-07T10:00,node/2910255827,Opium,,,,41.3852778,2.1967099,1,27.84,108.87,13,27.4
2026-09-07T10:00,node/2927944587,Tapas Tapas!,,,,41.3745104,2.1829399,1,27.84,108.87,13,27.4
2026-09-07T10:00,node/2951499208,El racó d'en Henry,,,,41.4394757,2.2215013,1,27.84,108.87,13,27.4
2026-09-07T10:00,node/2966340931,El Capritx,,,,41.4022886,2.1998883,0,27.84,108.87,13,27.4
2026-09-07T10:00,node/2968119440,Can Tresó,,,,41.4028999,2.1537483,0,27.84,108.87,13,27.4
2026-09-07T10:00,node/2969276727,La Sirena Verde,,,,41.4027605,2.1657128,0,27.84,108.87,13,27.4
2026-09-07T10:00,node/2969277275,Café de l'Eixample,,,,41.4005021,2.1690108,0,27.84,108.87,13,27.4
2026-09-07T10:00,node/2970751844,Taverna El Disbarat,,,,41.4017728,2.1545227,0,27.84,108.87,13,27.4
2026-09-07T10:00,node/3007755352,La Pausa,,,,41.4071883,2.1557816,0,27.84,108.87,13,27.4
2026-09-07T10:00,node/3007803307,Oh La Lá,,,,41.4460123,2.2485803,1,27.84,108.87,13,27.4
2026-09-07T10:00,node/3048077142,L'Aliança del Poblenou,,,,41.3997067,2.2032276,0,27.84,108.87,13,27.4
2026-09-07T10:00,node/3049368344,Clot76,,,,41.4082815,2.1885259,0,27.84,108.87,13,27.4
2026-09-07T10:00,node/3084370508,Marina Bay By Moncho's,,,,41.3863077,2.1975017,1,27.84,108.87,13,27.4
2026-09-07T10:00,node/3084507933,Caravelle,,,,41.3822872,2.1688475,0,27.84,108.87,13,27.4
2026-09-07T10:00,node/3120072573,Bar Restaurant Nàutic,,,,41.3806088,2.1408397,1,27.84,108.87,13,27.4
2026-09-07T10:00,node/3177990194,Mezcal Taco Bar,,,,41.3830563,2.1554872,0,27.84,108.87,13,27.4
2026-09-07T10:00,node/3270120640,Luigi,,,,41.3862659,2.1753788,0,27.84,108.87,13,27.4
2026-09-07T10:00,node/3271554311,Al Sultán,,,,41.4035661,2.1554863,0,27.84,108.87,13,27.4
2026-09-07T10:00,node/3328694987,Nou Candanchú,,,,41.4005128,2.1576475,0,27.84,108.87,13,27.4
2026-09-07T10:00,node/3339670930,Bahia,,,,41.3803265,2.1774842,0,27.84,108.87,13,27.4
2026-09-07T10:00,node/3441700493,Santos Tapas,,,,41.3818417,2.1745121,0,27.84,108.87,13,27.4
2026-09-07T10:00,node/3491476947,Bar del Pla,,,,41.3856036,2.1800221,0,27.84,108.87,13,27.4
2026-09-07T10:00,node/3496970198,Centre Cívic Can Deu,,,,41.3869027,2.1327794,0,27.84,108.87,13,27.4
2026-09-07T10:00,node/3504769719,El Rincón,,,,41.3908977,2.1900669,0,27.84,108.87,13,27.4
2026-09-07T10:00,node/3517276245,Bar Canigó,,,,41.4029724,2.1579186,0,27.84,108.87,13,27.4
2026-09-07T10:00,node/3522552400,Àpat's,,,,41.3757617,2.1419109,0,27.84,108.87,13,27.4
2026-09-07T10:00,node/3548547194,El Bon Menjador - 2,,,,41.4388101,2.2172863,1,27.84,108.87,13,27.4
2026-09-07T10:00,node/3548548998,Bar Morales,,,,41.4395878,2.2165237,1,27.84,108.87,13,27.4
2026-09-07T10:00,node/3548613495,Bar Paula's Tapería,,,,41.4385437,2.2175484,1,27.84,108.87,13,27.4
2026-09-07T10:00,node/3556089494,Delicias Mediterráneas,,,,41.4415079,2.2267435,1,27.84,108.87,13,27.4
2026-09-07T10:00,node/3556089497,Xurreria Rodríguez,,,,41.4416928,2.2264651,1,27.84,108.87,13,27.4
2026-09-07T10:00,node/3556089803,Bar de La Salut,,,,41.4422594,2.2258792,1,27.84,108.87,13,27.4
2026-09-07T10:00,node/3560942698,Sandvitxeria Alhociema,,,,41.4443624,2.2236761,1,27.84,108.87,13,27.4
2026-09-07T10:00,node/3560955995,Centro Cultural Castellano-manchego,,,,41.4390698,2.2176297,1,27.84,108.87,13,27.4
2026-09-07T10:00,node/3595399490,Bar Familiar,,,,41.4359163,2.2182018,1,27.84,108.87,13,27.4
2026-09-07T10:00,node/3595399769,La granja de Casablanca,,,,41.4357671,2.2189395,1,27.84,108.87,13,27.4
2026-09-07T10:00,node/3595401238,Bar Alcázar,,,,41.4365542,2.2183742,1,27.84,108.87,13,27.4
2026-09-07T10:00,node/3596986411,Agrupación Cultural Galega Agarimos,,,,41.4358268,2.2165495,1,27.84,108.87,13,27.4
2026-09-07T10:00,node/3612059306,Nabuco Tiramisú,,,,41.4004523,2.1577244,0,27.84,108.87,13,27.4
2026-09-07T10:00,node/3620986554,Yamane,,,,41.3868061,2.1808426,0,27.84,108.87,13,27.4
2026-09-07T10:00,node/3620991692,Yamaneko-ryouri,,,,41.4016619,2.1447787,0,27.84,108.87,13,27.4
2026-09-07T10:00,node/3624045193,Bar-Granja Maribel,,,,41.4399092,2.2235793,1,27.84,108.87,13,27.4
2026-09-07T10:00,node/3624045293,Bar La Cantonada,,,,41.4396227,2.2242325,1,27.84,108.87,13,27.4
2026-09-07T10:00,node/3713349650,Groin's,,,,41.4108415,2.1637178,0,27.84,108.87,13,27.4
2026-09-07T10:00,node/3718061014,Bar Calders,,,,41.3764788,2.1623937,0,27.84,108.87,13,27.4
2026-09-07T10:00,node/3730796125,Buenas Migas,,,,41.3975542,2.1587856,0,27.84,108.87,13,27.4
2026-09-07T10:00,node/3761312382,La Fonda,,,,41.3793598,2.1762144,0,27.84,108.87,13,27.4
2026-09-07T10:00,node/3777075876,Oaxaca,,,,41.3821041,2.1838988,1,27.84,108.87,13,27.4
2026-09-07T10:00,node/3779149860,EsPan's,,,,41.4349094,2.2194667,1,27.84,108.87,13,27.4
2026-09-07T10:00,node/3794002044,Samurai Ramen,,,,41.3736753,2.1548947,0,27.84,108.87,13,27.4
2026-09-07T10:00,node/3804046057,Robata Sushi & Grill,,,,41.3904886,2.1585836,0,27.84,108.87,13,27.4
2026-09-07T10:00,node/3809169458,Freiduría El Boquerón,,,,41.4400822,2.2264769,1,27.84,108.87,13,27.4
2026-09-07T10:00,node/3809169459,Marisquería Melchor,,,,41.4401715,2.2266602,1,27.84,108.87,13,27.4
2026-09-07T10:00,node/3809169461,Elhotro bar,,,,41.4401247,2.2268506,1,27.84,108.87,13,27.4
2026-09-07T10:00,node/3809169658,Carte d'Or,,,,41.4403068,2.2274065,1,27.84,108.87,13,27.4
2026-09-07T10:00,node/3809169668,Vivari,,,,41.4408122,2.2271125,1,27.84,108.87,13,27.4
2026-09-07T10:00,node/3809169669,Pantaiberic delicatessen,,,,41.4408174,2.2269502,1,27.84,108.87,13,27.4
2026-09-07T10:00,node/3840009426,La Esquinica,,,,41.4304816,2.1712169,1,27.84,108.87,13,27.4
2026-09-07T10:00,node/3874539219,Café del Centre,,,,41.3946111,2.1712059,0,27.84,108.87,13,27.4
2026-09-07T10:00,node/3890922254,Characato,,,,41.4046885,2.1836218,0,27.84,108.87,13,27.4
2026-09-07T10:00,node/3901403358,Les Dues Sicilies,,,,41.3866097,2.1802613,0,27.84,108.87,13,27.4
2026-09-07T10:00,node/3955968257,El racó de les Glòries,,,,41.3986109,2.1978895,0,27.84,108.87,13,27.4
2026-09-07T10:00,node/4060217594,Matt & Marshall,,,,41.3993348,2.1997769,0,27.84,108.87,13,27.4
2026-09-07T10:00,node/4073605889,Mariscco,,,,41.3804885,2.1753271,0,27.84,108.87,13,27.4
2026-09-07T10:00,node/4126257971,Xixbar,,,,41.3758485,2.1576176,0,27.84,108.87,13,27.4
2026-09-07T10:00,node/4127494769,Vapiano,,,,41.3788941,2.1758361,0,27.84,108.87,13,27.4
2026-09-07T10:00,node/4138815989,Nømad Cøffee,,,,41.3889108,2.1771731,0,27.84,108.87,13,27.4
2026-09-07T10:00,node/4150499794,El 68,,,,41.4023622,2.1612062,1,27.84,108.87,13,27.4
2026-09-07T10:00,node/4166496789,Bar Thonet Grill Room,,,,41.3792408,2.1761073,0,27.84,108.87,13,27.4
2026-09-07T10:00,node/4168100800,Cervecería Frankfurt Europa,,,,41.4396191,2.2191504,1,27.84,108.87,13,27.4
2026-09-07T10:00,node/4225209596,Bar El Velodromo,,,,41.3934442,2.1501395,0,27.84,108.87,13,27.4
2026-09-07T10:00,node/4225810298,Bar Nolla,,,,41.3905504,2.1647825,0,27.84,108.87,13,27.4
2026-09-07T10:00,node/4233959493,Pastisseria Granja,,,,41.3795042,2.1792309,0,27.84,108.87,13,27.4
2026-09-07T10:00,node/4239222689,Rekons,,,,41.3806195,2.1610796,0,27.84,108.87,13,27.4
2026-09-07T10:00,node/4244877765,Bar La Peña,,,,41.4404265,2.2170329,1,27.84,108.87,13,27.4
2026-09-07T10:00,node/4247196393,cal mariner,,,,41.3791754,2.1898206,0,27.84,108.87,13,27.4
2026-09-07T10:00,node/4253851490,El Trencadís,,,,41.3937976,2.1655309,0,27.84,108.87,13,27.4
2026-09-07T10:00,node/4253862889,Hummus,,,,41.3912547,2.1611975,0,27.84,108.87,13,27.4
2026-09-07T10:00,node/4254090289,La tasqueta de Blai,,,,41.3733347,2.1652358,0,27.84,108.87,13,27.4
2026-09-07T10:00,node/4254094290,Rosa Negra,,,,41.3819164,2.1687596,0,27.84,108.87,13,27.4
2026-09-07T10:00,node/4254704967,Firebug Brunch,,,,41.3927459,2.1778691,0,27.84,108.87,13,27.4
2026-09-07T10:00,node/4254996890,La Macchina,,,,41.4030005,2.1535966,0,27.84,108.87,13,27.4
2026-09-07T10:00,node/4267035492,Kebabish,,,,41.4409198,2.2217884,1,27.84,108.87,13,27.4
2026-09-07T10:00,node/4267055591,La cantina del tapeo,,,,41.4420999,2.2200224,1,27.84,108.87,13,27.4
2026-09-07T10:00,node/4278033120,Buenas Migas,,,,41.3838044,2.1696233,0,27.84,108.87,13,27.4
2026-09-07T10:00,node/4283188047,Granja Romaní,,,,41.4348618,2.2179712,1,27.84,108.87,13,27.4
2026-09-07T10:00,node/4283194434,Bar La Paradeta,,,,41.4337773,2.2167771,1,27.84,108.87,13,27.4
2026-09-07T10:00,node/4291934189,Fonda Espanya,,,,41.3799009,2.1728032,0,27.84,108.87,13,27.4
2026-09-07T10:00,node/4306440989,Blai 9,,,,41.3730722,2.1658539,0,27.84,108.87,13,27.4
2026-09-07T10:00,node/4314857689,El punt,,,,41.4413807,2.2316251,1,27.84,108.87,13,27.4
2026-09-07T10:00,node/4314859689,Versace,,,,41.4337089,2.2172203,1,27.84,108.87,13,27.4
2026-09-07T10:00,node/4315715092,Petit Comitè,,,,41.3943551,2.1600308,0,27.84,108.87,13,27.4
2026-09-07T10:00,node/4321183403,Brunch & Cake,,,,41.3882834,2.1615596,0,27.84,108.87,13,27.4
2026-09-07T10:00,node/4336933393,Mayura,,,,41.3938992,2.1720914,0,27.84,108.87,13,27.4
2026-09-07T10:00,node/4340119890,VIENA,,,,41.3579934,2.1293918,1,27.84,108.87,13,27.4
2026-09-07T10:00,node/4349925690,Nemrut,,,,41.3810051,2.1772158,0,27.84,108.87,13,27.4
2026-09-07T10:00,node/4350019284,Palosanto,,,,41.3808122,2.1772701,0,27.84,108.87,13,27.4
2026-09-07T10:00,node/4364289794,Faborit Casa Amatller,,,,41.3915836,2.1650592,1,27.84,108.87,13,27.4
2026-09-07T10:00,node/4386702690,Red Ant Noodle Bar,,,,41.3880129,2.1810961,0,27.84,108.87,13,27.4
2026-09-07T10:00,node/4396244190,Fresc Co,,,,41.3891657,2.1969678,1,27.84,108.87,13,27.4
2026-09-07T10:00,node/4401234193,BlackLab Brewhouse & Kitchen,,,,41.3812305,2.1854573,1,27.84,108.87,13,27.4
2026-09-07T10:00,node/4431102493,Forn Puiggròs,,,,41.4102615,2.1741597,0,27.84,108.87,13,27.4
2026-09-07T10:00,node/4439412389,La Vinya del Senyor,,,,41.3832546,2.1818655,0,27.84,108.87,13,27.4
2026-09-07T10:00,node/4440352791,La Gavina,,,,41.3807532,2.1853211,1,27.84,108.87,13,27.4
2026-09-07T10:00,node/4443367289,Pannus,,,,41.3863691,2.1726728,0,27.84,108.87,13,27.4
2026-09-07T10:00,node/4449185678,Il Caffè di Francesco,,,,41.3908733,2.1652201,0,27.84,108.87,13,27.4
2026-09-07T10:00,node/4451904190,Bar Granadino,,,,41.4404153,2.2238276,1,27.84,108.87,13,27.4
2026-09-07T10:00,node/4451904193,La ciudad de oro,,,,41.4408727,2.2240695,1,27.84,108.87,13,27.4
2026-09-07T10:00,node/4451986792,Cafe Bar Florida,,,,41.4403503,2.2236929,1,27.84,108.87,13,27.4
2026-09-07T10:00,node/4451986793,Bar Amigo,,,,41.4411469,2.2238965,1,27.84,108.87,13,27.4
2026-09-07T10:00,node/4451988991,Bar Frankfurt Jaime,,,,41.4408051,2.2241201,1,27.84,108.87,13,27.4
2026-09-07T10:00,node/4451989090,Entre tapes,,,,41.4423118,2.2237245,1,27.84,108.87,13,27.4
2026-09-07T10:00,node/4451992791,Bar Leo,,,,41.4406309,2.2245529,1,27.84,108.87,13,27.4
2026-09-07T10:00,node/4452031691,Bar La Granja,,,,41.4427953,2.2241899,1,27.84,108.87,13,27.4
2026-09-07T10:00,node/4455238130,Anahuac,,,,41.3965161,2.1513989,0,27.84,108.87,13,27.4
2026-09-07T10:00,node/4461595656,Cafeteria de la Biblioteca Jaumer Fuster,,,,41.4075557,2.1493457,1,27.84,108.87,13,27.4
2026-09-07T10:00,node/4470059420,Mesón Gallego,,,,41.3818896,2.0709288,1,27.84,108.87,13,27.4
2026-09-07T10:00,node/4486639527,Boldú,,,,41.3973783,2.1517865,0,27.84,108.87,13,27.4
2026-09-07T10:00,node/4486683966,La Tagliatella,,,,41.3974141,2.1514101,0,27.84,108.87,13,27.4
2026-09-07T10:00,node/4503193765,Bicioci,,,,41.3999229,2.1619101,0,27.84,108.87,13,27.4
2026-09-07T10:00,node/4509411660,Bar Mediterráneo,,,,41.4343007,2.2180868,1,27.84,108.87,13,27.4
2026-09-07T10:00,node/4516538193,Más Que Sushi,,,,41.3774227,2.1527247,0,27.84,108.87,13,27.4
2026-09-07T10:00,node/4516600994,Salambó,,,,41.4044546,2.1576355,0,27.84,108.87,13,27.4
2026-09-07T10:00,node/4520259289,Cachitos,,,,41.3953057,2.1536913,1,27.84,108.87,13,27.4
2026-09-07T10:00,node/4572063790,Cafetería 365,,,,41.3744652,2.1675541,0,27.84,108.87,13,27.4
2026-09-07T10:00,node/4580517495,Cadaqués,,,,41.4004717,2.1574102,0,27.84,108.87,13,27.4
2026-09-07T10:00,node/4591423938,Arabia Cafe,,,,41.3796023,2.1762764,0,27.84,108.87,13,27.4
2026-09-07T10:00,node/4602957463,Otafuku Daifuku,,,,41.3861633,2.1813225,0,27.84,108.87,13,27.4
2026-09-07T10:00,node/4631918790,Casa López,,,,41.4047191,2.1550626,0,27.84,108.87,13,27.4
2026-09-07T10:00,node/4643974106,Kyoka Via Augusta,,,,41.3979693,2.1315017,1,27.84,108.87,13,27.4
2026-09-07T10:00,node/4654613659,afiparc,,,,41.4134414,2.1527296,0,27.84,108.87,13,27.4
2026-09-07T10:00,node/4668687590,Can Vilaró,,,,41.3779004,2.1617005,0,27.84,108.87,13,27.4
2026-09-07T10:00,node/4673198082,Montesquiu,,,,41.4046825,2.1325233,0,27.84,108.87,13,27.4
2026-09-07T10:00,node/4680760648,Sushi Taller,,,,41.4048621,2.1326565,0,27.84,108.87,13,27.4
2026-09-07T10:00,node/4681801089,Orxateria la Valenciana,,,,41.3863413,2.1622578,0,27.84,108.87,13,27.4
2026-09-07T10:00,node/4704972453,majide,,,,41.3849224,2.1674688,0,27.84,108.87,13,27.4
2026-09-07T10:00,node/4709933976,Sottovoce,,,,41.3579226,2.1294974,1,27.84,108.87,13,27.4
2026-09-07T10:00,node/4711659235,Casa Lolea,,,,41.3888056,2.1771897,0,27.84,108.87,13,27.4
2026-09-07T10:00,node/4720526074,El Charrito,,,,41.3896183,2.1662427,0,27.84,108.87,13,27.4
2026-09-07T10:00,node/4721286889,Prodigi,,,,41.3985973,2.1659559,1,27.84,108.87,13,27.4
2026-09-07T10:00,node/4726582894,Catalina Cafe,,,,41.3862071,2.1793039,0,27.84,108.87,13,27.4
2026-09-07T10:00,node/4726583193,Betlem,,,,41.3949258,2.1712207,0,27.84,108.87,13,27.4
2026-09-07T10:00,node/4727975192,La Coruña,,,,41.4083413,2.1851911,0,27.84,108.87,13,27.4
2026-09-07T10:00,node/4728103192,Cafè Arrels,,,,41.4137041,2.1809929,0,27.84,108.87,13,27.4
2026-09-07T10:00,node/4729343193,Cervecería Frankfurt El Molino,,,,41.3746194,2.1669636,0,27.84,108.87,13,27.4
2026-09-07T10:00,node/4735766123,I'll Pomo d'Oro,,,,41.3926987,2.1585151,0,27.84,108.87,13,27.4
2026-09-07T10:00,node/4743830714,Casa Escarré (Joan's),,,,41.3747567,2.1427755,0,27.84,108.87,13,27.4
2026-09-07T10:00,node/4751727952,Bar Ribalda,,,,41.4026552,2.1328307,0,27.84,108.87,13,27.4
2026-09-07T10:00,node/4755496723,Brewdog,,,,41.3857301,2.1581661,1,27.84,108.87,13,27.4
2026-09-07T10:00,node/4756509699,Morro fi,,,,41.3833069,2.1550311,0,27.84,108.87,13,27.4
2026-09-07T10:00,node/4776357929,Tomodachi,,,,41.4053891,2.1644663,0,27.84,108.87,13,27.4
2026-09-07T10:00,node/4778618049,De Gustibus Italiae,,,,41.4027491,2.1330183,0,27.84,108.87,13,27.4
2026-09-07T10:00,node/4784670742,Índigo Café,,,,41.3874831,2.1626443,0,27.84,108.87,13,27.4
2026-09-07T10:00,node/4792724121,Venus Delicatessen Barcelona,,,,41.3807065,2.1779781,0,27.84,108.87,13,27.4
2026-09-07T10:00,node/4802341078,El Quatre,,,,41.4031267,2.1333762,0,27.84,108.87,13,27.4
2026-09-07T10:00,node/4805335780,Madonna Vegan,,,,41.3812162,2.1671279,0,27.84,108.87,13,27.4
2026-09-07T10:00,node/4816093515,Olímpic Bar,,,,41.4422394,2.2177816,1,27.84,108.87,13,27.4
2026-09-07T10:00,node/4822739686,Bar El Racó,,,,41.4417497,2.2212713,1,27.84,108.87,13,27.4
2026-09-07T10:00,node/4838956921,Supra,,,,41.3910798,2.1613999,0,27.84,108.87,13,27.4
2026-09-07T10:00,node/4844565923,Pampa Drugstore,,,,41.3827176,2.1712051,0,27.84,108.87,13,27.4
2026-09-07T10:00,node/4847673021,Usagui,,,,41.4021671,2.1463849,0,27.84,108.87,13,27.4
2026-09-07T10:00,node/4859449960,Restaurant el Magatzem,,,,41.3805096,2.1863595,1,27.84,108.87,13,27.4
2026-09-07T10:00,node/4859450597,Restaurant Cal Pinxo,,,,41.3806265,2.1855795,1,27.84,108.87,13,27.4
2026-09-07T10:00,node/4867833221,Pizzeria El Mundo,,,,41.3751322,2.1231212,0,27.84,108.87,13,27.4
2026-09-07T10:00,node/4881181797,Sierra Nevada,,,,41.4420581,2.1834715,1,27.84,108.87,13,27.4
2026-09-07T10:00,node/4903340658,El Ramblero,,,,41.4219271,2.1969049,0,27.84,108.87,13,27.4
2026-09-07T10:00,node/4906736149,L'Olivera,,,,41.4058547,2.1893093,0,27.84,108.87,13,27.4
2026-09-07T10:00,node/4917663030,Picnic,,,,41.4179648,2.1988442,1,27.84,108.87,13,27.4
2026-09-07T10:00,node/4937772721,Vila's Bar,,,,41.4059086,2.1571314,0,27.84,108.87,13,27.4
2026-09-07T10:00,node/4938104321,Hammock Juice Station,,,,41.3971863,2.1671778,0,27.84,108.87,13,27.4
2026-09-07T10:00,node/4973805221,Brunch & Cake by the sea,,,,41.3809714,2.1872568,0,27.84,108.87,13,27.4
2026-09-07T10:00,node/4973805421,Quinoa Aragó Vegetarià,,,,41.3886233,2.1598684,0,27.84,108.87,13,27.4
2026-09-07T10:00,node/4977546909,Tonkotsu,,,,41.3938467,2.1650368,0,27.84,108.87,13,27.4
2026-09-07T10:00,node/4983764927,Cervecería-Frankfurt,,,,41.4394391,2.2207951,1,27.84,108.87,13,27.4
2026-09-07T10:00,node/4983764935,Max Bar,,,,41.4401476,2.2214687,1,27.84,108.87,13,27.4
2026-09-07T10:00,node/4983764944,Bar Verín,,,,41.4396911,2.2210187,1,27.84,108.87,13,27.4
2026-09-07T10:00,node/4983764949,Bar R'Aurora,,,,41.4400582,2.2213943,1,27.84,108.87,13,27.4
2026-09-07T10:00,node/4983764952,Trocadero,,,,41.4385047,2.2204982,1,27.84,108.87,13,27.4
2026-09-07T10:00,node/4983764957,Bar La Alpujarra,,,,41.4420698,2.2228867,1,27.84,108.87,13,27.4
2026-09-07T10:00,node/4983764958,Sant Mori,,,,41.4390777,2.2210618,1,27.84,108.87,13,27.4
2026-09-07T10:00,node/4983764960,El buen gusto,,,,41.4411919,2.2225719,1,27.84,108.87,13,27.4
2026-09-07T10:00,node/4983764965,Bar Junior Bodega,,,,41.4417139,2.2225318,1,27.84,108.87,13,27.4
2026-09-07T10:00,node/4983764975,Bar Satisfecho,,,,41.4385461,2.2198488,1,27.84,108.87,13,27.4
2026-09-07T10:00,node/4983765002,Bar sushi Salon,,,,41.4425727,2.2233672,1,27.84,108.87,13,27.4
2026-09-07T10:00,node/4983765004,Corre que se acaban,,,,41.4392453,2.2212328,1,27.84,108.87,13,27.4
2026-09-07T10:00,node/4983765005,365,,,,41.4403303,2.2225575,1,27.84,108.87,13,27.4
2026-09-07T10:00,node/4984256695,Pampa Mía,,,,41.4085709,2.2035603,1,27.84,108.87,13,27.4
2026-09-07T10:00,node/4991221422,Salterio,,,,41.3825107,2.1760837,0,27.84,108.87,13,27.4
2026-09-07T10:00,node/5007434606,La Balmesina,,,,41.3970301,2.1522555,0,27.84,108.87,13,27.4
2026-09-07T10:00,node/5010794721,Syra Coffee,,,,41.4014925,2.1595216,0,27.84,108.87,13,27.4
2026-09-07T10:00,node/5010794821,Nomad Frutas Selectas,,,,41.3979292,2.1955517,0,27.84,108.87,13,27.4
2026-09-07T10:00,node/5023905423,Petra,,,,41.4038883,2.1551166,0,27.84,108.87,13,27.4
2026-09-07T10:00,node/5028969022,Guzzo,,,,41.3850929,2.1836594,1,27.84,108.87,13,27.4
2026-09-07T10:00,node/5030247521,La Pantera Rosa,,,,41.4010493,2.1525903,0,27.84,108.87,13,27.4
2026-09-07T10:00,node/5037900607,Orio,,,,41.3819545,2.1763606,0,27.84,108.87,13,27.4
2026-09-07T10:00,node/5048602525,Blau Cel,,,,41.4043091,2.1612896,0,27.84,108.87,13,27.4
2026-09-07T10:00,node/5053669724,La Xula Taperia,,,,41.4023295,2.1586126,0,27.84,108.87,13,27.4
2026-09-07T10:00,node/5081388242,La Raposa,,,,41.3725137,2.1639527,0,27.84,108.87,13,27.4
2026-09-07T10:00,node/5082277825,Vermuteria Puigmartí,,,,41.4013967,2.1590604,0,27.84,108.87,13,27.4
2026-09-07T10:00,node/5082277826,Caracas,,,,41.4020908,2.1601676,0,27.84,108.87,13,27.4
2026-09-07T10:00,node/5082288821,Curuba,,,,41.3999554,2.1574731,0,27.84,108.87,13,27.4
2026-09-07T10:00,node/5086827321,Metric Market,,,,41.3916196,2.1419287,0,27.84,108.87,13,27.4
2026-09-07T10:00,node/5088945722,La Juanola,,,,41.4066765,2.1569377,0,27.84,108.87,13,27.4
2026-09-07T10:00,node/5089333723,Ciuri‘s,,,,41.4052466,2.1565749,0,27.84,108.87,13,27.4
2026-09-07T10:00,node/5105012628,Entre Hores,,,,41.4030943,2.1577829,0,27.84,108.87,13,27.4
2026-09-07T10:00,node/5109943322,Intrèpid,,,,41.4043018,2.1550041,0,27.84,108.87,13,27.4
2026-09-07T10:00,node/5110964523,La Trobada,,,,41.4015625,2.1520155,0,27.84,108.87,13,27.4
2026-09-07T10:00,node/5111094221,El Dorado Chicken,,,,41.3930251,2.1579995,0,27.84,108.87,13,27.4
2026-09-07T10:00,node/5113896626,Granja Fimon's,,,,41.4477805,2.2438919,1,27.84,108.87,13,27.4
2026-09-07T10:00,node/5118124314,Kebab Bocateli,,,,41.4426035,2.2166674,1,27.84,108.87,13,27.4
2026-09-07T10:00,node/5118126421,Bar Frankfurt Polideportivo,,,,41.4429429,2.2162226,1,27.84,108.87,13,27.4
2026-09-07T10:00,node/5118126428,Granja Modesto,,,,41.4343689,2.2158958,1,27.84,108.87,13,27.4
2026-09-07T10:00,node/5118126435,Cafeteria i Forn de pa Grey,,,,41.4332655,2.2174982,1,27.84,108.87,13,27.4
2026-09-07T10:00,node/5118126438,Frankfurt Piscis,,,,41.4360107,2.2158678,1,27.84,108.87,13,27.4
2026-09-07T10:00,node/5118126440,Bar Julio,,,,41.4348299,2.2151483,1,27.84,108.87,13,27.4
2026-09-07T10:00,node/5118126443,Bar Beethoven,,,,41.4328863,2.2181523,1,27.84,108.87,13,27.4
2026-09-07T10:00,node/5118126453,Bar Bondia,,,,41.4342763,2.2160261,1,27.84,108.87,13,27.4
2026-09-07T10:00,node/5128075585,Monkey Factory,,,,41.3927261,2.1544614,0,27.84,108.87,13,27.4
2026-09-07T10:00,node/5137360822,El Jardí,,,,41.4475237,2.2469586,1,27.84,108.87,13,27.4
2026-09-07T10:00,node/5144745888,Bar La Imperial,,,,41.4372451,2.2200669,1,27.84,108.87,13,27.4
2026-09-07T10:00,node/5144745889,Gabi,,,,41.4372105,2.2199582,1,27.84,108.87,13,27.4
2026-09-07T10:00,node/5144745893,Bar India,,,,41.4420657,2.2284253,1,27.84,108.87,13,27.4
2026-09-07T10:00,node/5144745896,Mokka,,,,41.4371063,2.2201689,1,27.84,108.87,13,27.4
2026-09-07T10:00,node/5156690125,Loc,,,,41.4351636,2.2283155,1,27.84,108.87,13,27.4
2026-09-07T10:00,node/5160440326,Les Termes Bdn,,,,41.4520115,2.2476488,1,27.84,108.87,13,27.4
2026-09-07T10:00,node/5167185733,La Sucursal,,,,41.3806502,2.1611889,0,27.84,108.87,13,27.4
2026-09-07T10:00,node/5167569072,El Mercader de L'Eixample,,,,41.3923316,2.1603286,0,27.84,108.87,13,27.4
2026-09-07T10:00,node/5168232324,Colmado,,,,41.3819235,2.1744264,0,27.84,108.87,13,27.4
2026-09-07T10:00,node/5175039621,Green's,,,,41.3959672,2.1496553,0,27.84,108.87,13,27.4
2026-09-07T10:00,node/5176233727,Els Porxos,,,,41.4031581,2.1751611,0,27.84,108.87,13,27.4
2026-09-07T10:00,node/5182260830,Catafal,,,,41.4088089,2.1468574,0,27.84,108.87,13,27.4
2026-09-07T10:00,node/5190930121,Casa Ángel,,,,41.4070235,2.1818566,0,27.84,108.87,13,27.4
2026-09-07T10:00,node/5192085421,Esterri,,,,41.3812805,2.1618108,0,27.84,108.87,13,27.4
2026-09-07T10:00,node/5198200824,Copa d'Or,,,,41.3963876,2.1688461,0,27.84,108.87,13,27.4
2026-09-07T10:00,node/5198200829,Gyoza Bistró,,,,41.3940771,2.1723519,0,27.84,108.87,13,27.4
2026-09-07T10:00,node/5198201036,Nou Can Codina,,,,41.3989586,2.1608728,0,27.84,108.87,13,27.4
2026-09-07T10:00,node/5198201122,La Particcela,,,,41.3961328,2.1697679,0,27.84,108.87,13,27.4
2026-09-07T10:00,node/5198201124,Riko's Braseria - Restaurante,,,,41.3929731,2.1692667,0,27.84,108.87,13,27.4
2026-09-07T10:00,node/5199743028,seven7seven,,,,41.3898868,2.1622344,0,27.84,108.87,13,27.4
2026-09-07T10:00,node/5207046925,Sense Nom,,,,41.3843558,2.1622563,0,27.84,108.87,13,27.4
2026-09-07T10:00,node/5207067522,El Maravillas,,,,41.3868914,2.1323626,0,27.84,108.87,13,27.4
2026-09-07T10:00,node/5208223424,Bonastre,,,,41.3774986,2.1587463,0,27.84,108.87,13,27.4
2026-09-07T10:00,node/5212252535,Tariq,,,,41.4477214,2.2405051,1,27.84,108.87,13,27.4
2026-09-07T10:00,node/5218828496,Conecta,,,,41.4388265,2.2253266,1,27.84,108.87,13,27.4
2026-09-07T10:00,node/5218828499,Sweet dolç,,,,41.4385456,2.2254351,1,27.84,108.87,13,27.4
2026-09-07T10:00,node/5226505321,Bodega E. Marin,,,,41.4025586,2.1609645,0,27.84,108.87,13,27.4
2026-09-07T10:00,node/5228942946,La Pubilla,,,,41.3995748,2.1536674,0,27.84,108.87,13,27.4
2026-09-07T10:00,node/5237627856,Tasmango Dessert,,,,41.3909254,2.1784375,0,27.84,108.87,13,27.4
2026-09-07T10:00,node/5238186123,Lennox,,,,41.3834186,2.1829502,0,27.84,108.87,13,27.4
2026-09-07T10:00,node/5271863048,Rest. Alexandre,,,,41.4322501,2.1835476,0,27.84,108.87,13,27.4
2026-09-07T10:00,node/5286467104,Granja Monsul,,,,41.4437723,2.2239591,1,27.84,108.87,13,27.4
2026-09-07T10:00,node/5298404593,Próspero,,,,41.4382431,2.2237839,1,27.84,108.87,13,27.4
2026-09-07T10:00,node/5298404603,Bar Salamanca,,,,41.4388532,2.2246477,1,27.84,108.87,13,27.4
2026-09-07T10:00,node/5298405327,Bar Benuga,,,,41.4383471,2.2243229,1,27.84,108.87,13,27.4
2026-09-07T10:00,node/5298405384,Bar Rocío Los Cazadores,,,,41.4389682,2.2252641,1,27.84,108.87,13,27.4
2026-09-07T10:00,node/5299921764,Bar Crack,,,,41.4343466,2.2189911,1,27.84,108.87,13,27.4
2026-09-07T10:00,node/5299921811,Can Daura,,,,41.4358077,2.2218721,1,27.84,108.87,13,27.4
2026-09-07T10:00,node/5299922525,Bar La Imperial,,,,41.4354603,2.2205399,1,27.84,108.87,13,27.4
2026-09-07T10:00,node/5299922526,Bar Marta,,,,41.4349148,2.2200469,1,27.84,108.87,13,27.4
2026-09-07T10:00,node/5313632423,365,,,,41.3789307,2.1718613,0,27.84,108.87,13,27.4
2026-09-07T10:00,node/5327570662,Ancestral,,,,41.3977332,2.1656576,0,27.84,108.87,13,27.4
2026-09-07T10:00,node/5347967007,Bar Marín,,,,41.4474106,2.2217195,1,27.84,108.87,13,27.4
2026-09-07T10:00,node/5347967009,Bar La Cantonada,,,,41.4474812,2.2209325,1,27.84,108.87,13,27.4
2026-09-07T10:00,node/5363964402,El gran croissant,,,,41.4359355,2.2167366,1,27.84,108.87,13,27.4
2026-09-07T10:00,node/5395531687,Las Marismas,,,,41.3701297,2.1215161,1,27.84,108.87,13,27.4
2026-09-07T10:00,node/5407919537,El Yate,,,,41.4039787,2.1367463,0,27.84,108.87,13,27.4
2026-09-07T10:00,node/5417517130,Tou Kichi Rou,,,,41.3919953,2.1432267,0,27.84,108.87,13,27.4
2026-09-07T10:00,node/5418243448,La Pampa,,,,41.3793623,2.1879402,0,27.84,108.87,13,27.4
2026-09-07T10:00,node/5418243450,els maians,,,,41.3786757,2.1882219,0,27.84,108.87,13,27.4
2026-09-07T10:00,node/5418243451,no30,,,,41.3791653,2.1879988,0,27.84,108.87,13,27.4
2026-09-07T10:00,node/5418243452,Lolita,,,,41.3783615,2.1882936,0,27.84,108.87,13,27.4
2026-09-07T10:00,node/5418243454,Reina Margherita,,,,41.3792655,2.1879835,0,27.84,108.87,13,27.4
2026-09-07T10:00,node/5434314893,PolkaBarcelona,,,,41.3859057,2.1326565,0,27.84,108.87,13,27.4
2026-09-07T10:00,node/5485540627,Bar Placídia,,,,41.3999472,2.1524915,0,27.84,108.87,13,27.4
2026-09-07T10:00,node/5487473548,Cafè Mos,,,,41.4143487,2.1384116,0,27.84,108.87,13,27.4
2026-09-07T10:00,node/5498351755,365 Cafeteria Forn de Pa,,,,41.3747778,2.1626826,0,27.84,108.87,13,27.4
2026-09-07T10:00,node/5509139428,La Carmanyola,,,,41.4013829,2.2068942,1,27.84,108.87,13,27.4
2026-09-07T10:00,node/5536153362,Cafeteria La Dona,,,,41.4396715,2.2242727,1,27.84,108.87,13,27.4
2026-09-07T10:00,node/5564055763,Panda & Smile,,,,41.3842068,2.1585673,0,27.84,108.87,13,27.4
2026-09-07T10:00,node/5564064431,Atrapatapa,,,,41.3832362,2.1568636,0,27.84,108.87,13,27.4
2026-09-07T10:00,node/5595134220,Cervecería Amoretty's 3,,,,41.4412382,2.2200117,1,27.84,108.87,13,27.4
2026-09-07T10:00,node/5606506169,Sincopa,,,,41.3803881,2.1789886,0,27.84,108.87,13,27.4
2026-09-07T10:00,node/5611733921,Buenas Migas,,,,41.4024253,2.1743326,0,27.84,108.87,13,27.4
2026-09-07T10:00,node/5617465886,Amateur,,,,41.3967536,2.1962847,0,27.84,108.87,13,27.4
2026-09-07T10:00,node/5646412432,Made in Sicily,,,,41.4483394,2.2490191,1,27.84,108.87,13,27.4
2026-09-07T10:00,node/5646415922,La Bella Istambul,,,,41.4479233,2.2494906,1,27.84,108.87,13,27.4
2026-09-07T10:00,node/5658288082,Can Teixidó,,,,41.4491148,2.2483189,1,27.84,108.87,13,27.4
2026-09-07T10:00,node/5663240986,Cafè Escac,,,,41.3837378,2.1695562,0,27.84,108.87,13,27.4
2026-09-07T10:00,node/5676005621,CACHO,,,,41.3931048,2.1910878,1,27.84,108.87,13,27.4
2026-09-07T10:00,node/5718757792,360°,,,,41.3790957,2.1696433,0,27.84,108.87,13,27.4
2026-09-07T10:00,node/5793057257,Bar Granja el Chiquitín,,,,41.4398176,2.2263171,1,27.84,108.87,13,27.4
2026-09-07T10:00,node/5796742218,The Clock,,,,41.3754168,2.1482785,1,27.84,108.87,13,27.4
2026-09-07T10:00,node/5805410453,Morrow Coffee,,,,41.3771392,2.1513283,1,27.84,108.87,13,27.4
2026-09-07T10:00,node/5806521955,Paisano Bistró,,,,41.4048549,2.1759323,0,27.84,108.87,13,27.4
2026-09-07T10:00,node/5856758686,El racó de les tapes,,,,41.4357708,2.1910224,0,27.84,108.87,13,27.4
2026-09-07T10:00,node/5878496985,UDON,,,,41.4051569,2.1921906,0,27.84,108.87,13,27.4
2026-09-07T10:00,node/5916157285,Bar Castells,,,,41.3841472,2.1698121,0,27.84,108.87,13,27.4
2026-09-07T10:00,node/5923867889,,,,,41.4406062,2.2451514,1,27.84,108.87,13,27.4
2026-09-07T10:00,node/5930228787,Mi casa,,,,41.3993608,2.1535771,0,27.84,108.87,13,27.4
2026-09-07T10:00,node/5933808740,Kserol,,,,41.3986236,2.1753141,0,27.84,108.87,13,27.4
2026-09-07T10:00,node/5944781772,Restaurante Burning Rock&Food,,,,41.3746837,2.1311612,0,27.84,108.87,13,27.4
2026-09-07T10:00,node/5951964888,el Fornet,,,,41.3882003,2.1723419,0,27.84,108.87,13,27.4
2026-09-07T10:00,node/5972440521,Feroz,,,,41.3965882,2.1508404,0,27.84,108.87,13,27.4
2026-09-07T10:00,node/5980982393,Pepa Tomate,,,,41.3767661,2.1627826,0,27.84,108.87,13,27.4
2026-09-07T10:00,node/6000108088,La Neura,,,,41.4002093,2.1660134,0,27.84,108.87,13,27.4
2026-09-07T10:00,node/6009236381,Mesón Balouta,,,,41.4384121,2.1649296,0,27.84,108.87,13,27.4
2026-09-07T10:00,node/6010958538,Bar Avenida,,,,41.4371962,2.2238498,1,27.84,108.87,13,27.4
2026-09-07T10:00,node/6010958540,Bar Trébol BCN,,,,41.4352675,2.2193633,1,27.84,108.87,13,27.4
2026-09-07T10:00,node/6027971388,Novell,,,,41.4070495,2.1667319,0,27.84,108.87,13,27.4
2026-09-07T10:00,node/6038827086,Honest Greens,,,,41.3986972,2.1569862,0,27.84,108.87,13,27.4
2026-09-07T10:00,node/6066258257,Bar Roma Sports,,,,41.4449369,2.2223513,1,27.84,108.87,13,27.4
2026-09-07T10:00,node/6089625321,Vivari,,,,41.3973187,2.1676233,0,27.84,108.87,13,27.4
2026-09-07T10:00,node/6093865396,The FRESH POKE,,,,41.3975268,2.1644457,0,27.84,108.87,13,27.4
2026-09-07T10:00,node/6093944886,Nicasso,,,,41.4072456,2.1873211,0,27.84,108.87,13,27.4
2026-09-07T10:00,node/6096656135,Yoi Yoi Gion,,,,41.3965593,2.1606187,0,27.84,108.87,13,27.4
2026-09-07T10:00,node/6104559348,Belles Arts II,,,,41.3872827,2.1361782,1,27.84,108.87,13,27.4
2026-09-07T10:00,node/6104561002,Toyodo,,,,41.3866914,2.1375355,0,27.84,108.87,13,27.4
2026-09-07T10:00,node/6106764321,Il Caffe di Francesco,,,,41.3930707,2.1642758,0,27.84,108.87,13,27.4
2026-09-07T10:00,node/6109526596,El Cuiner de Damasc,,,,41.3814196,2.1776754,0,27.84,108.87,13,27.4
2026-09-07T10:00,node/6110978486,Bonaparte,,,,41.4775805,2.0724847,1,27.84,108.87,13,27.4
2026-09-07T10:00,node/6123253862,Bar Granja Oasis,,,,41.3505068,2.1127043,1,27.84,108.87,13,27.4
2026-09-07T10:00,node/6126749461,Cantero,,,,41.3942111,2.1902433,1,27.84,108.87,13,27.4
2026-09-07T10:00,node/6164234382,Poké Sí,,,,41.4052321,2.1924708,1,27.84,108.87,13,27.4
2026-09-07T10:00,node/6164236104,Palo Verde,,,,41.4047343,2.1968042,0,27.84,108.87,13,27.4
2026-09-07T10:00,node/6166398253,Panet,,,,41.3861845,2.1430687,0,27.84,108.87,13,27.4
2026-09-07T10:00,node/6182404055,Kasa,,,,41.3861348,2.1656868,0,27.84,108.87,13,27.4
2026-09-07T10:00,node/6188914880,Bella Venezia,,,,41.3965502,2.1644865,0,27.84,108.87,13,27.4
2026-09-07T10:00,node/6188922858,Arc iris,,,,41.3998386,2.1715382,0,27.84,108.87,13,27.4
2026-09-07T10:00,node/6193461695,Sun Market,,,,41.3928465,2.1569854,0,27.84,108.87,13,27.4
2026-09-07T10:00,node/6193479448,Akashi Sushi Bar,,,,41.3923045,2.1558108,0,27.84,108.87,13,27.4
2026-09-07T10:00,node/6200571548,La Svolta,,,,41.4061025,2.1515184,0,27.84,108.87,13,27.4
2026-09-07T10:00,node/6202321417,La Tapeta del Coll,,,,41.4179646,2.1467035,1,27.84,108.87,13,27.4
2026-09-07T10:00,node/6204104907,La Papa,,,,41.3898088,2.1577366,0,27.84,108.87,13,27.4
2026-09-07T10:00,node/6216083704,La Coma,,,,41.3401472,2.1265697,1,27.84,108.87,13,27.4
2026-09-07T10:00,node/6216218158,la Zona,,,,41.3460291,2.1439158,1,27.84,108.87,13,27.4
2026-09-07T10:00,node/6216756977,Estrella de Istanbul,,,,41.4098375,2.1751296,0,27.84,108.87,13,27.4
2026-09-07T10:00,node/6230395442,Akelarre,,,,41.3892275,2.1373726,0,27.84,108.87,13,27.4
2026-09-07T10:00,node/6230407068,Starbucks,,,,41.3951351,2.1581903,0,27.84,108.87,13,27.4
2026-09-07T10:00,node/6232752417,El Taller,,,,41.3587511,2.1404908,0,27.84,108.87,13,27.4
2026-09-07T10:00,node/6237797177,Luri,,,,41.3977931,2.1514901,0,27.84,108.87,13,27.4
2026-09-07T10:00,node/6246525924,in blue,,,,41.3877036,2.1368756,0,27.84,108.87,13,27.4
2026-09-07T10:00,node/6250219942,Al sur,,,,41.3941572,2.1586822,0,27.84,108.87,13,27.4
2026-09-07T10:00,node/6258570565,Dino Pan,,,,41.3824376,2.1318622,0,27.84,108.87,13,27.4
2026-09-07T10:00,node/6258570699,Don Sándwich,,,,41.3820321,2.1315862,0,27.84,108.87,13,27.4
2026-09-07T10:00,node/6258715958,La Lluna de Gavà,,,,41.3672801,2.1403759,1,27.84,108.87,13,27.4
2026-09-07T10:00,node/6258718433,La Toscana,,,,41.3805625,2.1323335,0,27.84,108.87,13,27.4
2026-09-07T10:00,node/6258718652,Cafeteria Melody Bar,,,,41.3779464,2.1338934,0,27.84,108.87,13,27.4
2026-09-07T10:00,node/6258719247,Bar Florida,,,,41.3592896,2.1399844,0,27.84,108.87,13,27.4
2026-09-07T10:00,node/6260784864,La Cabaña,,,,41.3699161,2.1341331,0,27.84,108.87,13,27.4
2026-09-07T10:00,node/6260786193,Goiko Grill,,,,41.3656448,2.1357604,1,27.84,108.87,13,27.4
2026-09-07T10:00,node/6264834185,König,,,,41.3862163,2.1827612,0,27.84,108.87,13,27.4
2026-09-07T10:00,node/6298115913,N.A.P.,,,,41.3774834,2.1900137,0,27.84,108.87,13,27.4
2026-09-07T10:00,node/6316025985,L'Esclop,,,,41.3768262,2.1577412,0,27.84,108.87,13,27.4
2026-09-07T10:00,node/6330973943,Don Kilo,,,,41.3998564,2.1639573,0,27.84,108.87,13,27.4
2026-09-07T10:00,node/6333708759,SandwiChez,,,,41.3941488,2.1694356,1,27.84,108.87,13,27.4
2026-09-07T10:00,node/6334053687,Cafè Yafa,,,,41.3997495,2.1643963,0,27.84,108.87,13,27.4
2026-09-07T10:00,node/6334053692,La Mananta,,,,41.3994169,2.1648424,1,27.84,108.87,13,27.4
2026-09-07T10:00,node/6339732807,La Soca 2,,,,41.3912352,2.1594135,0,27.84,108.87,13,27.4
2026-09-07T10:00,node/6339732809,Creps Barcelona,,,,41.3905618,2.1590619,0,27.84,108.87,13,27.4
2026-09-07T10:00,node/6357834156,Les gens que j'aime bar,,,,41.3936947,2.1648505,0,27.84,108.87,13,27.4
2026-09-07T10:00,node/6381462875,Comarca Cuina L’Hocal,,,,41.3609203,2.1295937,1,27.84,108.87,13,27.4
2026-09-07T10:00,node/6424929026,Cafeteria Samy's,,,,41.3637433,2.1369241,0,27.84,108.87,13,27.4
2026-09-07T10:00,node/6424929700,Sakuraya,,,,41.3653001,2.1307952,1,27.84,108.87,13,27.4
2026-09-07T10:00,node/6431480513,Restaurant Bodega de Tapas,,,,41.3772493,2.1371156,0,27.84,108.87,13,27.4
2026-09-07T10:00,node/6431508292,Bodega Salvat,,,,41.3711848,2.1345217,0,27.84,108.87,13,27.4
2026-09-07T10:00,node/6431508293,Jaqueline's,,,,41.3682256,2.1345214,0,27.84,108.87,13,27.4
2026-09-07T10:00,node/6431508485,Japonia Café,,,,41.3806518,2.1387176,1,27.84,108.87,13,27.4
2026-09-07T10:00,node/6431508488,La Bodegueta de Sants,,,,41.3710695,2.1344235,0,27.84,108.87,13,27.4
2026-09-07T10:00,node/6431512182,Bar Montevideo,,,,41.3693939,2.1342386,0,27.84,108.87,13,27.4
2026-09-07T10:00,node/6431558869,Bar Alegría,,,,41.3629394,2.1373301,0,27.84,108.87,13,27.4
2026-09-07T10:00,node/6431559030,Bar El Faro,,,,41.3628529,2.1373795,0,27.84,108.87,13,27.4
2026-09-07T10:00,node/6433259684,Entre Copas,,,,41.3621672,2.0761548,1,27.84,108.87,13,27.4
2026-09-07T10:00,node/6438381289,Vera Café,,,,41.3883674,2.1779512,0,27.84,108.87,13,27.4
2026-09-07T10:00,node/6441451785,Líder de Istanbul,,,,41.3752687,2.1338088,0,27.84,108.87,13,27.4
2026-09-07T10:00,node/6445233216,Gyoza Bar,,,,41.3931059,2.1798949,0,27.84,108.87,13,27.4
2026-09-07T10:00,node/6450380989,Bar But,,,,41.3979648,2.1593688,0,27.84,108.87,13,27.4
2026-09-07T10:00,node/6450381086,La Porxada,,,,41.4030026,2.1637245,0,27.84,108.87,13,27.4
2026-09-07T10:00,node/6462934229,Concordia,,,,41.3864201,2.1321758,0,27.84,108.87,13,27.4
2026-09-07T10:00,node/6475037976,L'Oasi a Consell,,,,41.3830142,2.1547507,0,27.84,108.87,13,27.4
2026-09-07T10:00,node/6477273844,Fandango,,,,41.3982346,2.1423415,0,27.84,108.87,13,27.4
2026-09-07T10:00,node/6506313588,Antigua,,,,41.3980086,2.1492952,0,27.84,108.87,13,27.4
2026-09-07T10:00,node/6507308246,L'Antica Pizzeria Da Michele,,,,41.3928154,2.1682858,0,27.84,108.87,13,27.4
2026-09-07T10:00,node/6532206187,Yü Sushi,,,,41.4032734,2.2032208,0,27.84,108.87,13,27.4
2026-09-07T10:00,node/6532330793,La Xemeneia,,,,41.4016359,2.2048002,1,27.84,108.87,13,27.4
2026-09-07T10:00,node/6535101686,Alma Loca,,,,41.3992845,2.1970974,0,27.84,108.87,13,27.4
2026-09-07T10:00,node/6538194375,Mr. White,,,,41.3761815,2.1601126,0,27.84,108.87,13,27.4
2026-09-07T10:00,node/6568369188,Elpilar,,,,41.4000903,2.1489875,0,27.84,108.87,13,27.4
2026-09-07T10:00,node/6597321587,Welcome,,,,41.4065151,2.1509474,0,27.84,108.87,13,27.4
2026-09-07T10:00,node/6600189447,café bar juli-mac,,,,41.3782625,2.1239845,0,27.84,108.87,13,27.4
2026-09-07T10:00,node/6642989000,El Pa Sencer,,,,41.3835483,2.1341796,0,27.84,108.87,13,27.4
2026-09-07T10:00,node/6642989001,Ateneu Popular de les Corts,,,,41.3826968,2.1329407,0,27.84,108.87,13,27.4
2026-09-07T10:00,node/6680396487,La prorroga,,,,41.4032976,2.1567512,0,27.84,108.87,13,27.4
2026-09-07T10:00,node/6680687871,La Mar Salada,,,,41.3768035,2.1888904,0,27.84,108.87,13,27.4
2026-09-07T10:00,node/6681709948,Kiltro Gràcia,,,,41.4018317,2.1544539,0,27.84,108.87,13,27.4
2026-09-07T10:00,node/6710510485,Catedral 1951,,,,41.3849142,2.1757337,1,27.84,108.87,13,27.4
2026-09-07T10:00,node/6750944404,Brasaña,,,,41.3605721,2.1345777,0,27.84,108.87,13,27.4
2026-09-07T10:00,node/6757307686,Kitsu,,,,41.4017918,2.1543486,0,27.84,108.87,13,27.4
2026-09-07T10:00,node/6757314489,LomoAlto,,,,41.3936053,2.1663935,0,27.84,108.87,13,27.4
2026-09-07T10:00,node/6766273102,inti & chaska,,,,41.3886755,2.1599487,0,27.84,108.87,13,27.4
2026-09-07T10:00,node/6771863086,Montseny,,,,41.4070642,2.1804416,0,27.84,108.87,13,27.4
2026-09-07T10:00,node/6775495571,El Petit,,,,41.3298893,2.0988681,1,27.84,108.87,13,27.4
2026-09-07T10:00,node/6782427526,Híbrid Cafè Restaurant,,,,41.3771219,2.1203336,1,27.84,108.87,13,27.4
2026-09-07T10:00,node/6786006588,365,,,,41.3820297,2.1697221,0,27.84,108.87,13,27.4
2026-09-07T10:00,node/6790695789,El Rincón de la Abuela Venezolana,,,,41.4058359,2.1788147,0,27.84,108.87,13,27.4
2026-09-07T10:00,node/6805613085,Bar la Cabaña,,,,41.4071784,2.1778546,0,27.84,108.87,13,27.4
2026-09-07T10:00,node/6812099686,La Xurreria de Maria,,,,41.4050102,2.1750002,1,27.84,108.87,13,27.4
2026-09-07T10:00,node/6821384885,Blu Bar,,,,41.3983358,2.2045648,1,27.84,108.87,13,27.4
2026-09-07T10:00,node/6835358009,Murivecci,,,,41.3874075,2.1828282,0,27.84,108.87,13,27.4
2026-09-07T10:00,node/6852974547,Garrido,,,,41.3603039,2.1401381,0,27.84,108.87,13,27.4
2026-09-07T10:00,node/6852994516,La Patatona,,,,41.3604651,2.1400108,0,27.84,108.87,13,27.4
2026-09-07T10:00,node/6855027201,Bar Sandwicheria Enka 3,,,,41.3758876,2.1221107,0,27.84,108.87,13,27.4
2026-09-07T10:00,node/6871523347,Cafe Punto 10,,,,41.3805947,2.1364501,0,27.84,108.87,13,27.4
2026-09-07T10:00,node/6914132390,El Nou Ramonet,,,,41.3817315,2.1876268,0,27.84,108.87,13,27.4
2026-09-07T10:00,node/6946328085,Cremat 11,,,,41.3855109,2.1810205,0,27.84,108.87,13,27.4
2026-09-07T10:00,node/6973926711,Syra Coffee,,,,41.3965047,2.1941864,0,27.84,108.87,13,27.4
2026-09-07T10:00,node/6983227455,SNOOKER - Cocteles y Billarea,,,,41.3921561,2.1703663,0,27.84,108.87,13,27.4
2026-09-07T10:00,node/7002869606,Chebú,,,,41.3791162,2.1515085,0,27.84,108.87,13,27.4
2026-09-07T10:00,node/7003296923,Triple Sec,,,,41.3747448,2.1609868,0,27.84,108.87,13,27.4
2026-09-07T10:00,node/7004598841,Orange Coffee,,,,41.4052864,2.1712189,0,27.84,108.87,13,27.4
2026-09-07T10:00,node/7014308129,Bar Bodega Lentejil,,,,41.4429922,2.2175094,1,27.84,108.87,13,27.4
2026-09-07T10:00,node/7017780931,Yoüme,,,,41.3835882,2.1541892,0,27.84,108.87,13,27.4
2026-09-07T10:00,node/7098025886,El Club del Café,,,,41.4340729,2.1892624,1,27.84,108.87,13,27.4
2026-09-07T10:00,node/7124857728,Cabo,,,,41.3964797,2.1851438,0,27.84,108.87,13,27.4
2026-09-07T10:00,node/7132160620,Santagloria,,,,41.3863926,2.1243567,0,27.84,108.87,13,27.4
2026-09-07T10:00,node/7141587085,La Cereria,,,,41.3815426,2.1767152,0,27.84,108.87,13,27.4
2026-09-07T10:00,node/7150994121,Vivari,,,,41.3998419,2.1775677,0,27.84,108.87,13,27.4
2026-09-07T10:00,node/7234692489,Van van var,,,,41.3942304,2.1901096,0,27.84,108.87,13,27.4
2026-09-07T10:00,node/7318977151,,,,,41.3711664,2.1434617,0,27.84,108.87,13,27.4
2026-09-07T10:00,node/7318977155,Bar Joaquim,,,,41.3704145,2.1424922,1,27.84,108.87,13,27.4
2026-09-07T10:00,node/7318977156,Vivari,,,,41.3686165,2.1410874,1,27.84,108.87,13,27.4
2026-09-07T10:00,node/7431790448,Santagloria,,,,41.3896086,2.1200086,0,27.84,108.87,13,27.4
2026-09-07T10:00,node/7438491414,,,,,41.3733479,2.1301506,0,27.84,108.87,13,27.4
2026-09-07T10:00,node/7504941029,Iberic Fusión Platja,,,,41.4380577,2.2431806,1,27.84,108.87,13,27.4
2026-09-07T10:00,node/7504941031,l'Altre Can Mario's,,,,41.4405591,2.2418866,1,27.84,108.87,13,27.4
2026-09-07T10:00,node/7504941033,L'Esmolet,,,,41.4432993,2.2460741,1,27.84,108.87,13,27.4
2026-09-07T10:00,node/7504941035,la Masia de la Xesca,,,,41.4452013,2.2417838,1,27.84,108.87,13,27.4
2026-09-07T10:00,node/7556742593,Menjador del Centre,,,,41.4009756,2.2000272,0,27.84,108.87,13,27.4
2026-09-07T10:00,node/7563962192,Passeig9,,,,41.4014488,2.2009478,0,27.84,108.87,13,27.4
2026-09-07T10:00,node/7600529740,Restaurante La Flama,,,,41.3514861,2.1114722,1,27.84,108.87,13,27.4
2026-09-07T10:00,node/7618205068,El Pellizquito,,,,41.3501292,2.1105817,1,27.84,108.87,13,27.4
2026-09-07T10:00,node/7640514041,Bar Plaça Carles Buïgas,,,,41.3711833,2.1510204,1,27.84,108.87,13,27.4
2026-09-07T10:00,node/7644933199,Almirall,,,,41.4100171,2.1883052,1,27.84,108.87,13,27.4
2026-09-07T10:00,node/7704818539,Bar Granja Rocxi,,,,41.3744206,2.1339573,1,27.84,108.87,13,27.4
2026-09-07T10:00,node/7704818548,Cafès Caracas,,,,41.3748038,2.1328052,0,27.84,108.87,13,27.4
2026-09-07T10:00,node/7706832792,Cru Sants,,,,41.3721342,2.1286919,1,27.84,108.87,13,27.4
2026-09-07T10:00,node/7736420790,Mamma Italia,,,,41.3764642,2.1234304,0,27.84,108.87,13,27.4
2026-09-07T10:00,node/7772770550,Eqvilibrivm Café,,,,41.3973065,2.1697662,0,27.84,108.87,13,27.4
2026-09-07T10:00,node/7838098454,El Caserón,,,,41.3838275,2.1398498,0,27.84,108.87,13,27.4
2026-09-07T10:00,node/7925586104,Delicream,,,,41.4572921,2.2290688,1,27.84,108.87,13,27.4
2026-09-07T10:00,node/7989010587,Castañeiras,,,,41.4100358,2.1760296,0,27.84,108.87,13,27.4
2026-09-07T10:00,node/7999604058,Lilo brunch,,,,41.3873718,2.1627034,0,27.84,108.87,13,27.4
2026-09-07T10:00,node/7999616840,Bellillo,,,,41.3879362,2.1620483,0,27.84,108.87,13,27.4
2026-09-07T10:00,node/8034999886,Costa Dorada,,,,41.3980284,2.1986941,0,27.84,108.87,13,27.4
2026-09-07T10:00,node/8046554489,Sport,,,,41.4001224,2.2000188,0,27.84,108.87,13,27.4
2026-09-07T10:00,node/8049731595,Echegaray,,,,41.4018684,2.2023424,0,27.84,108.87,13,27.4
2026-09-07T10:00,node/8049732292,Doroteo,,,,41.4029636,2.2006718,0,27.84,108.87,13,27.4
2026-09-07T10:00,node/8064873985,Saramar,,,,41.3957712,2.1953013,1,27.84,108.87,13,27.4
2026-09-07T10:00,node/8077128420,Tío Bigotes,,,,41.4013922,2.2028846,0,27.84,108.87,13,27.4
2026-09-07T10:00,manual/488492e9,Bar Viejo Cafe,Bar,yes,"Carrer de la Independència, 306, Sant Martí, 08026 Barcelona",41.4116,2.1794,0,27.84,108.87,13,27.4
2026-09-07T10:00,manual/c52f6190,New 88 Bar-Cafeteria,bar,yes,,41.4094505,2.1789589,0,27.84,108.87,13,27.4
2026-09-07T10:00,manual/5d2ea7ea,Restaurant Papá Nico,bar,yes,,41.4094505,2.1789589,0,27.84,108.87,13,27.4
2026-09-07T10:00,manual/c980e39e,Restaurant El Clot,restaurant,yes,,41.4087697,2.1875592,0,27.84,108.87,13,27.4
2026-09-07T11:00,relation/18317100,,,,,41.42,2.1188352,1,38.0,121.96,2,29.0
2026-09-07T11:00,node/208984374,Central Rambla,,,,41.3782716,2.1761732,0,38.0,121.96,2,29.0
2026-09-07T11:00,way/217583616,Can Fisher,,,,41.3946034,2.2062292,1,38.0,121.96,2,29.0
2026-09-07T11:00,way/245214117,la Caseta del Migdia,,,,41.3596833,2.1607145,1,38.0,121.96,2,29.0
2026-09-07T11:00,way/246717741,Mirablau,,,,41.4160323,2.1319129,1,38.0,121.96,2,29.0
2026-09-07T11:00,way/249404809,PURO,,,,41.3911248,2.1461635,0,38.0,121.96,2,29.0
2026-09-07T11:00,way/268912897,Can Cortada,,,,41.4362503,2.1524833,1,38.0,121.96,2,29.0
2026-09-07T11:00,way/315387188,Temple del Metall,,,,41.4741706,2.1662317,1,38.0,121.96,2,29.0
2026-09-07T11:00,way/392926648,Pacha,,,,41.3857491,2.1970415,1,38.0,121.96,2,29.0
2026-09-07T11:00,way/412702054,Camping,,,,41.3953192,2.2042386,1,38.0,121.96,2,29.0
2026-09-07T11:00,way/443599336,Asador Casa Juaco,,,,41.4476663,2.1426909,1,38.0,121.96,2,29.0
2026-09-07T11:00,way/446002194,La Base by Farré,,,,41.3967358,2.2101884,1,38.0,121.96,2,29.0
2026-09-07T11:00,node/476327681,Can Paixano,,,,41.3817618,2.1834151,0,38.0,121.96,2,29.0
2026-09-07T11:00,node/506202703,Bar Almogávares,,,,41.3962323,2.1890864,0,38.0,121.96,2,29.0
2026-09-07T11:00,way/519771543,Restaurant Can Cases,,,,41.4343885,2.0985276,1,38.0,121.96,2,29.0
2026-09-07T11:00,node/534367691,Sant Bartomeu,,,,41.3755248,2.1346488,1,38.0,121.96,2,29.0
2026-09-07T11:00,node/643022131,Euro Bar-Tapas,,,,41.4342324,2.2161197,1,38.0,121.96,2,29.0
2026-09-07T11:00,node/643429648,Joan Figuera,,,,41.4336545,2.2169391,1,38.0,121.96,2,29.0
2026-09-07T11:00,node/643496696,El rincón de Willy,,,,41.4380246,2.2180623,1,38.0,121.96,2,29.0
2026-09-07T11:00,node/643496704,Bar Somni d'estiu,,,,41.4382361,2.2166687,1,38.0,121.96,2,29.0
2026-09-07T11:00,way/655221168,L'Ovella Negra Marina,,,,41.3960196,2.1901331,1,38.0,121.96,2,29.0
2026-09-07T11:00,node/660004524,Bocatapa Can Manel,,,,41.4413833,2.2212875,1,38.0,121.96,2,29.0
2026-09-07T11:00,node/672140180,Kasparo,,,,41.3844847,2.1690087,0,38.0,121.96,2,29.0
2026-09-07T11:00,node/704031158,Café Zurich,,,,41.3858504,2.1694606,1,38.0,121.96,2,29.0
2026-09-07T11:00,node/704042058,Starbucks,,,,41.3888305,2.1719117,0,38.0,121.96,2,29.0
2026-09-07T11:00,node/704058886,Tapa Tapa,,,,41.3916926,2.1660167,0,38.0,121.96,2,29.0
2026-09-07T11:00,node/704060428,Oassis Natural Cooking,,,,41.3901637,2.1678915,0,38.0,121.96,2,29.0
2026-09-07T11:00,node/704066257,Ciutat Comtal,,,,41.3888272,2.1668833,1,38.0,121.96,2,29.0
2026-09-07T11:00,node/704066614,Taller de Tapas,,,,41.3905645,2.1639038,1,38.0,121.96,2,29.0
2026-09-07T11:00,way/707305723,Bar Frankfurt Cafeteria Fabregada,,,,41.3561748,2.1108239,1,38.0,121.96,2,29.0
2026-09-07T11:00,node/745947750,Bar Geminis,,,,41.3976224,2.1807778,1,38.0,121.96,2,29.0
2026-09-07T11:00,node/765796519,La Cafetera,,,,41.4049767,2.1575215,0,38.0,121.96,2,29.0
2026-09-07T11:00,node/814006271,Les 15 Nits Bar,,,,41.3804529,2.1749778,1,38.0,121.96,2,29.0
2026-09-07T11:00,node/819552792,Bracafe,,,,41.3944249,2.1675209,1,38.0,121.96,2,29.0
2026-09-07T11:00,node/824476551,Caleuche,,,,41.3761526,2.1686172,1,38.0,121.96,2,29.0
2026-09-07T11:00,node/830462039,Bar Restaurant Angela,,,,41.4043015,2.1949428,0,38.0,121.96,2,29.0
2026-09-07T11:00,way/907005766,Chevy's Bar,,,,41.4143731,2.2289499,1,38.0,121.96,2,29.0
2026-09-07T11:00,way/969257968,,,,,41.3793991,2.1073385,1,38.0,121.96,2,29.0
2026-09-07T11:00,way/1063378975,Bar Restaurant Oliver,,,,41.3469215,2.1546999,1,38.0,121.96,2,29.0
2026-09-07T11:00,node/1072798261,Taverna del Bisbe,,,,41.3849254,2.1766628,0,38.0,121.96,2,29.0
2026-09-07T11:00,node/1072800838,El Cafè D'en Victor,,,,41.3847931,2.1767008,0,38.0,121.96,2,29.0
2026-09-07T11:00,node/1083144027,Los Caracoles,,,,41.3796584,2.1765082,0,38.0,121.96,2,29.0
2026-09-07T11:00,node/1092685793,Elche,,,,41.3739754,2.1691488,0,38.0,121.96,2,29.0
2026-09-07T11:00,way/1112240803,ForumStation,,,,41.4096655,2.2221501,1,38.0,121.96,2,29.0
2026-09-07T11:00,node/1177498341,Casa Vall,,,,41.4074238,2.1585521,0,38.0,121.96,2,29.0
2026-09-07T11:00,node/1192698924,Bilbao Berria,,,,41.3841976,2.1748665,0,38.0,121.96,2,29.0
2026-09-07T11:00,node/1192699873,Tapas 24,,,,41.3908686,2.1674705,0,38.0,121.96,2,29.0
2026-09-07T11:00,way/1200964257,Chiringuito Joan Miro,,,,41.3789977,2.1478116,1,38.0,121.96,2,29.0
2026-09-07T11:00,node/1264182304,Tosca del Carme,,,,41.3819482,2.1695795,1,38.0,121.96,2,29.0
2026-09-07T11:00,node/1280416455,Carballeira,,,,41.4442679,2.2217701,1,38.0,121.96,2,29.0
2026-09-07T11:00,way/1300745688,La Casona de Sant Just,,,,41.3833348,2.0735139,1,38.0,121.96,2,29.0
2026-09-07T11:00,node/1310450869,El Filete Ruso,,,,41.3925451,2.1558968,1,38.0,121.96,2,29.0
2026-09-07T11:00,node/1312325106,La Palmera,,,,41.4144229,2.1385123,1,38.0,121.96,2,29.0
2026-09-07T11:00,node/1314943380,Mescladís del Pou,,,,41.3870865,2.1803497,0,38.0,121.96,2,29.0
2026-09-07T11:00,node/1335697982,,,,,41.3608771,2.1101417,1,38.0,121.96,2,29.0
2026-09-07T11:00,way/1368167814,Natura Beach. El Chiringuito,,,,41.4028929,2.2157443,1,38.0,121.96,2,29.0
2026-09-07T11:00,node/1420760625,Tapeo,,,,41.4044988,2.1554811,0,38.0,121.96,2,29.0
2026-09-07T11:00,node/1420760630,Diamant,,,,41.4042174,2.1555899,1,38.0,121.96,2,29.0
2026-09-07T11:00,node/1428867664,Café Berlin,,,,41.3943566,2.1494599,1,38.0,121.96,2,29.0
2026-09-07T11:00,node/1430537485,Oasis Restaurant,,,,41.3827219,2.1847191,1,38.0,121.96,2,29.0
2026-09-07T11:00,node/1445598557,Bracafe,,,,41.3948025,2.1817533,1,38.0,121.96,2,29.0
2026-09-07T11:00,node/1554649942,Torrades,,,,41.4375721,2.1566095,0,38.0,121.96,2,29.0
2026-09-07T11:00,node/1554649988,La Panera,,,,41.4374756,2.1563359,0,38.0,121.96,2,29.0
2026-09-07T11:00,node/1658425572,Rebeka,,,,41.3967185,2.1890325,1,38.0,121.96,2,29.0
2026-09-07T11:00,node/1685949861,Cerveceria Milenium 2,,,,41.3534566,2.0866307,1,38.0,121.96,2,29.0
2026-09-07T11:00,node/1711342192,Calero's Centre,,,,41.3744728,2.1349721,0,38.0,121.96,2,29.0
2026-09-07T11:00,node/1722136431,Cervecería Catalana,,,,41.3924032,2.1609008,0,38.0,121.96,2,29.0
2026-09-07T11:00,node/1739122591,La Tagliatella,,,,41.3943371,2.1521208,0,38.0,121.96,2,29.0
2026-09-07T11:00,node/1813593370,Bar Capricornio,,,,41.4381257,2.2179547,1,38.0,121.96,2,29.0
2026-09-07T11:00,node/1820633320,CASA TEVA,,,,41.3752815,2.1166845,1,38.0,121.96,2,29.0
2026-09-07T11:00,node/1824133931,Carmesí,,,,41.3737373,2.1644452,1,38.0,121.96,2,29.0
2026-09-07T11:00,node/1948986220,Cafeteria UPF Jaume I,,,,41.3900298,2.1901118,0,38.0,121.96,2,29.0
2026-09-07T11:00,node/1948987514,Cafeteria UPF Roger de Lluria,,,,41.3886776,2.1915119,1,38.0,121.96,2,29.0
2026-09-07T11:00,node/1951812612,Casa Pagès,,,,41.3998447,2.1613114,0,38.0,121.96,2,29.0
2026-09-07T11:00,node/1960366982,Casa Amalia,,,,41.3962525,2.1685646,0,38.0,121.96,2,29.0
2026-09-07T11:00,node/1984001407,Bar de la FIB,,,,41.3894239,2.1132363,0,38.0,121.96,2,29.0
2026-09-07T11:00,node/2034780565,Cerbeseria Lesseps,,,,41.4073551,2.1514486,0,38.0,121.96,2,29.0
2026-09-07T11:00,node/2034780569,L'Brasseria,,,,41.4067629,2.1516314,1,38.0,121.96,2,29.0
2026-09-07T11:00,node/2056517879,Caelum,,,,41.3830524,2.1744369,0,38.0,121.96,2,29.0
2026-09-07T11:00,node/2065469522,Restaurant Pipa,,,,41.3997461,2.2003004,1,38.0,121.96,2,29.0
2026-09-07T11:00,node/2087204991,La Sanguchería,,,,41.3954987,2.1484037,0,38.0,121.96,2,29.0
2026-09-07T11:00,node/2091604731,Tapa Tapa,,,,41.3762094,2.1500463,1,38.0,121.96,2,29.0
2026-09-07T11:00,node/2112843062,El Vaixell-2,,,,41.4541291,2.2350201,1,38.0,121.96,2,29.0
2026-09-07T11:00,node/2165154147,Asador de Lugo,,,,41.3797623,2.1376748,0,38.0,121.96,2,29.0
2026-09-07T11:00,node/2184580476,Bar del Pi,,,,41.3824922,2.1739624,1,38.0,121.96,2,29.0
2026-09-07T11:00,node/2187210264,Sopa,,,,41.4023416,2.1952788,1,38.0,121.96,2,29.0
2026-09-07T11:00,node/2197824500,Tierra del fuego,,,,41.4016702,2.2016399,0,38.0,121.96,2,29.0
2026-09-07T11:00,node/2213839299,Pollo Rico,,,,41.3791045,2.1721976,0,38.0,121.96,2,29.0
2026-09-07T11:00,node/2364075421,Chen-Ji,,,,41.3936143,2.1807074,0,38.0,121.96,2,29.0
2026-09-07T11:00,node/2434563732,La Bella Napoli,,,,41.3743686,2.1637621,0,38.0,121.96,2,29.0
2026-09-07T11:00,node/2442785485,El Círcol,,,,41.4501968,2.2474223,1,38.0,121.96,2,29.0
2026-09-07T11:00,node/2468197823,365 Cafeteria Forn de Pa,,,,41.3752071,2.1635151,1,38.0,121.96,2,29.0
2026-09-07T11:00,node/2476332030,Bar Lennon,,,,41.4028901,2.1612576,1,38.0,121.96,2,29.0
2026-09-07T11:00,node/2500906795,Bar Lúdic Queimada Nivell Q,,,,41.4094152,2.1808913,0,38.0,121.96,2,29.0
2026-09-07T11:00,node/2598482930,Con Gracia,,,,41.3990704,2.1600617,0,38.0,121.96,2,29.0
2026-09-07T11:00,node/2609183969,Fukuoka,,,,41.4022587,2.1612976,1,38.0,121.96,2,29.0
2026-09-07T11:00,node/2610750687,Xiringuito Aigua,,,,41.4096717,2.1683236,1,38.0,121.96,2,29.0
2026-09-07T11:00,node/2618447074,Vegetalia,,,,41.3803973,2.1776952,0,38.0,121.96,2,29.0
2026-09-07T11:00,node/2618538581,Veggie Garden,,,,41.3822767,2.1680336,1,38.0,121.96,2,29.0
2026-09-07T11:00,node/2618538595,Biocenter,,,,41.3825765,2.1694364,0,38.0,121.96,2,29.0
2026-09-07T11:00,node/2684052224,Pai Mei,,,,41.4051863,2.1931071,1,38.0,121.96,2,29.0
2026-09-07T11:00,node/2687089274,Dolça Estona,,,,41.4117096,2.1394938,0,38.0,121.96,2,29.0
2026-09-07T11:00,node/2689736934,Bar Bodega Molina,,,,41.4403298,2.1817019,0,38.0,121.96,2,29.0
2026-09-07T11:00,node/2721077740,Bar Veni,,,,41.3848861,2.1667078,0,38.0,121.96,2,29.0
2026-09-07T11:00,node/2727449418,Las Euras,,,,41.3998785,2.1577187,0,38.0,121.96,2,29.0
2026-09-07T11:00,node/2793491051,La bona tapa,,,,41.4368098,2.2166172,1,38.0,121.96,2,29.0
2026-09-07T11:00,node/2892028393,Kino,,,,41.3825992,2.1665452,0,38.0,121.96,2,29.0
2026-09-07T11:00,node/2892037115,23 Robadors,,,,41.3796029,2.1708903,0,38.0,121.96,2,29.0
2026-09-07T11:00,node/2910255826,Shôko,,,,41.3854991,2.1969746,1,38.0,121.96,2,29.0
2026-09-07T11:00,node/2910255827,Opium,,,,41.3852778,2.1967099,1,38.0,121.96,2,29.0
2026-09-07T11:00,node/2927944587,Tapas Tapas!,,,,41.3745104,2.1829399,1,38.0,121.96,2,29.0
2026-09-07T11:00,node/2951499208,El racó d'en Henry,,,,41.4394757,2.2215013,1,38.0,121.96,2,29.0
2026-09-07T11:00,node/2966340931,El Capritx,,,,41.4022886,2.1998883,0,38.0,121.96,2,29.0
2026-09-07T11:00,node/2968119440,Can Tresó,,,,41.4028999,2.1537483,1,38.0,121.96,2,29.0
2026-09-07T11:00,node/2969276727,La Sirena Verde,,,,41.4027605,2.1657128,0,38.0,121.96,2,29.0
2026-09-07T11:00,node/2969277275,Café de l'Eixample,,,,41.4005021,2.1690108,0,38.0,121.96,2,29.0
2026-09-07T11:00,node/2970751844,Taverna El Disbarat,,,,41.4017728,2.1545227,0,38.0,121.96,2,29.0
2026-09-07T11:00,node/3007755352,La Pausa,,,,41.4071883,2.1557816,0,38.0,121.96,2,29.0
2026-09-07T11:00,node/3007803307,Oh La Lá,,,,41.4460123,2.2485803,1,38.0,121.96,2,29.0
2026-09-07T11:00,node/3048077142,L'Aliança del Poblenou,,,,41.3997067,2.2032276,0,38.0,121.96,2,29.0
2026-09-07T11:00,node/3049368344,Clot76,,,,41.4082815,2.1885259,0,38.0,121.96,2,29.0
2026-09-07T11:00,node/3084370508,Marina Bay By Moncho's,,,,41.3863077,2.1975017,1,38.0,121.96,2,29.0
2026-09-07T11:00,node/3084507933,Caravelle,,,,41.3822872,2.1688475,0,38.0,121.96,2,29.0
2026-09-07T11:00,node/3120072573,Bar Restaurant Nàutic,,,,41.3806088,2.1408397,1,38.0,121.96,2,29.0
2026-09-07T11:00,node/3177990194,Mezcal Taco Bar,,,,41.3830563,2.1554872,0,38.0,121.96,2,29.0
2026-09-07T11:00,node/3270120640,Luigi,,,,41.3862659,2.1753788,0,38.0,121.96,2,29.0
2026-09-07T11:00,node/3271554311,Al Sultán,,,,41.4035661,2.1554863,0,38.0,121.96,2,29.0
2026-09-07T11:00,node/3328694987,Nou Candanchú,,,,41.4005128,2.1576475,0,38.0,121.96,2,29.0
2026-09-07T11:00,node/3339670930,Bahia,,,,41.3803265,2.1774842,0,38.0,121.96,2,29.0
2026-09-07T11:00,node/3441700493,Santos Tapas,,,,41.3818417,2.1745121,0,38.0,121.96,2,29.0
2026-09-07T11:00,node/3491476947,Bar del Pla,,,,41.3856036,2.1800221,0,38.0,121.96,2,29.0
2026-09-07T11:00,node/3496970198,Centre Cívic Can Deu,,,,41.3869027,2.1327794,1,38.0,121.96,2,29.0
2026-09-07T11:00,node/3504769719,El Rincón,,,,41.3908977,2.1900669,1,38.0,121.96,2,29.0
2026-09-07T11:00,node/3517276245,Bar Canigó,,,,41.4029724,2.1579186,0,38.0,121.96,2,29.0
2026-09-07T11:00,node/3522552400,Àpat's,,,,41.3757617,2.1419109,0,38.0,121.96,2,29.0
2026-09-07T11:00,node/3548547194,El Bon Menjador - 2,,,,41.4388101,2.2172863,1,38.0,121.96,2,29.0
2026-09-07T11:00,node/3548548998,Bar Morales,,,,41.4395878,2.2165237,1,38.0,121.96,2,29.0
2026-09-07T11:00,node/3548613495,Bar Paula's Tapería,,,,41.4385437,2.2175484,1,38.0,121.96,2,29.0
2026-09-07T11:00,node/3556089494,Delicias Mediterráneas,,,,41.4415079,2.2267435,1,38.0,121.96,2,29.0
2026-09-07T11:00,node/3556089497,Xurreria Rodríguez,,,,41.4416928,2.2264651,1,38.0,121.96,2,29.0
2026-09-07T11:00,node/3556089803,Bar de La Salut,,,,41.4422594,2.2258792,1,38.0,121.96,2,29.0
2026-09-07T11:00,node/3560942698,Sandvitxeria Alhociema,,,,41.4443624,2.2236761,1,38.0,121.96,2,29.0
2026-09-07T11:00,node/3560955995,Centro Cultural Castellano-manchego,,,,41.4390698,2.2176297,1,38.0,121.96,2,29.0
2026-09-07T11:00,node/3595399490,Bar Familiar,,,,41.4359163,2.2182018,1,38.0,121.96,2,29.0
2026-09-07T11:00,node/3595399769,La granja de Casablanca,,,,41.4357671,2.2189395,1,38.0,121.96,2,29.0
2026-09-07T11:00,node/3595401238,Bar Alcázar,,,,41.4365542,2.2183742,1,38.0,121.96,2,29.0
2026-09-07T11:00,node/3596986411,Agrupación Cultural Galega Agarimos,,,,41.4358268,2.2165495,1,38.0,121.96,2,29.0
2026-09-07T11:00,node/3612059306,Nabuco Tiramisú,,,,41.4004523,2.1577244,0,38.0,121.96,2,29.0
2026-09-07T11:00,node/3620986554,Yamane,,,,41.3868061,2.1808426,0,38.0,121.96,2,29.0
2026-09-07T11:00,node/3620991692,Yamaneko-ryouri,,,,41.4016619,2.1447787,1,38.0,121.96,2,29.0
2026-09-07T11:00,node/3624045193,Bar-Granja Maribel,,,,41.4399092,2.2235793,1,38.0,121.96,2,29.0
2026-09-07T11:00,node/3624045293,Bar La Cantonada,,,,41.4396227,2.2242325,1,38.0,121.96,2,29.0
2026-09-07T11:00,node/3713349650,Groin's,,,,41.4108415,2.1637178,0,38.0,121.96,2,29.0
2026-09-07T11:00,node/3718061014,Bar Calders,,,,41.3764788,2.1623937,0,38.0,121.96,2,29.0
2026-09-07T11:00,node/3730796125,Buenas Migas,,,,41.3975542,2.1587856,0,38.0,121.96,2,29.0
2026-09-07T11:00,node/3761312382,La Fonda,,,,41.3793598,2.1762144,0,38.0,121.96,2,29.0
2026-09-07T11:00,node/3777075876,Oaxaca,,,,41.3821041,2.1838988,1,38.0,121.96,2,29.0
2026-09-07T11:00,node/3779149860,EsPan's,,,,41.4349094,2.2194667,1,38.0,121.96,2,29.0
2026-09-07T11:00,node/3794002044,Samurai Ramen,,,,41.3736753,2.1548947,0,38.0,121.96,2,29.0
2026-09-07T11:00,node/3804046057,Robata Sushi & Grill,,,,41.3904886,2.1585836,0,38.0,121.96,2,29.0
2026-09-07T11:00,node/3809169458,Freiduría El Boquerón,,,,41.4400822,2.2264769,1,38.0,121.96,2,29.0
2026-09-07T11:00,node/3809169459,Marisquería Melchor,,,,41.4401715,2.2266602,1,38.0,121.96,2,29.0
2026-09-07T11:00,node/3809169461,Elhotro bar,,,,41.4401247,2.2268506,1,38.0,121.96,2,29.0
2026-09-07T11:00,node/3809169658,Carte d'Or,,,,41.4403068,2.2274065,1,38.0,121.96,2,29.0
2026-09-07T11:00,node/3809169668,Vivari,,,,41.4408122,2.2271125,1,38.0,121.96,2,29.0
2026-09-07T11:00,node/3809169669,Pantaiberic delicatessen,,,,41.4408174,2.2269502,1,38.0,121.96,2,29.0
2026-09-07T11:00,node/3840009426,La Esquinica,,,,41.4304816,2.1712169,1,38.0,121.96,2,29.0
2026-09-07T11:00,node/3874539219,Café del Centre,,,,41.3946111,2.1712059,0,38.0,121.96,2,29.0
2026-09-07T11:00,node/3890922254,Characato,,,,41.4046885,2.1836218,1,38.0,121.96,2,29.0
2026-09-07T11:00,node/3901403358,Les Dues Sicilies,,,,41.3866097,2.1802613,0,38.0,121.96,2,29.0
2026-09-07T11:00,node/3955968257,El racó de les Glòries,,,,41.3986109,2.1978895,0,38.0,121.96,2,29.0
2026-09-07T11:00,node/4060217594,Matt & Marshall,,,,41.3993348,2.1997769,0,38.0,121.96,2,29.0
2026-09-07T11:00,node/4073605889,Mariscco,,,,41.3804885,2.1753271,0,38.0,121.96,2,29.0
2026-09-07T11:00,node/4126257971,Xixbar,,,,41.3758485,2.1576176,0,38.0,121.96,2,29.0
2026-09-07T11:00,node/4127494769,Vapiano,,,,41.3788941,2.1758361,0,38.0,121.96,2,29.0
2026-09-07T11:00,node/4138815989,Nømad Cøffee,,,,41.3889108,2.1771731,0,38.0,121.96,2,29.0
2026-09-07T11:00,node/4150499794,El 68,,,,41.4023622,2.1612062,1,38.0,121.96,2,29.0
2026-09-07T11:00,node/4166496789,Bar Thonet Grill Room,,,,41.3792408,2.1761073,0,38.0,121.96,2,29.0
2026-09-07T11:00,node/4168100800,Cervecería Frankfurt Europa,,,,41.4396191,2.2191504,1,38.0,121.96,2,29.0
2026-09-07T11:00,node/4225209596,Bar El Velodromo,,,,41.3934442,2.1501395,0,38.0,121.96,2,29.0
2026-09-07T11:00,node/4225810298,Bar Nolla,,,,41.3905504,2.1647825,0,38.0,121.96,2,29.0
2026-09-07T11:00,node/4233959493,Pastisseria Granja,,,,41.3795042,2.1792309,1,38.0,121.96,2,29.0
2026-09-07T11:00,node/4239222689,Rekons,,,,41.3806195,2.1610796,0,38.0,121.96,2,29.0
2026-09-07T11:00,node/4244877765,Bar La Peña,,,,41.4404265,2.2170329,1,38.0,121.96,2,29.0
2026-09-07T11:00,node/4247196393,cal mariner,,,,41.3791754,2.1898206,0,38.0,121.96,2,29.0
2026-09-07T11:00,node/4253851490,El Trencadís,,,,41.3937976,2.1655309,1,38.0,121.96,2,29.0
2026-09-07T11:00,node/4253862889,Hummus,,,,41.3912547,2.1611975,0,38.0,121.96,2,29.0
2026-09-07T11:00,node/4254090289,La tasqueta de Blai,,,,41.3733347,2.1652358,0,38.0,121.96,2,29.0
2026-09-07T11:00,node/4254094290,Rosa Negra,,,,41.3819164,2.1687596,0,38.0,121.96,2,29.0
2026-09-07T11:00,node/4254704967,Firebug Brunch,,,,41.3927459,2.1778691,0,38.0,121.96,2,29.0
2026-09-07T11:00,node/4254996890,La Macchina,,,,41.4030005,2.1535966,0,38.0,121.96,2,29.0
2026-09-07T11:00,node/4267035492,Kebabish,,,,41.4409198,2.2217884,1,38.0,121.96,2,29.0
2026-09-07T11:00,node/4267055591,La cantina del tapeo,,,,41.4420999,2.2200224,1,38.0,121.96,2,29.0
2026-09-07T11:00,node/4278033120,Buenas Migas,,,,41.3838044,2.1696233,0,38.0,121.96,2,29.0
2026-09-07T11:00,node/4283188047,Granja Romaní,,,,41.4348618,2.2179712,1,38.0,121.96,2,29.0
2026-09-07T11:00,node/4283194434,Bar La Paradeta,,,,41.4337773,2.2167771,1,38.0,121.96,2,29.0
2026-09-07T11:00,node/4291934189,Fonda Espanya,,,,41.3799009,2.1728032,1,38.0,121.96,2,29.0
2026-09-07T11:00,node/4306440989,Blai 9,,,,41.3730722,2.1658539,0,38.0,121.96,2,29.0
2026-09-07T11:00,node/4314857689,El punt,,,,41.4413807,2.2316251,1,38.0,121.96,2,29.0
2026-09-07T11:00,node/4314859689,Versace,,,,41.4337089,2.2172203,1,38.0,121.96,2,29.0
2026-09-07T11:00,node/4315715092,Petit Comitè,,,,41.3943551,2.1600308,0,38.0,121.96,2,29.0
2026-09-07T11:00,node/4321183403,Brunch & Cake,,,,41.3882834,2.1615596,1,38.0,121.96,2,29.0
2026-09-07T11:00,node/4336933393,Mayura,,,,41.3938992,2.1720914,0,38.0,121.96,2,29.0
2026-09-07T11:00,node/4340119890,VIENA,,,,41.3579934,2.1293918,1,38.0,121.96,2,29.0
2026-09-07T11:00,node/4349925690,Nemrut,,,,41.3810051,2.1772158,0,38.0,121.96,2,29.0
2026-09-07T11:00,node/4350019284,Palosanto,,,,41.3808122,2.1772701,0,38.0,121.96,2,29.0
2026-09-07T11:00,node/4364289794,Faborit Casa Amatller,,,,41.3915836,2.1650592,0,38.0,121.96,2,29.0
2026-09-07T11:00,node/4386702690,Red Ant Noodle Bar,,,,41.3880129,2.1810961,0,38.0,121.96,2,29.0
2026-09-07T11:00,node/4396244190,Fresc Co,,,,41.3891657,2.1969678,1,38.0,121.96,2,29.0
2026-09-07T11:00,node/4401234193,BlackLab Brewhouse & Kitchen,,,,41.3812305,2.1854573,1,38.0,121.96,2,29.0
2026-09-07T11:00,node/4431102493,Forn Puiggròs,,,,41.4102615,2.1741597,0,38.0,121.96,2,29.0
2026-09-07T11:00,node/4439412389,La Vinya del Senyor,,,,41.3832546,2.1818655,0,38.0,121.96,2,29.0
2026-09-07T11:00,node/4440352791,La Gavina,,,,41.3807532,2.1853211,1,38.0,121.96,2,29.0
2026-09-07T11:00,node/4443367289,Pannus,,,,41.3863691,2.1726728,0,38.0,121.96,2,29.0
2026-09-07T11:00,node/4449185678,Il Caffè di Francesco,,,,41.3908733,2.1652201,0,38.0,121.96,2,29.0
2026-09-07T11:00,node/4451904190,Bar Granadino,,,,41.4404153,2.2238276,1,38.0,121.96,2,29.0
2026-09-07T11:00,node/4451904193,La ciudad de oro,,,,41.4408727,2.2240695,1,38.0,121.96,2,29.0
2026-09-07T11:00,node/4451986792,Cafe Bar Florida,,,,41.4403503,2.2236929,1,38.0,121.96,2,29.0
2026-09-07T11:00,node/4451986793,Bar Amigo,,,,41.4411469,2.2238965,1,38.0,121.96,2,29.0
2026-09-07T11:00,node/4451988991,Bar Frankfurt Jaime,,,,41.4408051,2.2241201,1,38.0,121.96,2,29.0
2026-09-07T11:00,node/4451989090,Entre tapes,,,,41.4423118,2.2237245,1,38.0,121.96,2,29.0
2026-09-07T11:00,node/4451992791,Bar Leo,,,,41.4406309,2.2245529,1,38.0,121.96,2,29.0
2026-09-07T11:00,node/4452031691,Bar La Granja,,,,41.4427953,2.2241899,1,38.0,121.96,2,29.0
2026-09-07T11:00,node/4455238130,Anahuac,,,,41.3965161,2.1513989,0,38.0,121.96,2,29.0
2026-09-07T11:00,node/4461595656,Cafeteria de la Biblioteca Jaumer Fuster,,,,41.4075557,2.1493457,1,38.0,121.96,2,29.0
2026-09-07T11:00,node/4470059420,Mesón Gallego,,,,41.3818896,2.0709288,1,38.0,121.96,2,29.0
2026-09-07T11:00,node/4486639527,Boldú,,,,41.3973783,2.1517865,0,38.0,121.96,2,29.0
2026-09-07T11:00,node/4486683966,La Tagliatella,,,,41.3974141,2.1514101,0,38.0,121.96,2,29.0
2026-09-07T11:00,node/4503193765,Bicioci,,,,41.3999229,2.1619101,0,38.0,121.96,2,29.0
2026-09-07T11:00,node/4509411660,Bar Mediterráneo,,,,41.4343007,2.2180868,1,38.0,121.96,2,29.0
2026-09-07T11:00,node/4516538193,Más Que Sushi,,,,41.3774227,2.1527247,0,38.0,121.96,2,29.0
2026-09-07T11:00,node/4516600994,Salambó,,,,41.4044546,2.1576355,0,38.0,121.96,2,29.0
2026-09-07T11:00,node/4520259289,Cachitos,,,,41.3953057,2.1536913,1,38.0,121.96,2,29.0
2026-09-07T11:00,node/4572063790,Cafetería 365,,,,41.3744652,2.1675541,0,38.0,121.96,2,29.0
2026-09-07T11:00,node/4580517495,Cadaqués,,,,41.4004717,2.1574102,1,38.0,121.96,2,29.0
2026-09-07T11:00,node/4591423938,Arabia Cafe,,,,41.3796023,2.1762764,0,38.0,121.96,2,29.0
2026-09-07T11:00,node/4602957463,Otafuku Daifuku,,,,41.3861633,2.1813225,0,38.0,121.96,2,29.0
2026-09-07T11:00,node/4631918790,Casa López,,,,41.4047191,2.1550626,1,38.0,121.96,2,29.0
2026-09-07T11:00,node/4643974106,Kyoka Via Augusta,,,,41.3979693,2.1315017,1,38.0,121.96,2,29.0
2026-09-07T11:00,node/4654613659,afiparc,,,,41.4134414,2.1527296,1,38.0,121.96,2,29.0
2026-09-07T11:00,node/4668687590,Can Vilaró,,,,41.3779004,2.1617005,0,38.0,121.96,2,29.0
2026-09-07T11:00,node/4673198082,Montesquiu,,,,41.4046825,2.1325233,0,38.0,121.96,2,29.0
2026-09-07T11:00,node/4680760648,Sushi Taller,,,,41.4048621,2.1326565,0,38.0,121.96,2,29.0
2026-09-07T11:00,node/4681801089,Orxateria la Valenciana,,,,41.3863413,2.1622578,0,38.0,121.96,2,29.0
2026-09-07T11:00,node/4704972453,majide,,,,41.3849224,2.1674688,0,38.0,121.96,2,29.0
2026-09-07T11:00,node/4709933976,Sottovoce,,,,41.3579226,2.1294974,1,38.0,121.96,2,29.0
2026-09-07T11:00,node/4711659235,Casa Lolea,,,,41.3888056,2.1771897,0,38.0,121.96,2,29.0
2026-09-07T11:00,node/4720526074,El Charrito,,,,41.3896183,2.1662427,0,38.0,121.96,2,29.0
2026-09-07T11:00,node/4721286889,Prodigi,,,,41.3985973,2.1659559,0,38.0,121.96,2,29.0
2026-09-07T11:00,node/4726582894,Catalina Cafe,,,,41.3862071,2.1793039,0,38.0,121.96,2,29.0
2026-09-07T11:00,node/4726583193,Betlem,,,,41.3949258,2.1712207,0,38.0,121.96,2,29.0
2026-09-07T11:00,node/4727975192,La Coruña,,,,41.4083413,2.1851911,0,38.0,121.96,2,29.0
2026-09-07T11:00,node/4728103192,Cafè Arrels,,,,41.4137041,2.1809929,1,38.0,121.96,2,29.0
2026-09-07T11:00,node/4729343193,Cervecería Frankfurt El Molino,,,,41.3746194,2.1669636,0,38.0,121.96,2,29.0
2026-09-07T11:00,node/4735766123,I'll Pomo d'Oro,,,,41.3926987,2.1585151,0,38.0,121.96,2,29.0
2026-09-07T11:00,node/4743830714,Casa Escarré (Joan's),,,,41.3747567,2.1427755,1,38.0,121.96,2,29.0
2026-09-07T11:00,node/4751727952,Bar Ribalda,,,,41.4026552,2.1328307,0,38.0,121.96,2,29.0
2026-09-07T11:00,node/4755496723,Brewdog,,,,41.3857301,2.1581661,1,38.0,121.96,2,29.0
2026-09-07T11:00,node/4756509699,Morro fi,,,,41.3833069,2.1550311,0,38.0,121.96,2,29.0
2026-09-07T11:00,node/4776357929,Tomodachi,,,,41.4053891,2.1644663,0,38.0,121.96,2,29.0
2026-09-07T11:00,node/4778618049,De Gustibus Italiae,,,,41.4027491,2.1330183,1,38.0,121.96,2,29.0
2026-09-07T11:00,node/4784670742,Índigo Café,,,,41.3874831,2.1626443,1,38.0,121.96,2,29.0
2026-09-07T11:00,node/4792724121,Venus Delicatessen Barcelona,,,,41.3807065,2.1779781,0,38.0,121.96,2,29.0
2026-09-07T11:00,node/4802341078,El Quatre,,,,41.4031267,2.1333762,0,38.0,121.96,2,29.0
2026-09-07T11:00,node/4805335780,Madonna Vegan,,,,41.3812162,2.1671279,0,38.0,121.96,2,29.0
2026-09-07T11:00,node/4816093515,Olímpic Bar,,,,41.4422394,2.2177816,1,38.0,121.96,2,29.0
2026-09-07T11:00,node/4822739686,Bar El Racó,,,,41.4417497,2.2212713,1,38.0,121.96,2,29.0
2026-09-07T11:00,node/4838956921,Supra,,,,41.3910798,2.1613999,0,38.0,121.96,2,29.0
2026-09-07T11:00,node/4844565923,Pampa Drugstore,,,,41.3827176,2.1712051,0,38.0,121.96,2,29.0
2026-09-07T11:00,node/4847673021,Usagui,,,,41.4021671,2.1463849,0,38.0,121.96,2,29.0
2026-09-07T11:00,node/4859449960,Restaurant el Magatzem,,,,41.3805096,2.1863595,1,38.0,121.96,2,29.0
2026-09-07T11:00,node/4859450597,Restaurant Cal Pinxo,,,,41.3806265,2.1855795,1,38.0,121.96,2,29.0
2026-09-07T11:00,node/4867833221,Pizzeria El Mundo,,,,41.3751322,2.1231212,0,38.0,121.96,2,29.0
2026-09-07T11:00,node/4881181797,Sierra Nevada,,,,41.4420581,2.1834715,1,38.0,121.96,2,29.0
2026-09-07T11:00,node/4903340658,El Ramblero,,,,41.4219271,2.1969049,0,38.0,121.96,2,29.0
2026-09-07T11:00,node/4906736149,L'Olivera,,,,41.4058547,2.1893093,1,38.0,121.96,2,29.0
2026-09-07T11:00,node/4917663030,Picnic,,,,41.4179648,2.1988442,1,38.0,121.96,2,29.0
2026-09-07T11:00,node/4937772721,Vila's Bar,,,,41.4059086,2.1571314,0,38.0,121.96,2,29.0
2026-09-07T11:00,node/4938104321,Hammock Juice Station,,,,41.3971863,2.1671778,0,38.0,121.96,2,29.0
2026-09-07T11:00,node/4973805221,Brunch & Cake by the sea,,,,41.3809714,2.1872568,0,38.0,121.96,2,29.0
2026-09-07T11:00,node/4973805421,Quinoa Aragó Vegetarià,,,,41.3886233,2.1598684,0,38.0,121.96,2,29.0
2026-09-07T11:00,node/4977546909,Tonkotsu,,,,41.3938467,2.1650368,0,38.0,121.96,2,29.0
2026-09-07T11:00,node/4983764927,Cervecería-Frankfurt,,,,41.4394391,2.2207951,1,38.0,121.96,2,29.0
2026-09-07T11:00,node/4983764935,Max Bar,,,,41.4401476,2.2214687,1,38.0,121.96,2,29.0
2026-09-07T11:00,node/4983764944,Bar Verín,,,,41.4396911,2.2210187,1,38.0,121.96,2,29.0
2026-09-07T11:00,node/4983764949,Bar R'Aurora,,,,41.4400582,2.2213943,1,38.0,121.96,2,29.0
2026-09-07T11:00,node/4983764952,Trocadero,,,,41.4385047,2.2204982,1,38.0,121.96,2,29.0
2026-09-07T11:00,node/4983764957,Bar La Alpujarra,,,,41.4420698,2.2228867,1,38.0,121.96,2,29.0
2026-09-07T11:00,node/4983764958,Sant Mori,,,,41.4390777,2.2210618,1,38.0,121.96,2,29.0
2026-09-07T11:00,node/4983764960,El buen gusto,,,,41.4411919,2.2225719,1,38.0,121.96,2,29.0
2026-09-07T11:00,node/4983764965,Bar Junior Bodega,,,,41.4417139,2.2225318,1,38.0,121.96,2,29.0
2026-09-07T11:00,node/4983764975,Bar Satisfecho,,,,41.4385461,2.2198488,1,38.0,121.96,2,29.0
2026-09-07T11:00,node/4983765002,Bar sushi Salon,,,,41.4425727,2.2233672,1,38.0,121.96,2,29.0
2026-09-07T11:00,node/4983765004,Corre que se acaban,,,,41.4392453,2.2212328,1,38.0,121.96,2,29.0
2026-09-07T11:00,node/4983765005,365,,,,41.4403303,2.2225575,1,38.0,121.96,2,29.0
2026-09-07T11:00,node/4984256695,Pampa Mía,,,,41.4085709,2.2035603,1,38.0,121.96,2,29.0
2026-09-07T11:00,node/4991221422,Salterio,,,,41.3825107,2.1760837,0,38.0,121.96,2,29.0
2026-09-07T11:00,node/5007434606,La Balmesina,,,,41.3970301,2.1522555,1,38.0,121.96,2,29.0
2026-09-07T11:00,node/5010794721,Syra Coffee,,,,41.4014925,2.1595216,0,38.0,121.96,2,29.0
2026-09-07T11:00,node/5010794821,Nomad Frutas Selectas,,,,41.3979292,2.1955517,0,38.0,121.96,2,29.0
2026-09-07T11:00,node/5023905423,Petra,,,,41.4038883,2.1551166,0,38.0,121.96,2,29.0
2026-09-07T11:00,node/5028969022,Guzzo,,,,41.3850929,2.1836594,0,38.0,121.96,2,29.0
2026-09-07T11:00,node/5030247521,La Pantera Rosa,,,,41.4010493,2.1525903,0,38.0,121.96,2,29.0
2026-09-07T11:00,node/5037900607,Orio,,,,41.3819545,2.1763606,0,38.0,121.96,2,29.0
2026-09-07T11:00,node/5048602525,Blau Cel,,,,41.4043091,2.1612896,0,38.0,121.96,2,29.0
2026-09-07T11:00,node/5053669724,La Xula Taperia,,,,41.4023295,2.1586126,0,38.0,121.96,2,29.0
2026-09-07T11:00,node/5081388242,La Raposa,,,,41.3725137,2.1639527,0,38.0,121.96,2,29.0
2026-09-07T11:00,node/5082277825,Vermuteria Puigmartí,,,,41.4013967,2.1590604,0,38.0,121.96,2,29.0
2026-09-07T11:00,node/5082277826,Caracas,,,,41.4020908,2.1601676,0,38.0,121.96,2,29.0
2026-09-07T11:00,node/5082288821,Curuba,,,,41.3999554,2.1574731,0,38.0,121.96,2,29.0
2026-09-07T11:00,node/5086827321,Metric Market,,,,41.3916196,2.1419287,0,38.0,121.96,2,29.0
2026-09-07T11:00,node/5088945722,La Juanola,,,,41.4066765,2.1569377,0,38.0,121.96,2,29.0
2026-09-07T11:00,node/5089333723,Ciuri‘s,,,,41.4052466,2.1565749,0,38.0,121.96,2,29.0
2026-09-07T11:00,node/5105012628,Entre Hores,,,,41.4030943,2.1577829,0,38.0,121.96,2,29.0
2026-09-07T11:00,node/5109943322,Intrèpid,,,,41.4043018,2.1550041,1,38.0,121.96,2,29.0
2026-09-07T11:00,node/5110964523,La Trobada,,,,41.4015625,2.1520155,0,38.0,121.96,2,29.0
2026-09-07T11:00,node/5111094221,El Dorado Chicken,,,,41.3930251,2.1579995,0,38.0,121.96,2,29.0
2026-09-07T11:00,node/5113896626,Granja Fimon's,,,,41.4477805,2.2438919,1,38.0,121.96,2,29.0
2026-09-07T11:00,node/5118124314,Kebab Bocateli,,,,41.4426035,2.2166674,1,38.0,121.96,2,29.0
2026-09-07T11:00,node/5118126421,Bar Frankfurt Polideportivo,,,,41.4429429,2.2162226,1,38.0,121.96,2,29.0
2026-09-07T11:00,node/5118126428,Granja Modesto,,,,41.4343689,2.2158958,1,38.0,121.96,2,29.0
2026-09-07T11:00,node/5118126435,Cafeteria i Forn de pa Grey,,,,41.4332655,2.2174982,1,38.0,121.96,2,29.0
2026-09-07T11:00,node/5118126438,Frankfurt Piscis,,,,41.4360107,2.2158678,1,38.0,121.96,2,29.0
2026-09-07T11:00,node/5118126440,Bar Julio,,,,41.4348299,2.2151483,1,38.0,121.96,2,29.0
2026-09-07T11:00,node/5118126443,Bar Beethoven,,,,41.4328863,2.2181523,1,38.0,121.96,2,29.0
2026-09-07T11:00,node/5118126453,Bar Bondia,,,,41.4342763,2.2160261,1,38.0,121.96,2,29.0
2026-09-07T11:00,node/5128075585,Monkey Factory,,,,41.3927261,2.1544614,0,38.0,121.96,2,29.0
2026-09-07T11:00,node/5137360822,El Jardí,,,,41.4475237,2.2469586,1,38.0,121.96,2,29.0
2026-09-07T11:00,node/5144745888,Bar La Imperial,,,,41.4372451,2.2200669,1,38.0,121.96,2,29.0
2026-09-07T11:00,node/5144745889,Gabi,,,,41.4372105,2.2199582,1,38.0,121.96,2,29.0
2026-09-07T11:00,node/5144745893,Bar India,,,,41.4420657,2.2284253,1,38.0,121.96,2,29.0
2026-09-07T11:00,node/5144745896,Mokka,,,,41.4371063,2.2201689,1,38.0,121.96,2,29.0
2026-09-07T11:00,node/5156690125,Loc,,,,41.4351636,2.2283155,1,38.0,121.96,2,29.0
2026-09-07T11:00,node/5160440326,Les Termes Bdn,,,,41.4520115,2.2476488,1,38.0,121.96,2,29.0
2026-09-07T11:00,node/5167185733,La Sucursal,,,,41.3806502,2.1611889,0,38.0,121.96,2,29.0
2026-09-07T11:00,node/5167569072,El Mercader de L'Eixample,,,,41.3923316,2.1603286,1,38.0,121.96,2,29.0
2026-09-07T11:00,node/5168232324,Colmado,,,,41.3819235,2.1744264,0,38.0,121.96,2,29.0
2026-09-07T11:00,node/5175039621,Green's,,,,41.3959672,2.1496553,0,38.0,121.96,2,29.0
2026-09-07T11:00,node/5176233727,Els Porxos,,,,41.4031581,2.1751611,0,38.0,121.96,2,29.0
2026-09-07T11:00,node/5182260830,Catafal,,,,41.4088089,2.1468574,0,38.0,121.96,2,29.0
2026-09-07T11:00,node/5190930121,Casa Ángel,,,,41.4070235,2.1818566,1,38.0,121.96,2,29.0
2026-09-07T11:00,node/5192085421,Esterri,,,,41.3812805,2.1618108,1,38.0,121.96,2,29.0
2026-09-07T11:00,node/5198200824,Copa d'Or,,,,41.3963876,2.1688461,1,38.0,121.96,2,29.0
2026-09-07T11:00,node/5198200829,Gyoza Bistró,,,,41.3940771,2.1723519,0,38.0,121.96,2,29.0
2026-09-07T11:00,node/5198201036,Nou Can Codina,,,,41.3989586,2.1608728,0,38.0,121.96,2,29.0
2026-09-07T11:00,node/5198201122,La Particcela,,,,41.3961328,2.1697679,1,38.0,121.96,2,29.0
2026-09-07T11:00,node/5198201124,Riko's Braseria - Restaurante,,,,41.3929731,2.1692667,0,38.0,121.96,2,29.0
2026-09-07T11:00,node/5199743028,seven7seven,,,,41.3898868,2.1622344,0,38.0,121.96,2,29.0
2026-09-07T11:00,node/5207046925,Sense Nom,,,,41.3843558,2.1622563,1,38.0,121.96,2,29.0
2026-09-07T11:00,node/5207067522,El Maravillas,,,,41.3868914,2.1323626,0,38.0,121.96,2,29.0
2026-09-07T11:00,node/5208223424,Bonastre,,,,41.3774986,2.1587463,0,38.0,121.96,2,29.0
2026-09-07T11:00,node/5212252535,Tariq,,,,41.4477214,2.2405051,1,38.0,121.96,2,29.0
2026-09-07T11:00,node/5218828496,Conecta,,,,41.4388265,2.2253266,1,38.0,121.96,2,29.0
2026-09-07T11:00,node/5218828499,Sweet dolç,,,,41.4385456,2.2254351,1,38.0,121.96,2,29.0
2026-09-07T11:00,node/5226505321,Bodega E. Marin,,,,41.4025586,2.1609645,0,38.0,121.96,2,29.0
2026-09-07T11:00,node/5228942946,La Pubilla,,,,41.3995748,2.1536674,0,38.0,121.96,2,29.0
2026-09-07T11:00,node/5237627856,Tasmango Dessert,,,,41.3909254,2.1784375,0,38.0,121.96,2,29.0
2026-09-07T11:00,node/5238186123,Lennox,,,,41.3834186,2.1829502,1,38.0,121.96,2,29.0
2026-09-07T11:00,node/5271863048,Rest. Alexandre,,,,41.4322501,2.1835476,0,38.0,121.96,2,29.0
2026-09-07T11:00,node/5286467104,Granja Monsul,,,,41.4437723,2.2239591,1,38.0,121.96,2,29.0
2026-09-07T11:00,node/5298404593,Próspero,,,,41.4382431,2.2237839,1,38.0,121.96,2,29.0
2026-09-07T11:00,node/5298404603,Bar Salamanca,,,,41.4388532,2.2246477,1,38.0,121.96,2,29.0
2026-09-07T11:00,node/5298405327,Bar Benuga,,,,41.4383471,2.2243229,1,38.0,121.96,2,29.0
2026-09-07T11:00,node/5298405384,Bar Rocío Los Cazadores,,,,41.4389682,2.2252641,1,38.0,121.96,2,29.0
2026-09-07T11:00,node/5299921764,Bar Crack,,,,41.4343466,2.2189911,1,38.0,121.96,2,29.0
2026-09-07T11:00,node/5299921811,Can Daura,,,,41.4358077,2.2218721,1,38.0,121.96,2,29.0
2026-09-07T11:00,node/5299922525,Bar La Imperial,,,,41.4354603,2.2205399,1,38.0,121.96,2,29.0
2026-09-07T11:00,node/5299922526,Bar Marta,,,,41.4349148,2.2200469,1,38.0,121.96,2,29.0
2026-09-07T11:00,node/5313632423,365,,,,41.3789307,2.1718613,0,38.0,121.96,2,29.0
2026-09-07T11:00,node/5327570662,Ancestral,,,,41.3977332,2.1656576,0,38.0,121.96,2,29.0
2026-09-07T11:00,node/5347967007,Bar Marín,,,,41.4474106,2.2217195,1,38.0,121.96,2,29.0
2026-09-07T11:00,node/5347967009,Bar La Cantonada,,,,41.4474812,2.2209325,1,38.0,121.96,2,29.0
2026-09-07T11:00,node/5363964402,El gran croissant,,,,41.4359355,2.2167366,1,38.0,121.96,2,29.0
2026-09-07T11:00,node/5395531687,Las Marismas,,,,41.3701297,2.1215161,1,38.0,121.96,2,29.0
2026-09-07T11:00,node/5407919537,El Yate,,,,41.4039787,2.1367463,0,38.0,121.96,2,29.0
2026-09-07T11:00,node/5417517130,Tou Kichi Rou,,,,41.3919953,2.1432267,0,38.0,121.96,2,29.0
2026-09-07T11:00,node/5418243448,La Pampa,,,,41.3793623,2.1879402,0,38.0,121.96,2,29.0
2026-09-07T11:00,node/5418243450,els maians,,,,41.3786757,2.1882219,0,38.0,121.96,2,29.0
2026-09-07T11:00,node/5418243451,no30,,,,41.3791653,2.1879988,0,38.0,121.96,2,29.0
2026-09-07T11:00,node/5418243452,Lolita,,,,41.3783615,2.1882936,0,38.0,121.96,2,29.0
2026-09-07T11:00,node/5418243454,Reina Margherita,,,,41.3792655,2.1879835,0,38.0,121.96,2,29.0
2026-09-07T11:00,node/5434314893,PolkaBarcelona,,,,41.3859057,2.1326565,0,38.0,121.96,2,29.0
2026-09-07T11:00,node/5485540627,Bar Placídia,,,,41.3999472,2.1524915,0,38.0,121.96,2,29.0
2026-09-07T11:00,node/5487473548,Cafè Mos,,,,41.4143487,2.1384116,0,38.0,121.96,2,29.0
2026-09-07T11:00,node/5498351755,365 Cafeteria Forn de Pa,,,,41.3747778,2.1626826,0,38.0,121.96,2,29.0
2026-09-07T11:00,node/5509139428,La Carmanyola,,,,41.4013829,2.2068942,1,38.0,121.96,2,29.0
2026-09-07T11:00,node/5536153362,Cafeteria La Dona,,,,41.4396715,2.2242727,1,38.0,121.96,2,29.0
2026-09-07T11:00,node/5564055763,Panda & Smile,,,,41.3842068,2.1585673,0,38.0,121.96,2,29.0
2026-09-07T11:00,node/5564064431,Atrapatapa,,,,41.3832362,2.1568636,1,38.0,121.96,2,29.0
2026-09-07T11:00,node/5595134220,Cervecería Amoretty's 3,,,,41.4412382,2.2200117,1,38.0,121.96,2,29.0
2026-09-07T11:00,node/5606506169,Sincopa,,,,41.3803881,2.1789886,0,38.0,121.96,2,29.0
2026-09-07T11:00,node/5611733921,Buenas Migas,,,,41.4024253,2.1743326,0,38.0,121.96,2,29.0
2026-09-07T11:00,node/5617465886,Amateur,,,,41.3967536,2.1962847,0,38.0,121.96,2,29.0
2026-09-07T11:00,node/5646412432,Made in Sicily,,,,41.4483394,2.2490191,1,38.0,121.96,2,29.0
2026-09-07T11:00,node/5646415922,La Bella Istambul,,,,41.4479233,2.2494906,1,38.0,121.96,2,29.0
2026-09-07T11:00,node/5658288082,Can Teixidó,,,,41.4491148,2.2483189,1,38.0,121.96,2,29.0
2026-09-07T11:00,node/5663240986,Cafè Escac,,,,41.3837378,2.1695562,0,38.0,121.96,2,29.0
2026-09-07T11:00,node/5676005621,CACHO,,,,41.3931048,2.1910878,1,38.0,121.96,2,29.0
2026-09-07T11:00,node/5718757792,360°,,,,41.3790957,2.1696433,0,38.0,121.96,2,29.0
2026-09-07T11:00,node/5793057257,Bar Granja el Chiquitín,,,,41.4398176,2.2263171,1,38.0,121.96,2,29.0
2026-09-07T11:00,node/5796742218,The Clock,,,,41.3754168,2.1482785,1,38.0,121.96,2,29.0
2026-09-07T11:00,node/5805410453,Morrow Coffee,,,,41.3771392,2.1513283,1,38.0,121.96,2,29.0
2026-09-07T11:00,node/5806521955,Paisano Bistró,,,,41.4048549,2.1759323,0,38.0,121.96,2,29.0
2026-09-07T11:00,node/5856758686,El racó de les tapes,,,,41.4357708,2.1910224,0,38.0,121.96,2,29.0
2026-09-07T11:00,node/5878496985,UDON,,,,41.4051569,2.1921906,0,38.0,121.96,2,29.0
2026-09-07T11:00,node/5916157285,Bar Castells,,,,41.3841472,2.1698121,0,38.0,121.96,2,29.0
2026-09-07T11:00,node/5923867889,,,,,41.4406062,2.2451514,1,38.0,121.96,2,29.0
2026-09-07T11:00,node/5930228787,Mi casa,,,,41.3993608,2.1535771,0,38.0,121.96,2,29.0
2026-09-07T11:00,node/5933808740,Kserol,,,,41.3986236,2.1753141,0,38.0,121.96,2,29.0
2026-09-07T11:00,node/5944781772,Restaurante Burning Rock&Food,,,,41.3746837,2.1311612,0,38.0,121.96,2,29.0
2026-09-07T11:00,node/5951964888,el Fornet,,,,41.3882003,2.1723419,0,38.0,121.96,2,29.0
2026-09-07T11:00,node/5972440521,Feroz,,,,41.3965882,2.1508404,1,38.0,121.96,2,29.0
2026-09-07T11:00,node/5980982393,Pepa Tomate,,,,41.3767661,2.1627826,0,38.0,121.96,2,29.0
2026-09-07T11:00,node/6000108088,La Neura,,,,41.4002093,2.1660134,1,38.0,121.96,2,29.0
2026-09-07T11:00,node/6009236381,Mesón Balouta,,,,41.4384121,2.1649296,0,38.0,121.96,2,29.0
2026-09-07T11:00,node/6010958538,Bar Avenida,,,,41.4371962,2.2238498,1,38.0,121.96,2,29.0
2026-09-07T11:00,node/6010958540,Bar Trébol BCN,,,,41.4352675,2.2193633,1,38.0,121.96,2,29.0
2026-09-07T11:00,node/6027971388,Novell,,,,41.4070495,2.1667319,0,38.0,121.96,2,29.0
2026-09-07T11:00,node/6038827086,Honest Greens,,,,41.3986972,2.1569862,0,38.0,121.96,2,29.0
2026-09-07T11:00,node/6066258257,Bar Roma Sports,,,,41.4449369,2.2223513,1,38.0,121.96,2,29.0
2026-09-07T11:00,node/6089625321,Vivari,,,,41.3973187,2.1676233,0,38.0,121.96,2,29.0
2026-09-07T11:00,node/6093865396,The FRESH POKE,,,,41.3975268,2.1644457,1,38.0,121.96,2,29.0
2026-09-07T11:00,node/6093944886,Nicasso,,,,41.4072456,2.1873211,0,38.0,121.96,2,29.0
2026-09-07T11:00,node/6096656135,Yoi Yoi Gion,,,,41.3965593,2.1606187,0,38.0,121.96,2,29.0
2026-09-07T11:00,node/6104559348,Belles Arts II,,,,41.3872827,2.1361782,1,38.0,121.96,2,29.0
2026-09-07T11:00,node/6104561002,Toyodo,,,,41.3866914,2.1375355,0,38.0,121.96,2,29.0
2026-09-07T11:00,node/6106764321,Il Caffe di Francesco,,,,41.3930707,2.1642758,0,38.0,121.96,2,29.0
2026-09-07T11:00,node/6109526596,El Cuiner de Damasc,,,,41.3814196,2.1776754,0,38.0,121.96,2,29.0
2026-09-07T11:00,node/6110978486,Bonaparte,,,,41.4775805,2.0724847,1,38.0,121.96,2,29.0
2026-09-07T11:00,node/6123253862,Bar Granja Oasis,,,,41.3505068,2.1127043,1,38.0,121.96,2,29.0
2026-09-07T11:00,node/6126749461,Cantero,,,,41.3942111,2.1902433,1,38.0,121.96,2,29.0
2026-09-07T11:00,node/6164234382,Poké Sí,,,,41.4052321,2.1924708,0,38.0,121.96,2,29.0
2026-09-07T11:00,node/6164236104,Palo Verde,,,,41.4047343,2.1968042,1,38.0,121.96,2,29.0
2026-09-07T11:00,node/6166398253,Panet,,,,41.3861845,2.1430687,0,38.0,121.96,2,29.0
2026-09-07T11:00,node/6182404055,Kasa,,,,41.3861348,2.1656868,0,38.0,121.96,2,29.0
2026-09-07T11:00,node/6188914880,Bella Venezia,,,,41.3965502,2.1644865,0,38.0,121.96,2,29.0
2026-09-07T11:00,node/6188922858,Arc iris,,,,41.3998386,2.1715382,0,38.0,121.96,2,29.0
2026-09-07T11:00,node/6193461695,Sun Market,,,,41.3928465,2.1569854,0,38.0,121.96,2,29.0
2026-09-07T11:00,node/6193479448,Akashi Sushi Bar,,,,41.3923045,2.1558108,0,38.0,121.96,2,29.0
2026-09-07T11:00,node/6200571548,La Svolta,,,,41.4061025,2.1515184,0,38.0,121.96,2,29.0
2026-09-07T11:00,node/6202321417,La Tapeta del Coll,,,,41.4179646,2.1467035,1,38.0,121.96,2,29.0
2026-09-07T11:00,node/6204104907,La Papa,,,,41.3898088,2.1577366,0,38.0,121.96,2,29.0
2026-09-07T11:00,node/6216083704,La Coma,,,,41.3401472,2.1265697,1,38.0,121.96,2,29.0
2026-09-07T11:00,node/6216218158,la Zona,,,,41.3460291,2.1439158,1,38.0,121.96,2,29.0
2026-09-07T11:00,node/6216756977,Estrella de Istanbul,,,,41.4098375,2.1751296,0,38.0,121.96,2,29.0
2026-09-07T11:00,node/6230395442,Akelarre,,,,41.3892275,2.1373726,0,38.0,121.96,2,29.0
2026-09-07T11:00,node/6230407068,Starbucks,,,,41.3951351,2.1581903,0,38.0,121.96,2,29.0
2026-09-07T11:00,node/6232752417,El Taller,,,,41.3587511,2.1404908,0,38.0,121.96,2,29.0
2026-09-07T11:00,node/6237797177,Luri,,,,41.3977931,2.1514901,1,38.0,121.96,2,29.0
2026-09-07T11:00,node/6246525924,in blue,,,,41.3877036,2.1368756,0,38.0,121.96,2,29.0
2026-09-07T11:00,node/6250219942,Al sur,,,,41.3941572,2.1586822,0,38.0,121.96,2,29.0
2026-09-07T11:00,node/6258570565,Dino Pan,,,,41.3824376,2.1318622,0,38.0,121.96,2,29.0
2026-09-07T11:00,node/6258570699,Don Sándwich,,,,41.3820321,2.1315862,0,38.0,121.96,2,29.0
2026-09-07T11:00,node/6258715958,La Lluna de Gavà,,,,41.3672801,2.1403759,1,38.0,121.96,2,29.0
2026-09-07T11:00,node/6258718433,La Toscana,,,,41.3805625,2.1323335,0,38.0,121.96,2,29.0
2026-09-07T11:00,node/6258718652,Cafeteria Melody Bar,,,,41.3779464,2.1338934,0,38.0,121.96,2,29.0
2026-09-07T11:00,node/6258719247,Bar Florida,,,,41.3592896,2.1399844,0,38.0,121.96,2,29.0
2026-09-07T11:00,node/6260784864,La Cabaña,,,,41.3699161,2.1341331,0,38.0,121.96,2,29.0
2026-09-07T11:00,node/6260786193,Goiko Grill,,,,41.3656448,2.1357604,1,38.0,121.96,2,29.0
2026-09-07T11:00,node/6264834185,König,,,,41.3862163,2.1827612,0,38.0,121.96,2,29.0
2026-09-07T11:00,node/6298115913,N.A.P.,,,,41.3774834,2.1900137,0,38.0,121.96,2,29.0
2026-09-07T11:00,node/6316025985,L'Esclop,,,,41.3768262,2.1577412,0,38.0,121.96,2,29.0
2026-09-07T11:00,node/6330973943,Don Kilo,,,,41.3998564,2.1639573,0,38.0,121.96,2,29.0
2026-09-07T11:00,node/6333708759,SandwiChez,,,,41.3941488,2.1694356,1,38.0,121.96,2,29.0
2026-09-07T11:00,node/6334053687,Cafè Yafa,,,,41.3997495,2.1643963,0,38.0,121.96,2,29.0
2026-09-07T11:00,node/6334053692,La Mananta,,,,41.3994169,2.1648424,1,38.0,121.96,2,29.0
2026-09-07T11:00,node/6339732807,La Soca 2,,,,41.3912352,2.1594135,0,38.0,121.96,2,29.0
2026-09-07T11:00,node/6339732809,Creps Barcelona,,,,41.3905618,2.1590619,0,38.0,121.96,2,29.0
2026-09-07T11:00,node/6357834156,Les gens que j'aime bar,,,,41.3936947,2.1648505,0,38.0,121.96,2,29.0
2026-09-07T11:00,node/6381462875,Comarca Cuina L’Hocal,,,,41.3609203,2.1295937,1,38.0,121.96,2,29.0
2026-09-07T11:00,node/6424929026,Cafeteria Samy's,,,,41.3637433,2.1369241,0,38.0,121.96,2,29.0
2026-09-07T11:00,node/6424929700,Sakuraya,,,,41.3653001,2.1307952,1,38.0,121.96,2,29.0
2026-09-07T11:00,node/6431480513,Restaurant Bodega de Tapas,,,,41.3772493,2.1371156,1,38.0,121.96,2,29.0
2026-09-07T11:00,node/6431508292,Bodega Salvat,,,,41.3711848,2.1345217,0,38.0,121.96,2,29.0
2026-09-07T11:00,node/6431508293,Jaqueline's,,,,41.3682256,2.1345214,0,38.0,121.96,2,29.0
2026-09-07T11:00,node/6431508485,Japonia Café,,,,41.3806518,2.1387176,1,38.0,121.96,2,29.0
2026-09-07T11:00,node/6431508488,La Bodegueta de Sants,,,,41.3710695,2.1344235,0,38.0,121.96,2,29.0
2026-09-07T11:00,node/6431512182,Bar Montevideo,,,,41.3693939,2.1342386,1,38.0,121.96,2,29.0
2026-09-07T11:00,node/6431558869,Bar Alegría,,,,41.3629394,2.1373301,0,38.0,121.96,2,29.0
2026-09-07T11:00,node/6431559030,Bar El Faro,,,,41.3628529,2.1373795,0,38.0,121.96,2,29.0
2026-09-07T11:00,node/6433259684,Entre Copas,,,,41.3621672,2.0761548,1,38.0,121.96,2,29.0
2026-09-07T11:00,node/6438381289,Vera Café,,,,41.3883674,2.1779512,0,38.0,121.96,2,29.0
2026-09-07T11:00,node/6441451785,Líder de Istanbul,,,,41.3752687,2.1338088,0,38.0,121.96,2,29.0
2026-09-07T11:00,node/6445233216,Gyoza Bar,,,,41.3931059,2.1798949,1,38.0,121.96,2,29.0
2026-09-07T11:00,node/6450380989,Bar But,,,,41.3979648,2.1593688,0,38.0,121.96,2,29.0
2026-09-07T11:00,node/6450381086,La Porxada,,,,41.4030026,2.1637245,0,38.0,121.96,2,29.0
2026-09-07T11:00,node/6462934229,Concordia,,,,41.3864201,2.1321758,0,38.0,121.96,2,29.0
2026-09-07T11:00,node/6475037976,L'Oasi a Consell,,,,41.3830142,2.1547507,0,38.0,121.96,2,29.0
2026-09-07T11:00,node/6477273844,Fandango,,,,41.3982346,2.1423415,1,38.0,121.96,2,29.0
2026-09-07T11:00,node/6506313588,Antigua,,,,41.3980086,2.1492952,0,38.0,121.96,2,29.0
2026-09-07T11:00,node/6507308246,L'Antica Pizzeria Da Michele,,,,41.3928154,2.1682858,0,38.0,121.96,2,29.0
2026-09-07T11:00,node/6532206187,Yü Sushi,,,,41.4032734,2.2032208,0,38.0,121.96,2,29.0
2026-09-07T11:00,node/6532330793,La Xemeneia,,,,41.4016359,2.2048002,1,38.0,121.96,2,29.0
2026-09-07T11:00,node/6535101686,Alma Loca,,,,41.3992845,2.1970974,0,38.0,121.96,2,29.0
2026-09-07T11:00,node/6538194375,Mr. White,,,,41.3761815,2.1601126,0,38.0,121.96,2,29.0
2026-09-07T11:00,node/6568369188,Elpilar,,,,41.4000903,2.1489875,1,38.0,121.96,2,29.0
2026-09-07T11:00,node/6597321587,Welcome,,,,41.4065151,2.1509474,0,38.0,121.96,2,29.0
2026-09-07T11:00,node/6600189447,café bar juli-mac,,,,41.3782625,2.1239845,0,38.0,121.96,2,29.0
2026-09-07T11:00,node/6642989000,El Pa Sencer,,,,41.3835483,2.1341796,0,38.0,121.96,2,29.0
2026-09-07T11:00,node/6642989001,Ateneu Popular de les Corts,,,,41.3826968,2.1329407,0,38.0,121.96,2,29.0
2026-09-07T11:00,node/6680396487,La prorroga,,,,41.4032976,2.1567512,0,38.0,121.96,2,29.0
2026-09-07T11:00,node/6680687871,La Mar Salada,,,,41.3768035,2.1888904,0,38.0,121.96,2,29.0
2026-09-07T11:00,node/6681709948,Kiltro Gràcia,,,,41.4018317,2.1544539,0,38.0,121.96,2,29.0
2026-09-07T11:00,node/6710510485,Catedral 1951,,,,41.3849142,2.1757337,1,38.0,121.96,2,29.0
2026-09-07T11:00,node/6750944404,Brasaña,,,,41.3605721,2.1345777,0,38.0,121.96,2,29.0
2026-09-07T11:00,node/6757307686,Kitsu,,,,41.4017918,2.1543486,0,38.0,121.96,2,29.0
2026-09-07T11:00,node/6757314489,LomoAlto,,,,41.3936053,2.1663935,0,38.0,121.96,2,29.0
2026-09-07T11:00,node/6766273102,inti & chaska,,,,41.3886755,2.1599487,0,38.0,121.96,2,29.0
2026-09-07T11:00,node/6771863086,Montseny,,,,41.4070642,2.1804416,0,38.0,121.96,2,29.0
2026-09-07T11:00,node/6775495571,El Petit,,,,41.3298893,2.0988681,1,38.0,121.96,2,29.0
2026-09-07T11:00,node/6782427526,Híbrid Cafè Restaurant,,,,41.3771219,2.1203336,1,38.0,121.96,2,29.0
2026-09-07T11:00,node/6786006588,365,,,,41.3820297,2.1697221,0,38.0,121.96,2,29.0
2026-09-07T11:00,node/6790695789,El Rincón de la Abuela Venezolana,,,,41.4058359,2.1788147,0,38.0,121.96,2,29.0
2026-09-07T11:00,node/6805613085,Bar la Cabaña,,,,41.4071784,2.1778546,1,38.0,121.96,2,29.0
2026-09-07T11:00,node/6812099686,La Xurreria de Maria,,,,41.4050102,2.1750002,1,38.0,121.96,2,29.0
2026-09-07T11:00,node/6821384885,Blu Bar,,,,41.3983358,2.2045648,1,38.0,121.96,2,29.0
2026-09-07T11:00,node/6835358009,Murivecci,,,,41.3874075,2.1828282,0,38.0,121.96,2,29.0
2026-09-07T11:00,node/6852974547,Garrido,,,,41.3603039,2.1401381,0,38.0,121.96,2,29.0
2026-09-07T11:00,node/6852994516,La Patatona,,,,41.3604651,2.1400108,1,38.0,121.96,2,29.0
2026-09-07T11:00,node/6855027201,Bar Sandwicheria Enka 3,,,,41.3758876,2.1221107,0,38.0,121.96,2,29.0
2026-09-07T11:00,node/6871523347,Cafe Punto 10,,,,41.3805947,2.1364501,0,38.0,121.96,2,29.0
2026-09-07T11:00,node/6914132390,El Nou Ramonet,,,,41.3817315,2.1876268,0,38.0,121.96,2,29.0
2026-09-07T11:00,node/6946328085,Cremat 11,,,,41.3855109,2.1810205,0,38.0,121.96,2,29.0
2026-09-07T11:00,node/6973926711,Syra Coffee,,,,41.3965047,2.1941864,0,38.0,121.96,2,29.0
2026-09-07T11:00,node/6983227455,SNOOKER - Cocteles y Billarea,,,,41.3921561,2.1703663,0,38.0,121.96,2,29.0
2026-09-07T11:00,node/7002869606,Chebú,,,,41.3791162,2.1515085,0,38.0,121.96,2,29.0
2026-09-07T11:00,node/7003296923,Triple Sec,,,,41.3747448,2.1609868,0,38.0,121.96,2,29.0
2026-09-07T11:00,node/7004598841,Orange Coffee,,,,41.4052864,2.1712189,0,38.0,121.96,2,29.0
2026-09-07T11:00,node/7014308129,Bar Bodega Lentejil,,,,41.4429922,2.2175094,1,38.0,121.96,2,29.0
2026-09-07T11:00,node/7017780931,Yoüme,,,,41.3835882,2.1541892,0,38.0,121.96,2,29.0
2026-09-07T11:00,node/7098025886,El Club del Café,,,,41.4340729,2.1892624,1,38.0,121.96,2,29.0
2026-09-07T11:00,node/7124857728,Cabo,,,,41.3964797,2.1851438,0,38.0,121.96,2,29.0
2026-09-07T11:00,node/7132160620,Santagloria,,,,41.3863926,2.1243567,0,38.0,121.96,2,29.0
2026-09-07T11:00,node/7141587085,La Cereria,,,,41.3815426,2.1767152,0,38.0,121.96,2,29.0
2026-09-07T11:00,node/7150994121,Vivari,,,,41.3998419,2.1775677,0,38.0,121.96,2,29.0
2026-09-07T11:00,node/7234692489,Van van var,,,,41.3942304,2.1901096,0,38.0,121.96,2,29.0
2026-09-07T11:00,node/7318977151,,,,,41.3711664,2.1434617,1,38.0,121.96,2,29.0
2026-09-07T11:00,node/7318977155,Bar Joaquim,,,,41.3704145,2.1424922,1,38.0,121.96,2,29.0
2026-09-07T11:00,node/7318977156,Vivari,,,,41.3686165,2.1410874,1,38.0,121.96,2,29.0
2026-09-07T11:00,node/7431790448,Santagloria,,,,41.3896086,2.1200086,0,38.0,121.96,2,29.0
2026-09-07T11:00,node/7438491414,,,,,41.3733479,2.1301506,0,38.0,121.96,2,29.0
2026-09-07T11:00,node/7504941029,Iberic Fusión Platja,,,,41.4380577,2.2431806,1,38.0,121.96,2,29.0
2026-09-07T11:00,node/7504941031,l'Altre Can Mario's,,,,41.4405591,2.2418866,1,38.0,121.96,2,29.0
2026-09-07T11:00,node/7504941033,L'Esmolet,,,,41.4432993,2.2460741,1,38.0,121.96,2,29.0
2026-09-07T11:00,node/7504941035,la Masia de la Xesca,,,,41.4452013,2.2417838,1,38.0,121.96,2,29.0
2026-09-07T11:00,node/7556742593,Menjador del Centre,,,,41.4009756,2.2000272,0,38.0,121.96,2,29.0
2026-09-07T11:00,node/7563962192,Passeig9,,,,41.4014488,2.2009478,0,38.0,121.96,2,29.0
2026-09-07T11:00,node/7600529740,Restaurante La Flama,,,,41.3514861,2.1114722,1,38.0,121.96,2,29.0
2026-09-07T11:00,node/7618205068,El Pellizquito,,,,41.3501292,2.1105817,1,38.0,121.96,2,29.0
2026-09-07T11:00,node/7640514041,Bar Plaça Carles Buïgas,,,,41.3711833,2.1510204,1,38.0,121.96,2,29.0
2026-09-07T11:00,node/7644933199,Almirall,,,,41.4100171,2.1883052,1,38.0,121.96,2,29.0
2026-09-07T11:00,node/7704818539,Bar Granja Rocxi,,,,41.3744206,2.1339573,1,38.0,121.96,2,29.0
2026-09-07T11:00,node/7704818548,Cafès Caracas,,,,41.3748038,2.1328052,0,38.0,121.96,2,29.0
2026-09-07T11:00,node/7706832792,Cru Sants,,,,41.3721342,2.1286919,0,38.0,121.96,2,29.0
2026-09-07T11:00,node/7736420790,Mamma Italia,,,,41.3764642,2.1234304,1,38.0,121.96,2,29.0
2026-09-07T11:00,node/7772770550,Eqvilibrivm Café,,,,41.3973065,2.1697662,0,38.0,121.96,2,29.0
2026-09-07T11:00,node/7838098454,El Caserón,,,,41.3838275,2.1398498,0,38.0,121.96,2,29.0
2026-09-07T11:00,node/7925586104,Delicream,,,,41.4572921,2.2290688,1,38.0,121.96,2,29.0
2026-09-07T11:00,node/7989010587,Castañeiras,,,,41.4100358,2.1760296,0,38.0,121.96,2,29.0
2026-09-07T11:00,node/7999604058,Lilo brunch,,,,41.3873718,2.1627034,1,38.0,121.96,2,29.0
2026-09-07T11:00,node/7999616840,Bellillo,,,,41.3879362,2.1620483,1,38.0,121.96,2,29.0
2026-09-07T11:00,node/8034999886,Costa Dorada,,,,41.3980284,2.1986941,0,38.0,121.96,2,29.0
2026-09-07T11:00,node/8046554489,Sport,,,,41.4001224,2.2000188,0,38.0,121.96,2,29.0
2026-09-07T11:00,node/8049731595,Echegaray,,,,41.4018684,2.2023424,0,38.0,121.96,2,29.0
2026-09-07T11:00,node/8049732292,Doroteo,,,,41.4029636,2.2006718,0,38.0,121.96,2,29.0
2026-09-07T11:00,node/8064873985,Saramar,,,,41.3957712,2.1953013,1,38.0,121.96,2,29.0
2026-09-07T11:00,node/8077128420,Tío Bigotes,,,,41.4013922,2.2028846,0,38.0,121.96,2,29.0
2026-09-07T11:00,manual/488492e9,Bar Viejo Cafe,Bar,yes,"Carrer de la Independència, 306, Sant Martí, 08026 Barcelona",41.4116,2.1794,0,38.0,121.96,2,29.0
2026-09-07T11:00,manual/c52f6190,New 88 Bar-Cafeteria,bar,yes,,41.4094505,2.1789589,0,38.0,121.96,2,29.0
2026-09-07T11:00,manual/5d2ea7ea,Restaurant Papá Nico,bar,yes,,41.4094505,2.1789589,0,38.0,121.96,2,29.0
2026-09-07T11:00,manual/c980e39e,Restaurant El Clot,restaurant,yes,,41.4087697,2.1875592,0,38.0,121.96,2,29.0
2026-09-07T12:00,relation/18317100,,,,,41.42,2.1188352,1,46.61,138.54,0,30.0
2026-09-07T12:00,node/208984374,Central Rambla,,,,41.3782716,2.1761732,0,46.61,138.54,0,30.0
2026-09-07T12:00,way/217583616,Can Fisher,,,,41.3946034,2.2062292,1,46.61,138.54,0,30.0
2026-09-07T12:00,way/245214117,la Caseta del Migdia,,,,41.3596833,2.1607145,1,46.61,138.54,0,30.0
2026-09-07T12:00,way/246717741,Mirablau,,,,41.4160323,2.1319129,1,46.61,138.54,0,30.0
2026-09-07T12:00,way/249404809,PURO,,,,41.3911248,2.1461635,0,46.61,138.54,0,30.0
2026-09-07T12:00,way/268912897,Can Cortada,,,,41.4362503,2.1524833,1,46.61,138.54,0,30.0
2026-09-07T12:00,way/315387188,Temple del Metall,,,,41.4741706,2.1662317,1,46.61,138.54,0,30.0
2026-09-07T12:00,way/392926648,Pacha,,,,41.3857491,2.1970415,1,46.61,138.54,0,30.0
2026-09-07T12:00,way/412702054,Camping,,,,41.3953192,2.2042386,1,46.61,138.54,0,30.0
2026-09-07T12:00,way/443599336,Asador Casa Juaco,,,,41.4476663,2.1426909,1,46.61,138.54,0,30.0
2026-09-07T12:00,way/446002194,La Base by Farré,,,,41.3967358,2.2101884,1,46.61,138.54,0,30.0
2026-09-07T12:00,node/476327681,Can Paixano,,,,41.3817618,2.1834151,0,46.61,138.54,0,30.0
2026-09-07T12:00,node/506202703,Bar Almogávares,,,,41.3962323,2.1890864,0,46.61,138.54,0,30.0
2026-09-07T12:00,way/519771543,Restaurant Can Cases,,,,41.4343885,2.0985276,1,46.61,138.54,0,30.0
2026-09-07T12:00,node/534367691,Sant Bartomeu,,,,41.3755248,2.1346488,0,46.61,138.54,0,30.0
2026-09-07T12:00,node/643022131,Euro Bar-Tapas,,,,41.4342324,2.2161197,1,46.61,138.54,0,30.0
2026-09-07T12:00,node/643429648,Joan Figuera,,,,41.4336545,2.2169391,1,46.61,138.54,0,30.0
2026-09-07T12:00,node/643496696,El rincón de Willy,,,,41.4380246,2.2180623,1,46.61,138.54,0,30.0
2026-09-07T12:00,node/643496704,Bar Somni d'estiu,,,,41.4382361,2.2166687,1,46.61,138.54,0,30.0
2026-09-07T12:00,way/655221168,L'Ovella Negra Marina,,,,41.3960196,2.1901331,1,46.61,138.54,0,30.0
2026-09-07T12:00,node/660004524,Bocatapa Can Manel,,,,41.4413833,2.2212875,1,46.61,138.54,0,30.0
2026-09-07T12:00,node/672140180,Kasparo,,,,41.3844847,2.1690087,1,46.61,138.54,0,30.0
2026-09-07T12:00,node/704031158,Café Zurich,,,,41.3858504,2.1694606,1,46.61,138.54,0,30.0
2026-09-07T12:00,node/704042058,Starbucks,,,,41.3888305,2.1719117,1,46.61,138.54,0,30.0
2026-09-07T12:00,node/704058886,Tapa Tapa,,,,41.3916926,2.1660167,1,46.61,138.54,0,30.0
2026-09-07T12:00,node/704060428,Oassis Natural Cooking,,,,41.3901637,2.1678915,0,46.61,138.54,0,30.0
2026-09-07T12:00,node/704066257,Ciutat Comtal,,,,41.3888272,2.1668833,1,46.61,138.54,0,30.0
2026-09-07T12:00,node/704066614,Taller de Tapas,,,,41.3905645,2.1639038,0,46.61,138.54,0,30.0
2026-09-07T12:00,way/707305723,Bar Frankfurt Cafeteria Fabregada,,,,41.3561748,2.1108239,1,46.61,138.54,0,30.0
2026-09-07T12:00,node/745947750,Bar Geminis,,,,41.3976224,2.1807778,0,46.61,138.54,0,30.0
2026-09-07T12:00,node/765796519,La Cafetera,,,,41.4049767,2.1575215,0,46.61,138.54,0,30.0
2026-09-07T12:00,node/814006271,Les 15 Nits Bar,,,,41.3804529,2.1749778,1,46.61,138.54,0,30.0
2026-09-07T12:00,node/819552792,Bracafe,,,,41.3944249,2.1675209,1,46.61,138.54,0,30.0
2026-09-07T12:00,node/824476551,Caleuche,,,,41.3761526,2.1686172,1,46.61,138.54,0,30.0
2026-09-07T12:00,node/830462039,Bar Restaurant Angela,,,,41.4043015,2.1949428,1,46.61,138.54,0,30.0
2026-09-07T12:00,way/907005766,Chevy's Bar,,,,41.4143731,2.2289499,1,46.61,138.54,0,30.0
2026-09-07T12:00,way/969257968,,,,,41.3793991,2.1073385,1,46.61,138.54,0,30.0
2026-09-07T12:00,way/1063378975,Bar Restaurant Oliver,,,,41.3469215,2.1546999,1,46.61,138.54,0,30.0
2026-09-07T12:00,node/1072798261,Taverna del Bisbe,,,,41.3849254,2.1766628,0,46.61,138.54,0,30.0
2026-09-07T12:00,node/1072800838,El Cafè D'en Victor,,,,41.3847931,2.1767008,0,46.61,138.54,0,30.0
2026-09-07T12:00,node/1083144027,Los Caracoles,,,,41.3796584,2.1765082,0,46.61,138.54,0,30.0
2026-09-07T12:00,node/1092685793,Elche,,,,41.3739754,2.1691488,0,46.61,138.54,0,30.0
2026-09-07T12:00,way/1112240803,ForumStation,,,,41.4096655,2.2221501,1,46.61,138.54,0,30.0
2026-09-07T12:00,node/1177498341,Casa Vall,,,,41.4074238,2.1585521,0,46.61,138.54,0,30.0
2026-09-07T12:00,node/1192698924,Bilbao Berria,,,,41.3841976,2.1748665,0,46.61,138.54,0,30.0
2026-09-07T12:00,node/1192699873,Tapas 24,,,,41.3908686,2.1674705,0,46.61,138.54,0,30.0
2026-09-07T12:00,way/1200964257,Chiringuito Joan Miro,,,,41.3789977,2.1478116,1,46.61,138.54,0,30.0
2026-09-07T12:00,node/1264182304,Tosca del Carme,,,,41.3819482,2.1695795,1,46.61,138.54,0,30.0
2026-09-07T12:00,node/1280416455,Carballeira,,,,41.4442679,2.2217701,1,46.61,138.54,0,30.0
2026-09-07T12:00,way/1300745688,La Casona de Sant Just,,,,41.3833348,2.0735139,1,46.61,138.54,0,30.0
2026-09-07T12:00,node/1310450869,El Filete Ruso,,,,41.3925451,2.1558968,1,46.61,138.54,0,30.0
2026-09-07T12:00,node/1312325106,La Palmera,,,,41.4144229,2.1385123,0,46.61,138.54,0,30.0
2026-09-07T12:00,node/1314943380,Mescladís del Pou,,,,41.3870865,2.1803497,0,46.61,138.54,0,30.0
2026-09-07T12:00,node/1335697982,,,,,41.3608771,2.1101417,1,46.61,138.54,0,30.0
2026-09-07T12:00,way/1368167814,Natura Beach. El Chiringuito,,,,41.4028929,2.2157443,1,46.61,138.54,0,30.0
2026-09-07T12:00,node/1420760625,Tapeo,,,,41.4044988,2.1554811,0,46.61,138.54,0,30.0
2026-09-07T12:00,node/1420760630,Diamant,,,,41.4042174,2.1555899,1,46.61,138.54,0,30.0
2026-09-07T12:00,node/1428867664,Café Berlin,,,,41.3943566,2.1494599,1,46.61,138.54,0,30.0
2026-09-07T12:00,node/1430537485,Oasis Restaurant,,,,41.3827219,2.1847191,1,46.61,138.54,0,30.0
2026-09-07T12:00,node/1445598557,Bracafe,,,,41.3948025,2.1817533,1,46.61,138.54,0,30.0
2026-09-07T12:00,node/1554649942,Torrades,,,,41.4375721,2.1566095,0,46.61,138.54,0,30.0
2026-09-07T12:00,node/1554649988,La Panera,,,,41.4374756,2.1563359,0,46.61,138.54,0,30.0
2026-09-07T12:00,node/1658425572,Rebeka,,,,41.3967185,2.1890325,1,46.61,138.54,0,30.0
2026-09-07T12:00,node/1685949861,Cerveceria Milenium 2,,,,41.3534566,2.0866307,1,46.61,138.54,0,30.0
2026-09-07T12:00,node/1711342192,Calero's Centre,,,,41.3744728,2.1349721,0,46.61,138.54,0,30.0
2026-09-07T12:00,node/1722136431,Cervecería Catalana,,,,41.3924032,2.1609008,0,46.61,138.54,0,30.0
2026-09-07T12:00,node/1739122591,La Tagliatella,,,,41.3943371,2.1521208,0,46.61,138.54,0,30.0
2026-09-07T12:00,node/1813593370,Bar Capricornio,,,,41.4381257,2.2179547,1,46.61,138.54,0,30.0
2026-09-07T12:00,node/1820633320,CASA TEVA,,,,41.3752815,2.1166845,1,46.61,138.54,0,30.0
2026-09-07T12:00,node/1824133931,Carmesí,,,,41.3737373,2.1644452,0,46.61,138.54,0,30.0
2026-09-07T12:00,node/1948986220,Cafeteria UPF Jaume I,,,,41.3900298,2.1901118,0,46.61,138.54,0,30.0
2026-09-07T12:00,node/1948987514,Cafeteria UPF Roger de Lluria,,,,41.3886776,2.1915119,1,46.61,138.54,0,30.0
2026-09-07T12:00,node/1951812612,Casa Pagès,,,,41.3998447,2.1613114,0,46.61,138.54,0,30.0
2026-09-07T12:00,node/1960366982,Casa Amalia,,,,41.3962525,2.1685646,0,46.61,138.54,0,30.0
2026-09-07T12:00,node/1984001407,Bar de la FIB,,,,41.3894239,2.1132363,0,46.61,138.54,0,30.0
2026-09-07T12:00,node/2034780565,Cerbeseria Lesseps,,,,41.4073551,2.1514486,1,46.61,138.54,0,30.0
2026-09-07T12:00,node/2034780569,L'Brasseria,,,,41.4067629,2.1516314,1,46.61,138.54,0,30.0
2026-09-07T12:00,node/2056517879,Caelum,,,,41.3830524,2.1744369,0,46.61,138.54,0,30.0
2026-09-07T12:00,node/2065469522,Restaurant Pipa,,,,41.3997461,2.2003004,1,46.61,138.54,0,30.0
2026-09-07T12:00,node/2087204991,La Sanguchería,,,,41.3954987,2.1484037,0,46.61,138.54,0,30.0
2026-09-07T12:00,node/2091604731,Tapa Tapa,,,,41.3762094,2.1500463,1,46.61,138.54,0,30.0
2026-09-07T12:00,node/2112843062,El Vaixell-2,,,,41.4541291,2.2350201,1,46.61,138.54,0,30.0
2026-09-07T12:00,node/2165154147,Asador de Lugo,,,,41.3797623,2.1376748,0,46.61,138.54,0,30.0
2026-09-07T12:00,node/2184580476,Bar del Pi,,,,41.3824922,2.1739624,1,46.61,138.54,0,30.0
2026-09-07T12:00,node/2187210264,Sopa,,,,41.4023416,2.1952788,1,46.61,138.54,0,30.0
2026-09-07T12:00,node/2197824500,Tierra del fuego,,,,41.4016702,2.2016399,0,46.61,138.54,0,30.0
2026-09-07T12:00,node/2213839299,Pollo Rico,,,,41.3791045,2.1721976,0,46.61,138.54,0,30.0
2026-09-07T12:00,node/2364075421,Chen-Ji,,,,41.3936143,2.1807074,0,46.61,138.54,0,30.0
2026-09-07T12:00,node/2434563732,La Bella Napoli,,,,41.3743686,2.1637621,0,46.61,138.54,0,30.0
2026-09-07T12:00,node/2442785485,El Círcol,,,,41.4501968,2.2474223,1,46.61,138.54,0,30.0
2026-09-07T12:00,node/2468197823,365 Cafeteria Forn de Pa,,,,41.3752071,2.1635151,1,46.61,138.54,0,30.0
2026-09-07T12:00,node/2476332030,Bar Lennon,,,,41.4028901,2.1612576,1,46.61,138.54,0,30.0
2026-09-07T12:00,node/2500906795,Bar Lúdic Queimada Nivell Q,,,,41.4094152,2.1808913,0,46.61,138.54,0,30.0
2026-09-07T12:00,node/2598482930,Con Gracia,,,,41.3990704,2.1600617,0,46.61,138.54,0,30.0
2026-09-07T12:00,node/2609183969,Fukuoka,,,,41.4022587,2.1612976,1,46.61,138.54,0,30.0
2026-09-07T12:00,node/2610750687,Xiringuito Aigua,,,,41.4096717,2.1683236,1,46.61,138.54,0,30.0
2026-09-07T12:00,node/2618447074,Vegetalia,,,,41.3803973,2.1776952,0,46.61,138.54,0,30.0
2026-09-07T12:00,node/2618538581,Veggie Garden,,,,41.3822767,2.1680336,0,46.61,138.54,0,30.0
2026-09-07T12:00,node/2618538595,Biocenter,,,,41.3825765,2.1694364,1,46.61,138.54,0,30.0
2026-09-07T12:00,node/2684052224,Pai Mei,,,,41.4051863,2.1931071,0,46.61,138.54,0,30.0
2026-09-07T12:00,node/2687089274,Dolça Estona,,,,41.4117096,2.1394938,0,46.61,138.54,0,30.0
2026-09-07T12:00,node/2689736934,Bar Bodega Molina,,,,41.4403298,2.1817019,1,46.61,138.54,0,30.0
2026-09-07T12:00,node/2721077740,Bar Veni,,,,41.3848861,2.1667078,0,46.61,138.54,0,30.0
2026-09-07T12:00,node/2727449418,Las Euras,,,,41.3998785,2.1577187,0,46.61,138.54,0,30.0
2026-09-07T12:00,node/2793491051,La bona tapa,,,,41.4368098,2.2166172,1,46.61,138.54,0,30.0
2026-09-07T12:00,node/2892028393,Kino,,,,41.3825992,2.1665452,0,46.61,138.54,0,30.0
2026-09-07T12:00,node/2892037115,23 Robadors,,,,41.3796029,2.1708903,0,46.61,138.54,0,30.0
2026-09-07T12:00,node/2910255826,Shôko,,,,41.3854991,2.1969746,1,46.61,138.54,0,30.0
2026-09-07T12:00,node/2910255827,Opium,,,,41.3852778,2.1967099,1,46.61,138.54,0,30.0
2026-09-07T12:00,node/2927944587,Tapas Tapas!,,,,41.3745104,2.1829399,1,46.61,138.54,0,30.0
2026-09-07T12:00,node/2951499208,El racó d'en Henry,,,,41.4394757,2.2215013,1,46.61,138.54,0,30.0
2026-09-07T12:00,node/2966340931,El Capritx,,,,41.4022886,2.1998883,0,46.61,138.54,0,30.0
2026-09-07T12:00,node/2968119440,Can Tresó,,,,41.4028999,2.1537483,1,46.61,138.54,0,30.0
2026-09-07T12:00,node/2969276727,La Sirena Verde,,,,41.4027605,2.1657128,0,46.61,138.54,0,30.0
2026-09-07T12:00,node/2969277275,Café de l'Eixample,,,,41.4005021,2.1690108,0,46.61,138.54,0,30.0
2026-09-07T12:00,node/2970751844,Taverna El Disbarat,,,,41.4017728,2.1545227,1,46.61,138.54,0,30.0
2026-09-07T12:00,node/3007755352,La Pausa,,,,41.4071883,2.1557816,0,46.61,138.54,0,30.0
2026-09-07T12:00,node/3007803307,Oh La Lá,,,,41.4460123,2.2485803,1,46.61,138.54,0,30.0
2026-09-07T12:00,node/3048077142,L'Aliança del Poblenou,,,,41.3997067,2.2032276,1,46.61,138.54,0,30.0
2026-09-07T12:00,node/3049368344,Clot76,,,,41.4082815,2.1885259,0,46.61,138.54,0,30.0
2026-09-07T12:00,node/3084370508,Marina Bay By Moncho's,,,,41.3863077,2.1975017,1,46.61,138.54,0,30.0
2026-09-07T12:00,node/3084507933,Caravelle,,,,41.3822872,2.1688475,0,46.61,138.54,0,30.0
2026-09-07T12:00,node/3120072573,Bar Restaurant Nàutic,,,,41.3806088,2.1408397,1,46.61,138.54,0,30.0
2026-09-07T12:00,node/3177990194,Mezcal Taco Bar,,,,41.3830563,2.1554872,0,46.61,138.54,0,30.0
2026-09-07T12:00,node/3270120640,Luigi,,,,41.3862659,2.1753788,0,46.61,138.54,0,30.0
2026-09-07T12:00,node/3271554311,Al Sultán,,,,41.4035661,2.1554863,0,46.61,138.54,0,30.0
2026-09-07T12:00,node/3328694987,Nou Candanchú,,,,41.4005128,2.1576475,0,46.61,138.54,0,30.0
2026-09-07T12:00,node/3339670930,Bahia,,,,41.3803265,2.1774842,0,46.61,138.54,0,30.0
2026-09-07T12:00,node/3441700493,Santos Tapas,,,,41.3818417,2.1745121,0,46.61,138.54,0,30.0
2026-09-07T12:00,node/3491476947,Bar del Pla,,,,41.3856036,2.1800221,0,46.61,138.54,0,30.0
2026-09-07T12:00,node/3496970198,Centre Cívic Can Deu,,,,41.3869027,2.1327794,1,46.61,138.54,0,30.0
2026-09-07T12:00,node/3504769719,El Rincón,,,,41.3908977,2.1900669,1,46.61,138.54,0,30.0
2026-09-07T12:00,node/3517276245,Bar Canigó,,,,41.4029724,2.1579186,1,46.61,138.54,0,30.0
2026-09-07T12:00,node/3522552400,Àpat's,,,,41.3757617,2.1419109,0,46.61,138.54,0,30.0
2026-09-07T12:00,node/3548547194,El Bon Menjador - 2,,,,41.4388101,2.2172863,1,46.61,138.54,0,30.0
2026-09-07T12:00,node/3548548998,Bar Morales,,,,41.4395878,2.2165237,1,46.61,138.54,0,30.0
2026-09-07T12:00,node/3548613495,Bar Paula's Tapería,,,,41.4385437,2.2175484,1,46.61,138.54,0,30.0
2026-09-07T12:00,node/3556089494,Delicias Mediterráneas,,,,41.4415079,2.2267435,1,46.61,138.54,0,30.0
2026-09-07T12:00,node/3556089497,Xurreria Rodríguez,,,,41.4416928,2.2264651,1,46.61,138.54,0,30.0
2026-09-07T12:00,node/3556089803,Bar de La Salut,,,,41.4422594,2.2258792,1,46.61,138.54,0,30.0
2026-09-07T12:00,node/3560942698,Sandvitxeria Alhociema,,,,41.4443624,2.2236761,1,46.61,138.54,0,30.0
2026-09-07T12:00,node/3560955995,Centro Cultural Castellano-manchego,,,,41.4390698,2.2176297,1,46.61,138.54,0,30.0
2026-09-07T12:00,node/3595399490,Bar Familiar,,,,41.4359163,2.2182018,1,46.61,138.54,0,30.0
2026-09-07T12:00,node/3595399769,La granja de Casablanca,,,,41.4357671,2.2189395,1,46.61,138.54,0,30.0
2026-09-07T12:00,node/3595401238,Bar Alcázar,,,,41.4365542,2.2183742,1,46.61,138.54,0,30.0
2026-09-07T12:00,node/3596986411,Agrupación Cultural Galega Agarimos,,,,41.4358268,2.2165495,1,46.61,138.54,0,30.0
2026-09-07T12:00,node/3612059306,Nabuco Tiramisú,,,,41.4004523,2.1577244,0,46.61,138.54,0,30.0
2026-09-07T12:00,node/3620986554,Yamane,,,,41.3868061,2.1808426,0,46.61,138.54,0,30.0
2026-09-07T12:00,node/3620991692,Yamaneko-ryouri,,,,41.4016619,2.1447787,1,46.61,138.54,0,30.0
2026-09-07T12:00,node/3624045193,Bar-Granja Maribel,,,,41.4399092,2.2235793,1,46.61,138.54,0,30.0
2026-09-07T12:00,node/3624045293,Bar La Cantonada,,,,41.4396227,2.2242325,1,46.61,138.54,0,30.0
2026-09-07T12:00,node/3713349650,Groin's,,,,41.4108415,2.1637178,0,46.61,138.54,0,30.0
2026-09-07T12:00,node/3718061014,Bar Calders,,,,41.3764788,2.1623937,1,46.61,138.54,0,30.0
2026-09-07T12:00,node/3730796125,Buenas Migas,,,,41.3975542,2.1587856,0,46.61,138.54,0,30.0
2026-09-07T12:00,node/3761312382,La Fonda,,,,41.3793598,2.1762144,1,46.61,138.54,0,30.0
2026-09-07T12:00,node/3777075876,Oaxaca,,,,41.3821041,2.1838988,1,46.61,138.54,0,30.0
2026-09-07T12:00,node/3779149860,EsPan's,,,,41.4349094,2.2194667,1,46.61,138.54,0,30.0
2026-09-07T12:00,node/3794002044,Samurai Ramen,,,,41.3736753,2.1548947,0,46.61,138.54,0,30.0
2026-09-07T12:00,node/3804046057,Robata Sushi & Grill,,,,41.3904886,2.1585836,0,46.61,138.54,0,30.0
2026-09-07T12:00,node/3809169458,Freiduría El Boquerón,,,,41.4400822,2.2264769,1,46.61,138.54,0,30.0
2026-09-07T12:00,node/3809169459,Marisquería Melchor,,,,41.4401715,2.2266602,1,46.61,138.54,0,30.0
2026-09-07T12:00,node/3809169461,Elhotro bar,,,,41.4401247,2.2268506,1,46.61,138.54,0,30.0
2026-09-07T12:00,node/3809169658,Carte d'Or,,,,41.4403068,2.2274065,1,46.61,138.54,0,30.0
2026-09-07T12:00,node/3809169668,Vivari,,,,41.4408122,2.2271125,1,46.61,138.54,0,30.0
2026-09-07T12:00,node/3809169669,Pantaiberic delicatessen,,,,41.4408174,2.2269502,1,46.61,138.54,0,30.0
2026-09-07T12:00,node/3840009426,La Esquinica,,,,41.4304816,2.1712169,1,46.61,138.54,0,30.0
2026-09-07T12:00,node/3874539219,Café del Centre,,,,41.3946111,2.1712059,0,46.61,138.54,0,30.0
2026-09-07T12:00,node/3890922254,Characato,,,,41.4046885,2.1836218,1,46.61,138.54,0,30.0
2026-09-07T12:00,node/3901403358,Les Dues Sicilies,,,,41.3866097,2.1802613,0,46.61,138.54,0,30.0
2026-09-07T12:00,node/3955968257,El racó de les Glòries,,,,41.3986109,2.1978895,1,46.61,138.54,0,30.0
2026-09-07T12:00,node/4060217594,Matt & Marshall,,,,41.3993348,2.1997769,1,46.61,138.54,0,30.0
2026-09-07T12:00,node/4073605889,Mariscco,,,,41.3804885,2.1753271,0,46.61,138.54,0,30.0
2026-09-07T12:00,node/4126257971,Xixbar,,,,41.3758485,2.1576176,0,46.61,138.54,0,30.0
2026-09-07T12:00,node/4127494769,Vapiano,,,,41.3788941,2.1758361,0,46.61,138.54,0,30.0
2026-09-07T12:00,node/4138815989,Nømad Cøffee,,,,41.3889108,2.1771731,1,46.61,138.54,0,30.0
2026-09-07T12:00,node/4150499794,El 68,,,,41.4023622,2.1612062,1,46.61,138.54,0,30.0
2026-09-07T12:00,node/4166496789,Bar Thonet Grill Room,,,,41.3792408,2.1761073,1,46.61,138.54,0,30.0
2026-09-07T12:00,node/4168100800,Cervecería Frankfurt Europa,,,,41.4396191,2.2191504,1,46.61,138.54,0,30.0
2026-09-07T12:00,node/4225209596,Bar El Velodromo,,,,41.3934442,2.1501395,0,46.61,138.54,0,30.0
2026-09-07T12:00,node/4225810298,Bar Nolla,,,,41.3905504,2.1647825,0,46.61,138.54,0,30.0
2026-09-07T12:00,node/4233959493,Pastisseria Granja,,,,41.3795042,2.1792309,1,46.61,138.54,0,30.0
2026-09-07T12:00,node/4239222689,Rekons,,,,41.3806195,2.1610796,0,46.61,138.54,0,30.0
2026-09-07T12:00,node/4244877765,Bar La Peña,,,,41.4404265,2.2170329,1,46.61,138.54,0,30.0
2026-09-07T12:00,node/4247196393,cal mariner,,,,41.3791754,2.1898206,0,46.61,138.54,0,30.0
2026-09-07T12:00,node/4253851490,El Trencadís,,,,41.3937976,2.1655309,0,46.61,138.54,0,30.0
2026-09-07T12:00,node/4253862889,Hummus,,,,41.3912547,2.1611975,0,46.61,138.54,0,30.0
2026-09-07T12:00,node/4254090289,La tasqueta de Blai,,,,41.3733347,2.1652358,0,46.61,138.54,0,30.0
2026-09-07T12:00,node/4254094290,Rosa Negra,,,,41.3819164,2.1687596,0,46.61,138.54,0,30.0
2026-09-07T12:00,node/4254704967,Firebug Brunch,,,,41.3927459,2.1778691,0,46.61,138.54,0,30.0
2026-09-07T12:00,node/4254996890,La Macchina,,,,41.4030005,2.1535966,0,46.61,138.54,0,30.0
2026-09-07T12:00,node/4267035492,Kebabish,,,,41.4409198,2.2217884,1,46.61,138.54,0,30.0
2026-09-07T12:00,node/4267055591,La cantina del tapeo,,,,41.4420999,2.2200224,1,46.61,138.54,0,30.0
2026-09-07T12:00,node/4278033120,Buenas Migas,,,,41.3838044,2.1696233,0,46.61,138.54,0,30.0
2026-09-07T12:00,node/4283188047,Granja Romaní,,,,41.4348618,2.2179712,1,46.61,138.54,0,30.0
2026-09-07T12:00,node/4283194434,Bar La Paradeta,,,,41.4337773,2.2167771,1,46.61,138.54,0,30.0
2026-09-07T12:00,node/4291934189,Fonda Espanya,,,,41.3799009,2.1728032,0,46.61,138.54,0,30.0
2026-09-07T12:00,node/4306440989,Blai 9,,,,41.3730722,2.1658539,0,46.61,138.54,0,30.0
2026-09-07T12:00,node/4314857689,El punt,,,,41.4413807,2.2316251,1,46.61,138.54,0,30.0
2026-09-07T12:00,node/4314859689,Versace,,,,41.4337089,2.2172203,1,46.61,138.54,0,30.0
2026-09-07T12:00,node/4315715092,Petit Comitè,,,,41.3943551,2.1600308,0,46.61,138.54,0,30.0
2026-09-07T12:00,node/4321183403,Brunch & Cake,,,,41.3882834,2.1615596,1,46.61,138.54,0,30.0
2026-09-07T12:00,node/4336933393,Mayura,,,,41.3938992,2.1720914,0,46.61,138.54,0,30.0
2026-09-07T12:00,node/4340119890,VIENA,,,,41.3579934,2.1293918,1,46.61,138.54,0,30.0
2026-09-07T12:00,node/4349925690,Nemrut,,,,41.3810051,2.1772158,1,46.61,138.54,0,30.0
2026-09-07T12:00,node/4350019284,Palosanto,,,,41.3808122,2.1772701,0,46.61,138.54,0,30.0
2026-09-07T12:00,node/4364289794,Faborit Casa Amatller,,,,41.3915836,2.1650592,0,46.61,138.54,0,30.0
2026-09-07T12:00,node/4386702690,Red Ant Noodle Bar,,,,41.3880129,2.1810961,0,46.61,138.54,0,30.0
2026-09-07T12:00,node/4396244190,Fresc Co,,,,41.3891657,2.1969678,0,46.61,138.54,0,30.0
2026-09-07T12:00,node/4401234193,BlackLab Brewhouse & Kitchen,,,,41.3812305,2.1854573,1,46.61,138.54,0,30.0
2026-09-07T12:00,node/4431102493,Forn Puiggròs,,,,41.4102615,2.1741597,1,46.61,138.54,0,30.0
2026-09-07T12:00,node/4439412389,La Vinya del Senyor,,,,41.3832546,2.1818655,0,46.61,138.54,0,30.0
2026-09-07T12:00,node/4440352791,La Gavina,,,,41.3807532,2.1853211,1,46.61,138.54,0,30.0
2026-09-07T12:00,node/4443367289,Pannus,,,,41.3863691,2.1726728,0,46.61,138.54,0,30.0
2026-09-07T12:00,node/4449185678,Il Caffè di Francesco,,,,41.3908733,2.1652201,0,46.61,138.54,0,30.0
2026-09-07T12:00,node/4451904190,Bar Granadino,,,,41.4404153,2.2238276,1,46.61,138.54,0,30.0
2026-09-07T12:00,node/4451904193,La ciudad de oro,,,,41.4408727,2.2240695,1,46.61,138.54,0,30.0
2026-09-07T12:00,node/4451986792,Cafe Bar Florida,,,,41.4403503,2.2236929,1,46.61,138.54,0,30.0
2026-09-07T12:00,node/4451986793,Bar Amigo,,,,41.4411469,2.2238965,1,46.61,138.54,0,30.0
2026-09-07T12:00,node/4451988991,Bar Frankfurt Jaime,,,,41.4408051,2.2241201,1,46.61,138.54,0,30.0
2026-09-07T12:00,node/4451989090,Entre tapes,,,,41.4423118,2.2237245,1,46.61,138.54,0,30.0
2026-09-07T12:00,node/4451992791,Bar Leo,,,,41.4406309,2.2245529,1,46.61,138.54,0,30.0
2026-09-07T12:00,node/4452031691,Bar La Granja,,,,41.4427953,2.2241899,1,46.61,138.54,0,30.0
2026-09-07T12:00,node/4455238130,Anahuac,,,,41.3965161,2.1513989,0,46.61,138.54,0,30.0
2026-09-07T12:00,node/4461595656,Cafeteria de la Biblioteca Jaumer Fuster,,,,41.4075557,2.1493457,1,46.61,138.54,0,30.0
2026-09-07T12:00,node/4470059420,Mesón Gallego,,,,41.3818896,2.0709288,1,46.61,138.54,0,30.0
2026-09-07T12:00,node/4486639527,Boldú,,,,41.3973783,2.1517865,0,46.61,138.54,0,30.0
2026-09-07T12:00,node/4486683966,La Tagliatella,,,,41.3974141,2.1514101,0,46.61,138.54,0,30.0
2026-09-07T12:00,node/4503193765,Bicioci,,,,41.3999229,2.1619101,1,46.61,138.54,0,30.0
2026-09-07T12:00,node/4509411660,Bar Mediterráneo,,,,41.4343007,2.2180868,1,46.61,138.54,0,30.0
2026-09-07T12:00,node/4516538193,Más Que Sushi,,,,41.3774227,2.1527247,0,46.61,138.54,0,30.0
2026-09-07T12:00,node/4516600994,Salambó,,,,41.4044546,2.1576355,1,46.61,138.54,0,30.0
2026-09-07T12:00,node/4520259289,Cachitos,,,,41.3953057,2.1536913,1,46.61,138.54,0,30.0
2026-09-07T12:00,node/4572063790,Cafetería 365,,,,41.3744652,2.1675541,0,46.61,138.54,0,30.0
2026-09-07T12:00,node/4580517495,Cadaqués,,,,41.4004717,2.1574102,1,46.61,138.54,0,30.0
2026-09-07T12:00,node/4591423938,Arabia Cafe,,,,41.3796023,2.1762764,0,46.61,138.54,0,30.0
2026-09-07T12:00,node/4602957463,Otafuku Daifuku,,,,41.3861633,2.1813225,0,46.61,138.54,0,30.0
2026-09-07T12:00,node/4631918790,Casa López,,,,41.4047191,2.1550626,0,46.61,138.54,0,30.0
2026-09-07T12:00,node/4643974106,Kyoka Via Augusta,,,,41.3979693,2.1315017,1,46.61,138.54,0,30.0
2026-09-07T12:00,node/4654613659,afiparc,,,,41.4134414,2.1527296,1,46.61,138.54,0,30.0
2026-09-07T12:00,node/4668687590,Can Vilaró,,,,41.3779004,2.1617005,0,46.61,138.54,0,30.0
2026-09-07T12:00,node/4673198082,Montesquiu,,,,41.4046825,2.1325233,0,46.61,138.54,0,30.0
2026-09-07T12:00,node/4680760648,Sushi Taller,,,,41.4048621,2.1326565,1,46.61,138.54,0,30.0
2026-09-07T12:00,node/4681801089,Orxateria la Valenciana,,,,41.3863413,2.1622578,0,46.61,138.54,0,30.0
2026-09-07T12:00,node/4704972453,majide,,,,41.3849224,2.1674688,0,46.61,138.54,0,30.0
2026-09-07T12:00,node/4709933976,Sottovoce,,,,41.3579226,2.1294974,1,46.61,138.54,0,30.0
2026-09-07T12:00,node/4711659235,Casa Lolea,,,,41.3888056,2.1771897,0,46.61,138.54,0,30.0
2026-09-07T12:00,node/4720526074,El Charrito,,,,41.3896183,2.1662427,1,46.61,138.54,0,30.0
2026-09-07T12:00,node/4721286889,Prodigi,,,,41.3985973,2.1659559,0,46.61,138.54,0,30.0
2026-09-07T12:00,node/4726582894,Catalina Cafe,,,,41.3862071,2.1793039,0,46.61,138.54,0,30.0
2026-09-07T12:00,node/4726583193,Betlem,,,,41.3949258,2.1712207,0,46.61,138.54,0,30.0
2026-09-07T12:00,node/4727975192,La Coruña,,,,41.4083413,2.1851911,1,46.61,138.54,0,30.0
2026-09-07T12:00,node/4728103192,Cafè Arrels,,,,41.4137041,2.1809929,1,46.61,138.54,0,30.0
2026-09-07T12:00,node/4729343193,Cervecería Frankfurt El Molino,,,,41.3746194,2.1669636,0,46.61,138.54,0,30.0
2026-09-07T12:00,node/4735766123,I'll Pomo d'Oro,,,,41.3926987,2.1585151,1,46.61,138.54,0,30.0
2026-09-07T12:00,node/4743830714,Casa Escarré (Joan's),,,,41.3747567,2.1427755,1,46.61,138.54,0,30.0
2026-09-07T12:00,node/4751727952,Bar Ribalda,,,,41.4026552,2.1328307,1,46.61,138.54,0,30.0
2026-09-07T12:00,node/4755496723,Brewdog,,,,41.3857301,2.1581661,1,46.61,138.54,0,30.0
2026-09-07T12:00,node/4756509699,Morro fi,,,,41.3833069,2.1550311,1,46.61,138.54,0,30.0
2026-09-07T12:00,node/4776357929,Tomodachi,,,,41.4053891,2.1644663,0,46.61,138.54,0,30.0
2026-09-07T12:00,node/4778618049,De Gustibus Italiae,,,,41.4027491,2.1330183,1,46.61,138.54,0,30.0
2026-09-07T12:00,node/4784670742,Índigo Café,,,,41.3874831,2.1626443,1,46.61,138.54,0,30.0
2026-09-07T12:00,node/4792724121,Venus Delicatessen Barcelona,,,,41.3807065,2.1779781,0,46.61,138.54,0,30.0
2026-09-07T12:00,node/4802341078,El Quatre,,,,41.4031267,2.1333762,0,46.61,138.54,0,30.0
2026-09-07T12:00,node/4805335780,Madonna Vegan,,,,41.3812162,2.1671279,0,46.61,138.54,0,30.0
2026-09-07T12:00,node/4816093515,Olímpic Bar,,,,41.4422394,2.2177816,1,46.61,138.54,0,30.0
2026-09-07T12:00,node/4822739686,Bar El Racó,,,,41.4417497,2.2212713,1,46.61,138.54,0,30.0
2026-09-07T12:00,node/4838956921,Supra,,,,41.3910798,2.1613999,1,46.61,138.54,0,30.0
2026-09-07T12:00,node/4844565923,Pampa Drugstore,,,,41.3827176,2.1712051,0,46.61,138.54,0,30.0
2026-09-07T12:00,node/4847673021,Usagui,,,,41.4021671,2.1463849,0,46.61,138.54,0,30.0
2026-09-07T12:00,node/4859449960,Restaurant el Magatzem,,,,41.3805096,2.1863595,1,46.61,138.54,0,30.0
2026-09-07T12:00,node/4859450597,Restaurant Cal Pinxo,,,,41.3806265,2.1855795,1,46.61,138.54,0,30.0
2026-09-07T12:00,node/4867833221,Pizzeria El Mundo,,,,41.3751322,2.1231212,0,46.61,138.54,0,30.0
2026-09-07T12:00,node/4881181797,Sierra Nevada,,,,41.4420581,2.1834715,1,46.61,138.54,0,30.0
2026-09-07T12:00,node/4903340658,El Ramblero,,,,41.4219271,2.1969049,1,46.61,138.54,0,30.0
2026-09-07T12:00,node/4906736149,L'Olivera,,,,41.4058547,2.1893093,1,46.61,138.54,0,30.0
2026-09-07T12:00,node/4917663030,Picnic,,,,41.4179648,2.1988442,1,46.61,138.54,0,30.0
2026-09-07T12:00,node/4937772721,Vila's Bar,,,,41.4059086,2.1571314,1,46.61,138.54,0,30.0
2026-09-07T12:00,node/4938104321,Hammock Juice Station,,,,41.3971863,2.1671778,0,46.61,138.54,0,30.0
2026-09-07T12:00,node/4973805221,Brunch & Cake by the sea,,,,41.3809714,2.1872568,0,46.61,138.54,0,30.0
2026-09-07T12:00,node/4973805421,Quinoa Aragó Vegetarià,,,,41.3886233,2.1598684,1,46.61,138.54,0,30.0
2026-09-07T12:00,node/4977546909,Tonkotsu,,,,41.3938467,2.1650368,1,46.61,138.54,0,30.0
2026-09-07T12:00,node/4983764927,Cervecería-Frankfurt,,,,41.4394391,2.2207951,1,46.61,138.54,0,30.0
2026-09-07T12:00,node/4983764935,Max Bar,,,,41.4401476,2.2214687,1,46.61,138.54,0,30.0
2026-09-07T12:00,node/4983764944,Bar Verín,,,,41.4396911,2.2210187,1,46.61,138.54,0,30.0
2026-09-07T12:00,node/4983764949,Bar R'Aurora,,,,41.4400582,2.2213943,1,46.61,138.54,0,30.0
2026-09-07T12:00,node/4983764952,Trocadero,,,,41.4385047,2.2204982,1,46.61,138.54,0,30.0
2026-09-07T12:00,node/4983764957,Bar La Alpujarra,,,,41.4420698,2.2228867,1,46.61,138.54,0,30.0
2026-09-07T12:00,node/4983764958,Sant Mori,,,,41.4390777,2.2210618,1,46.61,138.54,0,30.0
2026-09-07T12:00,node/4983764960,El buen gusto,,,,41.4411919,2.2225719,1,46.61,138.54,0,30.0
2026-09-07T12:00,node/4983764965,Bar Junior Bodega,,,,41.4417139,2.2225318,1,46.61,138.54,0,30.0
2026-09-07T12:00,node/4983764975,Bar Satisfecho,,,,41.4385461,2.2198488,1,46.61,138.54,0,30.0
2026-09-07T12:00,node/4983765002,Bar sushi Salon,,,,41.4425727,2.2233672,1,46.61,138.54,0,30.0
2026-09-07T12:00,node/4983765004,Corre que se acaban,,,,41.4392453,2.2212328,1,46.61,138.54,0,30.0
2026-09-07T12:00,node/4983765005,365,,,,41.4403303,2.2225575,1,46.61,138.54,0,30.0
2026-09-07T12:00,node/4984256695,Pampa Mía,,,,41.4085709,2.2035603,1,46.61,138.54,0,30.0
2026-09-07T12:00,node/4991221422,Salterio,,,,41.3825107,2.1760837,0,46.61,138.54,0,30.0
2026-09-07T12:00,node/5007434606,La Balmesina,,,,41.3970301,2.1522555,0,46.61,138.54,0,30.0
2026-09-07T12:00,node/5010794721,Syra Coffee,,,,41.4014925,2.1595216,0,46.61,138.54,0,30.0
2026-09-07T12:00,node/5010794821,Nomad Frutas Selectas,,,,41.3979292,2.1955517,0,46.61,138.54,0,30.0
2026-09-07T12:00,node/5023905423,Petra,,,,41.4038883,2.1551166,0,46.61,138.54,0,30.0
2026-09-07T12:00,node/5028969022,Guzzo,,,,41.3850929,2.1836594,0,46.61,138.54,0,30.0
2026-09-07T12:00,node/5030247521,La Pantera Rosa,,,,41.4010493,2.1525903,0,46.61,138.54,0,30.0
2026-09-07T12:00,node/5037900607,Orio,,,,41.3819545,2.1763606,0,46.61,138.54,0,30.0
2026-09-07T12:00,node/5048602525,Blau Cel,,,,41.4043091,2.1612896,1,46.61,138.54,0,30.0
2026-09-07T12:00,node/5053669724,La Xula Taperia,,,,41.4023295,2.1586126,0,46.61,138.54,0,30.0
2026-09-07T12:00,node/5081388242,La Raposa,,,,41.3725137,2.1639527,0,46.61,138.54,0,30.0
2026-09-07T12:00,node/5082277825,Vermuteria Puigmartí,,,,41.4013967,2.1590604,0,46.61,138.54,0,30.0
2026-09-07T12:00,node/5082277826,Caracas,,,,41.4020908,2.1601676,1,46.61,138.54,0,30.0
2026-09-07T12:00,node/5082288821,Curuba,,,,41.3999554,2.1574731,0,46.61,138.54,0,30.0
2026-09-07T12:00,node/5086827321,Metric Market,,,,41.3916196,2.1419287,0,46.61,138.54,0,30.0
2026-09-07T12:00,node/5088945722,La Juanola,,,,41.4066765,2.1569377,0,46.61,138.54,0,30.0
2026-09-07T12:00,node/5089333723,Ciuri‘s,,,,41.4052466,2.1565749,0,46.61,138.54,0,30.0
2026-09-07T12:00,node/5105012628,Entre Hores,,,,41.4030943,2.1577829,0,46.61,138.54,0,30.0
2026-09-07T12:00,node/5109943322,Intrèpid,,,,41.4043018,2.1550041,0,46.61,138.54,0,30.0
2026-09-07T12:00,node/5110964523,La Trobada,,,,41.4015625,2.1520155,0,46.61,138.54,0,30.0
2026-09-07T12:00,node/5111094221,El Dorado Chicken,,,,41.3930251,2.1579995,0,46.61,138.54,0,30.0
2026-09-07T12:00,node/5113896626,Granja Fimon's,,,,41.4477805,2.2438919,1,46.61,138.54,0,30.0
2026-09-07T12:00,node/5118124314,Kebab Bocateli,,,,41.4426035,2.2166674,1,46.61,138.54,0,30.0
2026-09-07T12:00,node/5118126421,Bar Frankfurt Polideportivo,,,,41.4429429,2.2162226,1,46.61,138.54,0,30.0
2026-09-07T12:00,node/5118126428,Granja Modesto,,,,41.4343689,2.2158958,1,46.61,138.54,0,30.0
2026-09-07T12:00,node/5118126435,Cafeteria i Forn de pa Grey,,,,41.4332655,2.2174982,1,46.61,138.54,0,30.0
2026-09-07T12:00,node/5118126438,Frankfurt Piscis,,,,41.4360107,2.2158678,1,46.61,138.54,0,30.0
2026-09-07T12:00,node/5118126440,Bar Julio,,,,41.4348299,2.2151483,1,46.61,138.54,0,30.0
2026-09-07T12:00,node/5118126443,Bar Beethoven,,,,41.4328863,2.2181523,1,46.61,138.54,0,30.0
2026-09-07T12:00,node/5118126453,Bar Bondia,,,,41.4342763,2.2160261,1,46.61,138.54,0,30.0
2026-09-07T12:00,node/5128075585,Monkey Factory,,,,41.3927261,2.1544614,0,46.61,138.54,0,30.0
2026-09-07T12:00,node/5137360822,El Jardí,,,,41.4475237,2.2469586,1,46.61,138.54,0,30.0
2026-09-07T12:00,node/5144745888,Bar La Imperial,,,,41.4372451,2.2200669,1,46.61,138.54,0,30.0
2026-09-07T12:00,node/5144745889,Gabi,,,,41.4372105,2.2199582,1,46.61,138.54,0,30.0
2026-09-07T12:00,node/5144745893,Bar India,,,,41.4420657,2.2284253,1,46.61,138.54,0,30.0
2026-09-07T12:00,node/5144745896,Mokka,,,,41.4371063,2.2201689,1,46.61,138.54,0,30.0
2026-09-07T12:00,node/5156690125,Loc,,,,41.4351636,2.2283155,1,46.61,138.54,0,30.0
2026-09-07T12:00,node/5160440326,Les Termes Bdn,,,,41.4520115,2.2476488,1,46.61,138.54,0,30.0
2026-09-07T12:00,node/5167185733,La Sucursal,,,,41.3806502,2.1611889,0,46.61,138.54,0,30.0
2026-09-07T12:00,node/5167569072,El Mercader de L'Eixample,,,,41.3923316,2.1603286,1,46.61,138.54,0,30.0
2026-09-07T12:00,node/5168232324,Colmado,,,,41.3819235,2.1744264,0,46.61,138.54,0,30.0
2026-09-07T12:00,node/5175039621,Green's,,,,41.3959672,2.1496553,0,46.61,138.54,0,30.0
2026-09-07T12:00,node/5176233727,Els Porxos,,,,41.4031581,2.1751611,0,46.61,138.54,0,30.0
2026-09-07T12:00,node/5182260830,Catafal,,,,41.4088089,2.1468574,0,46.61,138.54,0,30.0
2026-09-07T12:00,node/5190930121,Casa Ángel,,,,41.4070235,2.1818566,1,46.61,138.54,0,30.0
2026-09-07T12:00,node/5192085421,Esterri,,,,41.3812805,2.1618108,1,46.61,138.54,0,30.0
2026-09-07T12:00,node/5198200824,Copa d'Or,,,,41.3963876,2.1688461,0,46.61,138.54,0,30.0
2026-09-07T12:00,node/5198200829,Gyoza Bistró,,,,41.3940771,2.1723519,0,46.61,138.54,0,30.0
2026-09-07T12:00,node/5198201036,Nou Can Codina,,,,41.3989586,2.1608728,0,46.61,138.54,0,30.0
2026-09-07T12:00,node/5198201122,La Particcela,,,,41.3961328,2.1697679,1,46.61,138.54,0,30.0
2026-09-07T12:00,node/5198201124,Riko's Braseria - Restaurante,,,,41.3929731,2.1692667,0,46.61,138.54,0,30.0
2026-09-07T12:00,node/5199743028,seven7seven,,,,41.3898868,2.1622344,0,46.61,138.54,0,30.0
2026-09-07T12:00,node/5207046925,Sense Nom,,,,41.3843558,2.1622563,0,46.61,138.54,0,30.0
2026-09-07T12:00,node/5207067522,El Maravillas,,,,41.3868914,2.1323626,0,46.61,138.54,0,30.0
2026-09-07T12:00,node/5208223424,Bonastre,,,,41.3774986,2.1587463,1,46.61,138.54,0,30.0
2026-09-07T12:00,node/5212252535,Tariq,,,,41.4477214,2.2405051,1,46.61,138.54,0,30.0
2026-09-07T12:00,node/5218828496,Conecta,,,,41.4388265,2.2253266,1,46.61,138.54,0,30.0
2026-09-07T12:00,node/5218828499,Sweet dolç,,,,41.4385456,2.2254351,1,46.61,138.54,0,30.0
2026-09-07T12:00,node/5226505321,Bodega E. Marin,,,,41.4025586,2.1609645,0,46.61,138.54,0,30.0
2026-09-07T12:00,node/5228942946,La Pubilla,,,,41.3995748,2.1536674,0,46.61,138.54,0,30.0
2026-09-07T12:00,node/5237627856,Tasmango Dessert,,,,41.3909254,2.1784375,0,46.61,138.54,0,30.0
2026-09-07T12:00,node/5238186123,Lennox,,,,41.3834186,2.1829502,1,46.61,138.54,0,30.0
2026-09-07T12:00,node/5271863048,Rest. Alexandre,,,,41.4322501,2.1835476,0,46.61,138.54,0,30.0
2026-09-07T12:00,node/5286467104,Granja Monsul,,,,41.4437723,2.2239591,1,46.61,138.54,0,30.0
2026-09-07T12:00,node/5298404593,Próspero,,,,41.4382431,2.2237839,1,46.61,138.54,0,30.0
2026-09-07T12:00,node/5298404603,Bar Salamanca,,,,41.4388532,2.2246477,1,46.61,138.54,0,30.0
2026-09-07T12:00,node/5298405327,Bar Benuga,,,,41.4383471,2.2243229,1,46.61,138.54,0,30.0
2026-09-07T12:00,node/5298405384,Bar Rocío Los Cazadores,,,,41.4389682,2.2252641,1,46.61,138.54,0,30.0
2026-09-07T12:00,node/5299921764,Bar Crack,,,,41.4343466,2.2189911,1,46.61,138.54,0,30.0
2026-09-07T12:00,node/5299921811,Can Daura,,,,41.4358077,2.2218721,1,46.61,138.54,0,30.0
2026-09-07T12:00,node/5299922525,Bar La Imperial,,,,41.4354603,2.2205399,1,46.61,138.54,0,30.0
2026-09-07T12:00,node/5299922526,Bar Marta,,,,41.4349148,2.2200469,1,46.61,138.54,0,30.0
2026-09-07T12:00,node/5313632423,365,,,,41.3789307,2.1718613,0,46.61,138.54,0,30.0
2026-09-07T12:00,node/5327570662,Ancestral,,,,41.3977332,2.1656576,0,46.61,138.54,0,30.0
2026-09-07T12:00,node/5347967007,Bar Marín,,,,41.4474106,2.2217195,1,46.61,138.54,0,30.0
2026-09-07T12:00,node/5347967009,Bar La Cantonada,,,,41.4474812,2.2209325,1,46.61,138.54,0,30.0
2026-09-07T12:00,node/5363964402,El gran croissant,,,,41.4359355,2.2167366,1,46.61,138.54,0,30.0
2026-09-07T12:00,node/5395531687,Las Marismas,,,,41.3701297,2.1215161,1,46.61,138.54,0,30.0
2026-09-07T12:00,node/5407919537,El Yate,,,,41.4039787,2.1367463,1,46.61,138.54,0,30.0
2026-09-07T12:00,node/5417517130,Tou Kichi Rou,,,,41.3919953,2.1432267,0,46.61,138.54,0,30.0
2026-09-07T12:00,node/5418243448,La Pampa,,,,41.3793623,2.1879402,0,46.61,138.54,0,30.0
2026-09-07T12:00,node/5418243450,els maians,,,,41.3786757,2.1882219,0,46.61,138.54,0,30.0
2026-09-07T12:00,node/5418243451,no30,,,,41.3791653,2.1879988,0,46.61,138.54,0,30.0
2026-09-07T12:00,node/5418243452,Lolita,,,,41.3783615,2.1882936,0,46.61,138.54,0,30.0
2026-09-07T12:00,node/5418243454,Reina Margherita,,,,41.3792655,2.1879835,0,46.61,138.54,0,30.0
2026-09-07T12:00,node/5434314893,PolkaBarcelona,,,,41.3859057,2.1326565,0,46.61,138.54,0,30.0
2026-09-07T12:00,node/5485540627,Bar Placídia,,,,41.3999472,2.1524915,0,46.61,138.54,0,30.0
2026-09-07T12:00,node/5487473548,Cafè Mos,,,,41.4143487,2.1384116,0,46.61,138.54,0,30.0
2026-09-07T12:00,node/5498351755,365 Cafeteria Forn de Pa,,,,41.3747778,2.1626826,0,46.61,138.54,0,30.0
2026-09-07T12:00,node/5509139428,La Carmanyola,,,,41.4013829,2.2068942,1,46.61,138.54,0,30.0
2026-09-07T12:00,node/5536153362,Cafeteria La Dona,,,,41.4396715,2.2242727,1,46.61,138.54,0,30.0
2026-09-07T12:00,node/5564055763,Panda & Smile,,,,41.3842068,2.1585673,0,46.61,138.54,0,30.0
2026-09-07T12:00,node/5564064431,Atrapatapa,,,,41.3832362,2.1568636,0,46.61,138.54,0,30.0
2026-09-07T12:00,node/5595134220,Cervecería Amoretty's 3,,,,41.4412382,2.2200117,1,46.61,138.54,0,30.0
2026-09-07T12:00,node/5606506169,Sincopa,,,,41.3803881,2.1789886,0,46.61,138.54,0,30.0
2026-09-07T12:00,node/5611733921,Buenas Migas,,,,41.4024253,2.1743326,0,46.61,138.54,0,30.0
2026-09-07T12:00,node/5617465886,Amateur,,,,41.3967536,2.1962847,0,46.61,138.54,0,30.0
2026-09-07T12:00,node/5646412432,Made in Sicily,,,,41.4483394,2.2490191,1,46.61,138.54,0,30.0
2026-09-07T12:00,node/5646415922,La Bella Istambul,,,,41.4479233,2.2494906,1,46.61,138.54,0,30.0
2026-09-07T12:00,node/5658288082,Can Teixidó,,,,41.4491148,2.2483189,1,46.61,138.54,0,30.0
2026-09-07T12:00,node/5663240986,Cafè Escac,,,,41.3837378,2.1695562,1,46.61,138.54,0,30.0
2026-09-07T12:00,node/5676005621,CACHO,,,,41.3931048,2.1910878,1,46.61,138.54,0,30.0
2026-09-07T12:00,node/5718757792,360°,,,,41.3790957,2.1696433,0,46.61,138.54,0,30.0
2026-09-07T12:00,node/5793057257,Bar Granja el Chiquitín,,,,41.4398176,2.2263171,1,46.61,138.54,0,30.0
2026-09-07T12:00,node/5796742218,The Clock,,,,41.3754168,2.1482785,1,46.61,138.54,0,30.0
2026-09-07T12:00,node/5805410453,Morrow Coffee,,,,41.3771392,2.1513283,1,46.61,138.54,0,30.0
2026-09-07T12:00,node/5806521955,Paisano Bistró,,,,41.4048549,2.1759323,0,46.61,138.54,0,30.0
2026-09-07T12:00,node/5856758686,El racó de les tapes,,,,41.4357708,2.1910224,0,46.61,138.54,0,30.0
2026-09-07T12:00,node/5878496985,UDON,,,,41.4051569,2.1921906,1,46.61,138.54,0,30.0
2026-09-07T12:00,node/5916157285,Bar Castells,,,,41.3841472,2.1698121,0,46.61,138.54,0,30.0
2026-09-07T12:00,node/5923867889,,,,,41.4406062,2.2451514,1,46.61,138.54,0,30.0
2026-09-07T12:00,node/5930228787,Mi casa,,,,41.3993608,2.1535771,0,46.61,138.54,0,30.0
2026-09-07T12:00,node/5933808740,Kserol,,,,41.3986236,2.1753141,1,46.61,138.54,0,30.0
2026-09-07T12:00,node/5944781772,Restaurante Burning Rock&Food,,,,41.3746837,2.1311612,0,46.61,138.54,0,30.0
2026-09-07T12:00,node/5951964888,el Fornet,,,,41.3882003,2.1723419,0,46.61,138.54,0,30.0
2026-09-07T12:00,node/5972440521,Feroz,,,,41.3965882,2.1508404,0,46.61,138.54,0,30.0
2026-09-07T12:00,node/5980982393,Pepa Tomate,,,,41.3767661,2.1627826,0,46.61,138.54,0,30.0
2026-09-07T12:00,node/6000108088,La Neura,,,,41.4002093,2.1660134,1,46.61,138.54,0,30.0
2026-09-07T12:00,node/6009236381,Mesón Balouta,,,,41.4384121,2.1649296,1,46.61,138.54,0,30.0
2026-09-07T12:00,node/6010958538,Bar Avenida,,,,41.4371962,2.2238498,1,46.61,138.54,0,30.0
2026-09-07T12:00,node/6010958540,Bar Trébol BCN,,,,41.4352675,2.2193633,1,46.61,138.54,0,30.0
2026-09-07T12:00,node/6027971388,Novell,,,,41.4070495,2.1667319,0,46.61,138.54,0,30.0
2026-09-07T12:00,node/6038827086,Honest Greens,,,,41.3986972,2.1569862,0,46.61,138.54,0,30.0
2026-09-07T12:00,node/6066258257,Bar Roma Sports,,,,41.4449369,2.2223513,1,46.61,138.54,0,30.0
2026-09-07T12:00,node/6089625321,Vivari,,,,41.3973187,2.1676233,0,46.61,138.54,0,30.0
2026-09-07T12:00,node/6093865396,The FRESH POKE,,,,41.3975268,2.1644457,1,46.61,138.54,0,30.0
2026-09-07T12:00,node/6093944886,Nicasso,,,,41.4072456,2.1873211,1,46.61,138.54,0,30.0
2026-09-07T12:00,node/6096656135,Yoi Yoi Gion,,,,41.3965593,2.1606187,0,46.61,138.54,0,30.0
2026-09-07T12:00,node/6104559348,Belles Arts II,,,,41.3872827,2.1361782,1,46.61,138.54,0,30.0
2026-09-07T12:00,node/6104561002,Toyodo,,,,41.3866914,2.1375355,1,46.61,138.54,0,30.0
2026-09-07T12:00,node/6106764321,Il Caffe di Francesco,,,,41.3930707,2.1642758,1,46.61,138.54,0,30.0
2026-09-07T12:00,node/6109526596,El Cuiner de Damasc,,,,41.3814196,2.1776754,0,46.61,138.54,0,30.0
2026-09-07T12:00,node/6110978486,Bonaparte,,,,41.4775805,2.0724847,1,46.61,138.54,0,30.0
2026-09-07T12:00,node/6123253862,Bar Granja Oasis,,,,41.3505068,2.1127043,1,46.61,138.54,0,30.0
2026-09-07T12:00,node/6126749461,Cantero,,,,41.3942111,2.1902433,1,46.61,138.54,0,30.0
2026-09-07T12:00,node/6164234382,Poké Sí,,,,41.4052321,2.1924708,1,46.61,138.54,0,30.0
2026-09-07T12:00,node/6164236104,Palo Verde,,,,41.4047343,2.1968042,1,46.61,138.54,0,30.0
2026-09-07T12:00,node/6166398253,Panet,,,,41.3861845,2.1430687,0,46.61,138.54,0,30.0
2026-09-07T12:00,node/6182404055,Kasa,,,,41.3861348,2.1656868,0,46.61,138.54,0,30.0
2026-09-07T12:00,node/6188914880,Bella Venezia,,,,41.3965502,2.1644865,1,46.61,138.54,0,30.0
2026-09-07T12:00,node/6188922858,Arc iris,,,,41.3998386,2.1715382,0,46.61,138.54,0,30.0
2026-09-07T12:00,node/6193461695,Sun Market,,,,41.3928465,2.1569854,1,46.61,138.54,0,30.0
2026-09-07T12:00,node/6193479448,Akashi Sushi Bar,,,,41.3923045,2.1558108,0,46.61,138.54,0,30.0
2026-09-07T12:00,node/6200571548,La Svolta,,,,41.4061025,2.1515184,0,46.61,138.54,0,30.0
2026-09-07T12:00,node/6202321417,La Tapeta del Coll,,,,41.4179646,2.1467035,1,46.61,138.54,0,30.0
2026-09-07T12:00,node/6204104907,La Papa,,,,41.3898088,2.1577366,0,46.61,138.54,0,30.0
2026-09-07T12:00,node/6216083704,La Coma,,,,41.3401472,2.1265697,1,46.61,138.54,0,30.0
2026-09-07T12:00,node/6216218158,la Zona,,,,41.3460291,2.1439158,1,46.61,138.54,0,30.0
2026-09-07T12:00,node/6216756977,Estrella de Istanbul,,,,41.4098375,2.1751296,0,46.61,138.54,0,30.0
2026-09-07T12:00,node/6230395442,Akelarre,,,,41.3892275,2.1373726,1,46.61,138.54,0,30.0
2026-09-07T12:00,node/6230407068,Starbucks,,,,41.3951351,2.1581903,0,46.61,138.54,0,30.0
2026-09-07T12:00,node/6232752417,El Taller,,,,41.3587511,2.1404908,0,46.61,138.54,0,30.0
2026-09-07T12:00,node/6237797177,Luri,,,,41.3977931,2.1514901,0,46.61,138.54,0,30.0
2026-09-07T12:00,node/6246525924,in blue,,,,41.3877036,2.1368756,0,46.61,138.54,0,30.0
2026-09-07T12:00,node/6250219942,Al sur,,,,41.3941572,2.1586822,0,46.61,138.54,0,30.0
2026-09-07T12:00,node/6258570565,Dino Pan,,,,41.3824376,2.1318622,1,46.61,138.54,0,30.0
2026-09-07T12:00,node/6258570699,Don Sándwich,,,,41.3820321,2.1315862,0,46.61,138.54,0,30.0
2026-09-07T12:00,node/6258715958,La Lluna de Gavà,,,,41.3672801,2.1403759,1,46.61,138.54,0,30.0
2026-09-07T12:00,node/6258718433,La Toscana,,,,41.3805625,2.1323335,0,46.61,138.54,0,30.0
2026-09-07T12:00,node/6258718652,Cafeteria Melody Bar,,,,41.3779464,2.1338934,0,46.61,138.54,0,30.0
2026-09-07T12:00,node/6258719247,Bar Florida,,,,41.3592896,2.1399844,0,46.61,138.54,0,30.0
2026-09-07T12:00,node/6260784864,La Cabaña,,,,41.3699161,2.1341331,0,46.61,138.54,0,30.0
2026-09-07T12:00,node/6260786193,Goiko Grill,,,,41.3656448,2.1357604,1,46.61,138.54,0,30.0
2026-09-07T12:00,node/6264834185,König,,,,41.3862163,2.1827612,1,46.61,138.54,0,30.0
2026-09-07T12:00,node/6298115913,N.A.P.,,,,41.3774834,2.1900137,0,46.61,138.54,0,30.0
2026-09-07T12:00,node/6316025985,L'Esclop,,,,41.3768262,2.1577412,0,46.61,138.54,0,30.0
2026-09-07T12:00,node/6330973943,Don Kilo,,,,41.3998564,2.1639573,0,46.61,138.54,0,30.0
2026-09-07T12:00,node/6333708759,SandwiChez,,,,41.3941488,2.1694356,1,46.61,138.54,0,30.0
2026-09-07T12:00,node/6334053687,Cafè Yafa,,,,41.3997495,2.1643963,0,46.61,138.54,0,30.0
2026-09-07T12:00,node/6334053692,La Mananta,,,,41.3994169,2.1648424,1,46.61,138.54,0,30.0
2026-09-07T12:00,node/6339732807,La Soca 2,,,,41.3912352,2.1594135,1,46.61,138.54,0,30.0
2026-09-07T12:00,node/6339732809,Creps Barcelona,,,,41.3905618,2.1590619,0,46.61,138.54,0,30.0
2026-09-07T12:00,node/6357834156,Les gens que j'aime bar,,,,41.3936947,2.1648505,1,46.61,138.54,0,30.0
2026-09-07T12:00,node/6381462875,Comarca Cuina L’Hocal,,,,41.3609203,2.1295937,1,46.61,138.54,0,30.0
2026-09-07T12:00,node/6424929026,Cafeteria Samy's,,,,41.3637433,2.1369241,0,46.61,138.54,0,30.0
2026-09-07T12:00,node/6424929700,Sakuraya,,,,41.3653001,2.1307952,1,46.61,138.54,0,30.0
2026-09-07T12:00,node/6431480513,Restaurant Bodega de Tapas,,,,41.3772493,2.1371156,1,46.61,138.54,0,30.0
2026-09-07T12:00,node/6431508292,Bodega Salvat,,,,41.3711848,2.1345217,1,46.61,138.54,0,30.0
2026-09-07T12:00,node/6431508293,Jaqueline's,,,,41.3682256,2.1345214,0,46.61,138.54,0,30.0
2026-09-07T12:00,node/6431508485,Japonia Café,,,,41.3806518,2.1387176,0,46.61,138.54,0,30.0
2026-09-07T12:00,node/6431508488,La Bodegueta de Sants,,,,41.3710695,2.1344235,1,46.61,138.54,0,30.0
2026-09-07T12:00,node/6431512182,Bar Montevideo,,,,41.3693939,2.1342386,1,46.61,138.54,0,30.0
2026-09-07T12:00,node/6431558869,Bar Alegría,,,,41.3629394,2.1373301,0,46.61,138.54,0,30.0
2026-09-07T12:00,node/6431559030,Bar El Faro,,,,41.3628529,2.1373795,0,46.61,138.54,0,30.0
2026-09-07T12:00,node/6433259684,Entre Copas,,,,41.3621672,2.0761548,1,46.61,138.54,0,30.0
2026-09-07T12:00,node/6438381289,Vera Café,,,,41.3883674,2.1779512,1,46.61,138.54,0,30.0
2026-09-07T12:00,node/6441451785,Líder de Istanbul,,,,41.3752687,2.1338088,0,46.61,138.54,0,30.0
2026-09-07T12:00,node/6445233216,Gyoza Bar,,,,41.3931059,2.1798949,1,46.61,138.54,0,30.0
2026-09-07T12:00,node/6450380989,Bar But,,,,41.3979648,2.1593688,1,46.61,138.54,0,30.0
2026-09-07T12:00,node/6450381086,La Porxada,,,,41.4030026,2.1637245,0,46.61,138.54,0,30.0
2026-09-07T12:00,node/6462934229,Concordia,,,,41.3864201,2.1321758,1,46.61,138.54,0,30.0
2026-09-07T12:00,node/6475037976,L'Oasi a Consell,,,,41.3830142,2.1547507,0,46.61,138.54,0,30.0
2026-09-07T12:00,node/6477273844,Fandango,,,,41.3982346,2.1423415,0,46.61,138.54,0,30.0
2026-09-07T12:00,node/6506313588,Antigua,,,,41.3980086,2.1492952,1,46.61,138.54,0,30.0
2026-09-07T12:00,node/6507308246,L'Antica Pizzeria Da Michele,,,,41.3928154,2.1682858,1,46.61,138.54,0,30.0
2026-09-07T12:00,node/6532206187,Yü Sushi,,,,41.4032734,2.2032208,0,46.61,138.54,0,30.0
2026-09-07T12:00,node/6532330793,La Xemeneia,,,,41.4016359,2.2048002,1,46.61,138.54,0,30.0
2026-09-07T12:00,node/6535101686,Alma Loca,,,,41.3992845,2.1970974,1,46.61,138.54,0,30.0
2026-09-07T12:00,node/6538194375,Mr. White,,,,41.3761815,2.1601126,0,46.61,138.54,0,30.0
2026-09-07T12:00,node/6568369188,Elpilar,,,,41.4000903,2.1489875,0,46.61,138.54,0,30.0
2026-09-07T12:00,node/6597321587,Welcome,,,,41.4065151,2.1509474,0,46.61,138.54,0,30.0
2026-09-07T12:00,node/6600189447,café bar juli-mac,,,,41.3782625,2.1239845,0,46.61,138.54,0,30.0
2026-09-07T12:00,node/6642989000,El Pa Sencer,,,,41.3835483,2.1341796,1,46.61,138.54,0,30.0
2026-09-07T12:00,node/6642989001,Ateneu Popular de les Corts,,,,41.3826968,2.1329407,0,46.61,138.54,0,30.0
2026-09-07T12:00,node/6680396487,La prorroga,,,,41.4032976,2.1567512,0,46.61,138.54,0,30.0
2026-09-07T12:00,node/6680687871,La Mar Salada,,,,41.3768035,2.1888904,1,46.61,138.54,0,30.0
2026-09-07T12:00,node/6681709948,Kiltro Gràcia,,,,41.4018317,2.1544539,0,46.61,138.54,0,30.0
2026-09-07T12:00,node/6710510485,Catedral 1951,,,,41.3849142,2.1757337,1,46.61,138.54,0,30.0
2026-09-07T12:00,node/6750944404,Brasaña,,,,41.3605721,2.1345777,1,46.61,138.54,0,30.0
2026-09-07T12:00,node/6757307686,Kitsu,,,,41.4017918,2.1543486,0,46.61,138.54,0,30.0
2026-09-07T12:00,node/6757314489,LomoAlto,,,,41.3936053,2.1663935,1,46.61,138.54,0,30.0
2026-09-07T12:00,node/6766273102,inti & chaska,,,,41.3886755,2.1599487,1,46.61,138.54,0,30.0
2026-09-07T12:00,node/6771863086,Montseny,,,,41.4070642,2.1804416,1,46.61,138.54,0,30.0
2026-09-07T12:00,node/6775495571,El Petit,,,,41.3298893,2.0988681,1,46.61,138.54,0,30.0
2026-09-07T12:00,node/6782427526,Híbrid Cafè Restaurant,,,,41.3771219,2.1203336,1,46.61,138.54,0,30.0
2026-09-07T12:00,node/6786006588,365,,,,41.3820297,2.1697221,0,46.61,138.54,0,30.0
2026-09-07T12:00,node/6790695789,El Rincón de la Abuela Venezolana,,,,41.4058359,2.1788147,0,46.61,138.54,0,30.0
2026-09-07T12:00,node/6805613085,Bar la Cabaña,,,,41.4071784,2.1778546,0,46.61,138.54,0,30.0
2026-09-07T12:00,node/6812099686,La Xurreria de Maria,,,,41.4050102,2.1750002,1,46.61,138.54,0,30.0
2026-09-07T12:00,node/6821384885,Blu Bar,,,,41.3983358,2.2045648,1,46.61,138.54,0,30.0
2026-09-07T12:00,node/6835358009,Murivecci,,,,41.3874075,2.1828282,0,46.61,138.54,0,30.0
2026-09-07T12:00,node/6852974547,Garrido,,,,41.3603039,2.1401381,1,46.61,138.54,0,30.0
2026-09-07T12:00,node/6852994516,La Patatona,,,,41.3604651,2.1400108,1,46.61,138.54,0,30.0
2026-09-07T12:00,node/6855027201,Bar Sandwicheria Enka 3,,,,41.3758876,2.1221107,0,46.61,138.54,0,30.0
2026-09-07T12:00,node/6871523347,Cafe Punto 10,,,,41.3805947,2.1364501,0,46.61,138.54,0,30.0
2026-09-07T12:00,node/6914132390,El Nou Ramonet,,,,41.3817315,2.1876268,0,46.61,138.54,0,30.0
2026-09-07T12:00,node/6946328085,Cremat 11,,,,41.3855109,2.1810205,0,46.61,138.54,0,30.0
2026-09-07T12:00,node/6973926711,Syra Coffee,,,,41.3965047,2.1941864,0,46.61,138.54,0,30.0
2026-09-07T12:00,node/6983227455,SNOOKER - Cocteles y Billarea,,,,41.3921561,2.1703663,0,46.61,138.54,0,30.0
2026-09-07T12:00,node/7002869606,Chebú,,,,41.3791162,2.1515085,0,46.61,138.54,0,30.0
2026-09-07T12:00,node/7003296923,Triple Sec,,,,41.3747448,2.1609868,1,46.61,138.54,0,30.0
2026-09-07T12:00,node/7004598841,Orange Coffee,,,,41.4052864,2.1712189,0,46.61,138.54,0,30.0
2026-09-07T12:00,node/7014308129,Bar Bodega Lentejil,,,,41.4429922,2.2175094,1,46.61,138.54,0,30.0
2026-09-07T12:00,node/7017780931,Yoüme,,,,41.3835882,2.1541892,0,46.61,138.54,0,30.0
2026-09-07T12:00,node/7098025886,El Club del Café,,,,41.4340729,2.1892624,1,46.61,138.54,0,30.0
2026-09-07T12:00,node/7124857728,Cabo,,,,41.3964797,2.1851438,0,46.61,138.54,0,30.0
2026-09-07T12:00,node/7132160620,Santagloria,,,,41.3863926,2.1243567,0,46.61,138.54,0,30.0
2026-09-07T12:00,node/7141587085,La Cereria,,,,41.3815426,2.1767152,0,46.61,138.54,0,30.0
2026-09-07T12:00,node/7150994121,Vivari,,,,41.3998419,2.1775677,0,46.61,138.54,0,30.0
2026-09-07T12:00,node/7234692489,Van van var,,,,41.3942304,2.1901096,1,46.61,138.54,0,30.0
2026-09-07T12:00,node/7318977151,,,,,41.3711664,2.1434617,1,46.61,138.54,0,30.0
2026-09-07T12:00,node/7318977155,Bar Joaquim,,,,41.3704145,2.1424922,1,46.61,138.54,0,30.0
2026-09-07T12:00,node/7318977156,Vivari,,,,41.3686165,2.1410874,1,46.61,138.54,0,30.0
2026-09-07T12:00,node/7431790448,Santagloria,,,,41.3896086,2.1200086,1,46.61,138.54,0,30.0
2026-09-07T12:00,node/7438491414,,,,,41.3733479,2.1301506,0,46.61,138.54,0,30.0
2026-09-07T12:00,node/7504941029,Iberic Fusión Platja,,,,41.4380577,2.2431806,1,46.61,138.54,0,30.0
2026-09-07T12:00,node/7504941031,l'Altre Can Mario's,,,,41.4405591,2.2418866,1,46.61,138.54,0,30.0
2026-09-07T12:00,node/7504941033,L'Esmolet,,,,41.4432993,2.2460741,1,46.61,138.54,0,30.0
2026-09-07T12:00,node/7504941035,la Masia de la Xesca,,,,41.4452013,2.2417838,1,46.61,138.54,0,30.0
2026-09-07T12:00,node/7556742593,Menjador del Centre,,,,41.4009756,2.2000272,0,46.61,138.54,0,30.0
2026-09-07T12:00,node/7563962192,Passeig9,,,,41.4014488,2.2009478,0,46.61,138.54,0,30.0
2026-09-07T12:00,node/7600529740,Restaurante La Flama,,,,41.3514861,2.1114722,1,46.61,138.54,0,30.0
2026-09-07T12:00,node/7618205068,El Pellizquito,,,,41.3501292,2.1105817,1,46.61,138.54,0,30.0
2026-09-07T12:00,node/7640514041,Bar Plaça Carles Buïgas,,,,41.3711833,2.1510204,1,46.61,138.54,0,30.0
2026-09-07T12:00,node/7644933199,Almirall,,,,41.4100171,2.1883052,1,46.61,138.54,0,30.0
2026-09-07T12:00,node/7704818539,Bar Granja Rocxi,,,,41.3744206,2.1339573,1,46.61,138.54,0,30.0
2026-09-07T12:00,node/7704818548,Cafès Caracas,,,,41.3748038,2.1328052,0,46.61,138.54,0,30.0
2026-09-07T12:00,node/7706832792,Cru Sants,,,,41.3721342,2.1286919,1,46.61,138.54,0,30.0
2026-09-07T12:00,node/7736420790,Mamma Italia,,,,41.3764642,2.1234304,1,46.61,138.54,0,30.0
2026-09-07T12:00,node/7772770550,Eqvilibrivm Café,,,,41.3973065,2.1697662,0,46.61,138.54,0,30.0
2026-09-07T12:00,node/7838098454,El Caserón,,,,41.3838275,2.1398498,0,46.61,138.54,0,30.0
2026-09-07T12:00,node/7925586104,Delicream,,,,41.4572921,2.2290688,1,46.61,138.54,0,30.0
2026-09-07T12:00,node/7989010587,Castañeiras,,,,41.4100358,2.1760296,0,46.61,138.54,0,30.0
2026-09-07T12:00,node/7999604058,Lilo brunch,,,,41.3873718,2.1627034,1,46.61,138.54,0,30.0
2026-09-07T12:00,node/7999616840,Bellillo,,,,41.3879362,2.1620483,1,46.61,138.54,0,30.0
2026-09-07T12:00,node/8034999886,Costa Dorada,,,,41.3980284,2.1986941,0,46.61,138.54,0,30.0
2026-09-07T12:00,node/8046554489,Sport,,,,41.4001224,2.2000188,0,46.61,138.54,0,30.0
2026-09-07T12:00,node/8049731595,Echegaray,,,,41.4018684,2.2023424,0,46.61,138.54,0,30.0
2026-09-07T12:00,node/8049732292,Doroteo,,,,41.4029636,2.2006718,0,46.61,138.54,0,30.0
2026-09-07T12:00,node/8064873985,Saramar,,,,41.3957712,2.1953013,1,46.61,138.54,0,30.0
2026-09-07T12:00,node/8077128420,Tío Bigotes,,,,41.4013922,2.2028846,0,46.61,138.54,0,30.0
2026-09-07T12:00,manual/488492e9,Bar Viejo Cafe,Bar,yes,"Carrer de la Independència, 306, Sant Martí, 08026 Barcelona",41.4116,2.1794,0,46.61,138.54,0,30.0
2026-09-07T12:00,manual/c52f6190,New 88 Bar-Cafeteria,bar,yes,,41.4094505,2.1789589,1,46.61,138.54,0,30.0
2026-09-07T12:00,manual/5d2ea7ea,Restaurant Papá Nico,bar,yes,,41.4094505,2.1789589,1,46.61,138.54,0,30.0
2026-09-07T12:00,manual/c980e39e,Restaurant El Clot,restaurant,yes,,41.4087697,2.1875592,0,46.61,138.54,0,30.0
2026-09-07T13:00,relation/18317100,,,,,41.42,2.1188352,1,52.41,159.85,57,30.6
2026-09-07T13:00,node/208984374,Central Rambla,,,,41.3782716,2.1761732,0,52.41,159.85,57,30.6
2026-09-07T13:00,way/217583616,Can Fisher,,,,41.3946034,2.2062292,1,52.41,159.85,57,30.6
2026-09-07T13:00,way/245214117,la Caseta del Migdia,,,,41.3596833,2.1607145,1,52.41,159.85,57,30.6
2026-09-07T13:00,way/246717741,Mirablau,,,,41.4160323,2.1319129,1,52.41,159.85,57,30.6
2026-09-07T13:00,way/249404809,PURO,,,,41.3911248,2.1461635,0,52.41,159.85,57,30.6
2026-09-07T13:00,way/268912897,Can Cortada,,,,41.4362503,2.1524833,1,52.41,159.85,57,30.6
2026-09-07T13:00,way/315387188,Temple del Metall,,,,41.4741706,2.1662317,1,52.41,159.85,57,30.6
2026-09-07T13:00,way/392926648,Pacha,,,,41.3857491,2.1970415,1,52.41,159.85,57,30.6
2026-09-07T13:00,way/412702054,Camping,,,,41.3953192,2.2042386,1,52.41,159.85,57,30.6
2026-09-07T13:00,way/443599336,Asador Casa Juaco,,,,41.4476663,2.1426909,1,52.41,159.85,57,30.6
2026-09-07T13:00,way/446002194,La Base by Farré,,,,41.3967358,2.2101884,1,52.41,159.85,57,30.6
2026-09-07T13:00,node/476327681,Can Paixano,,,,41.3817618,2.1834151,0,52.41,159.85,57,30.6
2026-09-07T13:00,node/506202703,Bar Almogávares,,,,41.3962323,2.1890864,0,52.41,159.85,57,30.6
2026-09-07T13:00,way/519771543,Restaurant Can Cases,,,,41.4343885,2.0985276,1,52.41,159.85,57,30.6
2026-09-07T13:00,node/534367691,Sant Bartomeu,,,,41.3755248,2.1346488,0,52.41,159.85,57,30.6
2026-09-07T13:00,node/643022131,Euro Bar-Tapas,,,,41.4342324,2.2161197,1,52.41,159.85,57,30.6
2026-09-07T13:00,node/643429648,Joan Figuera,,,,41.4336545,2.2169391,1,52.41,159.85,57,30.6
2026-09-07T13:00,node/643496696,El rincón de Willy,,,,41.4380246,2.2180623,1,52.41,159.85,57,30.6
2026-09-07T13:00,node/643496704,Bar Somni d'estiu,,,,41.4382361,2.2166687,1,52.41,159.85,57,30.6
2026-09-07T13:00,way/655221168,L'Ovella Negra Marina,,,,41.3960196,2.1901331,1,52.41,159.85,57,30.6
2026-09-07T13:00,node/660004524,Bocatapa Can Manel,,,,41.4413833,2.2212875,1,52.41,159.85,57,30.6
2026-09-07T13:00,node/672140180,Kasparo,,,,41.3844847,2.1690087,1,52.41,159.85,57,30.6
2026-09-07T13:00,node/704031158,Café Zurich,,,,41.3858504,2.1694606,1,52.41,159.85,57,30.6
2026-09-07T13:00,node/704042058,Starbucks,,,,41.3888305,2.1719117,1,52.41,159.85,57,30.6
2026-09-07T13:00,node/704058886,Tapa Tapa,,,,41.3916926,2.1660167,1,52.41,159.85,57,30.6
2026-09-07T13:00,node/704060428,Oassis Natural Cooking,,,,41.3901637,2.1678915,1,52.41,159.85,57,30.6
2026-09-07T13:00,node/704066257,Ciutat Comtal,,,,41.3888272,2.1668833,1,52.41,159.85,57,30.6
2026-09-07T13:00,node/704066614,Taller de Tapas,,,,41.3905645,2.1639038,0,52.41,159.85,57,30.6
2026-09-07T13:00,way/707305723,Bar Frankfurt Cafeteria Fabregada,,,,41.3561748,2.1108239,1,52.41,159.85,57,30.6
2026-09-07T13:00,node/745947750,Bar Geminis,,,,41.3976224,2.1807778,0,52.41,159.85,57,30.6
2026-09-07T13:00,node/765796519,La Cafetera,,,,41.4049767,2.1575215,0,52.41,159.85,57,30.6
2026-09-07T13:00,node/814006271,Les 15 Nits Bar,,,,41.3804529,2.1749778,1,52.41,159.85,57,30.6
2026-09-07T13:00,node/819552792,Bracafe,,,,41.3944249,2.1675209,1,52.41,159.85,57,30.6
2026-09-07T13:00,node/824476551,Caleuche,,,,41.3761526,2.1686172,1,52.41,159.85,57,30.6
2026-09-07T13:00,node/830462039,Bar Restaurant Angela,,,,41.4043015,2.1949428,1,52.41,159.85,57,30.6
2026-09-07T13:00,way/907005766,Chevy's Bar,,,,41.4143731,2.2289499,1,52.41,159.85,57,30.6
2026-09-07T13:00,way/969257968,,,,,41.3793991,2.1073385,1,52.41,159.85,57,30.6
2026-09-07T13:00,way/1063378975,Bar Restaurant Oliver,,,,41.3469215,2.1546999,1,52.41,159.85,57,30.6
2026-09-07T13:00,node/1072798261,Taverna del Bisbe,,,,41.3849254,2.1766628,1,52.41,159.85,57,30.6
2026-09-07T13:00,node/1072800838,El Cafè D'en Victor,,,,41.3847931,2.1767008,1,52.41,159.85,57,30.6
2026-09-07T13:00,node/1083144027,Los Caracoles,,,,41.3796584,2.1765082,0,52.41,159.85,57,30.6
2026-09-07T13:00,node/1092685793,Elche,,,,41.3739754,2.1691488,0,52.41,159.85,57,30.6
2026-09-07T13:00,way/1112240803,ForumStation,,,,41.4096655,2.2221501,1,52.41,159.85,57,30.6
2026-09-07T13:00,node/1177498341,Casa Vall,,,,41.4074238,2.1585521,0,52.41,159.85,57,30.6
2026-09-07T13:00,node/1192698924,Bilbao Berria,,,,41.3841976,2.1748665,0,52.41,159.85,57,30.6
2026-09-07T13:00,node/1192699873,Tapas 24,,,,41.3908686,2.1674705,0,52.41,159.85,57,30.6
2026-09-07T13:00,way/1200964257,Chiringuito Joan Miro,,,,41.3789977,2.1478116,1,52.41,159.85,57,30.6
2026-09-07T13:00,node/1264182304,Tosca del Carme,,,,41.3819482,2.1695795,1,52.41,159.85,57,30.6
2026-09-07T13:00,node/1280416455,Carballeira,,,,41.4442679,2.2217701,1,52.41,159.85,57,30.6
2026-09-07T13:00,way/1300745688,La Casona de Sant Just,,,,41.3833348,2.0735139,1,52.41,159.85,57,30.6
2026-09-07T13:00,node/1310450869,El Filete Ruso,,,,41.3925451,2.1558968,1,52.41,159.85,57,30.6
2026-09-07T13:00,node/1312325106,La Palmera,,,,41.4144229,2.1385123,0,52.41,159.85,57,30.6
2026-09-07T13:00,node/1314943380,Mescladís del Pou,,,,41.3870865,2.1803497,0,52.41,159.85,57,30.6
2026-09-07T13:00,node/1335697982,,,,,41.3608771,2.1101417,1,52.41,159.85,57,30.6
2026-09-07T13:00,way/1368167814,Natura Beach. El Chiringuito,,,,41.4028929,2.2157443,1,52.41,159.85,57,30.6
2026-09-07T13:00,node/1420760625,Tapeo,,,,41.4044988,2.1554811,0,52.41,159.85,57,30.6
2026-09-07T13:00,node/1420760630,Diamant,,,,41.4042174,2.1555899,1,52.41,159.85,57,30.6
2026-09-07T13:00,node/1428867664,Café Berlin,,,,41.3943566,2.1494599,1,52.41,159.85,57,30.6
2026-09-07T13:00,node/1430537485,Oasis Restaurant,,,,41.3827219,2.1847191,1,52.41,159.85,57,30.6
2026-09-07T13:00,node/1445598557,Bracafe,,,,41.3948025,2.1817533,1,52.41,159.85,57,30.6
2026-09-07T13:00,node/1554649942,Torrades,,,,41.4375721,2.1566095,0,52.41,159.85,57,30.6
2026-09-07T13:00,node/1554649988,La Panera,,,,41.4374756,2.1563359,0,52.41,159.85,57,30.6
2026-09-07T13:00,node/1658425572,Rebeka,,,,41.3967185,2.1890325,1,52.41,159.85,57,30.6
2026-09-07T13:00,node/1685949861,Cerveceria Milenium 2,,,,41.3534566,2.0866307,1,52.41,159.85,57,30.6
2026-09-07T13:00,node/1711342192,Calero's Centre,,,,41.3744728,2.1349721,1,52.41,159.85,57,30.6
2026-09-07T13:00,node/1722136431,Cervecería Catalana,,,,41.3924032,2.1609008,0,52.41,159.85,57,30.6
2026-09-07T13:00,node/1739122591,La Tagliatella,,,,41.3943371,2.1521208,0,52.41,159.85,57,30.6
2026-09-07T13:00,node/1813593370,Bar Capricornio,,,,41.4381257,2.2179547,1,52.41,159.85,57,30.6
2026-09-07T13:00,node/1820633320,CASA TEVA,,,,41.3752815,2.1166845,1,52.41,159.85,57,30.6
2026-09-07T13:00,node/1824133931,Carmesí,,,,41.3737373,2.1644452,0,52.41,159.85,57,30.6
2026-09-07T13:00,node/1948986220,Cafeteria UPF Jaume I,,,,41.3900298,2.1901118,1,52.41,159.85,57,30.6
2026-09-07T13:00,node/1948987514,Cafeteria UPF Roger de Lluria,,,,41.3886776,2.1915119,1,52.41,159.85,57,30.6
2026-09-07T13:00,node/1951812612,Casa Pagès,,,,41.3998447,2.1613114,0,52.41,159.85,57,30.6
2026-09-07T13:00,node/1960366982,Casa Amalia,,,,41.3962525,2.1685646,0,52.41,159.85,57,30.6
2026-09-07T13:00,node/1984001407,Bar de la FIB,,,,41.3894239,2.1132363,1,52.41,159.85,57,30.6
2026-09-07T13:00,node/2034780565,Cerbeseria Lesseps,,,,41.4073551,2.1514486,1,52.41,159.85,57,30.6
2026-09-07T13:00,node/2034780569,L'Brasseria,,,,41.4067629,2.1516314,1,52.41,159.85,57,30.6
2026-09-07T13:00,node/2056517879,Caelum,,,,41.3830524,2.1744369,0,52.41,159.85,57,30.6
2026-09-07T13:00,node/2065469522,Restaurant Pipa,,,,41.3997461,2.2003004,1,52.41,159.85,57,30.6
2026-09-07T13:00,node/2087204991,La Sanguchería,,,,41.3954987,2.1484037,0,52.41,159.85,57,30.6
2026-09-07T13:00,node/2091604731,Tapa Tapa,,,,41.3762094,2.1500463,1,52.41,159.85,57,30.6
2026-09-07T13:00,node/2112843062,El Vaixell-2,,,,41.4541291,2.2350201,1,52.41,159.85,57,30.6
2026-09-07T13:00,node/2165154147,Asador de Lugo,,,,41.3797623,2.1376748,0,52.41,159.85,57,30.6
2026-09-07T13:00,node/2184580476,Bar del Pi,,,,41.3824922,2.1739624,0,52.41,159.85,57,30.6
2026-09-07T13:00,node/2187210264,Sopa,,,,41.4023416,2.1952788,1,52.41,159.85,57,30.6
2026-09-07T13:00,node/2197824500,Tierra del fuego,,,,41.4016702,2.2016399,0,52.41,159.85,57,30.6
2026-09-07T13:00,node/2213839299,Pollo Rico,,,,41.3791045,2.1721976,0,52.41,159.85,57,30.6
2026-09-07T13:00,node/2364075421,Chen-Ji,,,,41.3936143,2.1807074,0,52.41,159.85,57,30.6
2026-09-07T13:00,node/2434563732,La Bella Napoli,,,,41.3743686,2.1637621,0,52.41,159.85,57,30.6
2026-09-07T13:00,node/2442785485,El Círcol,,,,41.4501968,2.2474223,1,52.41,159.85,57,30.6
2026-09-07T13:00,node/2468197823,365 Cafeteria Forn de Pa,,,,41.3752071,2.1635151,1,52.41,159.85,57,30.6
2026-09-07T13:00,node/2476332030,Bar Lennon,,,,41.4028901,2.1612576,0,52.41,159.85,57,30.6
2026-09-07T13:00,node/2500906795,Bar Lúdic Queimada Nivell Q,,,,41.4094152,2.1808913,1,52.41,159.85,57,30.6
2026-09-07T13:00,node/2598482930,Con Gracia,,,,41.3990704,2.1600617,0,52.41,159.85,57,30.6
2026-09-07T13:00,node/2609183969,Fukuoka,,,,41.4022587,2.1612976,1,52.41,159.85,57,30.6
2026-09-07T13:00,node/2610750687,Xiringuito Aigua,,,,41.4096717,2.1683236,1,52.41,159.85,57,30.6
2026-09-07T13:00,node/2618447074,Vegetalia,,,,41.3803973,2.1776952,0,52.41,159.85,57,30.6
2026-09-07T13:00,node/2618538581,Veggie Garden,,,,41.3822767,2.1680336,0,52.41,159.85,57,30.6
2026-09-07T13:00,node/2618538595,Biocenter,,,,41.3825765,2.1694364,0,52.41,159.85,57,30.6
2026-09-07T13:00,node/2684052224,Pai Mei,,,,41.4051863,2.1931071,1,52.41,159.85,57,30.6
2026-09-07T13:00,node/2687089274,Dolça Estona,,,,41.4117096,2.1394938,0,52.41,159.85,57,30.6
2026-09-07T13:00,node/2689736934,Bar Bodega Molina,,,,41.4403298,2.1817019,0,52.41,159.85,57,30.6
2026-09-07T13:00,node/2721077740,Bar Veni,,,,41.3848861,2.1667078,0,52.41,159.85,57,30.6
2026-09-07T13:00,node/2727449418,Las Euras,,,,41.3998785,2.1577187,0,52.41,159.85,57,30.6
2026-09-07T13:00,node/2793491051,La bona tapa,,,,41.4368098,2.2166172,1,52.41,159.85,57,30.6
2026-09-07T13:00,node/2892028393,Kino,,,,41.3825992,2.1665452,0,52.41,159.85,57,30.6
2026-09-07T13:00,node/2892037115,23 Robadors,,,,41.3796029,2.1708903,0,52.41,159.85,57,30.6
2026-09-07T13:00,node/2910255826,Shôko,,,,41.3854991,2.1969746,1,52.41,159.85,57,30.6
2026-09-07T13:00,node/2910255827,Opium,,,,41.3852778,2.1967099,1,52.41,159.85,57,30.6
2026-09-07T13:00,node/2927944587,Tapas Tapas!,,,,41.3745104,2.1829399,1,52.41,159.85,57,30.6
2026-09-07T13:00,node/2951499208,El racó d'en Henry,,,,41.4394757,2.2215013,1,52.41,159.85,57,30.6
2026-09-07T13:00,node/2966340931,El Capritx,,,,41.4022886,2.1998883,0,52.41,159.85,57,30.6
2026-09-07T13:00,node/2968119440,Can Tresó,,,,41.4028999,2.1537483,1,52.41,159.85,57,30.6
2026-09-07T13:00,node/2969276727,La Sirena Verde,,,,41.4027605,2.1657128,0,52.41,159.85,57,30.6
2026-09-07T13:00,node/2969277275,Café de l'Eixample,,,,41.4005021,2.1690108,0,52.41,159.85,57,30.6
2026-09-07T13:00,node/2970751844,Taverna El Disbarat,,,,41.4017728,2.1545227,1,52.41,159.85,57,30.6
2026-09-07T13:00,node/3007755352,La Pausa,,,,41.4071883,2.1557816,1,52.41,159.85,57,30.6
2026-09-07T13:00,node/3007803307,Oh La Lá,,,,41.4460123,2.2485803,1,52.41,159.85,57,30.6
2026-09-07T13:00,node/3048077142,L'Aliança del Poblenou,,,,41.3997067,2.2032276,1,52.41,159.85,57,30.6
2026-09-07T13:00,node/3049368344,Clot76,,,,41.4082815,2.1885259,0,52.41,159.85,57,30.6
2026-09-07T13:00,node/3084370508,Marina Bay By Moncho's,,,,41.3863077,2.1975017,1,52.41,159.85,57,30.6
2026-09-07T13:00,node/3084507933,Caravelle,,,,41.3822872,2.1688475,0,52.41,159.85,57,30.6
2026-09-07T13:00,node/3120072573,Bar Restaurant Nàutic,,,,41.3806088,2.1408397,1,52.41,159.85,57,30.6
2026-09-07T13:00,node/3177990194,Mezcal Taco Bar,,,,41.3830563,2.1554872,0,52.41,159.85,57,30.6
2026-09-07T13:00,node/3270120640,Luigi,,,,41.3862659,2.1753788,0,52.41,159.85,57,30.6
2026-09-07T13:00,node/3271554311,Al Sultán,,,,41.4035661,2.1554863,0,52.41,159.85,57,30.6
2026-09-07T13:00,node/3328694987,Nou Candanchú,,,,41.4005128,2.1576475,1,52.41,159.85,57,30.6
2026-09-07T13:00,node/3339670930,Bahia,,,,41.3803265,2.1774842,0,52.41,159.85,57,30.6
2026-09-07T13:00,node/3441700493,Santos Tapas,,,,41.3818417,2.1745121,0,52.41,159.85,57,30.6
2026-09-07T13:00,node/3491476947,Bar del Pla,,,,41.3856036,2.1800221,0,52.41,159.85,57,30.6
2026-09-07T13:00,node/3496970198,Centre Cívic Can Deu,,,,41.3869027,2.1327794,0,52.41,159.85,57,30.6
2026-09-07T13:00,node/3504769719,El Rincón,,,,41.3908977,2.1900669,1,52.41,159.85,57,30.6
2026-09-07T13:00,node/3517276245,Bar Canigó,,,,41.4029724,2.1579186,1,52.41,159.85,57,30.6
2026-09-07T13:00,node/3522552400,Àpat's,,,,41.3757617,2.1419109,1,52.41,159.85,57,30.6
2026-09-07T13:00,node/3548547194,El Bon Menjador - 2,,,,41.4388101,2.2172863,1,52.41,159.85,57,30.6
2026-09-07T13:00,node/3548548998,Bar Morales,,,,41.4395878,2.2165237,1,52.41,159.85,57,30.6
2026-09-07T13:00,node/3548613495,Bar Paula's Tapería,,,,41.4385437,2.2175484,1,52.41,159.85,57,30.6
2026-09-07T13:00,node/3556089494,Delicias Mediterráneas,,,,41.4415079,2.2267435,1,52.41,159.85,57,30.6
2026-09-07T13:00,node/3556089497,Xurreria Rodríguez,,,,41.4416928,2.2264651,1,52.41,159.85,57,30.6
2026-09-07T13:00,node/3556089803,Bar de La Salut,,,,41.4422594,2.2258792,1,52.41,159.85,57,30.6
2026-09-07T13:00,node/3560942698,Sandvitxeria Alhociema,,,,41.4443624,2.2236761,1,52.41,159.85,57,30.6
2026-09-07T13:00,node/3560955995,Centro Cultural Castellano-manchego,,,,41.4390698,2.2176297,1,52.41,159.85,57,30.6
2026-09-07T13:00,node/3595399490,Bar Familiar,,,,41.4359163,2.2182018,1,52.41,159.85,57,30.6
2026-09-07T13:00,node/3595399769,La granja de Casablanca,,,,41.4357671,2.2189395,1,52.41,159.85,57,30.6
2026-09-07T13:00,node/3595401238,Bar Alcázar,,,,41.4365542,2.2183742,1,52.41,159.85,57,30.6
2026-09-07T13:00,node/3596986411,Agrupación Cultural Galega Agarimos,,,,41.4358268,2.2165495,1,52.41,159.85,57,30.6
2026-09-07T13:00,node/3612059306,Nabuco Tiramisú,,,,41.4004523,2.1577244,0,52.41,159.85,57,30.6
2026-09-07T13:00,node/3620986554,Yamane,,,,41.3868061,2.1808426,0,52.41,159.85,57,30.6
2026-09-07T13:00,node/3620991692,Yamaneko-ryouri,,,,41.4016619,2.1447787,0,52.41,159.85,57,30.6
2026-09-07T13:00,node/3624045193,Bar-Granja Maribel,,,,41.4399092,2.2235793,1,52.41,159.85,57,30.6
2026-09-07T13:00,node/3624045293,Bar La Cantonada,,,,41.4396227,2.2242325,1,52.41,159.85,57,30.6
2026-09-07T13:00,node/3713349650,Groin's,,,,41.4108415,2.1637178,1,52.41,159.85,57,30.6
2026-09-07T13:00,node/3718061014,Bar Calders,,,,41.3764788,2.1623937,1,52.41,159.85,57,30.6
2026-09-07T13:00,node/3730796125,Buenas Migas,,,,41.3975542,2.1587856,1,52.41,159.85,57,30.6
2026-09-07T13:00,node/3761312382,La Fonda,,,,41.3793598,2.1762144,0,52.41,159.85,57,30.6
2026-09-07T13:00,node/3777075876,Oaxaca,,,,41.3821041,2.1838988,1,52.41,159.85,57,30.6
2026-09-07T13:00,node/3779149860,EsPan's,,,,41.4349094,2.2194667,1,52.41,159.85,57,30.6
2026-09-07T13:00,node/3794002044,Samurai Ramen,,,,41.3736753,2.1548947,0,52.41,159.85,57,30.6
2026-09-07T13:00,node/3804046057,Robata Sushi & Grill,,,,41.3904886,2.1585836,0,52.41,159.85,57,30.6
2026-09-07T13:00,node/3809169458,Freiduría El Boquerón,,,,41.4400822,2.2264769,1,52.41,159.85,57,30.6
2026-09-07T13:00,node/3809169459,Marisquería Melchor,,,,41.4401715,2.2266602,1,52.41,159.85,57,30.6
2026-09-07T13:00,node/3809169461,Elhotro bar,,,,41.4401247,2.2268506,1,52.41,159.85,57,30.6
2026-09-07T13:00,node/3809169658,Carte d'Or,,,,41.4403068,2.2274065,1,52.41,159.85,57,30.6
2026-09-07T13:00,node/3809169668,Vivari,,,,41.4408122,2.2271125,1,52.41,159.85,57,30.6
2026-09-07T13:00,node/3809169669,Pantaiberic delicatessen,,,,41.4408174,2.2269502,1,52.41,159.85,57,30.6
2026-09-07T13:00,node/3840009426,La Esquinica,,,,41.4304816,2.1712169,1,52.41,159.85,57,30.6
2026-09-07T13:00,node/3874539219,Café del Centre,,,,41.3946111,2.1712059,0,52.41,159.85,57,30.6
2026-09-07T13:00,node/3890922254,Characato,,,,41.4046885,2.1836218,1,52.41,159.85,57,30.6
2026-09-07T13:00,node/3901403358,Les Dues Sicilies,,,,41.3866097,2.1802613,0,52.41,159.85,57,30.6
2026-09-07T13:00,node/3955968257,El racó de les Glòries,,,,41.3986109,2.1978895,1,52.41,159.85,57,30.6
2026-09-07T13:00,node/4060217594,Matt & Marshall,,,,41.3993348,2.1997769,1,52.41,159.85,57,30.6
2026-09-07T13:00,node/4073605889,Mariscco,,,,41.3804885,2.1753271,0,52.41,159.85,57,30.6
2026-09-07T13:00,node/4126257971,Xixbar,,,,41.3758485,2.1576176,0,52.41,159.85,57,30.6
2026-09-07T13:00,node/4127494769,Vapiano,,,,41.3788941,2.1758361,1,52.41,159.85,57,30.6
2026-09-07T13:00,node/4138815989,Nømad Cøffee,,,,41.3889108,2.1771731,1,52.41,159.85,57,30.6
2026-09-07T13:00,node/4150499794,El 68,,,,41.4023622,2.1612062,0,52.41,159.85,57,30.6
2026-09-07T13:00,node/4166496789,Bar Thonet Grill Room,,,,41.3792408,2.1761073,1,52.41,159.85,57,30.6
2026-09-07T13:00,node/4168100800,Cervecería Frankfurt Europa,,,,41.4396191,2.2191504,1,52.41,159.85,57,30.6
2026-09-07T13:00,node/4225209596,Bar El Velodromo,,,,41.3934442,2.1501395,0,52.41,159.85,57,30.6
2026-09-07T13:00,node/4225810298,Bar Nolla,,,,41.3905504,2.1647825,0,52.41,159.85,57,30.6
2026-09-07T13:00,node/4233959493,Pastisseria Granja,,,,41.3795042,2.1792309,1,52.41,159.85,57,30.6
2026-09-07T13:00,node/4239222689,Rekons,,,,41.3806195,2.1610796,1,52.41,159.85,57,30.6
2026-09-07T13:00,node/4244877765,Bar La Peña,,,,41.4404265,2.2170329,1,52.41,159.85,57,30.6
2026-09-07T13:00,node/4247196393,cal mariner,,,,41.3791754,2.1898206,0,52.41,159.85,57,30.6
2026-09-07T13:00,node/4253851490,El Trencadís,,,,41.3937976,2.1655309,0,52.41,159.85,57,30.6
2026-09-07T13:00,node/4253862889,Hummus,,,,41.3912547,2.1611975,0,52.41,159.85,57,30.6
2026-09-07T13:00,node/4254090289,La tasqueta de Blai,,,,41.3733347,2.1652358,0,52.41,159.85,57,30.6
2026-09-07T13:00,node/4254094290,Rosa Negra,,,,41.3819164,2.1687596,1,52.41,159.85,57,30.6
2026-09-07T13:00,node/4254704967,Firebug Brunch,,,,41.3927459,2.1778691,0,52.41,159.85,57,30.6
2026-09-07T13:00,node/4254996890,La Macchina,,,,41.4030005,2.1535966,0,52.41,159.85,57,30.6
2026-09-07T13:00,node/4267035492,Kebabish,,,,41.4409198,2.2217884,1,52.41,159.85,57,30.6
2026-09-07T13:00,node/4267055591,La cantina del tapeo,,,,41.4420999,2.2200224,1,52.41,159.85,57,30.6
2026-09-07T13:00,node/4278033120,Buenas Migas,,,,41.3838044,2.1696233,1,52.41,159.85,57,30.6
2026-09-07T13:00,node/4283188047,Granja Romaní,,,,41.4348618,2.2179712,1,52.41,159.85,57,30.6
2026-09-07T13:00,node/4283194434,Bar La Paradeta,,,,41.4337773,2.2167771,1,52.41,159.85,57,30.6
2026-09-07T13:00,node/4291934189,Fonda Espanya,,,,41.3799009,2.1728032,0,52.41,159.85,57,30.6
2026-09-07T13:00,node/4306440989,Blai 9,,,,41.3730722,2.1658539,0,52.41,159.85,57,30.6
2026-09-07T13:00,node/4314857689,El punt,,,,41.4413807,2.2316251,1,52.41,159.85,57,30.6
2026-09-07T13:00,node/4314859689,Versace,,,,41.4337089,2.2172203,1,52.41,159.85,57,30.6
2026-09-07T13:00,node/4315715092,Petit Comitè,,,,41.3943551,2.1600308,0,52.41,159.85,57,30.6
2026-09-07T13:00,node/4321183403,Brunch & Cake,,,,41.3882834,2.1615596,1,52.41,159.85,57,30.6
2026-09-07T13:00,node/4336933393,Mayura,,,,41.3938992,2.1720914,0,52.41,159.85,57,30.6
2026-09-07T13:00,node/4340119890,VIENA,,,,41.3579934,2.1293918,1,52.41,159.85,57,30.6
2026-09-07T13:00,node/4349925690,Nemrut,,,,41.3810051,2.1772158,0,52.41,159.85,57,30.6
2026-09-07T13:00,node/4350019284,Palosanto,,,,41.3808122,2.1772701,1,52.41,159.85,57,30.6
2026-09-07T13:00,node/4364289794,Faborit Casa Amatller,,,,41.3915836,2.1650592,0,52.41,159.85,57,30.6
2026-09-07T13:00,node/4386702690,Red Ant Noodle Bar,,,,41.3880129,2.1810961,0,52.41,159.85,57,30.6
2026-09-07T13:00,node/4396244190,Fresc Co,,,,41.3891657,2.1969678,1,52.41,159.85,57,30.6
2026-09-07T13:00,node/4401234193,BlackLab Brewhouse & Kitchen,,,,41.3812305,2.1854573,1,52.41,159.85,57,30.6
2026-09-07T13:00,node/4431102493,Forn Puiggròs,,,,41.4102615,2.1741597,0,52.41,159.85,57,30.6
2026-09-07T13:00,node/4439412389,La Vinya del Senyor,,,,41.3832546,2.1818655,0,52.41,159.85,57,30.6
2026-09-07T13:00,node/4440352791,La Gavina,,,,41.3807532,2.1853211,1,52.41,159.85,57,30.6
2026-09-07T13:00,node/4443367289,Pannus,,,,41.3863691,2.1726728,0,52.41,159.85,57,30.6
2026-09-07T13:00,node/4449185678,Il Caffè di Francesco,,,,41.3908733,2.1652201,0,52.41,159.85,57,30.6
2026-09-07T13:00,node/4451904190,Bar Granadino,,,,41.4404153,2.2238276,1,52.41,159.85,57,30.6
2026-09-07T13:00,node/4451904193,La ciudad de oro,,,,41.4408727,2.2240695,1,52.41,159.85,57,30.6
2026-09-07T13:00,node/4451986792,Cafe Bar Florida,,,,41.4403503,2.2236929,1,52.41,159.85,57,30.6
2026-09-07T13:00,node/4451986793,Bar Amigo,,,,41.4411469,2.2238965,1,52.41,159.85,57,30.6
2026-09-07T13:00,node/4451988991,Bar Frankfurt Jaime,,,,41.4408051,2.2241201,1,52.41,159.85,57,30.6
2026-09-07T13:00,node/4451989090,Entre tapes,,,,41.4423118,2.2237245,1,52.41,159.85,57,30.6
2026-09-07T13:00,node/4451992791,Bar Leo,,,,41.4406309,2.2245529,1,52.41,159.85,57,30.6
2026-09-07T13:00,node/4452031691,Bar La Granja,,,,41.4427953,2.2241899,1,52.41,159.85,57,30.6
2026-09-07T13:00,node/4455238130,Anahuac,,,,41.3965161,2.1513989,1,52.41,159.85,57,30.6
2026-09-07T13:00,node/4461595656,Cafeteria de la Biblioteca Jaumer Fuster,,,,41.4075557,2.1493457,1,52.41,159.85,57,30.6
2026-09-07T13:00,node/4470059420,Mesón Gallego,,,,41.3818896,2.0709288,1,52.41,159.85,57,30.6
2026-09-07T13:00,node/4486639527,Boldú,,,,41.3973783,2.1517865,0,52.41,159.85,57,30.6
2026-09-07T13:00,node/4486683966,La Tagliatella,,,,41.3974141,2.1514101,0,52.41,159.85,57,30.6
2026-09-07T13:00,node/4503193765,Bicioci,,,,41.3999229,2.1619101,0,52.41,159.85,57,30.6
2026-09-07T13:00,node/4509411660,Bar Mediterráneo,,,,41.4343007,2.2180868,1,52.41,159.85,57,30.6
2026-09-07T13:00,node/4516538193,Más Que Sushi,,,,41.3774227,2.1527247,0,52.41,159.85,57,30.6
2026-09-07T13:00,node/4516600994,Salambó,,,,41.4044546,2.1576355,1,52.41,159.85,57,30.6
2026-09-07T13:00,node/4520259289,Cachitos,,,,41.3953057,2.1536913,1,52.41,159.85,57,30.6
2026-09-07T13:00,node/4572063790,Cafetería 365,,,,41.3744652,2.1675541,0,52.41,159.85,57,30.6
2026-09-07T13:00,node/4580517495,Cadaqués,,,,41.4004717,2.1574102,1,52.41,159.85,57,30.6
2026-09-07T13:00,node/4591423938,Arabia Cafe,,,,41.3796023,2.1762764,0,52.41,159.85,57,30.6
2026-09-07T13:00,node/4602957463,Otafuku Daifuku,,,,41.3861633,2.1813225,0,52.41,159.85,57,30.6
2026-09-07T13:00,node/4631918790,Casa López,,,,41.4047191,2.1550626,0,52.41,159.85,57,30.6
2026-09-07T13:00,node/4643974106,Kyoka Via Augusta,,,,41.3979693,2.1315017,1,52.41,159.85,57,30.6
2026-09-07T13:00,node/4654613659,afiparc,,,,41.4134414,2.1527296,1,52.41,159.85,57,30.6
2026-09-07T13:00,node/4668687590,Can Vilaró,,,,41.3779004,2.1617005,0,52.41,159.85,57,30.6
2026-09-07T13:00,node/4673198082,Montesquiu,,,,41.4046825,2.1325233,0,52.41,159.85,57,30.6
2026-09-07T13:00,node/4680760648,Sushi Taller,,,,41.4048621,2.1326565,0,52.41,159.85,57,30.6
2026-09-07T13:00,node/4681801089,Orxateria la Valenciana,,,,41.3863413,2.1622578,1,52.41,159.85,57,30.6
2026-09-07T13:00,node/4704972453,majide,,,,41.3849224,2.1674688,0,52.41,159.85,57,30.6
2026-09-07T13:00,node/4709933976,Sottovoce,,,,41.3579226,2.1294974,1,52.41,159.85,57,30.6
2026-09-07T13:00,node/4711659235,Casa Lolea,,,,41.3888056,2.1771897,0,52.41,159.85,57,30.6
2026-09-07T13:00,node/4720526074,El Charrito,,,,41.3896183,2.1662427,1,52.41,159.85,57,30.6
2026-09-07T13:00,node/4721286889,Prodigi,,,,41.3985973,2.1659559,0,52.41,159.85,57,30.6
2026-09-07T13:00,node/4726582894,Catalina Cafe,,,,41.3862071,2.1793039,0,52.41,159.85,57,30.6
2026-09-07T13:00,node/4726583193,Betlem,,,,41.3949258,2.1712207,0,52.41,159.85,57,30.6
2026-09-07T13:00,node/4727975192,La Coruña,,,,41.4083413,2.1851911,1,52.41,159.85,57,30.6
2026-09-07T13:00,node/4728103192,Cafè Arrels,,,,41.4137041,2.1809929,1,52.41,159.85,57,30.6
2026-09-07T13:00,node/4729343193,Cervecería Frankfurt El Molino,,,,41.3746194,2.1669636,0,52.41,159.85,57,30.6
2026-09-07T13:00,node/4735766123,I'll Pomo d'Oro,,,,41.3926987,2.1585151,1,52.41,159.85,57,30.6
2026-09-07T13:00,node/4743830714,Casa Escarré (Joan's),,,,41.3747567,2.1427755,1,52.41,159.85,57,30.6
2026-09-07T13:00,node/4751727952,Bar Ribalda,,,,41.4026552,2.1328307,1,52.41,159.85,57,30.6
2026-09-07T13:00,node/4755496723,Brewdog,,,,41.3857301,2.1581661,1,52.41,159.85,57,30.6
2026-09-07T13:00,node/4756509699,Morro fi,,,,41.3833069,2.1550311,1,52.41,159.85,57,30.6
2026-09-07T13:00,node/4776357929,Tomodachi,,,,41.4053891,2.1644663,0,52.41,159.85,57,30.6
2026-09-07T13:00,node/4778618049,De Gustibus Italiae,,,,41.4027491,2.1330183,1,52.41,159.85,57,30.6
2026-09-07T13:00,node/4784670742,Índigo Café,,,,41.3874831,2.1626443,0,52.41,159.85,57,30.6
2026-09-07T13:00,node/4792724121,Venus Delicatessen Barcelona,,,,41.3807065,2.1779781,0,52.41,159.85,57,30.6
2026-09-07T13:00,node/4802341078,El Quatre,,,,41.4031267,2.1333762,0,52.41,159.85,57,30.6
2026-09-07T13:00,node/4805335780,Madonna Vegan,,,,41.3812162,2.1671279,0,52.41,159.85,57,30.6
2026-09-07T13:00,node/4816093515,Olímpic Bar,,,,41.4422394,2.2177816,1,52.41,159.85,57,30.6
2026-09-07T13:00,node/4822739686,Bar El Racó,,,,41.4417497,2.2212713,1,52.41,159.85,57,30.6
2026-09-07T13:00,node/4838956921,Supra,,,,41.3910798,2.1613999,0,52.41,159.85,57,30.6
2026-09-07T13:00,node/4844565923,Pampa Drugstore,,,,41.3827176,2.1712051,0,52.41,159.85,57,30.6
2026-09-07T13:00,node/4847673021,Usagui,,,,41.4021671,2.1463849,0,52.41,159.85,57,30.6
2026-09-07T13:00,node/4859449960,Restaurant el Magatzem,,,,41.3805096,2.1863595,1,52.41,159.85,57,30.6
2026-09-07T13:00,node/4859450597,Restaurant Cal Pinxo,,,,41.3806265,2.1855795,1,52.41,159.85,57,30.6
2026-09-07T13:00,node/4867833221,Pizzeria El Mundo,,,,41.3751322,2.1231212,1,52.41,159.85,57,30.6
2026-09-07T13:00,node/4881181797,Sierra Nevada,,,,41.4420581,2.1834715,1,52.41,159.85,57,30.6
2026-09-07T13:00,node/4903340658,El Ramblero,,,,41.4219271,2.1969049,1,52.41,159.85,57,30.6
2026-09-07T13:00,node/4906736149,L'Olivera,,,,41.4058547,2.1893093,1,52.41,159.85,57,30.6
2026-09-07T13:00,node/4917663030,Picnic,,,,41.4179648,2.1988442,1,52.41,159.85,57,30.6
2026-09-07T13:00,node/4937772721,Vila's Bar,,,,41.4059086,2.1571314,0,52.41,159.85,57,30.6
2026-09-07T13:00,node/4938104321,Hammock Juice Station,,,,41.3971863,2.1671778,0,52.41,159.85,57,30.6
2026-09-07T13:00,node/4973805221,Brunch & Cake by the sea,,,,41.3809714,2.1872568,0,52.41,159.85,57,30.6
2026-09-07T13:00,node/4973805421,Quinoa Aragó Vegetarià,,,,41.3886233,2.1598684,0,52.41,159.85,57,30.6
2026-09-07T13:00,node/4977546909,Tonkotsu,,,,41.3938467,2.1650368,0,52.41,159.85,57,30.6
2026-09-07T13:00,node/4983764927,Cervecería-Frankfurt,,,,41.4394391,2.2207951,1,52.41,159.85,57,30.6
2026-09-07T13:00,node/4983764935,Max Bar,,,,41.4401476,2.2214687,1,52.41,159.85,57,30.6
2026-09-07T13:00,node/4983764944,Bar Verín,,,,41.4396911,2.2210187,1,52.41,159.85,57,30.6
2026-09-07T13:00,node/4983764949,Bar R'Aurora,,,,41.4400582,2.2213943,1,52.41,159.85,57,30.6
2026-09-07T13:00,node/4983764952,Trocadero,,,,41.4385047,2.2204982,1,52.41,159.85,57,30.6
2026-09-07T13:00,node/4983764957,Bar La Alpujarra,,,,41.4420698,2.2228867,1,52.41,159.85,57,30.6
2026-09-07T13:00,node/4983764958,Sant Mori,,,,41.4390777,2.2210618,1,52.41,159.85,57,30.6
2026-09-07T13:00,node/4983764960,El buen gusto,,,,41.4411919,2.2225719,1,52.41,159.85,57,30.6
2026-09-07T13:00,node/4983764965,Bar Junior Bodega,,,,41.4417139,2.2225318,1,52.41,159.85,57,30.6
2026-09-07T13:00,node/4983764975,Bar Satisfecho,,,,41.4385461,2.2198488,1,52.41,159.85,57,30.6
2026-09-07T13:00,node/4983765002,Bar sushi Salon,,,,41.4425727,2.2233672,1,52.41,159.85,57,30.6
2026-09-07T13:00,node/4983765004,Corre que se acaban,,,,41.4392453,2.2212328,1,52.41,159.85,57,30.6
2026-09-07T13:00,node/4983765005,365,,,,41.4403303,2.2225575,1,52.41,159.85,57,30.6
2026-09-07T13:00,node/4984256695,Pampa Mía,,,,41.4085709,2.2035603,0,52.41,159.85,57,30.6
2026-09-07T13:00,node/4991221422,Salterio,,,,41.3825107,2.1760837,0,52.41,159.85,57,30.6
2026-09-07T13:00,node/5007434606,La Balmesina,,,,41.3970301,2.1522555,0,52.41,159.85,57,30.6
2026-09-07T13:00,node/5010794721,Syra Coffee,,,,41.4014925,2.1595216,1,52.41,159.85,57,30.6
2026-09-07T13:00,node/5010794821,Nomad Frutas Selectas,,,,41.3979292,2.1955517,0,52.41,159.85,57,30.6
2026-09-07T13:00,node/5023905423,Petra,,,,41.4038883,2.1551166,0,52.41,159.85,57,30.6
2026-09-07T13:00,node/5028969022,Guzzo,,,,41.3850929,2.1836594,0,52.41,159.85,57,30.6
2026-09-07T13:00,node/5030247521,La Pantera Rosa,,,,41.4010493,2.1525903,1,52.41,159.85,57,30.6
2026-09-07T13:00,node/5037900607,Orio,,,,41.3819545,2.1763606,0,52.41,159.85,57,30.6
2026-09-07T13:00,node/5048602525,Blau Cel,,,,41.4043091,2.1612896,0,52.41,159.85,57,30.6
2026-09-07T13:00,node/5053669724,La Xula Taperia,,,,41.4023295,2.1586126,0,52.41,159.85,57,30.6
2026-09-07T13:00,node/5081388242,La Raposa,,,,41.3725137,2.1639527,0,52.41,159.85,57,30.6
2026-09-07T13:00,node/5082277825,Vermuteria Puigmartí,,,,41.4013967,2.1590604,0,52.41,159.85,57,30.6
2026-09-07T13:00,node/5082277826,Caracas,,,,41.4020908,2.1601676,0,52.41,159.85,57,30.6
2026-09-07T13:00,node/5082288821,Curuba,,,,41.3999554,2.1574731,0,52.41,159.85,57,30.6
2026-09-07T13:00,node/5086827321,Metric Market,,,,41.3916196,2.1419287,0,52.41,159.85,57,30.6
2026-09-07T13:00,node/5088945722,La Juanola,,,,41.4066765,2.1569377,0,52.41,159.85,57,30.6
2026-09-07T13:00,node/5089333723,Ciuri‘s,,,,41.4052466,2.1565749,0,52.41,159.85,57,30.6
2026-09-07T13:00,node/5105012628,Entre Hores,,,,41.4030943,2.1577829,1,52.41,159.85,57,30.6
2026-09-07T13:00,node/5109943322,Intrèpid,,,,41.4043018,2.1550041,0,52.41,159.85,57,30.6
2026-09-07T13:00,node/5110964523,La Trobada,,,,41.4015625,2.1520155,0,52.41,159.85,57,30.6
2026-09-07T13:00,node/5111094221,El Dorado Chicken,,,,41.3930251,2.1579995,0,52.41,159.85,57,30.6
2026-09-07T13:00,node/5113896626,Granja Fimon's,,,,41.4477805,2.2438919,1,52.41,159.85,57,30.6
2026-09-07T13:00,node/5118124314,Kebab Bocateli,,,,41.4426035,2.2166674,1,52.41,159.85,57,30.6
2026-09-07T13:00,node/5118126421,Bar Frankfurt Polideportivo,,,,41.4429429,2.2162226,1,52.41,159.85,57,30.6
2026-09-07T13:00,node/5118126428,Granja Modesto,,,,41.4343689,2.2158958,1,52.41,159.85,57,30.6
2026-09-07T13:00,node/5118126435,Cafeteria i Forn de pa Grey,,,,41.4332655,2.2174982,1,52.41,159.85,57,30.6
2026-09-07T13:00,node/5118126438,Frankfurt Piscis,,,,41.4360107,2.2158678,1,52.41,159.85,57,30.6
2026-09-07T13:00,node/5118126440,Bar Julio,,,,41.4348299,2.2151483,1,52.41,159.85,57,30.6
2026-09-07T13:00,node/5118126443,Bar Beethoven,,,,41.4328863,2.2181523,1,52.41,159.85,57,30.6
2026-09-07T13:00,node/5118126453,Bar Bondia,,,,41.4342763,2.2160261,1,52.41,159.85,57,30.6
2026-09-07T13:00,node/5128075585,Monkey Factory,,,,41.3927261,2.1544614,0,52.41,159.85,57,30.6
2026-09-07T13:00,node/5137360822,El Jardí,,,,41.4475237,2.2469586,1,52.41,159.85,57,30.6
2026-09-07T13:00,node/5144745888,Bar La Imperial,,,,41.4372451,2.2200669,1,52.41,159.85,57,30.6
2026-09-07T13:00,node/5144745889,Gabi,,,,41.4372105,2.2199582,1,52.41,159.85,57,30.6
2026-09-07T13:00,node/5144745893,Bar India,,,,41.4420657,2.2284253,1,52.41,159.85,57,30.6
2026-09-07T13:00,node/5144745896,Mokka,,,,41.4371063,2.2201689,1,52.41,159.85,57,30.6
2026-09-07T13:00,node/5156690125,Loc,,,,41.4351636,2.2283155,1,52.41,159.85,57,30.6
2026-09-07T13:00,node/5160440326,Les Termes Bdn,,,,41.4520115,2.2476488,1,52.41,159.85,57,30.6
2026-09-07T13:00,node/5167185733,La Sucursal,,,,41.3806502,2.1611889,0,52.41,159.85,57,30.6
2026-09-07T13:00,node/5167569072,El Mercader de L'Eixample,,,,41.3923316,2.1603286,1,52.41,159.85,57,30.6
2026-09-07T13:00,node/5168232324,Colmado,,,,41.3819235,2.1744264,0,52.41,159.85,57,30.6
2026-09-07T13:00,node/5175039621,Green's,,,,41.3959672,2.1496553,1,52.41,159.85,57,30.6
2026-09-07T13:00,node/5176233727,Els Porxos,,,,41.4031581,2.1751611,0,52.41,159.85,57,30.6
2026-09-07T13:00,node/5182260830,Catafal,,,,41.4088089,2.1468574,0,52.41,159.85,57,30.6
2026-09-07T13:00,node/5190930121,Casa Ángel,,,,41.4070235,2.1818566,1,52.41,159.85,57,30.6
2026-09-07T13:00,node/5192085421,Esterri,,,,41.3812805,2.1618108,1,52.41,159.85,57,30.6
2026-09-07T13:00,node/5198200824,Copa d'Or,,,,41.3963876,2.1688461,0,52.41,159.85,57,30.6
2026-09-07T13:00,node/5198200829,Gyoza Bistró,,,,41.3940771,2.1723519,0,52.41,159.85,57,30.6
2026-09-07T13:00,node/5198201036,Nou Can Codina,,,,41.3989586,2.1608728,1,52.41,159.85,57,30.6
2026-09-07T13:00,node/5198201122,La Particcela,,,,41.3961328,2.1697679,1,52.41,159.85,57,30.6
2026-09-07T13:00,node/5198201124,Riko's Braseria - Restaurante,,,,41.3929731,2.1692667,0,52.41,159.85,57,30.6
2026-09-07T13:00,node/5199743028,seven7seven,,,,41.3898868,2.1622344,0,52.41,159.85,57,30.6
2026-09-07T13:00,node/5207046925,Sense Nom,,,,41.3843558,2.1622563,0,52.41,159.85,57,30.6
2026-09-07T13:00,node/5207067522,El Maravillas,,,,41.3868914,2.1323626,1,52.41,159.85,57,30.6
2026-09-07T13:00,node/5208223424,Bonastre,,,,41.3774986,2.1587463,1,52.41,159.85,57,30.6
2026-09-07T13:00,node/5212252535,Tariq,,,,41.4477214,2.2405051,1,52.41,159.85,57,30.6
2026-09-07T13:00,node/5218828496,Conecta,,,,41.4388265,2.2253266,1,52.41,159.85,57,30.6
2026-09-07T13:00,node/5218828499,Sweet dolç,,,,41.4385456,2.2254351,1,52.41,159.85,57,30.6
2026-09-07T13:00,node/5226505321,Bodega E. Marin,,,,41.4025586,2.1609645,0,52.41,159.85,57,30.6
2026-09-07T13:00,node/5228942946,La Pubilla,,,,41.3995748,2.1536674,0,52.41,159.85,57,30.6
2026-09-07T13:00,node/5237627856,Tasmango Dessert,,,,41.3909254,2.1784375,1,52.41,159.85,57,30.6
2026-09-07T13:00,node/5238186123,Lennox,,,,41.3834186,2.1829502,1,52.41,159.85,57,30.6
2026-09-07T13:00,node/5271863048,Rest. Alexandre,,,,41.4322501,2.1835476,1,52.41,159.85,57,30.6
2026-09-07T13:00,node/5286467104,Granja Monsul,,,,41.4437723,2.2239591,1,52.41,159.85,57,30.6
2026-09-07T13:00,node/5298404593,Próspero,,,,41.4382431,2.2237839,1,52.41,159.85,57,30.6
2026-09-07T13:00,node/5298404603,Bar Salamanca,,,,41.4388532,2.2246477,1,52.41,159.85,57,30.6
2026-09-07T13:00,node/5298405327,Bar Benuga,,,,41.4383471,2.2243229,1,52.41,159.85,57,30.6
2026-09-07T13:00,node/5298405384,Bar Rocío Los Cazadores,,,,41.4389682,2.2252641,1,52.41,159.85,57,30.6
2026-09-07T13:00,node/5299921764,Bar Crack,,,,41.4343466,2.2189911,1,52.41,159.85,57,30.6
2026-09-07T13:00,node/5299921811,Can Daura,,,,41.4358077,2.2218721,1,52.41,159.85,57,30.6
2026-09-07T13:00,node/5299922525,Bar La Imperial,,,,41.4354603,2.2205399,1,52.41,159.85,57,30.6
2026-09-07T13:00,node/5299922526,Bar Marta,,,,41.4349148,2.2200469,1,52.41,159.85,57,30.6
2026-09-07T13:00,node/5313632423,365,,,,41.3789307,2.1718613,0,52.41,159.85,57,30.6
2026-09-07T13:00,node/5327570662,Ancestral,,,,41.3977332,2.1656576,0,52.41,159.85,57,30.6
2026-09-07T13:00,node/5347967007,Bar Marín,,,,41.4474106,2.2217195,1,52.41,159.85,57,30.6
2026-09-07T13:00,node/5347967009,Bar La Cantonada,,,,41.4474812,2.2209325,1,52.41,159.85,57,30.6
2026-09-07T13:00,node/5363964402,El gran croissant,,,,41.4359355,2.2167366,1,52.41,159.85,57,30.6
2026-09-07T13:00,node/5395531687,Las Marismas,,,,41.3701297,2.1215161,1,52.41,159.85,57,30.6
2026-09-07T13:00,node/5407919537,El Yate,,,,41.4039787,2.1367463,1,52.41,159.85,57,30.6
2026-09-07T13:00,node/5417517130,Tou Kichi Rou,,,,41.3919953,2.1432267,0,52.41,159.85,57,30.6
2026-09-07T13:00,node/5418243448,La Pampa,,,,41.3793623,2.1879402,0,52.41,159.85,57,30.6
2026-09-07T13:00,node/5418243450,els maians,,,,41.3786757,2.1882219,0,52.41,159.85,57,30.6
2026-09-07T13:00,node/5418243451,no30,,,,41.3791653,2.1879988,0,52.41,159.85,57,30.6
2026-09-07T13:00,node/5418243452,Lolita,,,,41.3783615,2.1882936,0,52.41,159.85,57,30.6
2026-09-07T13:00,node/5418243454,Reina Margherita,,,,41.3792655,2.1879835,0,52.41,159.85,57,30.6
2026-09-07T13:00,node/5434314893,PolkaBarcelona,,,,41.3859057,2.1326565,0,52.41,159.85,57,30.6
2026-09-07T13:00,node/5485540627,Bar Placídia,,,,41.3999472,2.1524915,0,52.41,159.85,57,30.6
2026-09-07T13:00,node/5487473548,Cafè Mos,,,,41.4143487,2.1384116,0,52.41,159.85,57,30.6
2026-09-07T13:00,node/5498351755,365 Cafeteria Forn de Pa,,,,41.3747778,2.1626826,0,52.41,159.85,57,30.6
2026-09-07T13:00,node/5509139428,La Carmanyola,,,,41.4013829,2.2068942,1,52.41,159.85,57,30.6
2026-09-07T13:00,node/5536153362,Cafeteria La Dona,,,,41.4396715,2.2242727,1,52.41,159.85,57,30.6
2026-09-07T13:00,node/5564055763,Panda & Smile,,,,41.3842068,2.1585673,1,52.41,159.85,57,30.6
2026-09-07T13:00,node/5564064431,Atrapatapa,,,,41.3832362,2.1568636,0,52.41,159.85,57,30.6
2026-09-07T13:00,node/5595134220,Cervecería Amoretty's 3,,,,41.4412382,2.2200117,1,52.41,159.85,57,30.6
2026-09-07T13:00,node/5606506169,Sincopa,,,,41.3803881,2.1789886,0,52.41,159.85,57,30.6
2026-09-07T13:00,node/5611733921,Buenas Migas,,,,41.4024253,2.1743326,0,52.41,159.85,57,30.6
2026-09-07T13:00,node/5617465886,Amateur,,,,41.3967536,2.1962847,0,52.41,159.85,57,30.6
2026-09-07T13:00,node/5646412432,Made in Sicily,,,,41.4483394,2.2490191,1,52.41,159.85,57,30.6
2026-09-07T13:00,node/5646415922,La Bella Istambul,,,,41.4479233,2.2494906,1,52.41,159.85,57,30.6
2026-09-07T13:00,node/5658288082,Can Teixidó,,,,41.4491148,2.2483189,1,52.41,159.85,57,30.6
2026-09-07T13:00,node/5663240986,Cafè Escac,,,,41.3837378,2.1695562,0,52.41,159.85,57,30.6
2026-09-07T13:00,node/5676005621,CACHO,,,,41.3931048,2.1910878,1,52.41,159.85,57,30.6
2026-09-07T13:00,node/5718757792,360°,,,,41.3790957,2.1696433,1,52.41,159.85,57,30.6
2026-09-07T13:00,node/5793057257,Bar Granja el Chiquitín,,,,41.4398176,2.2263171,1,52.41,159.85,57,30.6
2026-09-07T13:00,node/5796742218,The Clock,,,,41.3754168,2.1482785,1,52.41,159.85,57,30.6
2026-09-07T13:00,node/5805410453,Morrow Coffee,,,,41.3771392,2.1513283,1,52.41,159.85,57,30.6
2026-09-07T13:00,node/5806521955,Paisano Bistró,,,,41.4048549,2.1759323,0,52.41,159.85,57,30.6
2026-09-07T13:00,node/5856758686,El racó de les tapes,,,,41.4357708,2.1910224,1,52.41,159.85,57,30.6
2026-09-07T13:00,node/5878496985,UDON,,,,41.4051569,2.1921906,1,52.41,159.85,57,30.6
2026-09-07T13:00,node/5916157285,Bar Castells,,,,41.3841472,2.1698121,0,52.41,159.85,57,30.6
2026-09-07T13:00,node/5923867889,,,,,41.4406062,2.2451514,1,52.41,159.85,57,30.6
2026-09-07T13:00,node/5930228787,Mi casa,,,,41.3993608,2.1535771,0,52.41,159.85,57,30.6
2026-09-07T13:00,node/5933808740,Kserol,,,,41.3986236,2.1753141,1,52.41,159.85,57,30.6
2026-09-07T13:00,node/5944781772,Restaurante Burning Rock&Food,,,,41.3746837,2.1311612,0,52.41,159.85,57,30.6
2026-09-07T13:00,node/5951964888,el Fornet,,,,41.3882003,2.1723419,1,52.41,159.85,57,30.6
2026-09-07T13:00,node/5972440521,Feroz,,,,41.3965882,2.1508404,0,52.41,159.85,57,30.6
2026-09-07T13:00,node/5980982393,Pepa Tomate,,,,41.3767661,2.1627826,0,52.41,159.85,57,30.6
2026-09-07T13:00,node/6000108088,La Neura,,,,41.4002093,2.1660134,1,52.41,159.85,57,30.6
2026-09-07T13:00,node/6009236381,Mesón Balouta,,,,41.4384121,2.1649296,1,52.41,159.85,57,30.6
2026-09-07T13:00,node/6010958538,Bar Avenida,,,,41.4371962,2.2238498,1,52.41,159.85,57,30.6
2026-09-07T13:00,node/6010958540,Bar Trébol BCN,,,,41.4352675,2.2193633,1,52.41,159.85,57,30.6
2026-09-07T13:00,node/6027971388,Novell,,,,41.4070495,2.1667319,0,52.41,159.85,57,30.6
2026-09-07T13:00,node/6038827086,Honest Greens,,,,41.3986972,2.1569862,1,52.41,159.85,57,30.6
2026-09-07T13:00,node/6066258257,Bar Roma Sports,,,,41.4449369,2.2223513,1,52.41,159.85,57,30.6
2026-09-07T13:00,node/6089625321,Vivari,,,,41.3973187,2.1676233,0,52.41,159.85,57,30.6
2026-09-07T13:00,node/6093865396,The FRESH POKE,,,,41.3975268,2.1644457,0,52.41,159.85,57,30.6
2026-09-07T13:00,node/6093944886,Nicasso,,,,41.4072456,2.1873211,0,52.41,159.85,57,30.6
2026-09-07T13:00,node/6096656135,Yoi Yoi Gion,,,,41.3965593,2.1606187,0,52.41,159.85,57,30.6
2026-09-07T13:00,node/6104559348,Belles Arts II,,,,41.3872827,2.1361782,1,52.41,159.85,57,30.6
2026-09-07T13:00,node/6104561002,Toyodo,,,,41.3866914,2.1375355,1,52.41,159.85,57,30.6
2026-09-07T13:00,node/6106764321,Il Caffe di Francesco,,,,41.3930707,2.1642758,1,52.41,159.85,57,30.6
2026-09-07T13:00,node/6109526596,El Cuiner de Damasc,,,,41.3814196,2.1776754,0,52.41,159.85,57,30.6
2026-09-07T13:00,node/6110978486,Bonaparte,,,,41.4775805,2.0724847,1,52.41,159.85,57,30.6
2026-09-07T13:00,node/6123253862,Bar Granja Oasis,,,,41.3505068,2.1127043,1,52.41,159.85,57,30.6
2026-09-07T13:00,node/6126749461,Cantero,,,,41.3942111,2.1902433,1,52.41,159.85,57,30.6
2026-09-07T13:00,node/6164234382,Poké Sí,,,,41.4052321,2.1924708,1,52.41,159.85,57,30.6
2026-09-07T13:00,node/6164236104,Palo Verde,,,,41.4047343,2.1968042,1,52.41,159.85,57,30.6
2026-09-07T13:00,node/6166398253,Panet,,,,41.3861845,2.1430687,0,52.41,159.85,57,30.6
2026-09-07T13:00,node/6182404055,Kasa,,,,41.3861348,2.1656868,1,52.41,159.85,57,30.6
2026-09-07T13:00,node/6188914880,Bella Venezia,,,,41.3965502,2.1644865,1,52.41,159.85,57,30.6
2026-09-07T13:00,node/6188922858,Arc iris,,,,41.3998386,2.1715382,1,52.41,159.85,57,30.6
2026-09-07T13:00,node/6193461695,Sun Market,,,,41.3928465,2.1569854,0,52.41,159.85,57,30.6
2026-09-07T13:00,node/6193479448,Akashi Sushi Bar,,,,41.3923045,2.1558108,0,52.41,159.85,57,30.6
2026-09-07T13:00,node/6200571548,La Svolta,,,,41.4061025,2.1515184,0,52.41,159.85,57,30.6
2026-09-07T13:00,node/6202321417,La Tapeta del Coll,,,,41.4179646,2.1467035,1,52.41,159.85,57,30.6
2026-09-07T13:00,node/6204104907,La Papa,,,,41.3898088,2.1577366,0,52.41,159.85,57,30.6
2026-09-07T13:00,node/6216083704,La Coma,,,,41.3401472,2.1265697,1,52.41,159.85,57,30.6
2026-09-07T13:00,node/6216218158,la Zona,,,,41.3460291,2.1439158,1,52.41,159.85,57,30.6
2026-09-07T13:00,node/6216756977,Estrella de Istanbul,,,,41.4098375,2.1751296,0,52.41,159.85,57,30.6
2026-09-07T13:00,node/6230395442,Akelarre,,,,41.3892275,2.1373726,0,52.41,159.85,57,30.6
2026-09-07T13:00,node/6230407068,Starbucks,,,,41.3951351,2.1581903,1,52.41,159.85,57,30.6
2026-09-07T13:00,node/6232752417,El Taller,,,,41.3587511,2.1404908,0,52.41,159.85,57,30.6
2026-09-07T13:00,node/6237797177,Luri,,,,41.3977931,2.1514901,0,52.41,159.85,57,30.6
2026-09-07T13:00,node/6246525924,in blue,,,,41.3877036,2.1368756,0,52.41,159.85,57,30.6
2026-09-07T13:00,node/6250219942,Al sur,,,,41.3941572,2.1586822,0,52.41,159.85,57,30.6
2026-09-07T13:00,node/6258570565,Dino Pan,,,,41.3824376,2.1318622,1,52.41,159.85,57,30.6
2026-09-07T13:00,node/6258570699,Don Sándwich,,,,41.3820321,2.1315862,0,52.41,159.85,57,30.6
2026-09-07T13:00,node/6258715958,La Lluna de Gavà,,,,41.3672801,2.1403759,1,52.41,159.85,57,30.6
2026-09-07T13:00,node/6258718433,La Toscana,,,,41.3805625,2.1323335,0,52.41,159.85,57,30.6
2026-09-07T13:00,node/6258718652,Cafeteria Melody Bar,,,,41.3779464,2.1338934,0,52.41,159.85,57,30.6
2026-09-07T13:00,node/6258719247,Bar Florida,,,,41.3592896,2.1399844,0,52.41,159.85,57,30.6
2026-09-07T13:00,node/6260784864,La Cabaña,,,,41.3699161,2.1341331,0,52.41,159.85,57,30.6
2026-09-07T13:00,node/6260786193,Goiko Grill,,,,41.3656448,2.1357604,1,52.41,159.85,57,30.6
2026-09-07T13:00,node/6264834185,König,,,,41.3862163,2.1827612,1,52.41,159.85,57,30.6
2026-09-07T13:00,node/6298115913,N.A.P.,,,,41.3774834,2.1900137,0,52.41,159.85,57,30.6
2026-09-07T13:00,node/6316025985,L'Esclop,,,,41.3768262,2.1577412,0,52.41,159.85,57,30.6
2026-09-07T13:00,node/6330973943,Don Kilo,,,,41.3998564,2.1639573,0,52.41,159.85,57,30.6
2026-09-07T13:00,node/6333708759,SandwiChez,,,,41.3941488,2.1694356,1,52.41,159.85,57,30.6
2026-09-07T13:00,node/6334053687,Cafè Yafa,,,,41.3997495,2.1643963,0,52.41,159.85,57,30.6
2026-09-07T13:00,node/6334053692,La Mananta,,,,41.3994169,2.1648424,0,52.41,159.85,57,30.6
2026-09-07T13:00,node/6339732807,La Soca 2,,,,41.3912352,2.1594135,0,52.41,159.85,57,30.6
2026-09-07T13:00,node/6339732809,Creps Barcelona,,,,41.3905618,2.1590619,0,52.41,159.85,57,30.6
2026-09-07T13:00,node/6357834156,Les gens que j'aime bar,,,,41.3936947,2.1648505,0,52.41,159.85,57,30.6
2026-09-07T13:00,node/6381462875,Comarca Cuina L’Hocal,,,,41.3609203,2.1295937,1,52.41,159.85,57,30.6
2026-09-07T13:00,node/6424929026,Cafeteria Samy's,,,,41.3637433,2.1369241,0,52.41,159.85,57,30.6
2026-09-07T13:00,node/6424929700,Sakuraya,,,,41.3653001,2.1307952,1,52.41,159.85,57,30.6
2026-09-07T13:00,node/6431480513,Restaurant Bodega de Tapas,,,,41.3772493,2.1371156,1,52.41,159.85,57,30.6
2026-09-07T13:00,node/6431508292,Bodega Salvat,,,,41.3711848,2.1345217,1,52.41,159.85,57,30.6
2026-09-07T13:00,node/6431508293,Jaqueline's,,,,41.3682256,2.1345214,0,52.41,159.85,57,30.6
2026-09-07T13:00,node/6431508485,Japonia Café,,,,41.3806518,2.1387176,0,52.41,159.85,57,30.6
2026-09-07T13:00,node/6431508488,La Bodegueta de Sants,,,,41.3710695,2.1344235,1,52.41,159.85,57,30.6
2026-09-07T13:00,node/6431512182,Bar Montevideo,,,,41.3693939,2.1342386,1,52.41,159.85,57,30.6
2026-09-07T13:00,node/6431558869,Bar Alegría,,,,41.3629394,2.1373301,0,52.41,159.85,57,30.6
2026-09-07T13:00,node/6431559030,Bar El Faro,,,,41.3628529,2.1373795,0,52.41,159.85,57,30.6
2026-09-07T13:00,node/6433259684,Entre Copas,,,,41.3621672,2.0761548,1,52.41,159.85,57,30.6
2026-09-07T13:00,node/6438381289,Vera Café,,,,41.3883674,2.1779512,0,52.41,159.85,57,30.6
2026-09-07T13:00,node/6441451785,Líder de Istanbul,,,,41.3752687,2.1338088,0,52.41,159.85,57,30.6
2026-09-07T13:00,node/6445233216,Gyoza Bar,,,,41.3931059,2.1798949,1,52.41,159.85,57,30.6
2026-09-07T13:00,node/6450380989,Bar But,,,,41.3979648,2.1593688,0,52.41,159.85,57,30.6
2026-09-07T13:00,node/6450381086,La Porxada,,,,41.4030026,2.1637245,0,52.41,159.85,57,30.6
2026-09-07T13:00,node/6462934229,Concordia,,,,41.3864201,2.1321758,0,52.41,159.85,57,30.6
2026-09-07T13:00,node/6475037976,L'Oasi a Consell,,,,41.3830142,2.1547507,1,52.41,159.85,57,30.6
2026-09-07T13:00,node/6477273844,Fandango,,,,41.3982346,2.1423415,0,52.41,159.85,57,30.6
2026-09-07T13:00,node/6506313588,Antigua,,,,41.3980086,2.1492952,0,52.41,159.85,57,30.6
2026-09-07T13:00,node/6507308246,L'Antica Pizzeria Da Michele,,,,41.3928154,2.1682858,1,52.41,159.85,57,30.6
2026-09-07T13:00,node/6532206187,Yü Sushi,,,,41.4032734,2.2032208,0,52.41,159.85,57,30.6
2026-09-07T13:00,node/6532330793,La Xemeneia,,,,41.4016359,2.2048002,1,52.41,159.85,57,30.6
2026-09-07T13:00,node/6535101686,Alma Loca,,,,41.3992845,2.1970974,1,52.41,159.85,57,30.6
2026-09-07T13:00,node/6538194375,Mr. White,,,,41.3761815,2.1601126,1,52.41,159.85,57,30.6
2026-09-07T13:00,node/6568369188,Elpilar,,,,41.4000903,2.1489875,0,52.41,159.85,57,30.6
2026-09-07T13:00,node/6597321587,Welcome,,,,41.4065151,2.1509474,0,52.41,159.85,57,30.6
2026-09-07T13:00,node/6600189447,café bar juli-mac,,,,41.3782625,2.1239845,0,52.41,159.85,57,30.6
2026-09-07T13:00,node/6642989000,El Pa Sencer,,,,41.3835483,2.1341796,0,52.41,159.85,57,30.6
2026-09-07T13:00,node/6642989001,Ateneu Popular de les Corts,,,,41.3826968,2.1329407,1,52.41,159.85,57,30.6
2026-09-07T13:00,node/6680396487,La prorroga,,,,41.4032976,2.1567512,1,52.41,159.85,57,30.6
2026-09-07T13:00,node/6680687871,La Mar Salada,,,,41.3768035,2.1888904,1,52.41,159.85,57,30.6
2026-09-07T13:00,node/6681709948,Kiltro Gràcia,,,,41.4018317,2.1544539,0,52.41,159.85,57,30.6
2026-09-07T13:00,node/6710510485,Catedral 1951,,,,41.3849142,2.1757337,1,52.41,159.85,57,30.6
2026-09-07T13:00,node/6750944404,Brasaña,,,,41.3605721,2.1345777,1,52.41,159.85,57,30.6
2026-09-07T13:00,node/6757307686,Kitsu,,,,41.4017918,2.1543486,0,52.41,159.85,57,30.6
2026-09-07T13:00,node/6757314489,LomoAlto,,,,41.3936053,2.1663935,1,52.41,159.85,57,30.6
2026-09-07T13:00,node/6766273102,inti & chaska,,,,41.3886755,2.1599487,1,52.41,159.85,57,30.6
2026-09-07T13:00,node/6771863086,Montseny,,,,41.4070642,2.1804416,0,52.41,159.85,57,30.6
2026-09-07T13:00,node/6775495571,El Petit,,,,41.3298893,2.0988681,1,52.41,159.85,57,30.6
2026-09-07T13:00,node/6782427526,Híbrid Cafè Restaurant,,,,41.3771219,2.1203336,1,52.41,159.85,57,30.6
2026-09-07T13:00,node/6786006588,365,,,,41.3820297,2.1697221,1,52.41,159.85,57,30.6
2026-09-07T13:00,node/6790695789,El Rincón de la Abuela Venezolana,,,,41.4058359,2.1788147,0,52.41,159.85,57,30.6
2026-09-07T13:00,node/6805613085,Bar la Cabaña,,,,41.4071784,2.1778546,1,52.41,159.85,57,30.6
2026-09-07T13:00,node/6812099686,La Xurreria de Maria,,,,41.4050102,2.1750002,1,52.41,159.85,57,30.6
2026-09-07T13:00,node/6821384885,Blu Bar,,,,41.3983358,2.2045648,1,52.41,159.85,57,30.6
2026-09-07T13:00,node/6835358009,Murivecci,,,,41.3874075,2.1828282,1,52.41,159.85,57,30.6
2026-09-07T13:00,node/6852974547,Garrido,,,,41.3603039,2.1401381,1,52.41,159.85,57,30.6
2026-09-07T13:00,node/6852994516,La Patatona,,,,41.3604651,2.1400108,1,52.41,159.85,57,30.6
2026-09-07T13:00,node/6855027201,Bar Sandwicheria Enka 3,,,,41.3758876,2.1221107,1,52.41,159.85,57,30.6
2026-09-07T13:00,node/6871523347,Cafe Punto 10,,,,41.3805947,2.1364501,0,52.41,159.85,57,30.6
2026-09-07T13:00,node/6914132390,El Nou Ramonet,,,,41.3817315,2.1876268,0,52.41,159.85,57,30.6
2026-09-07T13:00,node/6946328085,Cremat 11,,,,41.3855109,2.1810205,0,52.41,159.85,57,30.6
2026-09-07T13:00,node/6973926711,Syra Coffee,,,,41.3965047,2.1941864,1,52.41,159.85,57,30.6
2026-09-07T13:00,node/6983227455,SNOOKER - Cocteles y Billarea,,,,41.3921561,2.1703663,1,52.41,159.85,57,30.6
2026-09-07T13:00,node/7002869606,Chebú,,,,41.3791162,2.1515085,0,52.41,159.85,57,30.6
2026-09-07T13:00,node/7003296923,Triple Sec,,,,41.3747448,2.1609868,0,52.41,159.85,57,30.6
2026-09-07T13:00,node/7004598841,Orange Coffee,,,,41.4052864,2.1712189,0,52.41,159.85,57,30.6
2026-09-07T13:00,node/7014308129,Bar Bodega Lentejil,,,,41.4429922,2.2175094,1,52.41,159.85,57,30.6
2026-09-07T13:00,node/7017780931,Yoüme,,,,41.3835882,2.1541892,0,52.41,159.85,57,30.6
2026-09-07T13:00,node/7098025886,El Club del Café,,,,41.4340729,2.1892624,1,52.41,159.85,57,30.6
2026-09-07T13:00,node/7124857728,Cabo,,,,41.3964797,2.1851438,1,52.41,159.85,57,30.6
2026-09-07T13:00,node/7132160620,Santagloria,,,,41.3863926,2.1243567,1,52.41,159.85,57,30.6
2026-09-07T13:00,node/7141587085,La Cereria,,,,41.3815426,2.1767152,0,52.41,159.85,57,30.6
2026-09-07T13:00,node/7150994121,Vivari,,,,41.3998419,2.1775677,0,52.41,159.85,57,30.6
2026-09-07T13:00,node/7234692489,Van van var,,,,41.3942304,2.1901096,1,52.41,159.85,57,30.6
2026-09-07T13:00,node/7318977151,,,,,41.3711664,2.1434617,1,52.41,159.85,57,30.6
2026-09-07T13:00,node/7318977155,Bar Joaquim,,,,41.3704145,2.1424922,1,52.41,159.85,57,30.6
2026-09-07T13:00,node/7318977156,Vivari,,,,41.3686165,2.1410874,1,52.41,159.85,57,30.6
2026-09-07T13:00,node/7431790448,Santagloria,,,,41.3896086,2.1200086,1,52.41,159.85,57,30.6
2026-09-07T13:00,node/7438491414,,,,,41.3733479,2.1301506,0,52.41,159.85,57,30.6
2026-09-07T13:00,node/7504941029,Iberic Fusión Platja,,,,41.4380577,2.2431806,1,52.41,159.85,57,30.6
2026-09-07T13:00,node/7504941031,l'Altre Can Mario's,,,,41.4405591,2.2418866,1,52.41,159.85,57,30.6
2026-09-07T13:00,node/7504941033,L'Esmolet,,,,41.4432993,2.2460741,1,52.41,159.85,57,30.6
2026-09-07T13:00,node/7504941035,la Masia de la Xesca,,,,41.4452013,2.2417838,1,52.41,159.85,57,30.6
2026-09-07T13:00,node/7556742593,Menjador del Centre,,,,41.4009756,2.2000272,0,52.41,159.85,57,30.6
2026-09-07T13:00,node/7563962192,Passeig9,,,,41.4014488,2.2009478,1,52.41,159.85,57,30.6
2026-09-07T13:00,node/7600529740,Restaurante La Flama,,,,41.3514861,2.1114722,1,52.41,159.85,57,30.6
2026-09-07T13:00,node/7618205068,El Pellizquito,,,,41.3501292,2.1105817,1,52.41,159.85,57,30.6
2026-09-07T13:00,node/7640514041,Bar Plaça Carles Buïgas,,,,41.3711833,2.1510204,1,52.41,159.85,57,30.6
2026-09-07T13:00,node/7644933199,Almirall,,,,41.4100171,2.1883052,1,52.41,159.85,57,30.6
2026-09-07T13:00,node/7704818539,Bar Granja Rocxi,,,,41.3744206,2.1339573,1,52.41,159.85,57,30.6
2026-09-07T13:00,node/7704818548,Cafès Caracas,,,,41.3748038,2.1328052,0,52.41,159.85,57,30.6
2026-09-07T13:00,node/7706832792,Cru Sants,,,,41.3721342,2.1286919,1,52.41,159.85,57,30.6
2026-09-07T13:00,node/7736420790,Mamma Italia,,,,41.3764642,2.1234304,1,52.41,159.85,57,30.6
2026-09-07T13:00,node/7772770550,Eqvilibrivm Café,,,,41.3973065,2.1697662,0,52.41,159.85,57,30.6
2026-09-07T13:00,node/7838098454,El Caserón,,,,41.3838275,2.1398498,1,52.41,159.85,57,30.6
2026-09-07T13:00,node/7925586104,Delicream,,,,41.4572921,2.2290688,1,52.41,159.85,57,30.6
2026-09-07T13:00,node/7989010587,Castañeiras,,,,41.4100358,2.1760296,0,52.41,159.85,57,30.6
2026-09-07T13:00,node/7999604058,Lilo brunch,,,,41.3873718,2.1627034,1,52.41,159.85,57,30.6
2026-09-07T13:00,node/7999616840,Bellillo,,,,41.3879362,2.1620483,0,52.41,159.85,57,30.6
2026-09-07T13:00,node/8034999886,Costa Dorada,,,,41.3980284,2.1986941,1,52.41,159.85,57,30.6
2026-09-07T13:00,node/8046554489,Sport,,,,41.4001224,2.2000188,0,52.41,159.85,57,30.6
2026-09-07T13:00,node/8049731595,Echegaray,,,,41.4018684,2.2023424,0,52.41,159.85,57,30.6
2026-09-07T13:00,node/8049732292,Doroteo,,,,41.4029636,2.2006718,1,52.41,159.85,57,30.6
2026-09-07T13:00,node/8064873985,Saramar,,,,41.3957712,2.1953013,1,52.41,159.85,57,30.6
2026-09-07T13:00,node/8077128420,Tío Bigotes,,,,41.4013922,2.2028846,0,52.41,159.85,57,30.6
2026-09-07T13:00,manual/488492e9,Bar Viejo Cafe,Bar,yes,"Carrer de la Independència, 306, Sant Martí, 08026 Barcelona",41.4116,2.1794,0,52.41,159.85,57,30.6
2026-09-07T13:00,manual/c52f6190,New 88 Bar-Cafeteria,bar,yes,,41.4094505,2.1789589,0,52.41,159.85,57,30.6
2026-09-07T13:00,manual/5d2ea7ea,Restaurant Papá Nico,bar,yes,,41.4094505,2.1789589,0,52.41,159.85,57,30.6
2026-09-07T13:00,manual/c980e39e,Restaurant El Clot,restaurant,yes,,41.4087697,2.1875592,0,52.41,159.85,57,30.6
2026-09-07T14:00,relation/18317100,,,,,41.42,2.1188352,1,53.93,184.76,11,30.6
2026-09-07T14:00,node/208984374,Central Rambla,,,,41.3782716,2.1761732,0,53.93,184.76,11,30.6
2026-09-07T14:00,way/217583616,Can Fisher,,,,41.3946034,2.2062292,1,53.93,184.76,11,30.6
2026-09-07T14:00,way/245214117,la Caseta del Migdia,,,,41.3596833,2.1607145,1,53.93,184.76,11,30.6
2026-09-07T14:00,way/246717741,Mirablau,,,,41.4160323,2.1319129,1,53.93,184.76,11,30.6
2026-09-07T14:00,way/249404809,PURO,,,,41.3911248,2.1461635,0,53.93,184.76,11,30.6
2026-09-07T14:00,way/268912897,Can Cortada,,,,41.4362503,2.1524833,1,53.93,184.76,11,30.6
2026-09-07T14:00,way/315387188,Temple del Metall,,,,41.4741706,2.1662317,1,53.93,184.76,11,30.6
2026-09-07T14:00,way/392926648,Pacha,,,,41.3857491,2.1970415,1,53.93,184.76,11,30.6
2026-09-07T14:00,way/412702054,Camping,,,,41.3953192,2.2042386,1,53.93,184.76,11,30.6
2026-09-07T14:00,way/443599336,Asador Casa Juaco,,,,41.4476663,2.1426909,1,53.93,184.76,11,30.6
2026-09-07T14:00,way/446002194,La Base by Farré,,,,41.3967358,2.2101884,1,53.93,184.76,11,30.6
2026-09-07T14:00,node/476327681,Can Paixano,,,,41.3817618,2.1834151,1,53.93,184.76,11,30.6
2026-09-07T14:00,node/506202703,Bar Almogávares,,,,41.3962323,2.1890864,1,53.93,184.76,11,30.6
2026-09-07T14:00,way/519771543,Restaurant Can Cases,,,,41.4343885,2.0985276,1,53.93,184.76,11,30.6
2026-09-07T14:00,node/534367691,Sant Bartomeu,,,,41.3755248,2.1346488,0,53.93,184.76,11,30.6
2026-09-07T14:00,node/643022131,Euro Bar-Tapas,,,,41.4342324,2.2161197,1,53.93,184.76,11,30.6
2026-09-07T14:00,node/643429648,Joan Figuera,,,,41.4336545,2.2169391,1,53.93,184.76,11,30.6
2026-09-07T14:00,node/643496696,El rincón de Willy,,,,41.4380246,2.2180623,1,53.93,184.76,11,30.6
2026-09-07T14:00,node/643496704,Bar Somni d'estiu,,,,41.4382361,2.2166687,1,53.93,184.76,11,30.6
2026-09-07T14:00,way/655221168,L'Ovella Negra Marina,,,,41.3960196,2.1901331,1,53.93,184.76,11,30.6
2026-09-07T14:00,node/660004524,Bocatapa Can Manel,,,,41.4413833,2.2212875,1,53.93,184.76,11,30.6
2026-09-07T14:00,node/672140180,Kasparo,,,,41.3844847,2.1690087,1,53.93,184.76,11,30.6
2026-09-07T14:00,node/704031158,Café Zurich,,,,41.3858504,2.1694606,1,53.93,184.76,11,30.6
2026-09-07T14:00,node/704042058,Starbucks,,,,41.3888305,2.1719117,1,53.93,184.76,11,30.6
2026-09-07T14:00,node/704058886,Tapa Tapa,,,,41.3916926,2.1660167,1,53.93,184.76,11,30.6
2026-09-07T14:00,node/704060428,Oassis Natural Cooking,,,,41.3901637,2.1678915,1,53.93,184.76,11,30.6
2026-09-07T14:00,node/704066257,Ciutat Comtal,,,,41.3888272,2.1668833,1,53.93,184.76,11,30.6
2026-09-07T14:00,node/704066614,Taller de Tapas,,,,41.3905645,2.1639038,0,53.93,184.76,11,30.6
2026-09-07T14:00,way/707305723,Bar Frankfurt Cafeteria Fabregada,,,,41.3561748,2.1108239,1,53.93,184.76,11,30.6
2026-09-07T14:00,node/745947750,Bar Geminis,,,,41.3976224,2.1807778,0,53.93,184.76,11,30.6
2026-09-07T14:00,node/765796519,La Cafetera,,,,41.4049767,2.1575215,1,53.93,184.76,11,30.6
2026-09-07T14:00,node/814006271,Les 15 Nits Bar,,,,41.3804529,2.1749778,1,53.93,184.76,11,30.6
2026-09-07T14:00,node/819552792,Bracafe,,,,41.3944249,2.1675209,1,53.93,184.76,11,30.6
2026-09-07T14:00,node/824476551,Caleuche,,,,41.3761526,2.1686172,0,53.93,184.76,11,30.6
2026-09-07T14:00,node/830462039,Bar Restaurant Angela,,,,41.4043015,2.1949428,1,53.93,184.76,11,30.6
2026-09-07T14:00,way/907005766,Chevy's Bar,,,,41.4143731,2.2289499,1,53.93,184.76,11,30.6
2026-09-07T14:00,way/969257968,,,,,41.3793991,2.1073385,1,53.93,184.76,11,30.6
2026-09-07T14:00,way/1063378975,Bar Restaurant Oliver,,,,41.3469215,2.1546999,1,53.93,184.76,11,30.6
2026-09-07T14:00,node/1072798261,Taverna del Bisbe,,,,41.3849254,2.1766628,1,53.93,184.76,11,30.6
2026-09-07T14:00,node/1072800838,El Cafè D'en Victor,,,,41.3847931,2.1767008,1,53.93,184.76,11,30.6
2026-09-07T14:00,node/1083144027,Los Caracoles,,,,41.3796584,2.1765082,0,53.93,184.76,11,30.6
2026-09-07T14:00,node/1092685793,Elche,,,,41.3739754,2.1691488,0,53.93,184.76,11,30.6
2026-09-07T14:00,way/1112240803,ForumStation,,,,41.4096655,2.2221501,1,53.93,184.76,11,30.6
2026-09-07T14:00,node/1177498341,Casa Vall,,,,41.4074238,2.1585521,0,53.93,184.76,11,30.6
2026-09-07T14:00,node/1192698924,Bilbao Berria,,,,41.3841976,2.1748665,0,53.93,184.76,11,30.6
2026-09-07T14:00,node/1192699873,Tapas 24,,,,41.3908686,2.1674705,1,53.93,184.76,11,30.6
2026-09-07T14:00,way/1200964257,Chiringuito Joan Miro,,,,41.3789977,2.1478116,1,53.93,184.76,11,30.6
2026-09-07T14:00,node/1264182304,Tosca del Carme,,,,41.3819482,2.1695795,1,53.93,184.76,11,30.6
2026-09-07T14:00,node/1280416455,Carballeira,,,,41.4442679,2.2217701,1,53.93,184.76,11,30.6
2026-09-07T14:00,way/1300745688,La Casona de Sant Just,,,,41.3833348,2.0735139,1,53.93,184.76,11,30.6
2026-09-07T14:00,node/1310450869,El Filete Ruso,,,,41.3925451,2.1558968,0,53.93,184.76,11,30.6
2026-09-07T14:00,node/1312325106,La Palmera,,,,41.4144229,2.1385123,0,53.93,184.76,11,30.6
2026-09-07T14:00,node/1314943380,Mescladís del Pou,,,,41.3870865,2.1803497,1,53.93,184.76,11,30.6
2026-09-07T14:00,node/1335697982,,,,,41.3608771,2.1101417,1,53.93,184.76,11,30.6
2026-09-07T14:00,way/1368167814,Natura Beach. El Chiringuito,,,,41.4028929,2.2157443,1,53.93,184.76,11,30.6
2026-09-07T14:00,node/1420760625,Tapeo,,,,41.4044988,2.1554811,0,53.93,184.76,11,30.6
2026-09-07T14:00,node/1420760630,Diamant,,,,41.4042174,2.1555899,0,53.93,184.76,11,30.6
2026-09-07T14:00,node/1428867664,Café Berlin,,,,41.3943566,2.1494599,1,53.93,184.76,11,30.6
2026-09-07T14:00,node/1430537485,Oasis Restaurant,,,,41.3827219,2.1847191,1,53.93,184.76,11,30.6
2026-09-07T14:00,node/1445598557,Bracafe,,,,41.3948025,2.1817533,1,53.93,184.76,11,30.6
2026-09-07T14:00,node/1554649942,Torrades,,,,41.4375721,2.1566095,0,53.93,184.76,11,30.6
2026-09-07T14:00,node/1554649988,La Panera,,,,41.4374756,2.1563359,0,53.93,184.76,11,30.6
2026-09-07T14:00,node/1658425572,Rebeka,,,,41.3967185,2.1890325,1,53.93,184.76,11,30.6
2026-09-07T14:00,node/1685949861,Cerveceria Milenium 2,,,,41.3534566,2.0866307,1,53.93,184.76,11,30.6
2026-09-07T14:00,node/1711342192,Calero's Centre,,,,41.3744728,2.1349721,1,53.93,184.76,11,30.6
2026-09-07T14:00,node/1722136431,Cervecería Catalana,,,,41.3924032,2.1609008,1,53.93,184.76,11,30.6
2026-09-07T14:00,node/1739122591,La Tagliatella,,,,41.3943371,2.1521208,0,53.93,184.76,11,30.6
2026-09-07T14:00,node/1813593370,Bar Capricornio,,,,41.4381257,2.2179547,1,53.93,184.76,11,30.6
2026-09-07T14:00,node/1820633320,CASA TEVA,,,,41.3752815,2.1166845,1,53.93,184.76,11,30.6
2026-09-07T14:00,node/1824133931,Carmesí,,,,41.3737373,2.1644452,1,53.93,184.76,11,30.6
2026-09-07T14:00,node/1948986220,Cafeteria UPF Jaume I,,,,41.3900298,2.1901118,1,53.93,184.76,11,30.6
2026-09-07T14:00,node/1948987514,Cafeteria UPF Roger de Lluria,,,,41.3886776,2.1915119,1,53.93,184.76,11,30.6
2026-09-07T14:00,node/1951812612,Casa Pagès,,,,41.3998447,2.1613114,0,53.93,184.76,11,30.6
2026-09-07T14:00,node/1960366982,Casa Amalia,,,,41.3962525,2.1685646,0,53.93,184.76,11,30.6
2026-09-07T14:00,node/1984001407,Bar de la FIB,,,,41.3894239,2.1132363,1,53.93,184.76,11,30.6
2026-09-07T14:00,node/2034780565,Cerbeseria Lesseps,,,,41.4073551,2.1514486,1,53.93,184.76,11,30.6
2026-09-07T14:00,node/2034780569,L'Brasseria,,,,41.4067629,2.1516314,0,53.93,184.76,11,30.6
2026-09-07T14:00,node/2056517879,Caelum,,,,41.3830524,2.1744369,0,53.93,184.76,11,30.6
2026-09-07T14:00,node/2065469522,Restaurant Pipa,,,,41.3997461,2.2003004,1,53.93,184.76,11,30.6
2026-09-07T14:00,node/2087204991,La Sanguchería,,,,41.3954987,2.1484037,0,53.93,184.76,11,30.6
2026-09-07T14:00,node/2091604731,Tapa Tapa,,,,41.3762094,2.1500463,1,53.93,184.76,11,30.6
2026-09-07T14:00,node/2112843062,El Vaixell-2,,,,41.4541291,2.2350201,1,53.93,184.76,11,30.6
2026-09-07T14:00,node/2165154147,Asador de Lugo,,,,41.3797623,2.1376748,0,53.93,184.76,11,30.6
2026-09-07T14:00,node/2184580476,Bar del Pi,,,,41.3824922,2.1739624,0,53.93,184.76,11,30.6
2026-09-07T14:00,node/2187210264,Sopa,,,,41.4023416,2.1952788,1,53.93,184.76,11,30.6
2026-09-07T14:00,node/2197824500,Tierra del fuego,,,,41.4016702,2.2016399,1,53.93,184.76,11,30.6
2026-09-07T14:00,node/2213839299,Pollo Rico,,,,41.3791045,2.1721976,0,53.93,184.76,11,30.6
2026-09-07T14:00,node/2364075421,Chen-Ji,,,,41.3936143,2.1807074,1,53.93,184.76,11,30.6
2026-09-07T14:00,node/2434563732,La Bella Napoli,,,,41.3743686,2.1637621,0,53.93,184.76,11,30.6
2026-09-07T14:00,node/2442785485,El Círcol,,,,41.4501968,2.2474223,1,53.93,184.76,11,30.6
2026-09-07T14:00,node/2468197823,365 Cafeteria Forn de Pa,,,,41.3752071,2.1635151,1,53.93,184.76,11,30.6
2026-09-07T14:00,node/2476332030,Bar Lennon,,,,41.4028901,2.1612576,0,53.93,184.76,11,30.6
2026-09-07T14:00,node/2500906795,Bar Lúdic Queimada Nivell Q,,,,41.4094152,2.1808913,0,53.93,184.76,11,30.6
2026-09-07T14:00,node/2598482930,Con Gracia,,,,41.3990704,2.1600617,0,53.93,184.76,11,30.6
2026-09-07T14:00,node/2609183969,Fukuoka,,,,41.4022587,2.1612976,0,53.93,184.76,11,30.6
2026-09-07T14:00,node/2610750687,Xiringuito Aigua,,,,41.4096717,2.1683236,1,53.93,184.76,11,30.6
2026-09-07T14:00,node/2618447074,Vegetalia,,,,41.3803973,2.1776952,0,53.93,184.76,11,30.6
2026-09-07T14:00,node/2618538581,Veggie Garden,,,,41.3822767,2.1680336,0,53.93,184.76,11,30.6
2026-09-07T14:00,node/2618538595,Biocenter,,,,41.3825765,2.1694364,0,53.93,184.76,11,30.6
2026-09-07T14:00,node/2684052224,Pai Mei,,,,41.4051863,2.1931071,1,53.93,184.76,11,30.6
2026-09-07T14:00,node/2687089274,Dolça Estona,,,,41.4117096,2.1394938,0,53.93,184.76,11,30.6
2026-09-07T14:00,node/2689736934,Bar Bodega Molina,,,,41.4403298,2.1817019,0,53.93,184.76,11,30.6
2026-09-07T14:00,node/2721077740,Bar Veni,,,,41.3848861,2.1667078,0,53.93,184.76,11,30.6
2026-09-07T14:00,node/2727449418,Las Euras,,,,41.3998785,2.1577187,0,53.93,184.76,11,30.6
2026-09-07T14:00,node/2793491051,La bona tapa,,,,41.4368098,2.2166172,1,53.93,184.76,11,30.6
2026-09-07T14:00,node/2892028393,Kino,,,,41.3825992,2.1665452,0,53.93,184.76,11,30.6
2026-09-07T14:00,node/2892037115,23 Robadors,,,,41.3796029,2.1708903,0,53.93,184.76,11,30.6
2026-09-07T14:00,node/2910255826,Shôko,,,,41.3854991,2.1969746,1,53.93,184.76,11,30.6
2026-09-07T14:00,node/2910255827,Opium,,,,41.3852778,2.1967099,1,53.93,184.76,11,30.6
2026-09-07T14:00,node/2927944587,Tapas Tapas!,,,,41.3745104,2.1829399,1,53.93,184.76,11,30.6
2026-09-07T14:00,node/2951499208,El racó d'en Henry,,,,41.4394757,2.2215013,1,53.93,184.76,11,30.6
2026-09-07T14:00,node/2966340931,El Capritx,,,,41.4022886,2.1998883,0,53.93,184.76,11,30.6
2026-09-07T14:00,node/2968119440,Can Tresó,,,,41.4028999,2.1537483,0,53.93,184.76,11,30.6
2026-09-07T14:00,node/2969276727,La Sirena Verde,,,,41.4027605,2.1657128,1,53.93,184.76,11,30.6
2026-09-07T14:00,node/2969277275,Café de l'Eixample,,,,41.4005021,2.1690108,1,53.93,184.76,11,30.6
2026-09-07T14:00,node/2970751844,Taverna El Disbarat,,,,41.4017728,2.1545227,0,53.93,184.76,11,30.6
2026-09-07T14:00,node/3007755352,La Pausa,,,,41.4071883,2.1557816,1,53.93,184.76,11,30.6
2026-09-07T14:00,node/3007803307,Oh La Lá,,,,41.4460123,2.2485803,1,53.93,184.76,11,30.6
2026-09-07T14:00,node/3048077142,L'Aliança del Poblenou,,,,41.3997067,2.2032276,0,53.93,184.76,11,30.6
2026-09-07T14:00,node/3049368344,Clot76,,,,41.4082815,2.1885259,0,53.93,184.76,11,30.6
2026-09-07T14:00,node/3084370508,Marina Bay By Moncho's,,,,41.3863077,2.1975017,1,53.93,184.76,11,30.6
2026-09-07T14:00,node/3084507933,Caravelle,,,,41.3822872,2.1688475,0,53.93,184.76,11,30.6
2026-09-07T14:00,node/3120072573,Bar Restaurant Nàutic,,,,41.3806088,2.1408397,1,53.93,184.76,11,30.6
2026-09-07T14:00,node/3177990194,Mezcal Taco Bar,,,,41.3830563,2.1554872,1,53.93,184.76,11,30.6
2026-09-07T14:00,node/3270120640,Luigi,,,,41.3862659,2.1753788,0,53.93,184.76,11,30.6
2026-09-07T14:00,node/3271554311,Al Sultán,,,,41.4035661,2.1554863,0,53.93,184.76,11,30.6
2026-09-07T14:00,node/3328694987,Nou Candanchú,,,,41.4005128,2.1576475,1,53.93,184.76,11,30.6
2026-09-07T14:00,node/3339670930,Bahia,,,,41.3803265,2.1774842,0,53.93,184.76,11,30.6
2026-09-07T14:00,node/3441700493,Santos Tapas,,,,41.3818417,2.1745121,0,53.93,184.76,11,30.6
2026-09-07T14:00,node/3491476947,Bar del Pla,,,,41.3856036,2.1800221,0,53.93,184.76,11,30.6
2026-09-07T14:00,node/3496970198,Centre Cívic Can Deu,,,,41.3869027,2.1327794,0,53.93,184.76,11,30.6
2026-09-07T14:00,node/3504769719,El Rincón,,,,41.3908977,2.1900669,1,53.93,184.76,11,30.6
2026-09-07T14:00,node/3517276245,Bar Canigó,,,,41.4029724,2.1579186,1,53.93,184.76,11,30.6
2026-09-07T14:00,node/3522552400,Àpat's,,,,41.3757617,2.1419109,0,53.93,184.76,11,30.6
2026-09-07T14:00,node/3548547194,El Bon Menjador - 2,,,,41.4388101,2.2172863,1,53.93,184.76,11,30.6
2026-09-07T14:00,node/3548548998,Bar Morales,,,,41.4395878,2.2165237,1,53.93,184.76,11,30.6
2026-09-07T14:00,node/3548613495,Bar Paula's Tapería,,,,41.4385437,2.2175484,1,53.93,184.76,11,30.6
2026-09-07T14:00,node/3556089494,Delicias Mediterráneas,,,,41.4415079,2.2267435,1,53.93,184.76,11,30.6
2026-09-07T14:00,node/3556089497,Xurreria Rodríguez,,,,41.4416928,2.2264651,1,53.93,184.76,11,30.6
2026-09-07T14:00,node/3556089803,Bar de La Salut,,,,41.4422594,2.2258792,1,53.93,184.76,11,30.6
2026-09-07T14:00,node/3560942698,Sandvitxeria Alhociema,,,,41.4443624,2.2236761,1,53.93,184.76,11,30.6
2026-09-07T14:00,node/3560955995,Centro Cultural Castellano-manchego,,,,41.4390698,2.2176297,1,53.93,184.76,11,30.6
2026-09-07T14:00,node/3595399490,Bar Familiar,,,,41.4359163,2.2182018,1,53.93,184.76,11,30.6
2026-09-07T14:00,node/3595399769,La granja de Casablanca,,,,41.4357671,2.2189395,1,53.93,184.76,11,30.6
2026-09-07T14:00,node/3595401238,Bar Alcázar,,,,41.4365542,2.2183742,1,53.93,184.76,11,30.6
2026-09-07T14:00,node/3596986411,Agrupación Cultural Galega Agarimos,,,,41.4358268,2.2165495,1,53.93,184.76,11,30.6
2026-09-07T14:00,node/3612059306,Nabuco Tiramisú,,,,41.4004523,2.1577244,1,53.93,184.76,11,30.6
2026-09-07T14:00,node/3620986554,Yamane,,,,41.3868061,2.1808426,0,53.93,184.76,11,30.6
2026-09-07T14:00,node/3620991692,Yamaneko-ryouri,,,,41.4016619,2.1447787,0,53.93,184.76,11,30.6
2026-09-07T14:00,node/3624045193,Bar-Granja Maribel,,,,41.4399092,2.2235793,1,53.93,184.76,11,30.6
2026-09-07T14:00,node/3624045293,Bar La Cantonada,,,,41.4396227,2.2242325,1,53.93,184.76,11,30.6
2026-09-07T14:00,node/3713349650,Groin's,,,,41.4108415,2.1637178,1,53.93,184.76,11,30.6
2026-09-07T14:00,node/3718061014,Bar Calders,,,,41.3764788,2.1623937,1,53.93,184.76,11,30.6
2026-09-07T14:00,node/3730796125,Buenas Migas,,,,41.3975542,2.1587856,1,53.93,184.76,11,30.6
2026-09-07T14:00,node/3761312382,La Fonda,,,,41.3793598,2.1762144,0,53.93,184.76,11,30.6
2026-09-07T14:00,node/3777075876,Oaxaca,,,,41.3821041,2.1838988,1,53.93,184.76,11,30.6
2026-09-07T14:00,node/3779149860,EsPan's,,,,41.4349094,2.2194667,1,53.93,184.76,11,30.6
2026-09-07T14:00,node/3794002044,Samurai Ramen,,,,41.3736753,2.1548947,1,53.93,184.76,11,30.6
2026-09-07T14:00,node/3804046057,Robata Sushi & Grill,,,,41.3904886,2.1585836,0,53.93,184.76,11,30.6
2026-09-07T14:00,node/3809169458,Freiduría El Boquerón,,,,41.4400822,2.2264769,1,53.93,184.76,11,30.6
2026-09-07T14:00,node/3809169459,Marisquería Melchor,,,,41.4401715,2.2266602,1,53.93,184.76,11,30.6
2026-09-07T14:00,node/3809169461,Elhotro bar,,,,41.4401247,2.2268506,1,53.93,184.76,11,30.6
2026-09-07T14:00,node/3809169658,Carte d'Or,,,,41.4403068,2.2274065,1,53.93,184.76,11,30.6
2026-09-07T14:00,node/3809169668,Vivari,,,,41.4408122,2.2271125,1,53.93,184.76,11,30.6
2026-09-07T14:00,node/3809169669,Pantaiberic delicatessen,,,,41.4408174,2.2269502,1,53.93,184.76,11,30.6
2026-09-07T14:00,node/3840009426,La Esquinica,,,,41.4304816,2.1712169,1,53.93,184.76,11,30.6
2026-09-07T14:00,node/3874539219,Café del Centre,,,,41.3946111,2.1712059,0,53.93,184.76,11,30.6
2026-09-07T14:00,node/3890922254,Characato,,,,41.4046885,2.1836218,0,53.93,184.76,11,30.6
2026-09-07T14:00,node/3901403358,Les Dues Sicilies,,,,41.3866097,2.1802613,0,53.93,184.76,11,30.6
2026-09-07T14:00,node/3955968257,El racó de les Glòries,,,,41.3986109,2.1978895,1,53.93,184.76,11,30.6
2026-09-07T14:00,node/4060217594,Matt & Marshall,,,,41.3993348,2.1997769,1,53.93,184.76,11,30.6
2026-09-07T14:00,node/4073605889,Mariscco,,,,41.3804885,2.1753271,1,53.93,184.76,11,30.6
2026-09-07T14:00,node/4126257971,Xixbar,,,,41.3758485,2.1576176,0,53.93,184.76,11,30.6
2026-09-07T14:00,node/4127494769,Vapiano,,,,41.3788941,2.1758361,1,53.93,184.76,11,30.6
2026-09-07T14:00,node/4138815989,Nømad Cøffee,,,,41.3889108,2.1771731,0,53.93,184.76,11,30.6
2026-09-07T14:00,node/4150499794,El 68,,,,41.4023622,2.1612062,0,53.93,184.76,11,30.6
2026-09-07T14:00,node/4166496789,Bar Thonet Grill Room,,,,41.3792408,2.1761073,0,53.93,184.76,11,30.6
2026-09-07T14:00,node/4168100800,Cervecería Frankfurt Europa,,,,41.4396191,2.2191504,1,53.93,184.76,11,30.6
2026-09-07T14:00,node/4225209596,Bar El Velodromo,,,,41.3934442,2.1501395,0,53.93,184.76,11,30.6
2026-09-07T14:00,node/4225810298,Bar Nolla,,,,41.3905504,2.1647825,1,53.93,184.76,11,30.6
2026-09-07T14:00,node/4233959493,Pastisseria Granja,,,,41.3795042,2.1792309,0,53.93,184.76,11,30.6
2026-09-07T14:00,node/4239222689,Rekons,,,,41.3806195,2.1610796,1,53.93,184.76,11,30.6
2026-09-07T14:00,node/4244877765,Bar La Peña,,,,41.4404265,2.2170329,1,53.93,184.76,11,30.6
2026-09-07T14:00,node/4247196393,cal mariner,,,,41.3791754,2.1898206,0,53.93,184.76,11,30.6
2026-09-07T14:00,node/4253851490,El Trencadís,,,,41.3937976,2.1655309,0,53.93,184.76,11,30.6
2026-09-07T14:00,node/4253862889,Hummus,,,,41.3912547,2.1611975,1,53.93,184.76,11,30.6
2026-09-07T14:00,node/4254090289,La tasqueta de Blai,,,,41.3733347,2.1652358,0,53.93,184.76,11,30.6
2026-09-07T14:00,node/4254094290,Rosa Negra,,,,41.3819164,2.1687596,1,53.93,184.76,11,30.6
2026-09-07T14:00,node/4254704967,Firebug Brunch,,,,41.3927459,2.1778691,0,53.93,184.76,11,30.6
2026-09-07T14:00,node/4254996890,La Macchina,,,,41.4030005,2.1535966,0,53.93,184.76,11,30.6
2026-09-07T14:00,node/4267035492,Kebabish,,,,41.4409198,2.2217884,1,53.93,184.76,11,30.6
2026-09-07T14:00,node/4267055591,La cantina del tapeo,,,,41.4420999,2.2200224,1,53.93,184.76,11,30.6
2026-09-07T14:00,node/4278033120,Buenas Migas,,,,41.3838044,2.1696233,0,53.93,184.76,11,30.6
2026-09-07T14:00,node/4283188047,Granja Romaní,,,,41.4348618,2.2179712,1,53.93,184.76,11,30.6
2026-09-07T14:00,node/4283194434,Bar La Paradeta,,,,41.4337773,2.2167771,1,53.93,184.76,11,30.6
2026-09-07T14:00,node/4291934189,Fonda Espanya,,,,41.3799009,2.1728032,0,53.93,184.76,11,30.6
2026-09-07T14:00,node/4306440989,Blai 9,,,,41.3730722,2.1658539,0,53.93,184.76,11,30.6
2026-09-07T14:00,node/4314857689,El punt,,,,41.4413807,2.2316251,1,53.93,184.76,11,30.6
2026-09-07T14:00,node/4314859689,Versace,,,,41.4337089,2.2172203,1,53.93,184.76,11,30.6
2026-09-07T14:00,node/4315715092,Petit Comitè,,,,41.3943551,2.1600308,0,53.93,184.76,11,30.6
2026-09-07T14:00,node/4321183403,Brunch & Cake,,,,41.3882834,2.1615596,0,53.93,184.76,11,30.6
2026-09-07T14:00,node/4336933393,Mayura,,,,41.3938992,2.1720914,0,53.93,184.76,11,30.6
2026-09-07T14:00,node/4340119890,VIENA,,,,41.3579934,2.1293918,1,53.93,184.76,11,30.6
2026-09-07T14:00,node/4349925690,Nemrut,,,,41.3810051,2.1772158,0,53.93,184.76,11,30.6
2026-09-07T14:00,node/4350019284,Palosanto,,,,41.3808122,2.1772701,1,53.93,184.76,11,30.6
2026-09-07T14:00,node/4364289794,Faborit Casa Amatller,,,,41.3915836,2.1650592,0,53.93,184.76,11,30.6
2026-09-07T14:00,node/4386702690,Red Ant Noodle Bar,,,,41.3880129,2.1810961,0,53.93,184.76,11,30.6
2026-09-07T14:00,node/4396244190,Fresc Co,,,,41.3891657,2.1969678,1,53.93,184.76,11,30.6
2026-09-07T14:00,node/4401234193,BlackLab Brewhouse & Kitchen,,,,41.3812305,2.1854573,1,53.93,184.76,11,30.6
2026-09-07T14:00,node/4431102493,Forn Puiggròs,,,,41.4102615,2.1741597,0,53.93,184.76,11,30.6
2026-09-07T14:00,node/4439412389,La Vinya del Senyor,,,,41.3832546,2.1818655,0,53.93,184.76,11,30.6
2026-09-07T14:00,node/4440352791,La Gavina,,,,41.3807532,2.1853211,1,53.93,184.76,11,30.6
2026-09-07T14:00,node/4443367289,Pannus,,,,41.3863691,2.1726728,0,53.93,184.76,11,30.6
2026-09-07T14:00,node/4449185678,Il Caffè di Francesco,,,,41.3908733,2.1652201,0,53.93,184.76,11,30.6
2026-09-07T14:00,node/4451904190,Bar Granadino,,,,41.4404153,2.2238276,1,53.93,184.76,11,30.6
2026-09-07T14:00,node/4451904193,La ciudad de oro,,,,41.4408727,2.2240695,1,53.93,184.76,11,30.6
2026-09-07T14:00,node/4451986792,Cafe Bar Florida,,,,41.4403503,2.2236929,1,53.93,184.76,11,30.6
2026-09-07T14:00,node/4451986793,Bar Amigo,,,,41.4411469,2.2238965,1,53.93,184.76,11,30.6
2026-09-07T14:00,node/4451988991,Bar Frankfurt Jaime,,,,41.4408051,2.2241201,1,53.93,184.76,11,30.6
2026-09-07T14:00,node/4451989090,Entre tapes,,,,41.4423118,2.2237245,1,53.93,184.76,11,30.6
2026-09-07T14:00,node/4451992791,Bar Leo,,,,41.4406309,2.2245529,1,53.93,184.76,11,30.6
2026-09-07T14:00,node/4452031691,Bar La Granja,,,,41.4427953,2.2241899,1,53.93,184.76,11,30.6
2026-09-07T14:00,node/4455238130,Anahuac,,,,41.3965161,2.1513989,1,53.93,184.76,11,30.6
2026-09-07T14:00,node/4461595656,Cafeteria de la Biblioteca Jaumer Fuster,,,,41.4075557,2.1493457,1,53.93,184.76,11,30.6
2026-09-07T14:00,node/4470059420,Mesón Gallego,,,,41.3818896,2.0709288,1,53.93,184.76,11,30.6
2026-09-07T14:00,node/4486639527,Boldú,,,,41.3973783,2.1517865,0,53.93,184.76,11,30.6
2026-09-07T14:00,node/4486683966,La Tagliatella,,,,41.3974141,2.1514101,0,53.93,184.76,11,30.6
2026-09-07T14:00,node/4503193765,Bicioci,,,,41.3999229,2.1619101,0,53.93,184.76,11,30.6
2026-09-07T14:00,node/4509411660,Bar Mediterráneo,,,,41.4343007,2.2180868,1,53.93,184.76,11,30.6
2026-09-07T14:00,node/4516538193,Más Que Sushi,,,,41.3774227,2.1527247,0,53.93,184.76,11,30.6
2026-09-07T14:00,node/4516600994,Salambó,,,,41.4044546,2.1576355,1,53.93,184.76,11,30.6
2026-09-07T14:00,node/4520259289,Cachitos,,,,41.3953057,2.1536913,1,53.93,184.76,11,30.6
2026-09-07T14:00,node/4572063790,Cafetería 365,,,,41.3744652,2.1675541,0,53.93,184.76,11,30.6
2026-09-07T14:00,node/4580517495,Cadaqués,,,,41.4004717,2.1574102,1,53.93,184.76,11,30.6
2026-09-07T14:00,node/4591423938,Arabia Cafe,,,,41.3796023,2.1762764,0,53.93,184.76,11,30.6
2026-09-07T14:00,node/4602957463,Otafuku Daifuku,,,,41.3861633,2.1813225,0,53.93,184.76,11,30.6
2026-09-07T14:00,node/4631918790,Casa López,,,,41.4047191,2.1550626,0,53.93,184.76,11,30.6
2026-09-07T14:00,node/4643974106,Kyoka Via Augusta,,,,41.3979693,2.1315017,1,53.93,184.76,11,30.6
2026-09-07T14:00,node/4654613659,afiparc,,,,41.4134414,2.1527296,1,53.93,184.76,11,30.6
2026-09-07T14:00,node/4668687590,Can Vilaró,,,,41.3779004,2.1617005,0,53.93,184.76,11,30.6
2026-09-07T14:00,node/4673198082,Montesquiu,,,,41.4046825,2.1325233,1,53.93,184.76,11,30.6
2026-09-07T14:00,node/4680760648,Sushi Taller,,,,41.4048621,2.1326565,0,53.93,184.76,11,30.6
2026-09-07T14:00,node/4681801089,Orxateria la Valenciana,,,,41.3863413,2.1622578,1,53.93,184.76,11,30.6
2026-09-07T14:00,node/4704972453,majide,,,,41.3849224,2.1674688,0,53.93,184.76,11,30.6
2026-09-07T14:00,node/4709933976,Sottovoce,,,,41.3579226,2.1294974,1,53.93,184.76,11,30.6
2026-09-07T14:00,node/4711659235,Casa Lolea,,,,41.3888056,2.1771897,0,53.93,184.76,11,30.6
2026-09-07T14:00,node/4720526074,El Charrito,,,,41.3896183,2.1662427,1,53.93,184.76,11,30.6
2026-09-07T14:00,node/4721286889,Prodigi,,,,41.3985973,2.1659559,0,53.93,184.76,11,30.6
2026-09-07T14:00,node/4726582894,Catalina Cafe,,,,41.3862071,2.1793039,1,53.93,184.76,11,30.6
2026-09-07T14:00,node/4726583193,Betlem,,,,41.3949258,2.1712207,0,53.93,184.76,11,30.6
2026-09-07T14:00,node/4727975192,La Coruña,,,,41.4083413,2.1851911,1,53.93,184.76,11,30.6
2026-09-07T14:00,node/4728103192,Cafè Arrels,,,,41.4137041,2.1809929,0,53.93,184.76,11,30.6
2026-09-07T14:00,node/4729343193,Cervecería Frankfurt El Molino,,,,41.3746194,2.1669636,0,53.93,184.76,11,30.6
2026-09-07T14:00,node/4735766123,I'll Pomo d'Oro,,,,41.3926987,2.1585151,1,53.93,184.76,11,30.6
2026-09-07T14:00,node/4743830714,Casa Escarré (Joan's),,,,41.3747567,2.1427755,1,53.93,184.76,11,30.6
2026-09-07T14:00,node/4751727952,Bar Ribalda,,,,41.4026552,2.1328307,1,53.93,184.76,11,30.6
2026-09-07T14:00,node/4755496723,Brewdog,,,,41.3857301,2.1581661,1,53.93,184.76,11,30.6
2026-09-07T14:00,node/4756509699,Morro fi,,,,41.3833069,2.1550311,1,53.93,184.76,11,30.6
2026-09-07T14:00,node/4776357929,Tomodachi,,,,41.4053891,2.1644663,0,53.93,184.76,11,30.6
2026-09-07T14:00,node/4778618049,De Gustibus Italiae,,,,41.4027491,2.1330183,1,53.93,184.76,11,30.6
2026-09-07T14:00,node/4784670742,Índigo Café,,,,41.3874831,2.1626443,0,53.93,184.76,11,30.6
2026-09-07T14:00,node/4792724121,Venus Delicatessen Barcelona,,,,41.3807065,2.1779781,0,53.93,184.76,11,30.6
2026-09-07T14:00,node/4802341078,El Quatre,,,,41.4031267,2.1333762,0,53.93,184.76,11,30.6
2026-09-07T14:00,node/4805335780,Madonna Vegan,,,,41.3812162,2.1671279,0,53.93,184.76,11,30.6
2026-09-07T14:00,node/4816093515,Olímpic Bar,,,,41.4422394,2.2177816,1,53.93,184.76,11,30.6
2026-09-07T14:00,node/4822739686,Bar El Racó,,,,41.4417497,2.2212713,1,53.93,184.76,11,30.6
2026-09-07T14:00,node/4838956921,Supra,,,,41.3910798,2.1613999,0,53.93,184.76,11,30.6
2026-09-07T14:00,node/4844565923,Pampa Drugstore,,,,41.3827176,2.1712051,0,53.93,184.76,11,30.6
2026-09-07T14:00,node/4847673021,Usagui,,,,41.4021671,2.1463849,0,53.93,184.76,11,30.6
2026-09-07T14:00,node/4859449960,Restaurant el Magatzem,,,,41.3805096,2.1863595,1,53.93,184.76,11,30.6
2026-09-07T14:00,node/4859450597,Restaurant Cal Pinxo,,,,41.3806265,2.1855795,1,53.93,184.76,11,30.6
2026-09-07T14:00,node/4867833221,Pizzeria El Mundo,,,,41.3751322,2.1231212,1,53.93,184.76,11,30.6
2026-09-07T14:00,node/4881181797,Sierra Nevada,,,,41.4420581,2.1834715,1,53.93,184.76,11,30.6
2026-09-07T14:00,node/4903340658,El Ramblero,,,,41.4219271,2.1969049,1,53.93,184.76,11,30.6
2026-09-07T14:00,node/4906736149,L'Olivera,,,,41.4058547,2.1893093,1,53.93,184.76,11,30.6
2026-09-07T14:00,node/4917663030,Picnic,,,,41.4179648,2.1988442,1,53.93,184.76,11,30.6
2026-09-07T14:00,node/4937772721,Vila's Bar,,,,41.4059086,2.1571314,0,53.93,184.76,11,30.6
2026-09-07T14:00,node/4938104321,Hammock Juice Station,,,,41.3971863,2.1671778,0,53.93,184.76,11,30.6
2026-09-07T14:00,node/4973805221,Brunch & Cake by the sea,,,,41.3809714,2.1872568,1,53.93,184.76,11,30.6
2026-09-07T14:00,node/4973805421,Quinoa Aragó Vegetarià,,,,41.3886233,2.1598684,0,53.93,184.76,11,30.6
2026-09-07T14:00,node/4977546909,Tonkotsu,,,,41.3938467,2.1650368,0,53.93,184.76,11,30.6
2026-09-07T14:00,node/4983764927,Cervecería-Frankfurt,,,,41.4394391,2.2207951,1,53.93,184.76,11,30.6
2026-09-07T14:00,node/4983764935,Max Bar,,,,41.4401476,2.2214687,1,53.93,184.76,11,30.6
2026-09-07T14:00,node/4983764944,Bar Verín,,,,41.4396911,2.2210187,1,53.93,184.76,11,30.6
2026-09-07T14:00,node/4983764949,Bar R'Aurora,,,,41.4400582,2.2213943,1,53.93,184.76,11,30.6
2026-09-07T14:00,node/4983764952,Trocadero,,,,41.4385047,2.2204982,1,53.93,184.76,11,30.6
2026-09-07T14:00,node/4983764957,Bar La Alpujarra,,,,41.4420698,2.2228867,1,53.93,184.76,11,30.6
2026-09-07T14:00,node/4983764958,Sant Mori,,,,41.4390777,2.2210618,1,53.93,184.76,11,30.6
2026-09-07T14:00,node/4983764960,El buen gusto,,,,41.4411919,2.2225719,1,53.93,184.76,11,30.6
2026-09-07T14:00,node/4983764965,Bar Junior Bodega,,,,41.4417139,2.2225318,1,53.93,184.76,11,30.6
2026-09-07T14:00,node/4983764975,Bar Satisfecho,,,,41.4385461,2.2198488,1,53.93,184.76,11,30.6
2026-09-07T14:00,node/4983765002,Bar sushi Salon,,,,41.4425727,2.2233672,1,53.93,184.76,11,30.6
2026-09-07T14:00,node/4983765004,Corre que se acaban,,,,41.4392453,2.2212328,1,53.93,184.76,11,30.6
2026-09-07T14:00,node/4983765005,365,,,,41.4403303,2.2225575,1,53.93,184.76,11,30.6
2026-09-07T14:00,node/4984256695,Pampa Mía,,,,41.4085709,2.2035603,0,53.93,184.76,11,30.6
2026-09-07T14:00,node/4991221422,Salterio,,,,41.3825107,2.1760837,0,53.93,184.76,11,30.6
2026-09-07T14:00,node/5007434606,La Balmesina,,,,41.3970301,2.1522555,0,53.93,184.76,11,30.6
2026-09-07T14:00,node/5010794721,Syra Coffee,,,,41.4014925,2.1595216,0,53.93,184.76,11,30.6
2026-09-07T14:00,node/5010794821,Nomad Frutas Selectas,,,,41.3979292,2.1955517,0,53.93,184.76,11,30.6
2026-09-07T14:00,node/5023905423,Petra,,,,41.4038883,2.1551166,0,53.93,184.76,11,30.6
2026-09-07T14:00,node/5028969022,Guzzo,,,,41.3850929,2.1836594,0,53.93,184.76,11,30.6
2026-09-07T14:00,node/5030247521,La Pantera Rosa,,,,41.4010493,2.1525903,0,53.93,184.76,11,30.6
2026-09-07T14:00,node/5037900607,Orio,,,,41.3819545,2.1763606,0,53.93,184.76,11,30.6
2026-09-07T14:00,node/5048602525,Blau Cel,,,,41.4043091,2.1612896,0,53.93,184.76,11,30.6
2026-09-07T14:00,node/5053669724,La Xula Taperia,,,,41.4023295,2.1586126,0,53.93,184.76,11,30.6
2026-09-07T14:00,node/5081388242,La Raposa,,,,41.3725137,2.1639527,0,53.93,184.76,11,30.6
2026-09-07T14:00,node/5082277825,Vermuteria Puigmartí,,,,41.4013967,2.1590604,0,53.93,184.76,11,30.6
2026-09-07T14:00,node/5082277826,Caracas,,,,41.4020908,2.1601676,0,53.93,184.76,11,30.6
2026-09-07T14:00,node/5082288821,Curuba,,,,41.3999554,2.1574731,0,53.93,184.76,11,30.6
2026-09-07T14:00,node/5086827321,Metric Market,,,,41.3916196,2.1419287,0,53.93,184.76,11,30.6
2026-09-07T14:00,node/5088945722,La Juanola,,,,41.4066765,2.1569377,0,53.93,184.76,11,30.6
2026-09-07T14:00,node/5089333723,Ciuri‘s,,,,41.4052466,2.1565749,0,53.93,184.76,11,30.6
2026-09-07T14:00,node/5105012628,Entre Hores,,,,41.4030943,2.1577829,0,53.93,184.76,11,30.6
2026-09-07T14:00,node/5109943322,Intrèpid,,,,41.4043018,2.1550041,0,53.93,184.76,11,30.6
2026-09-07T14:00,node/5110964523,La Trobada,,,,41.4015625,2.1520155,0,53.93,184.76,11,30.6
2026-09-07T14:00,node/5111094221,El Dorado Chicken,,,,41.3930251,2.1579995,0,53.93,184.76,11,30.6
2026-09-07T14:00,node/5113896626,Granja Fimon's,,,,41.4477805,2.2438919,1,53.93,184.76,11,30.6
2026-09-07T14:00,node/5118124314,Kebab Bocateli,,,,41.4426035,2.2166674,1,53.93,184.76,11,30.6
2026-09-07T14:00,node/5118126421,Bar Frankfurt Polideportivo,,,,41.4429429,2.2162226,1,53.93,184.76,11,30.6
2026-09-07T14:00,node/5118126428,Granja Modesto,,,,41.4343689,2.2158958,1,53.93,184.76,11,30.6
2026-09-07T14:00,node/5118126435,Cafeteria i Forn de pa Grey,,,,41.4332655,2.2174982,1,53.93,184.76,11,30.6
2026-09-07T14:00,node/5118126438,Frankfurt Piscis,,,,41.4360107,2.2158678,1,53.93,184.76,11,30.6
2026-09-07T14:00,node/5118126440,Bar Julio,,,,41.4348299,2.2151483,1,53.93,184.76,11,30.6
2026-09-07T14:00,node/5118126443,Bar Beethoven,,,,41.4328863,2.2181523,1,53.93,184.76,11,30.6
2026-09-07T14:00,node/5118126453,Bar Bondia,,,,41.4342763,2.2160261,1,53.93,184.76,11,30.6
2026-09-07T14:00,node/5128075585,Monkey Factory,,,,41.3927261,2.1544614,0,53.93,184.76,11,30.6
2026-09-07T14:00,node/5137360822,El Jardí,,,,41.4475237,2.2469586,1,53.93,184.76,11,30.6
2026-09-07T14:00,node/5144745888,Bar La Imperial,,,,41.4372451,2.2200669,1,53.93,184.76,11,30.6
2026-09-07T14:00,node/5144745889,Gabi,,,,41.4372105,2.2199582,1,53.93,184.76,11,30.6
2026-09-07T14:00,node/5144745893,Bar India,,,,41.4420657,2.2284253,1,53.93,184.76,11,30.6
2026-09-07T14:00,node/5144745896,Mokka,,,,41.4371063,2.2201689,1,53.93,184.76,11,30.6
2026-09-07T14:00,node/5156690125,Loc,,,,41.4351636,2.2283155,1,53.93,184.76,11,30.6
2026-09-07T14:00,node/5160440326,Les Termes Bdn,,,,41.4520115,2.2476488,1,53.93,184.76,11,30.6
2026-09-07T14:00,node/5167185733,La Sucursal,,,,41.3806502,2.1611889,1,53.93,184.76,11,30.6
2026-09-07T14:00,node/5167569072,El Mercader de L'Eixample,,,,41.3923316,2.1603286,1,53.93,184.76,11,30.6
2026-09-07T14:00,node/5168232324,Colmado,,,,41.3819235,2.1744264,1,53.93,184.76,11,30.6
2026-09-07T14:00,node/5175039621,Green's,,,,41.3959672,2.1496553,1,53.93,184.76,11,30.6
2026-09-07T14:00,node/5176233727,Els Porxos,,,,41.4031581,2.1751611,0,53.93,184.76,11,30.6
2026-09-07T14:00,node/5182260830,Catafal,,,,41.4088089,2.1468574,0,53.93,184.76,11,30.6
2026-09-07T14:00,node/5190930121,Casa Ángel,,,,41.4070235,2.1818566,0,53.93,184.76,11,30.6
2026-09-07T14:00,node/5192085421,Esterri,,,,41.3812805,2.1618108,0,53.93,184.76,11,30.6
2026-09-07T14:00,node/5198200824,Copa d'Or,,,,41.3963876,2.1688461,0,53.93,184.76,11,30.6
2026-09-07T14:00,node/5198200829,Gyoza Bistró,,,,41.3940771,2.1723519,0,53.93,184.76,11,30.6
2026-09-07T14:00,node/5198201036,Nou Can Codina,,,,41.3989586,2.1608728,0,53.93,184.76,11,30.6
2026-09-07T14:00,node/5198201122,La Particcela,,,,41.3961328,2.1697679,1,53.93,184.76,11,30.6
2026-09-07T14:00,node/5198201124,Riko's Braseria - Restaurante,,,,41.3929731,2.1692667,1,53.93,184.76,11,30.6
2026-09-07T14:00,node/5199743028,seven7seven,,,,41.3898868,2.1622344,1,53.93,184.76,11,30.6
2026-09-07T14:00,node/5207046925,Sense Nom,,,,41.3843558,2.1622563,0,53.93,184.76,11,30.6
2026-09-07T14:00,node/5207067522,El Maravillas,,,,41.3868914,2.1323626,1,53.93,184.76,11,30.6
2026-09-07T14:00,node/5208223424,Bonastre,,,,41.3774986,2.1587463,1,53.93,184.76,11,30.6
2026-09-07T14:00,node/5212252535,Tariq,,,,41.4477214,2.2405051,1,53.93,184.76,11,30.6
2026-09-07T14:00,node/5218828496,Conecta,,,,41.4388265,2.2253266,1,53.93,184.76,11,30.6
2026-09-07T14:00,node/5218828499,Sweet dolç,,,,41.4385456,2.2254351,1,53.93,184.76,11,30.6
2026-09-07T14:00,node/5226505321,Bodega E. Marin,,,,41.4025586,2.1609645,0,53.93,184.76,11,30.6
2026-09-07T14:00,node/5228942946,La Pubilla,,,,41.3995748,2.1536674,0,53.93,184.76,11,30.6
2026-09-07T14:00,node/5237627856,Tasmango Dessert,,,,41.3909254,2.1784375,0,53.93,184.76,11,30.6
2026-09-07T14:00,node/5238186123,Lennox,,,,41.3834186,2.1829502,0,53.93,184.76,11,30.6
2026-09-07T14:00,node/5271863048,Rest. Alexandre,,,,41.4322501,2.1835476,1,53.93,184.76,11,30.6
2026-09-07T14:00,node/5286467104,Granja Monsul,,,,41.4437723,2.2239591,1,53.93,184.76,11,30.6
2026-09-07T14:00,node/5298404593,Próspero,,,,41.4382431,2.2237839,1,53.93,184.76,11,30.6
2026-09-07T14:00,node/5298404603,Bar Salamanca,,,,41.4388532,2.2246477,1,53.93,184.76,11,30.6
2026-09-07T14:00,node/5298405327,Bar Benuga,,,,41.4383471,2.2243229,1,53.93,184.76,11,30.6
2026-09-07T14:00,node/5298405384,Bar Rocío Los Cazadores,,,,41.4389682,2.2252641,1,53.93,184.76,11,30.6
2026-09-07T14:00,node/5299921764,Bar Crack,,,,41.4343466,2.2189911,1,53.93,184.76,11,30.6
2026-09-07T14:00,node/5299921811,Can Daura,,,,41.4358077,2.2218721,1,53.93,184.76,11,30.6
2026-09-07T14:00,node/5299922525,Bar La Imperial,,,,41.4354603,2.2205399,1,53.93,184.76,11,30.6
2026-09-07T14:00,node/5299922526,Bar Marta,,,,41.4349148,2.2200469,1,53.93,184.76,11,30.6
2026-09-07T14:00,node/5313632423,365,,,,41.3789307,2.1718613,0,53.93,184.76,11,30.6
2026-09-07T14:00,node/5327570662,Ancestral,,,,41.3977332,2.1656576,0,53.93,184.76,11,30.6
2026-09-07T14:00,node/5347967007,Bar Marín,,,,41.4474106,2.2217195,1,53.93,184.76,11,30.6
2026-09-07T14:00,node/5347967009,Bar La Cantonada,,,,41.4474812,2.2209325,1,53.93,184.76,11,30.6
2026-09-07T14:00,node/5363964402,El gran croissant,,,,41.4359355,2.2167366,1,53.93,184.76,11,30.6
2026-09-07T14:00,node/5395531687,Las Marismas,,,,41.3701297,2.1215161,1,53.93,184.76,11,30.6
2026-09-07T14:00,node/5407919537,El Yate,,,,41.4039787,2.1367463,1,53.93,184.76,11,30.6
2026-09-07T14:00,node/5417517130,Tou Kichi Rou,,,,41.3919953,2.1432267,0,53.93,184.76,11,30.6
2026-09-07T14:00,node/5418243448,La Pampa,,,,41.3793623,2.1879402,0,53.93,184.76,11,30.6
2026-09-07T14:00,node/5418243450,els maians,,,,41.3786757,2.1882219,0,53.93,184.76,11,30.6
2026-09-07T14:00,node/5418243451,no30,,,,41.3791653,2.1879988,0,53.93,184.76,11,30.6
2026-09-07T14:00,node/5418243452,Lolita,,,,41.3783615,2.1882936,1,53.93,184.76,11,30.6
2026-09-07T14:00,node/5418243454,Reina Margherita,,,,41.3792655,2.1879835,0,53.93,184.76,11,30.6
2026-09-07T14:00,node/5434314893,PolkaBarcelona,,,,41.3859057,2.1326565,0,53.93,184.76,11,30.6
2026-09-07T14:00,node/5485540627,Bar Placídia,,,,41.3999472,2.1524915,1,53.93,184.76,11,30.6
2026-09-07T14:00,node/5487473548,Cafè Mos,,,,41.4143487,2.1384116,0,53.93,184.76,11,30.6
2026-09-07T14:00,node/5498351755,365 Cafeteria Forn de Pa,,,,41.3747778,2.1626826,1,53.93,184.76,11,30.6
2026-09-07T14:00,node/5509139428,La Carmanyola,,,,41.4013829,2.2068942,1,53.93,184.76,11,30.6
2026-09-07T14:00,node/5536153362,Cafeteria La Dona,,,,41.4396715,2.2242727,1,53.93,184.76,11,30.6
2026-09-07T14:00,node/5564055763,Panda & Smile,,,,41.3842068,2.1585673,0,53.93,184.76,11,30.6
2026-09-07T14:00,node/5564064431,Atrapatapa,,,,41.3832362,2.1568636,0,53.93,184.76,11,30.6
2026-09-07T14:00,node/5595134220,Cervecería Amoretty's 3,,,,41.4412382,2.2200117,1,53.93,184.76,11,30.6
2026-09-07T14:00,node/5606506169,Sincopa,,,,41.3803881,2.1789886,0,53.93,184.76,11,30.6
2026-09-07T14:00,node/5611733921,Buenas Migas,,,,41.4024253,2.1743326,0,53.93,184.76,11,30.6
2026-09-07T14:00,node/5617465886,Amateur,,,,41.3967536,2.1962847,1,53.93,184.76,11,30.6
2026-09-07T14:00,node/5646412432,Made in Sicily,,,,41.4483394,2.2490191,1,53.93,184.76,11,30.6
2026-09-07T14:00,node/5646415922,La Bella Istambul,,,,41.4479233,2.2494906,1,53.93,184.76,11,30.6
2026-09-07T14:00,node/5658288082,Can Teixidó,,,,41.4491148,2.2483189,1,53.93,184.76,11,30.6
2026-09-07T14:00,node/5663240986,Cafè Escac,,,,41.3837378,2.1695562,0,53.93,184.76,11,30.6
2026-09-07T14:00,node/5676005621,CACHO,,,,41.3931048,2.1910878,1,53.93,184.76,11,30.6
2026-09-07T14:00,node/5718757792,360°,,,,41.3790957,2.1696433,1,53.93,184.76,11,30.6
2026-09-07T14:00,node/5793057257,Bar Granja el Chiquitín,,,,41.4398176,2.2263171,1,53.93,184.76,11,30.6
2026-09-07T14:00,node/5796742218,The Clock,,,,41.3754168,2.1482785,1,53.93,184.76,11,30.6
2026-09-07T14:00,node/5805410453,Morrow Coffee,,,,41.3771392,2.1513283,1,53.93,184.76,11,30.6
2026-09-07T14:00,node/5806521955,Paisano Bistró,,,,41.4048549,2.1759323,0,53.93,184.76,11,30.6
2026-09-07T14:00,node/5856758686,El racó de les tapes,,,,41.4357708,2.1910224,0,53.93,184.76,11,30.6
2026-09-07T14:00,node/5878496985,UDON,,,,41.4051569,2.1921906,1,53.93,184.76,11,30.6
2026-09-07T14:00,node/5916157285,Bar Castells,,,,41.3841472,2.1698121,0,53.93,184.76,11,30.6
2026-09-07T14:00,node/5923867889,,,,,41.4406062,2.2451514,1,53.93,184.76,11,30.6
2026-09-07T14:00,node/5930228787,Mi casa,,,,41.3993608,2.1535771,0,53.93,184.76,11,30.6
2026-09-07T14:00,node/5933808740,Kserol,,,,41.3986236,2.1753141,1,53.93,184.76,11,30.6
2026-09-07T14:00,node/5944781772,Restaurante Burning Rock&Food,,,,41.3746837,2.1311612,0,53.93,184.76,11,30.6
2026-09-07T14:00,node/5951964888,el Fornet,,,,41.3882003,2.1723419,1,53.93,184.76,11,30.6
2026-09-07T14:00,node/5972440521,Feroz,,,,41.3965882,2.1508404,0,53.93,184.76,11,30.6
2026-09-07T14:00,node/5980982393,Pepa Tomate,,,,41.3767661,2.1627826,1,53.93,184.76,11,30.6
2026-09-07T14:00,node/6000108088,La Neura,,,,41.4002093,2.1660134,1,53.93,184.76,11,30.6
2026-09-07T14:00,node/6009236381,Mesón Balouta,,,,41.4384121,2.1649296,0,53.93,184.76,11,30.6
2026-09-07T14:00,node/6010958538,Bar Avenida,,,,41.4371962,2.2238498,1,53.93,184.76,11,30.6
2026-09-07T14:00,node/6010958540,Bar Trébol BCN,,,,41.4352675,2.2193633,1,53.93,184.76,11,30.6
2026-09-07T14:00,node/6027971388,Novell,,,,41.4070495,2.1667319,1,53.93,184.76,11,30.6
2026-09-07T14:00,node/6038827086,Honest Greens,,,,41.3986972,2.1569862,0,53.93,184.76,11,30.6
2026-09-07T14:00,node/6066258257,Bar Roma Sports,,,,41.4449369,2.2223513,1,53.93,184.76,11,30.6
2026-09-07T14:00,node/6089625321,Vivari,,,,41.3973187,2.1676233,0,53.93,184.76,11,30.6
2026-09-07T14:00,node/6093865396,The FRESH POKE,,,,41.3975268,2.1644457,0,53.93,184.76,11,30.6
2026-09-07T14:00,node/6093944886,Nicasso,,,,41.4072456,2.1873211,0,53.93,184.76,11,30.6
2026-09-07T14:00,node/6096656135,Yoi Yoi Gion,,,,41.3965593,2.1606187,0,53.93,184.76,11,30.6
2026-09-07T14:00,node/6104559348,Belles Arts II,,,,41.3872827,2.1361782,1,53.93,184.76,11,30.6
2026-09-07T14:00,node/6104561002,Toyodo,,,,41.3866914,2.1375355,1,53.93,184.76,11,30.6
2026-09-07T14:00,node/6106764321,Il Caffe di Francesco,,,,41.3930707,2.1642758,1,53.93,184.76,11,30.6
2026-09-07T14:00,node/6109526596,El Cuiner de Damasc,,,,41.3814196,2.1776754,0,53.93,184.76,11,30.6
2026-09-07T14:00,node/6110978486,Bonaparte,,,,41.4775805,2.0724847,1,53.93,184.76,11,30.6
2026-09-07T14:00,node/6123253862,Bar Granja Oasis,,,,41.3505068,2.1127043,1,53.93,184.76,11,30.6
2026-09-07T14:00,node/6126749461,Cantero,,,,41.3942111,2.1902433,1,53.93,184.76,11,30.6
2026-09-07T14:00,node/6164234382,Poké Sí,,,,41.4052321,2.1924708,1,53.93,184.76,11,30.6
2026-09-07T14:00,node/6164236104,Palo Verde,,,,41.4047343,2.1968042,1,53.93,184.76,11,30.6
2026-09-07T14:00,node/6166398253,Panet,,,,41.3861845,2.1430687,1,53.93,184.76,11,30.6
2026-09-07T14:00,node/6182404055,Kasa,,,,41.3861348,2.1656868,0,53.93,184.76,11,30.6
2026-09-07T14:00,node/6188914880,Bella Venezia,,,,41.3965502,2.1644865,0,53.93,184.76,11,30.6
2026-09-07T14:00,node/6188922858,Arc iris,,,,41.3998386,2.1715382,1,53.93,184.76,11,30.6
2026-09-07T14:00,node/6193461695,Sun Market,,,,41.3928465,2.1569854,0,53.93,184.76,11,30.6
2026-09-07T14:00,node/6193479448,Akashi Sushi Bar,,,,41.3923045,2.1558108,0,53.93,184.76,11,30.6
2026-09-07T14:00,node/6200571548,La Svolta,,,,41.4061025,2.1515184,1,53.93,184.76,11,30.6
2026-09-07T14:00,node/6202321417,La Tapeta del Coll,,,,41.4179646,2.1467035,1,53.93,184.76,11,30.6
2026-09-07T14:00,node/6204104907,La Papa,,,,41.3898088,2.1577366,0,53.93,184.76,11,30.6
2026-09-07T14:00,node/6216083704,La Coma,,,,41.3401472,2.1265697,1,53.93,184.76,11,30.6
2026-09-07T14:00,node/6216218158,la Zona,,,,41.3460291,2.1439158,1,53.93,184.76,11,30.6
2026-09-07T14:00,node/6216756977,Estrella de Istanbul,,,,41.4098375,2.1751296,0,53.93,184.76,11,30.6
2026-09-07T14:00,node/6230395442,Akelarre,,,,41.3892275,2.1373726,0,53.93,184.76,11,30.6
2026-09-07T14:00,node/6230407068,Starbucks,,,,41.3951351,2.1581903,1,53.93,184.76,11,30.6
2026-09-07T14:00,node/6232752417,El Taller,,,,41.3587511,2.1404908,1,53.93,184.76,11,30.6
2026-09-07T14:00,node/6237797177,Luri,,,,41.3977931,2.1514901,0,53.93,184.76,11,30.6
2026-09-07T14:00,node/6246525924,in blue,,,,41.3877036,2.1368756,0,53.93,184.76,11,30.6
2026-09-07T14:00,node/6250219942,Al sur,,,,41.3941572,2.1586822,0,53.93,184.76,11,30.6
2026-09-07T14:00,node/6258570565,Dino Pan,,,,41.3824376,2.1318622,1,53.93,184.76,11,30.6
2026-09-07T14:00,node/6258570699,Don Sándwich,,,,41.3820321,2.1315862,0,53.93,184.76,11,30.6
2026-09-07T14:00,node/6258715958,La Lluna de Gavà,,,,41.3672801,2.1403759,1,53.93,184.76,11,30.6
2026-09-07T14:00,node/6258718433,La Toscana,,,,41.3805625,2.1323335,0,53.93,184.76,11,30.6
2026-09-07T14:00,node/6258718652,Cafeteria Melody Bar,,,,41.3779464,2.1338934,1,53.93,184.76,11,30.6
2026-09-07T14:00,node/6258719247,Bar Florida,,,,41.3592896,2.1399844,1,53.93,184.76,11,30.6
2026-09-07T14:00,node/6260784864,La Cabaña,,,,41.3699161,2.1341331,0,53.93,184.76,11,30.6
2026-09-07T14:00,node/6260786193,Goiko Grill,,,,41.3656448,2.1357604,1,53.93,184.76,11,30.6
2026-09-07T14:00,node/6264834185,König,,,,41.3862163,2.1827612,1,53.93,184.76,11,30.6
2026-09-07T14:00,node/6298115913,N.A.P.,,,,41.3774834,2.1900137,0,53.93,184.76,11,30.6
2026-09-07T14:00,node/6316025985,L'Esclop,,,,41.3768262,2.1577412,0,53.93,184.76,11,30.6
2026-09-07T14:00,node/6330973943,Don Kilo,,,,41.3998564,2.1639573,0,53.93,184.76,11,30.6
2026-09-07T14:00,node/6333708759,SandwiChez,,,,41.3941488,2.1694356,1,53.93,184.76,11,30.6
2026-09-07T14:00,node/6334053687,Cafè Yafa,,,,41.3997495,2.1643963,0,53.93,184.76,11,30.6
2026-09-07T14:00,node/6334053692,La Mananta,,,,41.3994169,2.1648424,0,53.93,184.76,11,30.6
2026-09-07T14:00,node/6339732807,La Soca 2,,,,41.3912352,2.1594135,0,53.93,184.76,11,30.6
2026-09-07T14:00,node/6339732809,Creps Barcelona,,,,41.3905618,2.1590619,0,53.93,184.76,11,30.6
2026-09-07T14:00,node/6357834156,Les gens que j'aime bar,,,,41.3936947,2.1648505,0,53.93,184.76,11,30.6
2026-09-07T14:00,node/6381462875,Comarca Cuina L’Hocal,,,,41.3609203,2.1295937,1,53.93,184.76,11,30.6
2026-09-07T14:00,node/6424929026,Cafeteria Samy's,,,,41.3637433,2.1369241,0,53.93,184.76,11,30.6
2026-09-07T14:00,node/6424929700,Sakuraya,,,,41.3653001,2.1307952,1,53.93,184.76,11,30.6
2026-09-07T14:00,node/6431480513,Restaurant Bodega de Tapas,,,,41.3772493,2.1371156,1,53.93,184.76,11,30.6
2026-09-07T14:00,node/6431508292,Bodega Salvat,,,,41.3711848,2.1345217,1,53.93,184.76,11,30.6
2026-09-07T14:00,node/6431508293,Jaqueline's,,,,41.3682256,2.1345214,0,53.93,184.76,11,30.6
2026-09-07T14:00,node/6431508485,Japonia Café,,,,41.3806518,2.1387176,0,53.93,184.76,11,30.6
2026-09-07T14:00,node/6431508488,La Bodegueta de Sants,,,,41.3710695,2.1344235,1,53.93,184.76,11,30.6
2026-09-07T14:00,node/6431512182,Bar Montevideo,,,,41.3693939,2.1342386,1,53.93,184.76,11,30.6
2026-09-07T14:00,node/6431558869,Bar Alegría,,,,41.3629394,2.1373301,1,53.93,184.76,11,30.6
2026-09-07T14:00,node/6431559030,Bar El Faro,,,,41.3628529,2.1373795,1,53.93,184.76,11,30.6
2026-09-07T14:00,node/6433259684,Entre Copas,,,,41.3621672,2.0761548,1,53.93,184.76,11,30.6
2026-09-07T14:00,node/6438381289,Vera Café,,,,41.3883674,2.1779512,0,53.93,184.76,11,30.6
2026-09-07T14:00,node/6441451785,Líder de Istanbul,,,,41.3752687,2.1338088,0,53.93,184.76,11,30.6
2026-09-07T14:00,node/6445233216,Gyoza Bar,,,,41.3931059,2.1798949,0,53.93,184.76,11,30.6
2026-09-07T14:00,node/6450380989,Bar But,,,,41.3979648,2.1593688,0,53.93,184.76,11,30.6
2026-09-07T14:00,node/6450381086,La Porxada,,,,41.4030026,2.1637245,0,53.93,184.76,11,30.6
2026-09-07T14:00,node/6462934229,Concordia,,,,41.3864201,2.1321758,0,53.93,184.76,11,30.6
2026-09-07T14:00,node/6475037976,L'Oasi a Consell,,,,41.3830142,2.1547507,1,53.93,184.76,11,30.6
2026-09-07T14:00,node/6477273844,Fandango,,,,41.3982346,2.1423415,0,53.93,184.76,11,30.6
2026-09-07T14:00,node/6506313588,Antigua,,,,41.3980086,2.1492952,0,53.93,184.76,11,30.6
2026-09-07T14:00,node/6507308246,L'Antica Pizzeria Da Michele,,,,41.3928154,2.1682858,1,53.93,184.76,11,30.6
2026-09-07T14:00,node/6532206187,Yü Sushi,,,,41.4032734,2.2032208,1,53.93,184.76,11,30.6
2026-09-07T14:00,node/6532330793,La Xemeneia,,,,41.4016359,2.2048002,1,53.93,184.76,11,30.6
2026-09-07T14:00,node/6535101686,Alma Loca,,,,41.3992845,2.1970974,1,53.93,184.76,11,30.6
2026-09-07T14:00,node/6538194375,Mr. White,,,,41.3761815,2.1601126,1,53.93,184.76,11,30.6
2026-09-07T14:00,node/6568369188,Elpilar,,,,41.4000903,2.1489875,0,53.93,184.76,11,30.6
2026-09-07T14:00,node/6597321587,Welcome,,,,41.4065151,2.1509474,0,53.93,184.76,11,30.6
2026-09-07T14:00,node/6600189447,café bar juli-mac,,,,41.3782625,2.1239845,1,53.93,184.76,11,30.6
2026-09-07T14:00,node/6642989000,El Pa Sencer,,,,41.3835483,2.1341796,0,53.93,184.76,11,30.6
2026-09-07T14:00,node/6642989001,Ateneu Popular de les Corts,,,,41.3826968,2.1329407,1,53.93,184.76,11,30.6
2026-09-07T14:00,node/6680396487,La prorroga,,,,41.4032976,2.1567512,0,53.93,184.76,11,30.6
2026-09-07T14:00,node/6680687871,La Mar Salada,,,,41.3768035,2.1888904,1,53.93,184.76,11,30.6
2026-09-07T14:00,node/6681709948,Kiltro Gràcia,,,,41.4018317,2.1544539,0,53.93,184.76,11,30.6
2026-09-07T14:00,node/6710510485,Catedral 1951,,,,41.3849142,2.1757337,1,53.93,184.76,11,30.6
2026-09-07T14:00,node/6750944404,Brasaña,,,,41.3605721,2.1345777,1,53.93,184.76,11,30.6
2026-09-07T14:00,node/6757307686,Kitsu,,,,41.4017918,2.1543486,0,53.93,184.76,11,30.6
2026-09-07T14:00,node/6757314489,LomoAlto,,,,41.3936053,2.1663935,1,53.93,184.76,11,30.6
2026-09-07T14:00,node/6766273102,inti & chaska,,,,41.3886755,2.1599487,0,53.93,184.76,11,30.6
2026-09-07T14:00,node/6771863086,Montseny,,,,41.4070642,2.1804416,0,53.93,184.76,11,30.6
2026-09-07T14:00,node/6775495571,El Petit,,,,41.3298893,2.0988681,1,53.93,184.76,11,30.6
2026-09-07T14:00,node/6782427526,Híbrid Cafè Restaurant,,,,41.3771219,2.1203336,1,53.93,184.76,11,30.6
2026-09-07T14:00,node/6786006588,365,,,,41.3820297,2.1697221,1,53.93,184.76,11,30.6
2026-09-07T14:00,node/6790695789,El Rincón de la Abuela Venezolana,,,,41.4058359,2.1788147,0,53.93,184.76,11,30.6
2026-09-07T14:00,node/6805613085,Bar la Cabaña,,,,41.4071784,2.1778546,1,53.93,184.76,11,30.6
2026-09-07T14:00,node/6812099686,La Xurreria de Maria,,,,41.4050102,2.1750002,1,53.93,184.76,11,30.6
2026-09-07T14:00,node/6821384885,Blu Bar,,,,41.3983358,2.2045648,0,53.93,184.76,11,30.6
2026-09-07T14:00,node/6835358009,Murivecci,,,,41.3874075,2.1828282,1,53.93,184.76,11,30.6
2026-09-07T14:00,node/6852974547,Garrido,,,,41.3603039,2.1401381,1,53.93,184.76,11,30.6
2026-09-07T14:00,node/6852994516,La Patatona,,,,41.3604651,2.1400108,0,53.93,184.76,11,30.6
2026-09-07T14:00,node/6855027201,Bar Sandwicheria Enka 3,,,,41.3758876,2.1221107,1,53.93,184.76,11,30.6
2026-09-07T14:00,node/6871523347,Cafe Punto 10,,,,41.3805947,2.1364501,0,53.93,184.76,11,30.6
2026-09-07T14:00,node/6914132390,El Nou Ramonet,,,,41.3817315,2.1876268,0,53.93,184.76,11,30.6
2026-09-07T14:00,node/6946328085,Cremat 11,,,,41.3855109,2.1810205,0,53.93,184.76,11,30.6
2026-09-07T14:00,node/6973926711,Syra Coffee,,,,41.3965047,2.1941864,1,53.93,184.76,11,30.6
2026-09-07T14:00,node/6983227455,SNOOKER - Cocteles y Billarea,,,,41.3921561,2.1703663,0,53.93,184.76,11,30.6
2026-09-07T14:00,node/7002869606,Chebú,,,,41.3791162,2.1515085,0,53.93,184.76,11,30.6
2026-09-07T14:00,node/7003296923,Triple Sec,,,,41.3747448,2.1609868,0,53.93,184.76,11,30.6
2026-09-07T14:00,node/7004598841,Orange Coffee,,,,41.4052864,2.1712189,1,53.93,184.76,11,30.6
2026-09-07T14:00,node/7014308129,Bar Bodega Lentejil,,,,41.4429922,2.2175094,1,53.93,184.76,11,30.6
2026-09-07T14:00,node/7017780931,Yoüme,,,,41.3835882,2.1541892,0,53.93,184.76,11,30.6
2026-09-07T14:00,node/7098025886,El Club del Café,,,,41.4340729,2.1892624,1,53.93,184.76,11,30.6
2026-09-07T14:00,node/7124857728,Cabo,,,,41.3964797,2.1851438,1,53.93,184.76,11,30.6
2026-09-07T14:00,node/7132160620,Santagloria,,,,41.3863926,2.1243567,1,53.93,184.76,11,30.6
2026-09-07T14:00,node/7141587085,La Cereria,,,,41.3815426,2.1767152,0,53.93,184.76,11,30.6
2026-09-07T14:00,node/7150994121,Vivari,,,,41.3998419,2.1775677,0,53.93,184.76,11,30.6
2026-09-07T14:00,node/7234692489,Van van var,,,,41.3942304,2.1901096,1,53.93,184.76,11,30.6
2026-09-07T14:00,node/7318977151,,,,,41.3711664,2.1434617,1,53.93,184.76,11,30.6
2026-09-07T14:00,node/7318977155,Bar Joaquim,,,,41.3704145,2.1424922,1,53.93,184.76,11,30.6
2026-09-07T14:00,node/7318977156,Vivari,,,,41.3686165,2.1410874,1,53.93,184.76,11,30.6
2026-09-07T14:00,node/7431790448,Santagloria,,,,41.3896086,2.1200086,1,53.93,184.76,11,30.6
2026-09-07T14:00,node/7438491414,,,,,41.3733479,2.1301506,0,53.93,184.76,11,30.6
2026-09-07T14:00,node/7504941029,Iberic Fusión Platja,,,,41.4380577,2.2431806,1,53.93,184.76,11,30.6
2026-09-07T14:00,node/7504941031,l'Altre Can Mario's,,,,41.4405591,2.2418866,1,53.93,184.76,11,30.6
2026-09-07T14:00,node/7504941033,L'Esmolet,,,,41.4432993,2.2460741,1,53.93,184.76,11,30.6
2026-09-07T14:00,node/7504941035,la Masia de la Xesca,,,,41.4452013,2.2417838,1,53.93,184.76,11,30.6
2026-09-07T14:00,node/7556742593,Menjador del Centre,,,,41.4009756,2.2000272,0,53.93,184.76,11,30.6
2026-09-07T14:00,node/7563962192,Passeig9,,,,41.4014488,2.2009478,1,53.93,184.76,11,30.6
2026-09-07T14:00,node/7600529740,Restaurante La Flama,,,,41.3514861,2.1114722,1,53.93,184.76,11,30.6
2026-09-07T14:00,node/7618205068,El Pellizquito,,,,41.3501292,2.1105817,1,53.93,184.76,11,30.6
2026-09-07T14:00,node/7640514041,Bar Plaça Carles Buïgas,,,,41.3711833,2.1510204,1,53.93,184.76,11,30.6
2026-09-07T14:00,node/7644933199,Almirall,,,,41.4100171,2.1883052,1,53.93,184.76,11,30.6
2026-09-07T14:00,node/7704818539,Bar Granja Rocxi,,,,41.3744206,2.1339573,1,53.93,184.76,11,30.6
2026-09-07T14:00,node/7704818548,Cafès Caracas,,,,41.3748038,2.1328052,0,53.93,184.76,11,30.6
2026-09-07T14:00,node/7706832792,Cru Sants,,,,41.3721342,2.1286919,1,53.93,184.76,11,30.6
2026-09-07T14:00,node/7736420790,Mamma Italia,,,,41.3764642,2.1234304,1,53.93,184.76,11,30.6
2026-09-07T14:00,node/7772770550,Eqvilibrivm Café,,,,41.3973065,2.1697662,0,53.93,184.76,11,30.6
2026-09-07T14:00,node/7838098454,El Caserón,,,,41.3838275,2.1398498,1,53.93,184.76,11,30.6
2026-09-07T14:00,node/7925586104,Delicream,,,,41.4572921,2.2290688,1,53.93,184.76,11,30.6
2026-09-07T14:00,node/7989010587,Castañeiras,,,,41.4100358,2.1760296,1,53.93,184.76,11,30.6
2026-09-07T14:00,node/7999604058,Lilo brunch,,,,41.3873718,2.1627034,0,53.93,184.76,11,30.6
2026-09-07T14:00,node/7999616840,Bellillo,,,,41.3879362,2.1620483,0,53.93,184.76,11,30.6
2026-09-07T14:00,node/8034999886,Costa Dorada,,,,41.3980284,2.1986941,1,53.93,184.76,11,30.6
2026-09-07T14:00,node/8046554489,Sport,,,,41.4001224,2.2000188,0,53.93,184.76,11,30.6
2026-09-07T14:00,node/8049731595,Echegaray,,,,41.4018684,2.2023424,0,53.93,184.76,11,30.6
2026-09-07T14:00,node/8049732292,Doroteo,,,,41.4029636,2.2006718,0,53.93,184.76,11,30.6
2026-09-07T14:00,node/8064873985,Saramar,,,,41.3957712,2.1953013,1,53.93,184.76,11,30.6
2026-09-07T14:00,node/8077128420,Tío Bigotes,,,,41.4013922,2.2028846,0,53.93,184.76,11,30.6
2026-09-07T14:00,manual/488492e9,Bar Viejo Cafe,Bar,yes,"Carrer de la Independència, 306, Sant Martí, 08026 Barcelona",41.4116,2.1794,0,53.93,184.76,11,30.6
2026-09-07T14:00,manual/c52f6190,New 88 Bar-Cafeteria,bar,yes,,41.4094505,2.1789589,0,53.93,184.76,11,30.6
2026-09-07T14:00,manual/5d2ea7ea,Restaurant Papá Nico,bar,yes,,41.4094505,2.1789589,0,53.93,184.76,11,30.6
2026-09-07T14:00,manual/c980e39e,Restaurant El Clot,restaurant,yes,,41.4087697,2.1875592,1,53.93,184.76,11,30.6
2026-09-07T15:00,relation/18317100,,,,,41.42,2.1188352,0,50.66,208.71,0,30.3
2026-09-07T15:00,node/208984374,Central Rambla,,,,41.3782716,2.1761732,1,50.66,208.71,0,30.3
2026-09-07T15:00,way/217583616,Can Fisher,,,,41.3946034,2.2062292,1,50.66,208.71,0,30.3
2026-09-07T15:00,way/245214117,la Caseta del Migdia,,,,41.3596833,2.1607145,1,50.66,208.71,0,30.3
2026-09-07T15:00,way/246717741,Mirablau,,,,41.4160323,2.1319129,1,50.66,208.71,0,30.3
2026-09-07T15:00,way/249404809,PURO,,,,41.3911248,2.1461635,0,50.66,208.71,0,30.3
2026-09-07T15:00,way/268912897,Can Cortada,,,,41.4362503,2.1524833,1,50.66,208.71,0,30.3
2026-09-07T15:00,way/315387188,Temple del Metall,,,,41.4741706,2.1662317,1,50.66,208.71,0,30.3
2026-09-07T15:00,way/392926648,Pacha,,,,41.3857491,2.1970415,1,50.66,208.71,0,30.3
2026-09-07T15:00,way/412702054,Camping,,,,41.3953192,2.2042386,1,50.66,208.71,0,30.3
2026-09-07T15:00,way/443599336,Asador Casa Juaco,,,,41.4476663,2.1426909,1,50.66,208.71,0,30.3
2026-09-07T15:00,way/446002194,La Base by Farré,,,,41.3967358,2.2101884,1,50.66,208.71,0,30.3
2026-09-07T15:00,node/476327681,Can Paixano,,,,41.3817618,2.1834151,0,50.66,208.71,0,30.3
2026-09-07T15:00,node/506202703,Bar Almogávares,,,,41.3962323,2.1890864,1,50.66,208.71,0,30.3
2026-09-07T15:00,way/519771543,Restaurant Can Cases,,,,41.4343885,2.0985276,1,50.66,208.71,0,30.3
2026-09-07T15:00,node/534367691,Sant Bartomeu,,,,41.3755248,2.1346488,0,50.66,208.71,0,30.3
2026-09-07T15:00,node/643022131,Euro Bar-Tapas,,,,41.4342324,2.2161197,1,50.66,208.71,0,30.3
2026-09-07T15:00,node/643429648,Joan Figuera,,,,41.4336545,2.2169391,1,50.66,208.71,0,30.3
2026-09-07T15:00,node/643496696,El rincón de Willy,,,,41.4380246,2.2180623,1,50.66,208.71,0,30.3
2026-09-07T15:00,node/643496704,Bar Somni d'estiu,,,,41.4382361,2.2166687,1,50.66,208.71,0,30.3
2026-09-07T15:00,way/655221168,L'Ovella Negra Marina,,,,41.3960196,2.1901331,0,50.66,208.71,0,30.3
2026-09-07T15:00,node/660004524,Bocatapa Can Manel,,,,41.4413833,2.2212875,1,50.66,208.71,0,30.3
2026-09-07T15:00,node/672140180,Kasparo,,,,41.3844847,2.1690087,1,50.66,208.71,0,30.3
2026-09-07T15:00,node/704031158,Café Zurich,,,,41.3858504,2.1694606,1,50.66,208.71,0,30.3
2026-09-07T15:00,node/704042058,Starbucks,,,,41.3888305,2.1719117,1,50.66,208.71,0,30.3
2026-09-07T15:00,node/704058886,Tapa Tapa,,,,41.3916926,2.1660167,1,50.66,208.71,0,30.3
2026-09-07T15:00,node/704060428,Oassis Natural Cooking,,,,41.3901637,2.1678915,1,50.66,208.71,0,30.3
2026-09-07T15:00,node/704066257,Ciutat Comtal,,,,41.3888272,2.1668833,1,50.66,208.71,0,30.3
2026-09-07T15:00,node/704066614,Taller de Tapas,,,,41.3905645,2.1639038,0,50.66,208.71,0,30.3
2026-09-07T15:00,way/707305723,Bar Frankfurt Cafeteria Fabregada,,,,41.3561748,2.1108239,1,50.66,208.71,0,30.3
2026-09-07T15:00,node/745947750,Bar Geminis,,,,41.3976224,2.1807778,1,50.66,208.71,0,30.3
2026-09-07T15:00,node/765796519,La Cafetera,,,,41.4049767,2.1575215,1,50.66,208.71,0,30.3
2026-09-07T15:00,node/814006271,Les 15 Nits Bar,,,,41.3804529,2.1749778,0,50.66,208.71,0,30.3
2026-09-07T15:00,node/819552792,Bracafe,,,,41.3944249,2.1675209,1,50.66,208.71,0,30.3
2026-09-07T15:00,node/824476551,Caleuche,,,,41.3761526,2.1686172,0,50.66,208.71,0,30.3
2026-09-07T15:00,node/830462039,Bar Restaurant Angela,,,,41.4043015,2.1949428,1,50.66,208.71,0,30.3
2026-09-07T15:00,way/907005766,Chevy's Bar,,,,41.4143731,2.2289499,1,50.66,208.71,0,30.3
2026-09-07T15:00,way/969257968,,,,,41.3793991,2.1073385,1,50.66,208.71,0,30.3
2026-09-07T15:00,way/1063378975,Bar Restaurant Oliver,,,,41.3469215,2.1546999,1,50.66,208.71,0,30.3
2026-09-07T15:00,node/1072798261,Taverna del Bisbe,,,,41.3849254,2.1766628,1,50.66,208.71,0,30.3
2026-09-07T15:00,node/1072800838,El Cafè D'en Victor,,,,41.3847931,2.1767008,0,50.66,208.71,0,30.3
2026-09-07T15:00,node/1083144027,Los Caracoles,,,,41.3796584,2.1765082,0,50.66,208.71,0,30.3
2026-09-07T15:00,node/1092685793,Elche,,,,41.3739754,2.1691488,0,50.66,208.71,0,30.3
2026-09-07T15:00,way/1112240803,ForumStation,,,,41.4096655,2.2221501,1,50.66,208.71,0,30.3
2026-09-07T15:00,node/1177498341,Casa Vall,,,,41.4074238,2.1585521,0,50.66,208.71,0,30.3
2026-09-07T15:00,node/1192698924,Bilbao Berria,,,,41.3841976,2.1748665,0,50.66,208.71,0,30.3
2026-09-07T15:00,node/1192699873,Tapas 24,,,,41.3908686,2.1674705,1,50.66,208.71,0,30.3
2026-09-07T15:00,way/1200964257,Chiringuito Joan Miro,,,,41.3789977,2.1478116,1,50.66,208.71,0,30.3
2026-09-07T15:00,node/1264182304,Tosca del Carme,,,,41.3819482,2.1695795,1,50.66,208.71,0,30.3
2026-09-07T15:00,node/1280416455,Carballeira,,,,41.4442679,2.2217701,1,50.66,208.71,0,30.3
2026-09-07T15:00,way/1300745688,La Casona de Sant Just,,,,41.3833348,2.0735139,1,50.66,208.71,0,30.3
2026-09-07T15:00,node/1310450869,El Filete Ruso,,,,41.3925451,2.1558968,0,50.66,208.71,0,30.3
2026-09-07T15:00,node/1312325106,La Palmera,,,,41.4144229,2.1385123,0,50.66,208.71,0,30.3
2026-09-07T15:00,node/1314943380,Mescladís del Pou,,,,41.3870865,2.1803497,0,50.66,208.71,0,30.3
2026-09-07T15:00,node/1335697982,,,,,41.3608771,2.1101417,1,50.66,208.71,0,30.3
2026-09-07T15:00,way/1368167814,Natura Beach. El Chiringuito,,,,41.4028929,2.2157443,1,50.66,208.71,0,30.3
2026-09-07T15:00,node/1420760625,Tapeo,,,,41.4044988,2.1554811,0,50.66,208.71,0,30.3
2026-09-07T15:00,node/1420760630,Diamant,,,,41.4042174,2.1555899,0,50.66,208.71,0,30.3
2026-09-07T15:00,node/1428867664,Café Berlin,,,,41.3943566,2.1494599,1,50.66,208.71,0,30.3
2026-09-07T15:00,node/1430537485,Oasis Restaurant,,,,41.3827219,2.1847191,1,50.66,208.71,0,30.3
2026-09-07T15:00,node/1445598557,Bracafe,,,,41.3948025,2.1817533,0,50.66,208.71,0,30.3
2026-09-07T15:00,node/1554649942,Torrades,,,,41.4375721,2.1566095,1,50.66,208.71,0,30.3
2026-09-07T15:00,node/1554649988,La Panera,,,,41.4374756,2.1563359,0,50.66,208.71,0,30.3
2026-09-07T15:00,node/1658425572,Rebeka,,,,41.3967185,2.1890325,0,50.66,208.71,0,30.3
2026-09-07T15:00,node/1685949861,Cerveceria Milenium 2,,,,41.3534566,2.0866307,1,50.66,208.71,0,30.3
2026-09-07T15:00,node/1711342192,Calero's Centre,,,,41.3744728,2.1349721,1,50.66,208.71,0,30.3
2026-09-07T15:00,node/1722136431,Cervecería Catalana,,,,41.3924032,2.1609008,1,50.66,208.71,0,30.3
2026-09-07T15:00,node/1739122591,La Tagliatella,,,,41.3943371,2.1521208,0,50.66,208.71,0,30.3
2026-09-07T15:00,node/1813593370,Bar Capricornio,,,,41.4381257,2.2179547,1,50.66,208.71,0,30.3
2026-09-07T15:00,node/1820633320,CASA TEVA,,,,41.3752815,2.1166845,1,50.66,208.71,0,30.3
2026-09-07T15:00,node/1824133931,Carmesí,,,,41.3737373,2.1644452,0,50.66,208.71,0,30.3
2026-09-07T15:00,node/1948986220,Cafeteria UPF Jaume I,,,,41.3900298,2.1901118,1,50.66,208.71,0,30.3
2026-09-07T15:00,node/1948987514,Cafeteria UPF Roger de Lluria,,,,41.3886776,2.1915119,1,50.66,208.71,0,30.3
2026-09-07T15:00,node/1951812612,Casa Pagès,,,,41.3998447,2.1613114,0,50.66,208.71,0,30.3
2026-09-07T15:00,node/1960366982,Casa Amalia,,,,41.3962525,2.1685646,0,50.66,208.71,0,30.3
2026-09-07T15:00,node/1984001407,Bar de la FIB,,,,41.3894239,2.1132363,1,50.66,208.71,0,30.3
2026-09-07T15:00,node/2034780565,Cerbeseria Lesseps,,,,41.4073551,2.1514486,0,50.66,208.71,0,30.3
2026-09-07T15:00,node/2034780569,L'Brasseria,,,,41.4067629,2.1516314,0,50.66,208.71,0,30.3
2026-09-07T15:00,node/2056517879,Caelum,,,,41.3830524,2.1744369,0,50.66,208.71,0,30.3
2026-09-07T15:00,node/2065469522,Restaurant Pipa,,,,41.3997461,2.2003004,1,50.66,208.71,0,30.3
2026-09-07T15:00,node/2087204991,La Sanguchería,,,,41.3954987,2.1484037,1,50.66,208.71,0,30.3
2026-09-07T15:00,node/2091604731,Tapa Tapa,,,,41.3762094,2.1500463,1,50.66,208.71,0,30.3
2026-09-07T15:00,node/2112843062,El Vaixell-2,,,,41.4541291,2.2350201,1,50.66,208.71,0,30.3
2026-09-07T15:00,node/2165154147,Asador de Lugo,,,,41.3797623,2.1376748,0,50.66,208.71,0,30.3
2026-09-07T15:00,node/2184580476,Bar del Pi,,,,41.3824922,2.1739624,0,50.66,208.71,0,30.3
2026-09-07T15:00,node/2187210264,Sopa,,,,41.4023416,2.1952788,1,50.66,208.71,0,30.3
2026-09-07T15:00,node/2197824500,Tierra del fuego,,,,41.4016702,2.2016399,1,50.66,208.71,0,30.3
2026-09-07T15:00,node/2213839299,Pollo Rico,,,,41.3791045,2.1721976,0,50.66,208.71,0,30.3
2026-09-07T15:00,node/2364075421,Chen-Ji,,,,41.3936143,2.1807074,1,50.66,208.71,0,30.3
2026-09-07T15:00,node/2434563732,La Bella Napoli,,,,41.3743686,2.1637621,0,50.66,208.71,0,30.3
2026-09-07T15:00,node/2442785485,El Círcol,,,,41.4501968,2.2474223,1,50.66,208.71,0,30.3
2026-09-07T15:00,node/2468197823,365 Cafeteria Forn de Pa,,,,41.3752071,2.1635151,1,50.66,208.71,0,30.3
2026-09-07T15:00,node/2476332030,Bar Lennon,,,,41.4028901,2.1612576,0,50.66,208.71,0,30.3
2026-09-07T15:00,node/2500906795,Bar Lúdic Queimada Nivell Q,,,,41.4094152,2.1808913,0,50.66,208.71,0,30.3
2026-09-07T15:00,node/2598482930,Con Gracia,,,,41.3990704,2.1600617,0,50.66,208.71,0,30.3
2026-09-07T15:00,node/2609183969,Fukuoka,,,,41.4022587,2.1612976,0,50.66,208.71,0,30.3
2026-09-07T15:00,node/2610750687,Xiringuito Aigua,,,,41.4096717,2.1683236,1,50.66,208.71,0,30.3
2026-09-07T15:00,node/2618447074,Vegetalia,,,,41.3803973,2.1776952,0,50.66,208.71,0,30.3
2026-09-07T15:00,node/2618538581,Veggie Garden,,,,41.3822767,2.1680336,0,50.66,208.71,0,30.3
2026-09-07T15:00,node/2618538595,Biocenter,,,,41.3825765,2.1694364,0,50.66,208.71,0,30.3
2026-09-07T15:00,node/2684052224,Pai Mei,,,,41.4051863,2.1931071,1,50.66,208.71,0,30.3
2026-09-07T15:00,node/2687089274,Dolça Estona,,,,41.4117096,2.1394938,0,50.66,208.71,0,30.3
2026-09-07T15:00,node/2689736934,Bar Bodega Molina,,,,41.4403298,2.1817019,0,50.66,208.71,0,30.3
2026-09-07T15:00,node/2721077740,Bar Veni,,,,41.3848861,2.1667078,0,50.66,208.71,0,30.3
2026-09-07T15:00,node/2727449418,Las Euras,,,,41.3998785,2.1577187,0,50.66,208.71,0,30.3
2026-09-07T15:00,node/2793491051,La bona tapa,,,,41.4368098,2.2166172,1,50.66,208.71,0,30.3
2026-09-07T15:00,node/2892028393,Kino,,,,41.3825992,2.1665452,0,50.66,208.71,0,30.3
2026-09-07T15:00,node/2892037115,23 Robadors,,,,41.3796029,2.1708903,0,50.66,208.71,0,30.3
2026-09-07T15:00,node/2910255826,Shôko,,,,41.3854991,2.1969746,1,50.66,208.71,0,30.3
2026-09-07T15:00,node/2910255827,Opium,,,,41.3852778,2.1967099,1,50.66,208.71,0,30.3
2026-09-07T15:00,node/2927944587,Tapas Tapas!,,,,41.3745104,2.1829399,1,50.66,208.71,0,30.3
2026-09-07T15:00,node/2951499208,El racó d'en Henry,,,,41.4394757,2.2215013,1,50.66,208.71,0,30.3
2026-09-07T15:00,node/2966340931,El Capritx,,,,41.4022886,2.1998883,1,50.66,208.71,0,30.3
2026-09-07T15:00,node/2968119440,Can Tresó,,,,41.4028999,2.1537483,0,50.66,208.71,0,30.3
2026-09-07T15:00,node/2969276727,La Sirena Verde,,,,41.4027605,2.1657128,1,50.66,208.71,0,30.3
2026-09-07T15:00,node/2969277275,Café de l'Eixample,,,,41.4005021,2.1690108,1,50.66,208.71,0,30.3
2026-09-07T15:00,node/2970751844,Taverna El Disbarat,,,,41.4017728,2.1545227,0,50.66,208.71,0,30.3
2026-09-07T15:00,node/3007755352,La Pausa,,,,41.4071883,2.1557816,1,50.66,208.71,0,30.3
2026-09-07T15:00,node/3007803307,Oh La Lá,,,,41.4460123,2.2485803,1,50.66,208.71,0,30.3
2026-09-07T15:00,node/3048077142,L'Aliança del Poblenou,,,,41.3997067,2.2032276,0,50.66,208.71,0,30.3
2026-09-07T15:00,node/3049368344,Clot76,,,,41.4082815,2.1885259,0,50.66,208.71,0,30.3
2026-09-07T15:00,node/3084370508,Marina Bay By Moncho's,,,,41.3863077,2.1975017,1,50.66,208.71,0,30.3
2026-09-07T15:00,node/3084507933,Caravelle,,,,41.3822872,2.1688475,0,50.66,208.71,0,30.3
2026-09-07T15:00,node/3120072573,Bar Restaurant Nàutic,,,,41.3806088,2.1408397,1,50.66,208.71,0,30.3
2026-09-07T15:00,node/3177990194,Mezcal Taco Bar,,,,41.3830563,2.1554872,1,50.66,208.71,0,30.3
2026-09-07T15:00,node/3270120640,Luigi,,,,41.3862659,2.1753788,0,50.66,208.71,0,30.3
2026-09-07T15:00,node/3271554311,Al Sultán,,,,41.4035661,2.1554863,0,50.66,208.71,0,30.3
2026-09-07T15:00,node/3328694987,Nou Candanchú,,,,41.4005128,2.1576475,1,50.66,208.71,0,30.3
2026-09-07T15:00,node/3339670930,Bahia,,,,41.3803265,2.1774842,0,50.66,208.71,0,30.3
2026-09-07T15:00,node/3441700493,Santos Tapas,,,,41.3818417,2.1745121,0,50.66,208.71,0,30.3
2026-09-07T15:00,node/3491476947,Bar del Pla,,,,41.3856036,2.1800221,1,50.66,208.71,0,30.3
2026-09-07T15:00,node/3496970198,Centre Cívic Can Deu,,,,41.3869027,2.1327794,0,50.66,208.71,0,30.3
2026-09-07T15:00,node/3504769719,El Rincón,,,,41.3908977,2.1900669,1,50.66,208.71,0,30.3
2026-09-07T15:00,node/3517276245,Bar Canigó,,,,41.4029724,2.1579186,1,50.66,208.71,0,30.3
2026-09-07T15:00,node/3522552400,Àpat's,,,,41.3757617,2.1419109,0,50.66,208.71,0,30.3
2026-09-07T15:00,node/3548547194,El Bon Menjador - 2,,,,41.4388101,2.2172863,1,50.66,208.71,0,30.3
2026-09-07T15:00,node/3548548998,Bar Morales,,,,41.4395878,2.2165237,1,50.66,208.71,0,30.3
2026-09-07T15:00,node/3548613495,Bar Paula's Tapería,,,,41.4385437,2.2175484,1,50.66,208.71,0,30.3
2026-09-07T15:00,node/3556089494,Delicias Mediterráneas,,,,41.4415079,2.2267435,1,50.66,208.71,0,30.3
2026-09-07T15:00,node/3556089497,Xurreria Rodríguez,,,,41.4416928,2.2264651,1,50.66,208.71,0,30.3
2026-09-07T15:00,node/3556089803,Bar de La Salut,,,,41.4422594,2.2258792,1,50.66,208.71,0,30.3
2026-09-07T15:00,node/3560942698,Sandvitxeria Alhociema,,,,41.4443624,2.2236761,1,50.66,208.71,0,30.3
2026-09-07T15:00,node/3560955995,Centro Cultural Castellano-manchego,,,,41.4390698,2.2176297,1,50.66,208.71,0,30.3
2026-09-07T15:00,node/3595399490,Bar Familiar,,,,41.4359163,2.2182018,1,50.66,208.71,0,30.3
2026-09-07T15:00,node/3595399769,La granja de Casablanca,,,,41.4357671,2.2189395,1,50.66,208.71,0,30.3
2026-09-07T15:00,node/3595401238,Bar Alcázar,,,,41.4365542,2.2183742,1,50.66,208.71,0,30.3
2026-09-07T15:00,node/3596986411,Agrupación Cultural Galega Agarimos,,,,41.4358268,2.2165495,1,50.66,208.71,0,30.3
2026-09-07T15:00,node/3612059306,Nabuco Tiramisú,,,,41.4004523,2.1577244,1,50.66,208.71,0,30.3
2026-09-07T15:00,node/3620986554,Yamane,,,,41.3868061,2.1808426,0,50.66,208.71,0,30.3
2026-09-07T15:00,node/3620991692,Yamaneko-ryouri,,,,41.4016619,2.1447787,0,50.66,208.71,0,30.3
2026-09-07T15:00,node/3624045193,Bar-Granja Maribel,,,,41.4399092,2.2235793,1,50.66,208.71,0,30.3
2026-09-07T15:00,node/3624045293,Bar La Cantonada,,,,41.4396227,2.2242325,1,50.66,208.71,0,30.3
2026-09-07T15:00,node/3713349650,Groin's,,,,41.4108415,2.1637178,1,50.66,208.71,0,30.3
2026-09-07T15:00,node/3718061014,Bar Calders,,,,41.3764788,2.1623937,1,50.66,208.71,0,30.3
2026-09-07T15:00,node/3730796125,Buenas Migas,,,,41.3975542,2.1587856,1,50.66,208.71,0,30.3
2026-09-07T15:00,node/3761312382,La Fonda,,,,41.3793598,2.1762144,0,50.66,208.71,0,30.3
2026-09-07T15:00,node/3777075876,Oaxaca,,,,41.3821041,2.1838988,0,50.66,208.71,0,30.3
2026-09-07T15:00,node/3779149860,EsPan's,,,,41.4349094,2.2194667,1,50.66,208.71,0,30.3
2026-09-07T15:00,node/3794002044,Samurai Ramen,,,,41.3736753,2.1548947,1,50.66,208.71,0,30.3
2026-09-07T15:00,node/3804046057,Robata Sushi & Grill,,,,41.3904886,2.1585836,0,50.66,208.71,0,30.3
2026-09-07T15:00,node/3809169458,Freiduría El Boquerón,,,,41.4400822,2.2264769,1,50.66,208.71,0,30.3
2026-09-07T15:00,node/3809169459,Marisquería Melchor,,,,41.4401715,2.2266602,1,50.66,208.71,0,30.3
2026-09-07T15:00,node/3809169461,Elhotro bar,,,,41.4401247,2.2268506,1,50.66,208.71,0,30.3
2026-09-07T15:00,node/3809169658,Carte d'Or,,,,41.4403068,2.2274065,1,50.66,208.71,0,30.3
2026-09-07T15:00,node/3809169668,Vivari,,,,41.4408122,2.2271125,1,50.66,208.71,0,30.3
2026-09-07T15:00,node/3809169669,Pantaiberic delicatessen,,,,41.4408174,2.2269502,1,50.66,208.71,0,30.3
2026-09-07T15:00,node/3840009426,La Esquinica,,,,41.4304816,2.1712169,1,50.66,208.71,0,30.3
2026-09-07T15:00,node/3874539219,Café del Centre,,,,41.3946111,2.1712059,0,50.66,208.71,0,30.3
2026-09-07T15:00,node/3890922254,Characato,,,,41.4046885,2.1836218,0,50.66,208.71,0,30.3
2026-09-07T15:00,node/3901403358,Les Dues Sicilies,,,,41.3866097,2.1802613,0,50.66,208.71,0,30.3
2026-09-07T15:00,node/3955968257,El racó de les Glòries,,,,41.3986109,2.1978895,1,50.66,208.71,0,30.3
2026-09-07T15:00,node/4060217594,Matt & Marshall,,,,41.3993348,2.1997769,0,50.66,208.71,0,30.3
2026-09-07T15:00,node/4073605889,Mariscco,,,,41.3804885,2.1753271,1,50.66,208.71,0,30.3
2026-09-07T15:00,node/4126257971,Xixbar,,,,41.3758485,2.1576176,0,50.66,208.71,0,30.3
2026-09-07T15:00,node/4127494769,Vapiano,,,,41.3788941,2.1758361,1,50.66,208.71,0,30.3
2026-09-07T15:00,node/4138815989,Nømad Cøffee,,,,41.3889108,2.1771731,0,50.66,208.71,0,30.3
2026-09-07T15:00,node/4150499794,El 68,,,,41.4023622,2.1612062,0,50.66,208.71,0,30.3
2026-09-07T15:00,node/4166496789,Bar Thonet Grill Room,,,,41.3792408,2.1761073,0,50.66,208.71,0,30.3
2026-09-07T15:00,node/4168100800,Cervecería Frankfurt Europa,,,,41.4396191,2.2191504,1,50.66,208.71,0,30.3
2026-09-07T15:00,node/4225209596,Bar El Velodromo,,,,41.3934442,2.1501395,1,50.66,208.71,0,30.3
2026-09-07T15:00,node/4225810298,Bar Nolla,,,,41.3905504,2.1647825,1,50.66,208.71,0,30.3
2026-09-07T15:00,node/4233959493,Pastisseria Granja,,,,41.3795042,2.1792309,0,50.66,208.71,0,30.3
2026-09-07T15:00,node/4239222689,Rekons,,,,41.3806195,2.1610796,1,50.66,208.71,0,30.3
2026-09-07T15:00,node/4244877765,Bar La Peña,,,,41.4404265,2.2170329,1,50.66,208.71,0,30.3
2026-09-07T15:00,node/4247196393,cal mariner,,,,41.3791754,2.1898206,1,50.66,208.71,0,30.3
2026-09-07T15:00,node/4253851490,El Trencadís,,,,41.3937976,2.1655309,0,50.66,208.71,0,30.3
2026-09-07T15:00,node/4253862889,Hummus,,,,41.3912547,2.1611975,1,50.66,208.71,0,30.3
2026-09-07T15:00,node/4254090289,La tasqueta de Blai,,,,41.3733347,2.1652358,0,50.66,208.71,0,30.3
2026-09-07T15:00,node/4254094290,Rosa Negra,,,,41.3819164,2.1687596,1,50.66,208.71,0,30.3
2026-09-07T15:00,node/4254704967,Firebug Brunch,,,,41.3927459,2.1778691,0,50.66,208.71,0,30.3
2026-09-07T15:00,node/4254996890,La Macchina,,,,41.4030005,2.1535966,1,50.66,208.71,0,30.3
2026-09-07T15:00,node/4267035492,Kebabish,,,,41.4409198,2.2217884,1,50.66,208.71,0,30.3
2026-09-07T15:00,node/4267055591,La cantina del tapeo,,,,41.4420999,2.2200224,1,50.66,208.71,0,30.3
2026-09-07T15:00,node/4278033120,Buenas Migas,,,,41.3838044,2.1696233,0,50.66,208.71,0,30.3
2026-09-07T15:00,node/4283188047,Granja Romaní,,,,41.4348618,2.2179712,1,50.66,208.71,0,30.3
2026-09-07T15:00,node/4283194434,Bar La Paradeta,,,,41.4337773,2.2167771,1,50.66,208.71,0,30.3
2026-09-07T15:00,node/4291934189,Fonda Espanya,,,,41.3799009,2.1728032,0,50.66,208.71,0,30.3
2026-09-07T15:00,node/4306440989,Blai 9,,,,41.3730722,2.1658539,0,50.66,208.71,0,30.3
2026-09-07T15:00,node/4314857689,El punt,,,,41.4413807,2.2316251,1,50.66,208.71,0,30.3
2026-09-07T15:00,node/4314859689,Versace,,,,41.4337089,2.2172203,1,50.66,208.71,0,30.3
2026-09-07T15:00,node/4315715092,Petit Comitè,,,,41.3943551,2.1600308,0,50.66,208.71,0,30.3
2026-09-07T15:00,node/4321183403,Brunch & Cake,,,,41.3882834,2.1615596,0,50.66,208.71,0,30.3
2026-09-07T15:00,node/4336933393,Mayura,,,,41.3938992,2.1720914,0,50.66,208.71,0,30.3
2026-09-07T15:00,node/4340119890,VIENA,,,,41.3579934,2.1293918,1,50.66,208.71,0,30.3
2026-09-07T15:00,node/4349925690,Nemrut,,,,41.3810051,2.1772158,0,50.66,208.71,0,30.3
2026-09-07T15:00,node/4350019284,Palosanto,,,,41.3808122,2.1772701,1,50.66,208.71,0,30.3
2026-09-07T15:00,node/4364289794,Faborit Casa Amatller,,,,41.3915836,2.1650592,0,50.66,208.71,0,30.3
2026-09-07T15:00,node/4386702690,Red Ant Noodle Bar,,,,41.3880129,2.1810961,0,50.66,208.71,0,30.3
2026-09-07T15:00,node/4396244190,Fresc Co,,,,41.3891657,2.1969678,1,50.66,208.71,0,30.3
2026-09-07T15:00,node/4401234193,BlackLab Brewhouse & Kitchen,,,,41.3812305,2.1854573,1,50.66,208.71,0,30.3
2026-09-07T15:00,node/4431102493,Forn Puiggròs,,,,41.4102615,2.1741597,0,50.66,208.71,0,30.3
2026-09-07T15:00,node/4439412389,La Vinya del Senyor,,,,41.3832546,2.1818655,0,50.66,208.71,0,30.3
2026-09-07T15:00,node/4440352791,La Gavina,,,,41.3807532,2.1853211,1,50.66,208.71,0,30.3
2026-09-07T15:00,node/4443367289,Pannus,,,,41.3863691,2.1726728,0,50.66,208.71,0,30.3
2026-09-07T15:00,node/4449185678,Il Caffè di Francesco,,,,41.3908733,2.1652201,1,50.66,208.71,0,30.3
2026-09-07T15:00,node/4451904190,Bar Granadino,,,,41.4404153,2.2238276,1,50.66,208.71,0,30.3
2026-09-07T15:00,node/4451904193,La ciudad de oro,,,,41.4408727,2.2240695,1,50.66,208.71,0,30.3
2026-09-07T15:00,node/4451986792,Cafe Bar Florida,,,,41.4403503,2.2236929,1,50.66,208.71,0,30.3
2026-09-07T15:00,node/4451986793,Bar Amigo,,,,41.4411469,2.2238965,1,50.66,208.71,0,30.3
2026-09-07T15:00,node/4451988991,Bar Frankfurt Jaime,,,,41.4408051,2.2241201,1,50.66,208.71,0,30.3
2026-09-07T15:00,node/4451989090,Entre tapes,,,,41.4423118,2.2237245,1,50.66,208.71,0,30.3
2026-09-07T15:00,node/4451992791,Bar Leo,,,,41.4406309,2.2245529,1,50.66,208.71,0,30.3
2026-09-07T15:00,node/4452031691,Bar La Granja,,,,41.4427953,2.2241899,1,50.66,208.71,0,30.3
2026-09-07T15:00,node/4455238130,Anahuac,,,,41.3965161,2.1513989,0,50.66,208.71,0,30.3
2026-09-07T15:00,node/4461595656,Cafeteria de la Biblioteca Jaumer Fuster,,,,41.4075557,2.1493457,1,50.66,208.71,0,30.3
2026-09-07T15:00,node/4470059420,Mesón Gallego,,,,41.3818896,2.0709288,1,50.66,208.71,0,30.3
2026-09-07T15:00,node/4486639527,Boldú,,,,41.3973783,2.1517865,0,50.66,208.71,0,30.3
2026-09-07T15:00,node/4486683966,La Tagliatella,,,,41.3974141,2.1514101,1,50.66,208.71,0,30.3
2026-09-07T15:00,node/4503193765,Bicioci,,,,41.3999229,2.1619101,0,50.66,208.71,0,30.3
2026-09-07T15:00,node/4509411660,Bar Mediterráneo,,,,41.4343007,2.2180868,1,50.66,208.71,0,30.3
2026-09-07T15:00,node/4516538193,Más Que Sushi,,,,41.3774227,2.1527247,0,50.66,208.71,0,30.3
2026-09-07T15:00,node/4516600994,Salambó,,,,41.4044546,2.1576355,1,50.66,208.71,0,30.3
2026-09-07T15:00,node/4520259289,Cachitos,,,,41.3953057,2.1536913,1,50.66,208.71,0,30.3
2026-09-07T15:00,node/4572063790,Cafetería 365,,,,41.3744652,2.1675541,0,50.66,208.71,0,30.3
2026-09-07T15:00,node/4580517495,Cadaqués,,,,41.4004717,2.1574102,0,50.66,208.71,0,30.3
2026-09-07T15:00,node/4591423938,Arabia Cafe,,,,41.3796023,2.1762764,0,50.66,208.71,0,30.3
2026-09-07T15:00,node/4602957463,Otafuku Daifuku,,,,41.3861633,2.1813225,0,50.66,208.71,0,30.3
2026-09-07T15:00,node/4631918790,Casa López,,,,41.4047191,2.1550626,1,50.66,208.71,0,30.3
2026-09-07T15:00,node/4643974106,Kyoka Via Augusta,,,,41.3979693,2.1315017,1,50.66,208.71,0,30.3
2026-09-07T15:00,node/4654613659,afiparc,,,,41.4134414,2.1527296,1,50.66,208.71,0,30.3
2026-09-07T15:00,node/4668687590,Can Vilaró,,,,41.3779004,2.1617005,0,50.66,208.71,0,30.3
2026-09-07T15:00,node/4673198082,Montesquiu,,,,41.4046825,2.1325233,1,50.66,208.71,0,30.3
2026-09-07T15:00,node/4680760648,Sushi Taller,,,,41.4048621,2.1326565,0,50.66,208.71,0,30.3
2026-09-07T15:00,node/4681801089,Orxateria la Valenciana,,,,41.3863413,2.1622578,1,50.66,208.71,0,30.3
2026-09-07T15:00,node/4704972453,majide,,,,41.3849224,2.1674688,0,50.66,208.71,0,30.3
2026-09-07T15:00,node/4709933976,Sottovoce,,,,41.3579226,2.1294974,1,50.66,208.71,0,30.3
2026-09-07T15:00,node/4711659235,Casa Lolea,,,,41.3888056,2.1771897,0,50.66,208.71,0,30.3
2026-09-07T15:00,node/4720526074,El Charrito,,,,41.3896183,2.1662427,1,50.66,208.71,0,30.3
2026-09-07T15:00,node/4721286889,Prodigi,,,,41.3985973,2.1659559,0,50.66,208.71,0,30.3
2026-09-07T15:00,node/4726582894,Catalina Cafe,,,,41.3862071,2.1793039,1,50.66,208.71,0,30.3
2026-09-07T15:00,node/4726583193,Betlem,,,,41.3949258,2.1712207,1,50.66,208.71,0,30.3
2026-09-07T15:00,node/4727975192,La Coruña,,,,41.4083413,2.1851911,0,50.66,208.71,0,30.3
2026-09-07T15:00,node/4728103192,Cafè Arrels,,,,41.4137041,2.1809929,0,50.66,208.71,0,30.3
2026-09-07T15:00,node/4729343193,Cervecería Frankfurt El Molino,,,,41.3746194,2.1669636,0,50.66,208.71,0,30.3
2026-09-07T15:00,node/4735766123,I'll Pomo d'Oro,,,,41.3926987,2.1585151,1,50.66,208.71,0,30.3
2026-09-07T15:00,node/4743830714,Casa Escarré (Joan's),,,,41.3747567,2.1427755,1,50.66,208.71,0,30.3
2026-09-07T15:00,node/4751727952,Bar Ribalda,,,,41.4026552,2.1328307,0,50.66,208.71,0,30.3
2026-09-07T15:00,node/4755496723,Brewdog,,,,41.3857301,2.1581661,0,50.66,208.71,0,30.3
2026-09-07T15:00,node/4756509699,Morro fi,,,,41.3833069,2.1550311,1,50.66,208.71,0,30.3
2026-09-07T15:00,node/4776357929,Tomodachi,,,,41.4053891,2.1644663,1,50.66,208.71,0,30.3
2026-09-07T15:00,node/4778618049,De Gustibus Italiae,,,,41.4027491,2.1330183,0,50.66,208.71,0,30.3
2026-09-07T15:00,node/4784670742,Índigo Café,,,,41.3874831,2.1626443,0,50.66,208.71,0,30.3
2026-09-07T15:00,node/4792724121,Venus Delicatessen Barcelona,,,,41.3807065,2.1779781,0,50.66,208.71,0,30.3
2026-09-07T15:00,node/4802341078,El Quatre,,,,41.4031267,2.1333762,1,50.66,208.71,0,30.3
2026-09-07T15:00,node/4805335780,Madonna Vegan,,,,41.3812162,2.1671279,0,50.66,208.71,0,30.3
2026-09-07T15:00,node/4816093515,Olímpic Bar,,,,41.4422394,2.2177816,1,50.66,208.71,0,30.3
2026-09-07T15:00,node/4822739686,Bar El Racó,,,,41.4417497,2.2212713,1,50.66,208.71,0,30.3
2026-09-07T15:00,node/4838956921,Supra,,,,41.3910798,2.1613999,0,50.66,208.71,0,30.3
2026-09-07T15:00,node/4844565923,Pampa Drugstore,,,,41.3827176,2.1712051,0,50.66,208.71,0,30.3
2026-09-07T15:00,node/4847673021,Usagui,,,,41.4021671,2.1463849,1,50.66,208.71,0,30.3
2026-09-07T15:00,node/4859449960,Restaurant el Magatzem,,,,41.3805096,2.1863595,1,50.66,208.71,0,30.3
2026-09-07T15:00,node/4859450597,Restaurant Cal Pinxo,,,,41.3806265,2.1855795,1,50.66,208.71,0,30.3
2026-09-07T15:00,node/4867833221,Pizzeria El Mundo,,,,41.3751322,2.1231212,1,50.66,208.71,0,30.3
2026-09-07T15:00,node/4881181797,Sierra Nevada,,,,41.4420581,2.1834715,1,50.66,208.71,0,30.3
2026-09-07T15:00,node/4903340658,El Ramblero,,,,41.4219271,2.1969049,1,50.66,208.71,0,30.3
2026-09-07T15:00,node/4906736149,L'Olivera,,,,41.4058547,2.1893093,1,50.66,208.71,0,30.3
2026-09-07T15:00,node/4917663030,Picnic,,,,41.4179648,2.1988442,0,50.66,208.71,0,30.3
2026-09-07T15:00,node/4937772721,Vila's Bar,,,,41.4059086,2.1571314,0,50.66,208.71,0,30.3
2026-09-07T15:00,node/4938104321,Hammock Juice Station,,,,41.3971863,2.1671778,0,50.66,208.71,0,30.3
2026-09-07T15:00,node/4973805221,Brunch & Cake by the sea,,,,41.3809714,2.1872568,1,50.66,208.71,0,30.3
2026-09-07T15:00,node/4973805421,Quinoa Aragó Vegetarià,,,,41.3886233,2.1598684,0,50.66,208.71,0,30.3
2026-09-07T15:00,node/4977546909,Tonkotsu,,,,41.3938467,2.1650368,0,50.66,208.71,0,30.3
2026-09-07T15:00,node/4983764927,Cervecería-Frankfurt,,,,41.4394391,2.2207951,1,50.66,208.71,0,30.3
2026-09-07T15:00,node/4983764935,Max Bar,,,,41.4401476,2.2214687,1,50.66,208.71,0,30.3
2026-09-07T15:00,node/4983764944,Bar Verín,,,,41.4396911,2.2210187,1,50.66,208.71,0,30.3
2026-09-07T15:00,node/4983764949,Bar R'Aurora,,,,41.4400582,2.2213943,1,50.66,208.71,0,30.3
2026-09-07T15:00,node/4983764952,Trocadero,,,,41.4385047,2.2204982,1,50.66,208.71,0,30.3
2026-09-07T15:00,node/4983764957,Bar La Alpujarra,,,,41.4420698,2.2228867,1,50.66,208.71,0,30.3
2026-09-07T15:00,node/4983764958,Sant Mori,,,,41.4390777,2.2210618,1,50.66,208.71,0,30.3
2026-09-07T15:00,node/4983764960,El buen gusto,,,,41.4411919,2.2225719,1,50.66,208.71,0,30.3
2026-09-07T15:00,node/4983764965,Bar Junior Bodega,,,,41.4417139,2.2225318,1,50.66,208.71,0,30.3
2026-09-07T15:00,node/4983764975,Bar Satisfecho,,,,41.4385461,2.2198488,1,50.66,208.71,0,30.3
2026-09-07T15:00,node/4983765002,Bar sushi Salon,,,,41.4425727,2.2233672,1,50.66,208.71,0,30.3
2026-09-07T15:00,node/4983765004,Corre que se acaban,,,,41.4392453,2.2212328,1,50.66,208.71,0,30.3
2026-09-07T15:00,node/4983765005,365,,,,41.4403303,2.2225575,1,50.66,208.71,0,30.3
2026-09-07T15:00,node/4984256695,Pampa Mía,,,,41.4085709,2.2035603,0,50.66,208.71,0,30.3
2026-09-07T15:00,node/4991221422,Salterio,,,,41.3825107,2.1760837,0,50.66,208.71,0,30.3
2026-09-07T15:00,node/5007434606,La Balmesina,,,,41.3970301,2.1522555,0,50.66,208.71,0,30.3
2026-09-07T15:00,node/5010794721,Syra Coffee,,,,41.4014925,2.1595216,0,50.66,208.71,0,30.3
2026-09-07T15:00,node/5010794821,Nomad Frutas Selectas,,,,41.3979292,2.1955517,0,50.66,208.71,0,30.3
2026-09-07T15:00,node/5023905423,Petra,,,,41.4038883,2.1551166,0,50.66,208.71,0,30.3
2026-09-07T15:00,node/5028969022,Guzzo,,,,41.3850929,2.1836594,0,50.66,208.71,0,30.3
2026-09-07T15:00,node/5030247521,La Pantera Rosa,,,,41.4010493,2.1525903,0,50.66,208.71,0,30.3
2026-09-07T15:00,node/5037900607,Orio,,,,41.3819545,2.1763606,0,50.66,208.71,0,30.3
2026-09-07T15:00,node/5048602525,Blau Cel,,,,41.4043091,2.1612896,0,50.66,208.71,0,30.3
2026-09-07T15:00,node/5053669724,La Xula Taperia,,,,41.4023295,2.1586126,0,50.66,208.71,0,30.3
2026-09-07T15:00,node/5081388242,La Raposa,,,,41.3725137,2.1639527,0,50.66,208.71,0,30.3
2026-09-07T15:00,node/5082277825,Vermuteria Puigmartí,,,,41.4013967,2.1590604,0,50.66,208.71,0,30.3
2026-09-07T15:00,node/5082277826,Caracas,,,,41.4020908,2.1601676,0,50.66,208.71,0,30.3
2026-09-07T15:00,node/5082288821,Curuba,,,,41.3999554,2.1574731,0,50.66,208.71,0,30.3
2026-09-07T15:00,node/5086827321,Metric Market,,,,41.3916196,2.1419287,0,50.66,208.71,0,30.3
2026-09-07T15:00,node/5088945722,La Juanola,,,,41.4066765,2.1569377,0,50.66,208.71,0,30.3
2026-09-07T15:00,node/5089333723,Ciuri‘s,,,,41.4052466,2.1565749,0,50.66,208.71,0,30.3
2026-09-07T15:00,node/5105012628,Entre Hores,,,,41.4030943,2.1577829,0,50.66,208.71,0,30.3
2026-09-07T15:00,node/5109943322,Intrèpid,,,,41.4043018,2.1550041,0,50.66,208.71,0,30.3
2026-09-07T15:00,node/5110964523,La Trobada,,,,41.4015625,2.1520155,1,50.66,208.71,0,30.3
2026-09-07T15:00,node/5111094221,El Dorado Chicken,,,,41.3930251,2.1579995,0,50.66,208.71,0,30.3
2026-09-07T15:00,node/5113896626,Granja Fimon's,,,,41.4477805,2.2438919,1,50.66,208.71,0,30.3
2026-09-07T15:00,node/5118124314,Kebab Bocateli,,,,41.4426035,2.2166674,1,50.66,208.71,0,30.3
2026-09-07T15:00,node/5118126421,Bar Frankfurt Polideportivo,,,,41.4429429,2.2162226,1,50.66,208.71,0,30.3
2026-09-07T15:00,node/5118126428,Granja Modesto,,,,41.4343689,2.2158958,1,50.66,208.71,0,30.3
2026-09-07T15:00,node/5118126435,Cafeteria i Forn de pa Grey,,,,41.4332655,2.2174982,1,50.66,208.71,0,30.3
2026-09-07T15:00,node/5118126438,Frankfurt Piscis,,,,41.4360107,2.2158678,1,50.66,208.71,0,30.3
2026-09-07T15:00,node/5118126440,Bar Julio,,,,41.4348299,2.2151483,1,50.66,208.71,0,30.3
2026-09-07T15:00,node/5118126443,Bar Beethoven,,,,41.4328863,2.2181523,1,50.66,208.71,0,30.3
2026-09-07T15:00,node/5118126453,Bar Bondia,,,,41.4342763,2.2160261,1,50.66,208.71,0,30.3
2026-09-07T15:00,node/5128075585,Monkey Factory,,,,41.3927261,2.1544614,0,50.66,208.71,0,30.3
2026-09-07T15:00,node/5137360822,El Jardí,,,,41.4475237,2.2469586,1,50.66,208.71,0,30.3
2026-09-07T15:00,node/5144745888,Bar La Imperial,,,,41.4372451,2.2200669,1,50.66,208.71,0,30.3
2026-09-07T15:00,node/5144745889,Gabi,,,,41.4372105,2.2199582,1,50.66,208.71,0,30.3
2026-09-07T15:00,node/5144745893,Bar India,,,,41.4420657,2.2284253,1,50.66,208.71,0,30.3
2026-09-07T15:00,node/5144745896,Mokka,,,,41.4371063,2.2201689,1,50.66,208.71,0,30.3
2026-09-07T15:00,node/5156690125,Loc,,,,41.4351636,2.2283155,1,50.66,208.71,0,30.3
2026-09-07T15:00,node/5160440326,Les Termes Bdn,,,,41.4520115,2.2476488,1,50.66,208.71,0,30.3
2026-09-07T15:00,node/5167185733,La Sucursal,,,,41.3806502,2.1611889,0,50.66,208.71,0,30.3
2026-09-07T15:00,node/5167569072,El Mercader de L'Eixample,,,,41.3923316,2.1603286,1,50.66,208.71,0,30.3
2026-09-07T15:00,node/5168232324,Colmado,,,,41.3819235,2.1744264,1,50.66,208.71,0,30.3
2026-09-07T15:00,node/5175039621,Green's,,,,41.3959672,2.1496553,1,50.66,208.71,0,30.3
2026-09-07T15:00,node/5176233727,Els Porxos,,,,41.4031581,2.1751611,1,50.66,208.71,0,30.3
2026-09-07T15:00,node/5182260830,Catafal,,,,41.4088089,2.1468574,0,50.66,208.71,0,30.3
2026-09-07T15:00,node/5190930121,Casa Ángel,,,,41.4070235,2.1818566,0,50.66,208.71,0,30.3
2026-09-07T15:00,node/5192085421,Esterri,,,,41.3812805,2.1618108,0,50.66,208.71,0,30.3
2026-09-07T15:00,node/5198200824,Copa d'Or,,,,41.3963876,2.1688461,1,50.66,208.71,0,30.3
2026-09-07T15:00,node/5198200829,Gyoza Bistró,,,,41.3940771,2.1723519,0,50.66,208.71,0,30.3
2026-09-07T15:00,node/5198201036,Nou Can Codina,,,,41.3989586,2.1608728,0,50.66,208.71,0,30.3
2026-09-07T15:00,node/5198201122,La Particcela,,,,41.3961328,2.1697679,1,50.66,208.71,0,30.3
2026-09-07T15:00,node/5198201124,Riko's Braseria - Restaurante,,,,41.3929731,2.1692667,1,50.66,208.71,0,30.3
2026-09-07T15:00,node/5199743028,seven7seven,,,,41.3898868,2.1622344,1,50.66,208.71,0,30.3
2026-09-07T15:00,node/5207046925,Sense Nom,,,,41.3843558,2.1622563,0,50.66,208.71,0,30.3
2026-09-07T15:00,node/5207067522,El Maravillas,,,,41.3868914,2.1323626,1,50.66,208.71,0,30.3
2026-09-07T15:00,node/5208223424,Bonastre,,,,41.3774986,2.1587463,1,50.66,208.71,0,30.3
2026-09-07T15:00,node/5212252535,Tariq,,,,41.4477214,2.2405051,1,50.66,208.71,0,30.3
2026-09-07T15:00,node/5218828496,Conecta,,,,41.4388265,2.2253266,1,50.66,208.71,0,30.3
2026-09-07T15:00,node/5218828499,Sweet dolç,,,,41.4385456,2.2254351,1,50.66,208.71,0,30.3
2026-09-07T15:00,node/5226505321,Bodega E. Marin,,,,41.4025586,2.1609645,0,50.66,208.71,0,30.3
2026-09-07T15:00,node/5228942946,La Pubilla,,,,41.3995748,2.1536674,0,50.66,208.71,0,30.3
2026-09-07T15:00,node/5237627856,Tasmango Dessert,,,,41.3909254,2.1784375,0,50.66,208.71,0,30.3
2026-09-07T15:00,node/5238186123,Lennox,,,,41.3834186,2.1829502,0,50.66,208.71,0,30.3
2026-09-07T15:00,node/5271863048,Rest. Alexandre,,,,41.4322501,2.1835476,1,50.66,208.71,0,30.3
2026-09-07T15:00,node/5286467104,Granja Monsul,,,,41.4437723,2.2239591,1,50.66,208.71,0,30.3
2026-09-07T15:00,node/5298404593,Próspero,,,,41.4382431,2.2237839,1,50.66,208.71,0,30.3
2026-09-07T15:00,node/5298404603,Bar Salamanca,,,,41.4388532,2.2246477,1,50.66,208.71,0,30.3
2026-09-07T15:00,node/5298405327,Bar Benuga,,,,41.4383471,2.2243229,1,50.66,208.71,0,30.3
2026-09-07T15:00,node/5298405384,Bar Rocío Los Cazadores,,,,41.4389682,2.2252641,1,50.66,208.71,0,30.3
2026-09-07T15:00,node/5299921764,Bar Crack,,,,41.4343466,2.2189911,1,50.66,208.71,0,30.3
2026-09-07T15:00,node/5299921811,Can Daura,,,,41.4358077,2.2218721,1,50.66,208.71,0,30.3
2026-09-07T15:00,node/5299922525,Bar La Imperial,,,,41.4354603,2.2205399,1,50.66,208.71,0,30.3
2026-09-07T15:00,node/5299922526,Bar Marta,,,,41.4349148,2.2200469,1,50.66,208.71,0,30.3
2026-09-07T15:00,node/5313632423,365,,,,41.3789307,2.1718613,1,50.66,208.71,0,30.3
2026-09-07T15:00,node/5327570662,Ancestral,,,,41.3977332,2.1656576,0,50.66,208.71,0,30.3
2026-09-07T15:00,node/5347967007,Bar Marín,,,,41.4474106,2.2217195,1,50.66,208.71,0,30.3
2026-09-07T15:00,node/5347967009,Bar La Cantonada,,,,41.4474812,2.2209325,1,50.66,208.71,0,30.3
2026-09-07T15:00,node/5363964402,El gran croissant,,,,41.4359355,2.2167366,1,50.66,208.71,0,30.3
2026-09-07T15:00,node/5395531687,Las Marismas,,,,41.3701297,2.1215161,1,50.66,208.71,0,30.3
2026-09-07T15:00,node/5407919537,El Yate,,,,41.4039787,2.1367463,0,50.66,208.71,0,30.3
2026-09-07T15:00,node/5417517130,Tou Kichi Rou,,,,41.3919953,2.1432267,0,50.66,208.71,0,30.3
2026-09-07T15:00,node/5418243448,La Pampa,,,,41.3793623,2.1879402,0,50.66,208.71,0,30.3
2026-09-07T15:00,node/5418243450,els maians,,,,41.3786757,2.1882219,0,50.66,208.71,0,30.3
2026-09-07T15:00,node/5418243451,no30,,,,41.3791653,2.1879988,1,50.66,208.71,0,30.3
2026-09-07T15:00,node/5418243452,Lolita,,,,41.3783615,2.1882936,1,50.66,208.71,0,30.3
2026-09-07T15:00,node/5418243454,Reina Margherita,,,,41.3792655,2.1879835,1,50.66,208.71,0,30.3
2026-09-07T15:00,node/5434314893,PolkaBarcelona,,,,41.3859057,2.1326565,0,50.66,208.71,0,30.3
2026-09-07T15:00,node/5485540627,Bar Placídia,,,,41.3999472,2.1524915,1,50.66,208.71,0,30.3
2026-09-07T15:00,node/5487473548,Cafè Mos,,,,41.4143487,2.1384116,0,50.66,208.71,0,30.3
2026-09-07T15:00,node/5498351755,365 Cafeteria Forn de Pa,,,,41.3747778,2.1626826,0,50.66,208.71,0,30.3
2026-09-07T15:00,node/5509139428,La Carmanyola,,,,41.4013829,2.2068942,1,50.66,208.71,0,30.3
2026-09-07T15:00,node/5536153362,Cafeteria La Dona,,,,41.4396715,2.2242727,1,50.66,208.71,0,30.3
2026-09-07T15:00,node/5564055763,Panda & Smile,,,,41.3842068,2.1585673,0,50.66,208.71,0,30.3
2026-09-07T15:00,node/5564064431,Atrapatapa,,,,41.3832362,2.1568636,0,50.66,208.71,0,30.3
2026-09-07T15:00,node/5595134220,Cervecería Amoretty's 3,,,,41.4412382,2.2200117,1,50.66,208.71,0,30.3
2026-09-07T15:00,node/5606506169,Sincopa,,,,41.3803881,2.1789886,0,50.66,208.71,0,30.3
2026-09-07T15:00,node/5611733921,Buenas Migas,,,,41.4024253,2.1743326,0,50.66,208.71,0,30.3
2026-09-07T15:00,node/5617465886,Amateur,,,,41.3967536,2.1962847,1,50.66,208.71,0,30.3
2026-09-07T15:00,node/5646412432,Made in Sicily,,,,41.4483394,2.2490191,1,50.66,208.71,0,30.3
2026-09-07T15:00,node/5646415922,La Bella Istambul,,,,41.4479233,2.2494906,1,50.66,208.71,0,30.3
2026-09-07T15:00,node/5658288082,Can Teixidó,,,,41.4491148,2.2483189,1,50.66,208.71,0,30.3
2026-09-07T15:00,node/5663240986,Cafè Escac,,,,41.3837378,2.1695562,0,50.66,208.71,0,30.3
2026-09-07T15:00,node/5676005621,CACHO,,,,41.3931048,2.1910878,1,50.66,208.71,0,30.3
2026-09-07T15:00,node/5718757792,360°,,,,41.3790957,2.1696433,1,50.66,208.71,0,30.3
2026-09-07T15:00,node/5793057257,Bar Granja el Chiquitín,,,,41.4398176,2.2263171,1,50.66,208.71,0,30.3
2026-09-07T15:00,node/5796742218,The Clock,,,,41.3754168,2.1482785,1,50.66,208.71,0,30.3
2026-09-07T15:00,node/5805410453,Morrow Coffee,,,,41.3771392,2.1513283,0,50.66,208.71,0,30.3
2026-09-07T15:00,node/5806521955,Paisano Bistró,,,,41.4048549,2.1759323,1,50.66,208.71,0,30.3
2026-09-07T15:00,node/5856758686,El racó de les tapes,,,,41.4357708,2.1910224,0,50.66,208.71,0,30.3
2026-09-07T15:00,node/5878496985,UDON,,,,41.4051569,2.1921906,1,50.66,208.71,0,30.3
2026-09-07T15:00,node/5916157285,Bar Castells,,,,41.3841472,2.1698121,1,50.66,208.71,0,30.3
2026-09-07T15:00,node/5923867889,,,,,41.4406062,2.2451514,1,50.66,208.71,0,30.3
2026-09-07T15:00,node/5930228787,Mi casa,,,,41.3993608,2.1535771,0,50.66,208.71,0,30.3
2026-09-07T15:00,node/5933808740,Kserol,,,,41.3986236,2.1753141,0,50.66,208.71,0,30.3
2026-09-07T15:00,node/5944781772,Restaurante Burning Rock&Food,,,,41.3746837,2.1311612,0,50.66,208.71,0,30.3
2026-09-07T15:00,node/5951964888,el Fornet,,,,41.3882003,2.1723419,0,50.66,208.71,0,30.3
2026-09-07T15:00,node/5972440521,Feroz,,,,41.3965882,2.1508404,0,50.66,208.71,0,30.3
2026-09-07T15:00,node/5980982393,Pepa Tomate,,,,41.3767661,2.1627826,1,50.66,208.71,0,30.3
2026-09-07T15:00,node/6000108088,La Neura,,,,41.4002093,2.1660134,1,50.66,208.71,0,30.3
2026-09-07T15:00,node/6009236381,Mesón Balouta,,,,41.4384121,2.1649296,0,50.66,208.71,0,30.3
2026-09-07T15:00,node/6010958538,Bar Avenida,,,,41.4371962,2.2238498,1,50.66,208.71,0,30.3
2026-09-07T15:00,node/6010958540,Bar Trébol BCN,,,,41.4352675,2.2193633,1,50.66,208.71,0,30.3
2026-09-07T15:00,node/6027971388,Novell,,,,41.4070495,2.1667319,1,50.66,208.71,0,30.3
2026-09-07T15:00,node/6038827086,Honest Greens,,,,41.3986972,2.1569862,0,50.66,208.71,0,30.3
2026-09-07T15:00,node/6066258257,Bar Roma Sports,,,,41.4449369,2.2223513,1,50.66,208.71,0,30.3
2026-09-07T15:00,node/6089625321,Vivari,,,,41.3973187,2.1676233,0,50.66,208.71,0,30.3
2026-09-07T15:00,node/6093865396,The FRESH POKE,,,,41.3975268,2.1644457,0,50.66,208.71,0,30.3
2026-09-07T15:00,node/6093944886,Nicasso,,,,41.4072456,2.1873211,0,50.66,208.71,0,30.3
2026-09-07T15:00,node/6096656135,Yoi Yoi Gion,,,,41.3965593,2.1606187,0,50.66,208.71,0,30.3
2026-09-07T15:00,node/6104559348,Belles Arts II,,,,41.3872827,2.1361782,0,50.66,208.71,0,30.3
2026-09-07T15:00,node/6104561002,Toyodo,,,,41.3866914,2.1375355,1,50.66,208.71,0,30.3
2026-09-07T15:00,node/6106764321,Il Caffe di Francesco,,,,41.3930707,2.1642758,1,50.66,208.71,0,30.3
2026-09-07T15:00,node/6109526596,El Cuiner de Damasc,,,,41.3814196,2.1776754,0,50.66,208.71,0,30.3
2026-09-07T15:00,node/6110978486,Bonaparte,,,,41.4775805,2.0724847,1,50.66,208.71,0,30.3
2026-09-07T15:00,node/6123253862,Bar Granja Oasis,,,,41.3505068,2.1127043,1,50.66,208.71,0,30.3
2026-09-07T15:00,node/6126749461,Cantero,,,,41.3942111,2.1902433,1,50.66,208.71,0,30.3
2026-09-07T15:00,node/6164234382,Poké Sí,,,,41.4052321,2.1924708,1,50.66,208.71,0,30.3
2026-09-07T15:00,node/6164236104,Palo Verde,,,,41.4047343,2.1968042,1,50.66,208.71,0,30.3
2026-09-07T15:00,node/6166398253,Panet,,,,41.3861845,2.1430687,1,50.66,208.71,0,30.3
2026-09-07T15:00,node/6182404055,Kasa,,,,41.3861348,2.1656868,0,50.66,208.71,0,30.3
2026-09-07T15:00,node/6188914880,Bella Venezia,,,,41.3965502,2.1644865,0,50.66,208.71,0,30.3
2026-09-07T15:00,node/6188922858,Arc iris,,,,41.3998386,2.1715382,1,50.66,208.71,0,30.3
2026-09-07T15:00,node/6193461695,Sun Market,,,,41.3928465,2.1569854,0,50.66,208.71,0,30.3
2026-09-07T15:00,node/6193479448,Akashi Sushi Bar,,,,41.3923045,2.1558108,0,50.66,208.71,0,30.3
2026-09-07T15:00,node/6200571548,La Svolta,,,,41.4061025,2.1515184,1,50.66,208.71,0,30.3
2026-09-07T15:00,node/6202321417,La Tapeta del Coll,,,,41.4179646,2.1467035,1,50.66,208.71,0,30.3
2026-09-07T15:00,node/6204104907,La Papa,,,,41.3898088,2.1577366,1,50.66,208.71,0,30.3
2026-09-07T15:00,node/6216083704,La Coma,,,,41.3401472,2.1265697,1,50.66,208.71,0,30.3
2026-09-07T15:00,node/6216218158,la Zona,,,,41.3460291,2.1439158,1,50.66,208.71,0,30.3
2026-09-07T15:00,node/6216756977,Estrella de Istanbul,,,,41.4098375,2.1751296,0,50.66,208.71,0,30.3
2026-09-07T15:00,node/6230395442,Akelarre,,,,41.3892275,2.1373726,0,50.66,208.71,0,30.3
2026-09-07T15:00,node/6230407068,Starbucks,,,,41.3951351,2.1581903,1,50.66,208.71,0,30.3
2026-09-07T15:00,node/6232752417,El Taller,,,,41.3587511,2.1404908,1,50.66,208.71,0,30.3
2026-09-07T15:00,node/6237797177,Luri,,,,41.3977931,2.1514901,0,50.66,208.71,0,30.3
2026-09-07T15:00,node/6246525924,in blue,,,,41.3877036,2.1368756,0,50.66,208.71,0,30.3
2026-09-07T15:00,node/6250219942,Al sur,,,,41.3941572,2.1586822,0,50.66,208.71,0,30.3
2026-09-07T15:00,node/6258570565,Dino Pan,,,,41.3824376,2.1318622,1,50.66,208.71,0,30.3
2026-09-07T15:00,node/6258570699,Don Sándwich,,,,41.3820321,2.1315862,0,50.66,208.71,0,30.3
2026-09-07T15:00,node/6258715958,La Lluna de Gavà,,,,41.3672801,2.1403759,1,50.66,208.71,0,30.3
2026-09-07T15:00,node/6258718433,La Toscana,,,,41.3805625,2.1323335,0,50.66,208.71,0,30.3
2026-09-07T15:00,node/6258718652,Cafeteria Melody Bar,,,,41.3779464,2.1338934,1,50.66,208.71,0,30.3
2026-09-07T15:00,node/6258719247,Bar Florida,,,,41.3592896,2.1399844,1,50.66,208.71,0,30.3
2026-09-07T15:00,node/6260784864,La Cabaña,,,,41.3699161,2.1341331,1,50.66,208.71,0,30.3
2026-09-07T15:00,node/6260786193,Goiko Grill,,,,41.3656448,2.1357604,1,50.66,208.71,0,30.3
2026-09-07T15:00,node/6264834185,König,,,,41.3862163,2.1827612,1,50.66,208.71,0,30.3
2026-09-07T15:00,node/6298115913,N.A.P.,,,,41.3774834,2.1900137,0,50.66,208.71,0,30.3
2026-09-07T15:00,node/6316025985,L'Esclop,,,,41.3768262,2.1577412,0,50.66,208.71,0,30.3
2026-09-07T15:00,node/6330973943,Don Kilo,,,,41.3998564,2.1639573,0,50.66,208.71,0,30.3
2026-09-07T15:00,node/6333708759,SandwiChez,,,,41.3941488,2.1694356,0,50.66,208.71,0,30.3
2026-09-07T15:00,node/6334053687,Cafè Yafa,,,,41.3997495,2.1643963,0,50.66,208.71,0,30.3
2026-09-07T15:00,node/6334053692,La Mananta,,,,41.3994169,2.1648424,0,50.66,208.71,0,30.3
2026-09-07T15:00,node/6339732807,La Soca 2,,,,41.3912352,2.1594135,0,50.66,208.71,0,30.3
2026-09-07T15:00,node/6339732809,Creps Barcelona,,,,41.3905618,2.1590619,1,50.66,208.71,0,30.3
2026-09-07T15:00,node/6357834156,Les gens que j'aime bar,,,,41.3936947,2.1648505,0,50.66,208.71,0,30.3
2026-09-07T15:00,node/6381462875,Comarca Cuina L’Hocal,,,,41.3609203,2.1295937,1,50.66,208.71,0,30.3
2026-09-07T15:00,node/6424929026,Cafeteria Samy's,,,,41.3637433,2.1369241,0,50.66,208.71,0,30.3
2026-09-07T15:00,node/6424929700,Sakuraya,,,,41.3653001,2.1307952,1,50.66,208.71,0,30.3
2026-09-07T15:00,node/6431480513,Restaurant Bodega de Tapas,,,,41.3772493,2.1371156,1,50.66,208.71,0,30.3
2026-09-07T15:00,node/6431508292,Bodega Salvat,,,,41.3711848,2.1345217,0,50.66,208.71,0,30.3
2026-09-07T15:00,node/6431508293,Jaqueline's,,,,41.3682256,2.1345214,0,50.66,208.71,0,30.3
2026-09-07T15:00,node/6431508485,Japonia Café,,,,41.3806518,2.1387176,0,50.66,208.71,0,30.3
2026-09-07T15:00,node/6431508488,La Bodegueta de Sants,,,,41.3710695,2.1344235,1,50.66,208.71,0,30.3
2026-09-07T15:00,node/6431512182,Bar Montevideo,,,,41.3693939,2.1342386,0,50.66,208.71,0,30.3
2026-09-07T15:00,node/6431558869,Bar Alegría,,,,41.3629394,2.1373301,1,50.66,208.71,0,30.3
2026-09-07T15:00,node/6431559030,Bar El Faro,,,,41.3628529,2.1373795,1,50.66,208.71,0,30.3
2026-09-07T15:00,node/6433259684,Entre Copas,,,,41.3621672,2.0761548,1,50.66,208.71,0,30.3
2026-09-07T15:00,node/6438381289,Vera Café,,,,41.3883674,2.1779512,0,50.66,208.71,0,30.3
2026-09-07T15:00,node/6441451785,Líder de Istanbul,,,,41.3752687,2.1338088,0,50.66,208.71,0,30.3
2026-09-07T15:00,node/6445233216,Gyoza Bar,,,,41.3931059,2.1798949,0,50.66,208.71,0,30.3
2026-09-07T15:00,node/6450380989,Bar But,,,,41.3979648,2.1593688,0,50.66,208.71,0,30.3
2026-09-07T15:00,node/6450381086,La Porxada,,,,41.4030026,2.1637245,0,50.66,208.71,0,30.3
2026-09-07T15:00,node/6462934229,Concordia,,,,41.3864201,2.1321758,0,50.66,208.71,0,30.3
2026-09-07T15:00,node/6475037976,L'Oasi a Consell,,,,41.3830142,2.1547507,0,50.66,208.71,0,30.3
2026-09-07T15:00,node/6477273844,Fandango,,,,41.3982346,2.1423415,0,50.66,208.71,0,30.3
2026-09-07T15:00,node/6506313588,Antigua,,,,41.3980086,2.1492952,0,50.66,208.71,0,30.3
2026-09-07T15:00,node/6507308246,L'Antica Pizzeria Da Michele,,,,41.3928154,2.1682858,0,50.66,208.71,0,30.3
2026-09-07T15:00,node/6532206187,Yü Sushi,,,,41.4032734,2.2032208,1,50.66,208.71,0,30.3
2026-09-07T15:00,node/6532330793,La Xemeneia,,,,41.4016359,2.2048002,1,50.66,208.71,0,30.3
2026-09-07T15:00,node/6535101686,Alma Loca,,,,41.3992845,2.1970974,1,50.66,208.71,0,30.3
2026-09-07T15:00,node/6538194375,Mr. White,,,,41.3761815,2.1601126,1,50.66,208.71,0,30.3
2026-09-07T15:00,node/6568369188,Elpilar,,,,41.4000903,2.1489875,0,50.66,208.71,0,30.3
2026-09-07T15:00,node/6597321587,Welcome,,,,41.4065151,2.1509474,0,50.66,208.71,0,30.3
2026-09-07T15:00,node/6600189447,café bar juli-mac,,,,41.3782625,2.1239845,1,50.66,208.71,0,30.3
2026-09-07T15:00,node/6642989000,El Pa Sencer,,,,41.3835483,2.1341796,0,50.66,208.71,0,30.3
2026-09-07T15:00,node/6642989001,Ateneu Popular de les Corts,,,,41.3826968,2.1329407,1,50.66,208.71,0,30.3
2026-09-07T15:00,node/6680396487,La prorroga,,,,41.4032976,2.1567512,0,50.66,208.71,0,30.3
2026-09-07T15:00,node/6680687871,La Mar Salada,,,,41.3768035,2.1888904,1,50.66,208.71,0,30.3
2026-09-07T15:00,node/6681709948,Kiltro Gràcia,,,,41.4018317,2.1544539,0,50.66,208.71,0,30.3
2026-09-07T15:00,node/6710510485,Catedral 1951,,,,41.3849142,2.1757337,0,50.66,208.71,0,30.3
2026-09-07T15:00,node/6750944404,Brasaña,,,,41.3605721,2.1345777,1,50.66,208.71,0,30.3
2026-09-07T15:00,node/6757307686,Kitsu,,,,41.4017918,2.1543486,0,50.66,208.71,0,30.3
2026-09-07T15:00,node/6757314489,LomoAlto,,,,41.3936053,2.1663935,1,50.66,208.71,0,30.3
2026-09-07T15:00,node/6766273102,inti & chaska,,,,41.3886755,2.1599487,0,50.66,208.71,0,30.3
2026-09-07T15:00,node/6771863086,Montseny,,,,41.4070642,2.1804416,0,50.66,208.71,0,30.3
2026-09-07T15:00,node/6775495571,El Petit,,,,41.3298893,2.0988681,1,50.66,208.71,0,30.3
2026-09-07T15:00,node/6782427526,Híbrid Cafè Restaurant,,,,41.3771219,2.1203336,1,50.66,208.71,0,30.3
2026-09-07T15:00,node/6786006588,365,,,,41.3820297,2.1697221,0,50.66,208.71,0,30.3
2026-09-07T15:00,node/6790695789,El Rincón de la Abuela Venezolana,,,,41.4058359,2.1788147,0,50.66,208.71,0,30.3
2026-09-07T15:00,node/6805613085,Bar la Cabaña,,,,41.4071784,2.1778546,1,50.66,208.71,0,30.3
2026-09-07T15:00,node/6812099686,La Xurreria de Maria,,,,41.4050102,2.1750002,0,50.66,208.71,0,30.3
2026-09-07T15:00,node/6821384885,Blu Bar,,,,41.3983358,2.2045648,0,50.66,208.71,0,30.3
2026-09-07T15:00,node/6835358009,Murivecci,,,,41.3874075,2.1828282,0,50.66,208.71,0,30.3
2026-09-07T15:00,node/6852974547,Garrido,,,,41.3603039,2.1401381,0,50.66,208.71,0,30.3
2026-09-07T15:00,node/6852994516,La Patatona,,,,41.3604651,2.1400108,0,50.66,208.71,0,30.3
2026-09-07T15:00,node/6855027201,Bar Sandwicheria Enka 3,,,,41.3758876,2.1221107,1,50.66,208.71,0,30.3
2026-09-07T15:00,node/6871523347,Cafe Punto 10,,,,41.3805947,2.1364501,0,50.66,208.71,0,30.3
2026-09-07T15:00,node/6914132390,El Nou Ramonet,,,,41.3817315,2.1876268,0,50.66,208.71,0,30.3
2026-09-07T15:00,node/6946328085,Cremat 11,,,,41.3855109,2.1810205,0,50.66,208.71,0,30.3
2026-09-07T15:00,node/6973926711,Syra Coffee,,,,41.3965047,2.1941864,1,50.66,208.71,0,30.3
2026-09-07T15:00,node/6983227455,SNOOKER - Cocteles y Billarea,,,,41.3921561,2.1703663,0,50.66,208.71,0,30.3
2026-09-07T15:00,node/7002869606,Chebú,,,,41.3791162,2.1515085,0,50.66,208.71,0,30.3
2026-09-07T15:00,node/7003296923,Triple Sec,,,,41.3747448,2.1609868,0,50.66,208.71,0,30.3
2026-09-07T15:00,node/7004598841,Orange Coffee,,,,41.4052864,2.1712189,1,50.66,208.71,0,30.3
2026-09-07T15:00,node/7014308129,Bar Bodega Lentejil,,,,41.4429922,2.2175094,1,50.66,208.71,0,30.3
2026-09-07T15:00,node/7017780931,Yoüme,,,,41.3835882,2.1541892,0,50.66,208.71,0,30.3
2026-09-07T15:00,node/7098025886,El Club del Café,,,,41.4340729,2.1892624,1,50.66,208.71,0,30.3
2026-09-07T15:00,node/7124857728,Cabo,,,,41.3964797,2.1851438,1,50.66,208.71,0,30.3
2026-09-07T15:00,node/7132160620,Santagloria,,,,41.3863926,2.1243567,1,50.66,208.71,0,30.3
2026-09-07T15:00,node/7141587085,La Cereria,,,,41.3815426,2.1767152,0,50.66,208.71,0,30.3
2026-09-07T15:00,node/7150994121,Vivari,,,,41.3998419,2.1775677,0,50.66,208.71,0,30.3
2026-09-07T15:00,node/7234692489,Van van var,,,,41.3942304,2.1901096,1,50.66,208.71,0,30.3
2026-09-07T15:00,node/7318977151,,,,,41.3711664,2.1434617,0,50.66,208.71,0,30.3
2026-09-07T15:00,node/7318977155,Bar Joaquim,,,,41.3704145,2.1424922,1,50.66,208.71,0,30.3
2026-09-07T15:00,node/7318977156,Vivari,,,,41.3686165,2.1410874,1,50.66,208.71,0,30.3
2026-09-07T15:00,node/7431790448,Santagloria,,,,41.3896086,2.1200086,1,50.66,208.71,0,30.3
2026-09-07T15:00,node/7438491414,,,,,41.3733479,2.1301506,1,50.66,208.71,0,30.3
2026-09-07T15:00,node/7504941029,Iberic Fusión Platja,,,,41.4380577,2.2431806,1,50.66,208.71,0,30.3
2026-09-07T15:00,node/7504941031,l'Altre Can Mario's,,,,41.4405591,2.2418866,1,50.66,208.71,0,30.3
2026-09-07T15:00,node/7504941033,L'Esmolet,,,,41.4432993,2.2460741,1,50.66,208.71,0,30.3
2026-09-07T15:00,node/7504941035,la Masia de la Xesca,,,,41.4452013,2.2417838,1,50.66,208.71,0,30.3
2026-09-07T15:00,node/7556742593,Menjador del Centre,,,,41.4009756,2.2000272,0,50.66,208.71,0,30.3
2026-09-07T15:00,node/7563962192,Passeig9,,,,41.4014488,2.2009478,0,50.66,208.71,0,30.3
2026-09-07T15:00,node/7600529740,Restaurante La Flama,,,,41.3514861,2.1114722,1,50.66,208.71,0,30.3
2026-09-07T15:00,node/7618205068,El Pellizquito,,,,41.3501292,2.1105817,1,50.66,208.71,0,30.3
2026-09-07T15:00,node/7640514041,Bar Plaça Carles Buïgas,,,,41.3711833,2.1510204,1,50.66,208.71,0,30.3
2026-09-07T15:00,node/7644933199,Almirall,,,,41.4100171,2.1883052,1,50.66,208.71,0,30.3
2026-09-07T15:00,node/7704818539,Bar Granja Rocxi,,,,41.3744206,2.1339573,0,50.66,208.71,0,30.3
2026-09-07T15:00,node/7704818548,Cafès Caracas,,,,41.3748038,2.1328052,0,50.66,208.71,0,30.3
2026-09-07T15:00,node/7706832792,Cru Sants,,,,41.3721342,2.1286919,1,50.66,208.71,0,30.3
2026-09-07T15:00,node/7736420790,Mamma Italia,,,,41.3764642,2.1234304,0,50.66,208.71,0,30.3
2026-09-07T15:00,node/7772770550,Eqvilibrivm Café,,,,41.3973065,2.1697662,0,50.66,208.71,0,30.3
2026-09-07T15:00,node/7838098454,El Caserón,,,,41.3838275,2.1398498,1,50.66,208.71,0,30.3
2026-09-07T15:00,node/7925586104,Delicream,,,,41.4572921,2.2290688,1,50.66,208.71,0,30.3
2026-09-07T15:00,node/7989010587,Castañeiras,,,,41.4100358,2.1760296,0,50.66,208.71,0,30.3
2026-09-07T15:00,node/7999604058,Lilo brunch,,,,41.3873718,2.1627034,0,50.66,208.71,0,30.3
2026-09-07T15:00,node/7999616840,Bellillo,,,,41.3879362,2.1620483,0,50.66,208.71,0,30.3
2026-09-07T15:00,node/8034999886,Costa Dorada,,,,41.3980284,2.1986941,1,50.66,208.71,0,30.3
2026-09-07T15:00,node/8046554489,Sport,,,,41.4001224,2.2000188,0,50.66,208.71,0,30.3
2026-09-07T15:00,node/8049731595,Echegaray,,,,41.4018684,2.2023424,0,50.66,208.71,0,30.3
2026-09-07T15:00,node/8049732292,Doroteo,,,,41.4029636,2.2006718,0,50.66,208.71,0,30.3
2026-09-07T15:00,node/8064873985,Saramar,,,,41.3957712,2.1953013,1,50.66,208.71,0,30.3
2026-09-07T15:00,node/8077128420,Tío Bigotes,,,,41.4013922,2.2028846,0,50.66,208.71,0,30.3
2026-09-07T15:00,manual/488492e9,Bar Viejo Cafe,Bar,yes,"Carrer de la Independència, 306, Sant Martí, 08026 Barcelona",41.4116,2.1794,0,50.66,208.71,0,30.3
2026-09-07T15:00,manual/c52f6190,New 88 Bar-Cafeteria,bar,yes,,41.4094505,2.1789589,0,50.66,208.71,0,30.3
2026-09-07T15:00,manual/5d2ea7ea,Restaurant Papá Nico,bar,yes,,41.4094505,2.1789589,0,50.66,208.71,0,30.3
2026-09-07T15:00,manual/c980e39e,Restaurant El Clot,restaurant,yes,,41.4087697,2.1875592,1,50.66,208.71,0,30.3
2026-09-07T16:00,relation/18317100,,,,,41.42,2.1188352,0,43.63,228.19,0,30.1
2026-09-07T16:00,node/208984374,Central Rambla,,,,41.3782716,2.1761732,1,43.63,228.19,0,30.1
2026-09-07T16:00,way/217583616,Can Fisher,,,,41.3946034,2.2062292,1,43.63,228.19,0,30.1
2026-09-07T16:00,way/245214117,la Caseta del Migdia,,,,41.3596833,2.1607145,1,43.63,228.19,0,30.1
2026-09-07T16:00,way/246717741,Mirablau,,,,41.4160323,2.1319129,1,43.63,228.19,0,30.1
2026-09-07T16:00,way/249404809,PURO,,,,41.3911248,2.1461635,0,43.63,228.19,0,30.1
2026-09-07T16:00,way/268912897,Can Cortada,,,,41.4362503,2.1524833,1,43.63,228.19,0,30.1
2026-09-07T16:00,way/315387188,Temple del Metall,,,,41.4741706,2.1662317,1,43.63,228.19,0,30.1
2026-09-07T16:00,way/392926648,Pacha,,,,41.3857491,2.1970415,1,43.63,228.19,0,30.1
2026-09-07T16:00,way/412702054,Camping,,,,41.3953192,2.2042386,1,43.63,228.19,0,30.1
2026-09-07T16:00,way/443599336,Asador Casa Juaco,,,,41.4476663,2.1426909,1,43.63,228.19,0,30.1
2026-09-07T16:00,way/446002194,La Base by Farré,,,,41.3967358,2.2101884,0,43.63,228.19,0,30.1
2026-09-07T16:00,node/476327681,Can Paixano,,,,41.3817618,2.1834151,0,43.63,228.19,0,30.1
2026-09-07T16:00,node/506202703,Bar Almogávares,,,,41.3962323,2.1890864,1,43.63,228.19,0,30.1
2026-09-07T16:00,way/519771543,Restaurant Can Cases,,,,41.4343885,2.0985276,1,43.63,228.19,0,30.1
2026-09-07T16:00,node/534367691,Sant Bartomeu,,,,41.3755248,2.1346488,0,43.63,228.19,0,30.1
2026-09-07T16:00,node/643022131,Euro Bar-Tapas,,,,41.4342324,2.2161197,1,43.63,228.19,0,30.1
2026-09-07T16:00,node/643429648,Joan Figuera,,,,41.4336545,2.2169391,1,43.63,228.19,0,30.1
2026-09-07T16:00,node/643496696,El rincón de Willy,,,,41.4380246,2.2180623,1,43.63,228.19,0,30.1
2026-09-07T16:00,node/643496704,Bar Somni d'estiu,,,,41.4382361,2.2166687,1,43.63,228.19,0,30.1
2026-09-07T16:00,way/655221168,L'Ovella Negra Marina,,,,41.3960196,2.1901331,0,43.63,228.19,0,30.1
2026-09-07T16:00,node/660004524,Bocatapa Can Manel,,,,41.4413833,2.2212875,1,43.63,228.19,0,30.1
2026-09-07T16:00,node/672140180,Kasparo,,,,41.3844847,2.1690087,1,43.63,228.19,0,30.1
2026-09-07T16:00,node/704031158,Café Zurich,,,,41.3858504,2.1694606,1,43.63,228.19,0,30.1
2026-09-07T16:00,node/704042058,Starbucks,,,,41.3888305,2.1719117,0,43.63,228.19,0,30.1
2026-09-07T16:00,node/704058886,Tapa Tapa,,,,41.3916926,2.1660167,1,43.63,228.19,0,30.1
2026-09-07T16:00,node/704060428,Oassis Natural Cooking,,,,41.3901637,2.1678915,1,43.63,228.19,0,30.1
2026-09-07T16:00,node/704066257,Ciutat Comtal,,,,41.3888272,2.1668833,1,43.63,228.19,0,30.1
2026-09-07T16:00,node/704066614,Taller de Tapas,,,,41.3905645,2.1639038,0,43.63,228.19,0,30.1
2026-09-07T16:00,way/707305723,Bar Frankfurt Cafeteria Fabregada,,,,41.3561748,2.1108239,1,43.63,228.19,0,30.1
2026-09-07T16:00,node/745947750,Bar Geminis,,,,41.3976224,2.1807778,1,43.63,228.19,0,30.1
2026-09-07T16:00,node/765796519,La Cafetera,,,,41.4049767,2.1575215,1,43.63,228.19,0,30.1
2026-09-07T16:00,node/814006271,Les 15 Nits Bar,,,,41.3804529,2.1749778,0,43.63,228.19,0,30.1
2026-09-07T16:00,node/819552792,Bracafe,,,,41.3944249,2.1675209,0,43.63,228.19,0,30.1
2026-09-07T16:00,node/824476551,Caleuche,,,,41.3761526,2.1686172,0,43.63,228.19,0,30.1
2026-09-07T16:00,node/830462039,Bar Restaurant Angela,,,,41.4043015,2.1949428,1,43.63,228.19,0,30.1
2026-09-07T16:00,way/907005766,Chevy's Bar,,,,41.4143731,2.2289499,1,43.63,228.19,0,30.1
2026-09-07T16:00,way/969257968,,,,,41.3793991,2.1073385,1,43.63,228.19,0,30.1
2026-09-07T16:00,way/1063378975,Bar Restaurant Oliver,,,,41.3469215,2.1546999,1,43.63,228.19,0,30.1
2026-09-07T16:00,node/1072798261,Taverna del Bisbe,,,,41.3849254,2.1766628,1,43.63,228.19,0,30.1
2026-09-07T16:00,node/1072800838,El Cafè D'en Victor,,,,41.3847931,2.1767008,0,43.63,228.19,0,30.1
2026-09-07T16:00,node/1083144027,Los Caracoles,,,,41.3796584,2.1765082,0,43.63,228.19,0,30.1
2026-09-07T16:00,node/1092685793,Elche,,,,41.3739754,2.1691488,0,43.63,228.19,0,30.1
2026-09-07T16:00,way/1112240803,ForumStation,,,,41.4096655,2.2221501,1,43.63,228.19,0,30.1
2026-09-07T16:00,node/1177498341,Casa Vall,,,,41.4074238,2.1585521,0,43.63,228.19,0,30.1
2026-09-07T16:00,node/1192698924,Bilbao Berria,,,,41.3841976,2.1748665,0,43.63,228.19,0,30.1
2026-09-07T16:00,node/1192699873,Tapas 24,,,,41.3908686,2.1674705,1,43.63,228.19,0,30.1
2026-09-07T16:00,way/1200964257,Chiringuito Joan Miro,,,,41.3789977,2.1478116,1,43.63,228.19,0,30.1
2026-09-07T16:00,node/1264182304,Tosca del Carme,,,,41.3819482,2.1695795,1,43.63,228.19,0,30.1
2026-09-07T16:00,node/1280416455,Carballeira,,,,41.4442679,2.2217701,1,43.63,228.19,0,30.1
2026-09-07T16:00,way/1300745688,La Casona de Sant Just,,,,41.3833348,2.0735139,1,43.63,228.19,0,30.1
2026-09-07T16:00,node/1310450869,El Filete Ruso,,,,41.3925451,2.1558968,0,43.63,228.19,0,30.1
2026-09-07T16:00,node/1312325106,La Palmera,,,,41.4144229,2.1385123,0,43.63,228.19,0,30.1
2026-09-07T16:00,node/1314943380,Mescladís del Pou,,,,41.3870865,2.1803497,0,43.63,228.19,0,30.1
2026-09-07T16:00,node/1335697982,,,,,41.3608771,2.1101417,1,43.63,228.19,0,30.1
2026-09-07T16:00,way/1368167814,Natura Beach. El Chiringuito,,,,41.4028929,2.2157443,1,43.63,228.19,0,30.1
2026-09-07T16:00,node/1420760625,Tapeo,,,,41.4044988,2.1554811,0,43.63,228.19,0,30.1
2026-09-07T16:00,node/1420760630,Diamant,,,,41.4042174,2.1555899,0,43.63,228.19,0,30.1
2026-09-07T16:00,node/1428867664,Café Berlin,,,,41.3943566,2.1494599,1,43.63,228.19,0,30.1
2026-09-07T16:00,node/1430537485,Oasis Restaurant,,,,41.3827219,2.1847191,1,43.63,228.19,0,30.1
2026-09-07T16:00,node/1445598557,Bracafe,,,,41.3948025,2.1817533,0,43.63,228.19,0,30.1
2026-09-07T16:00,node/1554649942,Torrades,,,,41.4375721,2.1566095,1,43.63,228.19,0,30.1
2026-09-07T16:00,node/1554649988,La Panera,,,,41.4374756,2.1563359,0,43.63,228.19,0,30.1
2026-09-07T16:00,node/1658425572,Rebeka,,,,41.3967185,2.1890325,0,43.63,228.19,0,30.1
2026-09-07T16:00,node/1685949861,Cerveceria Milenium 2,,,,41.3534566,2.0866307,1,43.63,228.19,0,30.1
2026-09-07T16:00,node/1711342192,Calero's Centre,,,,41.3744728,2.1349721,1,43.63,228.19,0,30.1
2026-09-07T16:00,node/1722136431,Cervecería Catalana,,,,41.3924032,2.1609008,1,43.63,228.19,0,30.1
2026-09-07T16:00,node/1739122591,La Tagliatella,,,,41.3943371,2.1521208,0,43.63,228.19,0,30.1
2026-09-07T16:00,node/1813593370,Bar Capricornio,,,,41.4381257,2.2179547,1,43.63,228.19,0,30.1
2026-09-07T16:00,node/1820633320,CASA TEVA,,,,41.3752815,2.1166845,1,43.63,228.19,0,30.1
2026-09-07T16:00,node/1824133931,Carmesí,,,,41.3737373,2.1644452,0,43.63,228.19,0,30.1
2026-09-07T16:00,node/1948986220,Cafeteria UPF Jaume I,,,,41.3900298,2.1901118,1,43.63,228.19,0,30.1
2026-09-07T16:00,node/1948987514,Cafeteria UPF Roger de Lluria,,,,41.3886776,2.1915119,0,43.63,228.19,0,30.1
2026-09-07T16:00,node/1951812612,Casa Pagès,,,,41.3998447,2.1613114,0,43.63,228.19,0,30.1
2026-09-07T16:00,node/1960366982,Casa Amalia,,,,41.3962525,2.1685646,0,43.63,228.19,0,30.1
2026-09-07T16:00,node/1984001407,Bar de la FIB,,,,41.3894239,2.1132363,1,43.63,228.19,0,30.1
2026-09-07T16:00,node/2034780565,Cerbeseria Lesseps,,,,41.4073551,2.1514486,1,43.63,228.19,0,30.1
2026-09-07T16:00,node/2034780569,L'Brasseria,,,,41.4067629,2.1516314,0,43.63,228.19,0,30.1
2026-09-07T16:00,node/2056517879,Caelum,,,,41.3830524,2.1744369,0,43.63,228.19,0,30.1
2026-09-07T16:00,node/2065469522,Restaurant Pipa,,,,41.3997461,2.2003004,0,43.63,228.19,0,30.1
2026-09-07T16:00,node/2087204991,La Sanguchería,,,,41.3954987,2.1484037,0,43.63,228.19,0,30.1
2026-09-07T16:00,node/2091604731,Tapa Tapa,,,,41.3762094,2.1500463,1,43.63,228.19,0,30.1
2026-09-07T16:00,node/2112843062,El Vaixell-2,,,,41.4541291,2.2350201,1,43.63,228.19,0,30.1
2026-09-07T16:00,node/2165154147,Asador de Lugo,,,,41.3797623,2.1376748,1,43.63,228.19,0,30.1
2026-09-07T16:00,node/2184580476,Bar del Pi,,,,41.3824922,2.1739624,1,43.63,228.19,0,30.1
2026-09-07T16:00,node/2187210264,Sopa,,,,41.4023416,2.1952788,0,43.63,228.19,0,30.1
2026-09-07T16:00,node/2197824500,Tierra del fuego,,,,41.4016702,2.2016399,0,43.63,228.19,0,30.1
2026-09-07T16:00,node/2213839299,Pollo Rico,,,,41.3791045,2.1721976,0,43.63,228.19,0,30.1
2026-09-07T16:00,node/2364075421,Chen-Ji,,,,41.3936143,2.1807074,0,43.63,228.19,0,30.1
2026-09-07T16:00,node/2434563732,La Bella Napoli,,,,41.3743686,2.1637621,0,43.63,228.19,0,30.1
2026-09-07T16:00,node/2442785485,El Círcol,,,,41.4501968,2.2474223,1,43.63,228.19,0,30.1
2026-09-07T16:00,node/2468197823,365 Cafeteria Forn de Pa,,,,41.3752071,2.1635151,1,43.63,228.19,0,30.1
2026-09-07T16:00,node/2476332030,Bar Lennon,,,,41.4028901,2.1612576,0,43.63,228.19,0,30.1
2026-09-07T16:00,node/2500906795,Bar Lúdic Queimada Nivell Q,,,,41.4094152,2.1808913,0,43.63,228.19,0,30.1
2026-09-07T16:00,node/2598482930,Con Gracia,,,,41.3990704,2.1600617,0,43.63,228.19,0,30.1
2026-09-07T16:00,node/2609183969,Fukuoka,,,,41.4022587,2.1612976,0,43.63,228.19,0,30.1
2026-09-07T16:00,node/2610750687,Xiringuito Aigua,,,,41.4096717,2.1683236,1,43.63,228.19,0,30.1
2026-09-07T16:00,node/2618447074,Vegetalia,,,,41.3803973,2.1776952,0,43.63,228.19,0,30.1
2026-09-07T16:00,node/2618538581,Veggie Garden,,,,41.3822767,2.1680336,1,43.63,228.19,0,30.1
2026-09-07T16:00,node/2618538595,Biocenter,,,,41.3825765,2.1694364,0,43.63,228.19,0,30.1
2026-09-07T16:00,node/2684052224,Pai Mei,,,,41.4051863,2.1931071,1,43.63,228.19,0,30.1
2026-09-07T16:00,node/2687089274,Dolça Estona,,,,41.4117096,2.1394938,0,43.63,228.19,0,30.1
2026-09-07T16:00,node/2689736934,Bar Bodega Molina,,,,41.4403298,2.1817019,0,43.63,228.19,0,30.1
2026-09-07T16:00,node/2721077740,Bar Veni,,,,41.3848861,2.1667078,0,43.63,228.19,0,30.1
2026-09-07T16:00,node/2727449418,Las Euras,,,,41.3998785,2.1577187,0,43.63,228.19,0,30.1
2026-09-07T16:00,node/2793491051,La bona tapa,,,,41.4368098,2.2166172,1,43.63,228.19,0,30.1
2026-09-07T16:00,node/2892028393,Kino,,,,41.3825992,2.1665452,0,43.63,228.19,0,30.1
2026-09-07T16:00,node/2892037115,23 Robadors,,,,41.3796029,2.1708903,0,43.63,228.19,0,30.1
2026-09-07T16:00,node/2910255826,Shôko,,,,41.3854991,2.1969746,1,43.63,228.19,0,30.1
2026-09-07T16:00,node/2910255827,Opium,,,,41.3852778,2.1967099,1,43.63,228.19,0,30.1
2026-09-07T16:00,node/2927944587,Tapas Tapas!,,,,41.3745104,2.1829399,1,43.63,228.19,0,30.1
2026-09-07T16:00,node/2951499208,El racó d'en Henry,,,,41.4394757,2.2215013,1,43.63,228.19,0,30.1
2026-09-07T16:00,node/2966340931,El Capritx,,,,41.4022886,2.1998883,0,43.63,228.19,0,30.1
2026-09-07T16:00,node/2968119440,Can Tresó,,,,41.4028999,2.1537483,0,43.63,228.19,0,30.1
2026-09-07T16:00,node/2969276727,La Sirena Verde,,,,41.4027605,2.1657128,1,43.63,228.19,0,30.1
2026-09-07T16:00,node/2969277275,Café de l'Eixample,,,,41.4005021,2.1690108,1,43.63,228.19,0,30.1
2026-09-07T16:00,node/2970751844,Taverna El Disbarat,,,,41.4017728,2.1545227,0,43.63,228.19,0,30.1
2026-09-07T16:00,node/3007755352,La Pausa,,,,41.4071883,2.1557816,1,43.63,228.19,0,30.1
2026-09-07T16:00,node/3007803307,Oh La Lá,,,,41.4460123,2.2485803,1,43.63,228.19,0,30.1
2026-09-07T16:00,node/3048077142,L'Aliança del Poblenou,,,,41.3997067,2.2032276,0,43.63,228.19,0,30.1
2026-09-07T16:00,node/3049368344,Clot76,,,,41.4082815,2.1885259,1,43.63,228.19,0,30.1
2026-09-07T16:00,node/3084370508,Marina Bay By Moncho's,,,,41.3863077,2.1975017,1,43.63,228.19,0,30.1
2026-09-07T16:00,node/3084507933,Caravelle,,,,41.3822872,2.1688475,0,43.63,228.19,0,30.1
2026-09-07T16:00,node/3120072573,Bar Restaurant Nàutic,,,,41.3806088,2.1408397,1,43.63,228.19,0,30.1
2026-09-07T16:00,node/3177990194,Mezcal Taco Bar,,,,41.3830563,2.1554872,1,43.63,228.19,0,30.1
2026-09-07T16:00,node/3270120640,Luigi,,,,41.3862659,2.1753788,0,43.63,228.19,0,30.1
2026-09-07T16:00,node/3271554311,Al Sultán,,,,41.4035661,2.1554863,1,43.63,228.19,0,30.1
2026-09-07T16:00,node/3328694987,Nou Candanchú,,,,41.4005128,2.1576475,1,43.63,228.19,0,30.1
2026-09-07T16:00,node/3339670930,Bahia,,,,41.3803265,2.1774842,0,43.63,228.19,0,30.1
2026-09-07T16:00,node/3441700493,Santos Tapas,,,,41.3818417,2.1745121,0,43.63,228.19,0,30.1
2026-09-07T16:00,node/3491476947,Bar del Pla,,,,41.3856036,2.1800221,0,43.63,228.19,0,30.1
2026-09-07T16:00,node/3496970198,Centre Cívic Can Deu,,,,41.3869027,2.1327794,1,43.63,228.19,0,30.1
2026-09-07T16:00,node/3504769719,El Rincón,,,,41.3908977,2.1900669,1,43.63,228.19,0,30.1
2026-09-07T16:00,node/3517276245,Bar Canigó,,,,41.4029724,2.1579186,0,43.63,228.19,0,30.1
2026-09-07T16:00,node/3522552400,Àpat's,,,,41.3757617,2.1419109,0,43.63,228.19,0,30.1
2026-09-07T16:00,node/3548547194,El Bon Menjador - 2,,,,41.4388101,2.2172863,1,43.63,228.19,0,30.1
2026-09-07T16:00,node/3548548998,Bar Morales,,,,41.4395878,2.2165237,1,43.63,228.19,0,30.1
2026-09-07T16:00,node/3548613495,Bar Paula's Tapería,,,,41.4385437,2.2175484,1,43.63,228.19,0,30.1
2026-09-07T16:00,node/3556089494,Delicias Mediterráneas,,,,41.4415079,2.2267435,1,43.63,228.19,0,30.1
2026-09-07T16:00,node/3556089497,Xurreria Rodríguez,,,,41.4416928,2.2264651,1,43.63,228.19,0,30.1
2026-09-07T16:00,node/3556089803,Bar de La Salut,,,,41.4422594,2.2258792,1,43.63,228.19,0,30.1
2026-09-07T16:00,node/3560942698,Sandvitxeria Alhociema,,,,41.4443624,2.2236761,1,43.63,228.19,0,30.1
2026-09-07T16:00,node/3560955995,Centro Cultural Castellano-manchego,,,,41.4390698,2.2176297,1,43.63,228.19,0,30.1
2026-09-07T16:00,node/3595399490,Bar Familiar,,,,41.4359163,2.2182018,1,43.63,228.19,0,30.1
2026-09-07T16:00,node/3595399769,La granja de Casablanca,,,,41.4357671,2.2189395,1,43.63,228.19,0,30.1
2026-09-07T16:00,node/3595401238,Bar Alcázar,,,,41.4365542,2.2183742,1,43.63,228.19,0,30.1
2026-09-07T16:00,node/3596986411,Agrupación Cultural Galega Agarimos,,,,41.4358268,2.2165495,1,43.63,228.19,0,30.1
2026-09-07T16:00,node/3612059306,Nabuco Tiramisú,,,,41.4004523,2.1577244,1,43.63,228.19,0,30.1
2026-09-07T16:00,node/3620986554,Yamane,,,,41.3868061,2.1808426,0,43.63,228.19,0,30.1
2026-09-07T16:00,node/3620991692,Yamaneko-ryouri,,,,41.4016619,2.1447787,0,43.63,228.19,0,30.1
2026-09-07T16:00,node/3624045193,Bar-Granja Maribel,,,,41.4399092,2.2235793,1,43.63,228.19,0,30.1
2026-09-07T16:00,node/3624045293,Bar La Cantonada,,,,41.4396227,2.2242325,1,43.63,228.19,0,30.1
2026-09-07T16:00,node/3713349650,Groin's,,,,41.4108415,2.1637178,1,43.63,228.19,0,30.1
2026-09-07T16:00,node/3718061014,Bar Calders,,,,41.3764788,2.1623937,0,43.63,228.19,0,30.1
2026-09-07T16:00,node/3730796125,Buenas Migas,,,,41.3975542,2.1587856,1,43.63,228.19,0,30.1
2026-09-07T16:00,node/3761312382,La Fonda,,,,41.3793598,2.1762144,0,43.63,228.19,0,30.1
2026-09-07T16:00,node/3777075876,Oaxaca,,,,41.3821041,2.1838988,1,43.63,228.19,0,30.1
2026-09-07T16:00,node/3779149860,EsPan's,,,,41.4349094,2.2194667,1,43.63,228.19,0,30.1
2026-09-07T16:00,node/3794002044,Samurai Ramen,,,,41.3736753,2.1548947,1,43.63,228.19,0,30.1
2026-09-07T16:00,node/3804046057,Robata Sushi & Grill,,,,41.3904886,2.1585836,0,43.63,228.19,0,30.1
2026-09-07T16:00,node/3809169458,Freiduría El Boquerón,,,,41.4400822,2.2264769,1,43.63,228.19,0,30.1
2026-09-07T16:00,node/3809169459,Marisquería Melchor,,,,41.4401715,2.2266602,1,43.63,228.19,0,30.1
2026-09-07T16:00,node/3809169461,Elhotro bar,,,,41.4401247,2.2268506,1,43.63,228.19,0,30.1
2026-09-07T16:00,node/3809169658,Carte d'Or,,,,41.4403068,2.2274065,1,43.63,228.19,0,30.1
2026-09-07T16:00,node/3809169668,Vivari,,,,41.4408122,2.2271125,1,43.63,228.19,0,30.1
2026-09-07T16:00,node/3809169669,Pantaiberic delicatessen,,,,41.4408174,2.2269502,1,43.63,228.19,0,30.1
2026-09-07T16:00,node/3840009426,La Esquinica,,,,41.4304816,2.1712169,0,43.63,228.19,0,30.1
2026-09-07T16:00,node/3874539219,Café del Centre,,,,41.3946111,2.1712059,1,43.63,228.19,0,30.1
2026-09-07T16:00,node/3890922254,Characato,,,,41.4046885,2.1836218,0,43.63,228.19,0,30.1
2026-09-07T16:00,node/3901403358,Les Dues Sicilies,,,,41.3866097,2.1802613,0,43.63,228.19,0,30.1
2026-09-07T16:00,node/3955968257,El racó de les Glòries,,,,41.3986109,2.1978895,1,43.63,228.19,0,30.1
2026-09-07T16:00,node/4060217594,Matt & Marshall,,,,41.3993348,2.1997769,0,43.63,228.19,0,30.1
2026-09-07T16:00,node/4073605889,Mariscco,,,,41.3804885,2.1753271,1,43.63,228.19,0,30.1
2026-09-07T16:00,node/4126257971,Xixbar,,,,41.3758485,2.1576176,0,43.63,228.19,0,30.1
2026-09-07T16:00,node/4127494769,Vapiano,,,,41.3788941,2.1758361,1,43.63,228.19,0,30.1
2026-09-07T16:00,node/4138815989,Nømad Cøffee,,,,41.3889108,2.1771731,0,43.63,228.19,0,30.1
2026-09-07T16:00,node/4150499794,El 68,,,,41.4023622,2.1612062,0,43.63,228.19,0,30.1
2026-09-07T16:00,node/4166496789,Bar Thonet Grill Room,,,,41.3792408,2.1761073,0,43.63,228.19,0,30.1
2026-09-07T16:00,node/4168100800,Cervecería Frankfurt Europa,,,,41.4396191,2.2191504,1,43.63,228.19,0,30.1
2026-09-07T16:00,node/4225209596,Bar El Velodromo,,,,41.3934442,2.1501395,0,43.63,228.19,0,30.1
2026-09-07T16:00,node/4225810298,Bar Nolla,,,,41.3905504,2.1647825,1,43.63,228.19,0,30.1
2026-09-07T16:00,node/4233959493,Pastisseria Granja,,,,41.3795042,2.1792309,0,43.63,228.19,0,30.1
2026-09-07T16:00,node/4239222689,Rekons,,,,41.3806195,2.1610796,1,43.63,228.19,0,30.1
2026-09-07T16:00,node/4244877765,Bar La Peña,,,,41.4404265,2.2170329,1,43.63,228.19,0,30.1
2026-09-07T16:00,node/4247196393,cal mariner,,,,41.3791754,2.1898206,0,43.63,228.19,0,30.1
2026-09-07T16:00,node/4253851490,El Trencadís,,,,41.3937976,2.1655309,0,43.63,228.19,0,30.1
2026-09-07T16:00,node/4253862889,Hummus,,,,41.3912547,2.1611975,0,43.63,228.19,0,30.1
2026-09-07T16:00,node/4254090289,La tasqueta de Blai,,,,41.3733347,2.1652358,0,43.63,228.19,0,30.1
2026-09-07T16:00,node/4254094290,Rosa Negra,,,,41.3819164,2.1687596,0,43.63,228.19,0,30.1
2026-09-07T16:00,node/4254704967,Firebug Brunch,,,,41.3927459,2.1778691,1,43.63,228.19,0,30.1
2026-09-07T16:00,node/4254996890,La Macchina,,,,41.4030005,2.1535966,0,43.63,228.19,0,30.1
2026-09-07T16:00,node/4267035492,Kebabish,,,,41.4409198,2.2217884,1,43.63,228.19,0,30.1
2026-09-07T16:00,node/4267055591,La cantina del tapeo,,,,41.4420999,2.2200224,1,43.63,228.19,0,30.1
2026-09-07T16:00,node/4278033120,Buenas Migas,,,,41.3838044,2.1696233,0,43.63,228.19,0,30.1
2026-09-07T16:00,node/4283188047,Granja Romaní,,,,41.4348618,2.2179712,1,43.63,228.19,0,30.1
2026-09-07T16:00,node/4283194434,Bar La Paradeta,,,,41.4337773,2.2167771,1,43.63,228.19,0,30.1
2026-09-07T16:00,node/4291934189,Fonda Espanya,,,,41.3799009,2.1728032,0,43.63,228.19,0,30.1
2026-09-07T16:00,node/4306440989,Blai 9,,,,41.3730722,2.1658539,0,43.63,228.19,0,30.1
2026-09-07T16:00,node/4314857689,El punt,,,,41.4413807,2.2316251,1,43.63,228.19,0,30.1
2026-09-07T16:00,node/4314859689,Versace,,,,41.4337089,2.2172203,1,43.63,228.19,0,30.1
2026-09-07T16:00,node/4315715092,Petit Comitè,,,,41.3943551,2.1600308,0,43.63,228.19,0,30.1
2026-09-07T16:00,node/4321183403,Brunch & Cake,,,,41.3882834,2.1615596,0,43.63,228.19,0,30.1
2026-09-07T16:00,node/4336933393,Mayura,,,,41.3938992,2.1720914,0,43.63,228.19,0,30.1
2026-09-07T16:00,node/4340119890,VIENA,,,,41.3579934,2.1293918,1,43.63,228.19,0,30.1
2026-09-07T16:00,node/4349925690,Nemrut,,,,41.3810051,2.1772158,0,43.63,228.19,0,30.1
2026-09-07T16:00,node/4350019284,Palosanto,,,,41.3808122,2.1772701,0,43.63,228.19,0,30.1
2026-09-07T16:00,node/4364289794,Faborit Casa Amatller,,,,41.3915836,2.1650592,1,43.63,228.19,0,30.1
2026-09-07T16:00,node/4386702690,Red Ant Noodle Bar,,,,41.3880129,2.1810961,0,43.63,228.19,0,30.1
2026-09-07T16:00,node/4396244190,Fresc Co,,,,41.3891657,2.1969678,1,43.63,228.19,0,30.1
2026-09-07T16:00,node/4401234193,BlackLab Brewhouse & Kitchen,,,,41.3812305,2.1854573,1,43.63,228.19,0,30.1
2026-09-07T16:00,node/4431102493,Forn Puiggròs,,,,41.4102615,2.1741597,0,43.63,228.19,0,30.1
2026-09-07T16:00,node/4439412389,La Vinya del Senyor,,,,41.3832546,2.1818655,1,43.63,228.19,0,30.1
2026-09-07T16:00,node/4440352791,La Gavina,,,,41.3807532,2.1853211,1,43.63,228.19,0,30.1
2026-09-07T16:00,node/4443367289,Pannus,,,,41.3863691,2.1726728,0,43.63,228.19,0,30.1
2026-09-07T16:00,node/4449185678,Il Caffè di Francesco,,,,41.3908733,2.1652201,0,43.63,228.19,0,30.1
2026-09-07T16:00,node/4451904190,Bar Granadino,,,,41.4404153,2.2238276,1,43.63,228.19,0,30.1
2026-09-07T16:00,node/4451904193,La ciudad de oro,,,,41.4408727,2.2240695,1,43.63,228.19,0,30.1
2026-09-07T16:00,node/4451986792,Cafe Bar Florida,,,,41.4403503,2.2236929,1,43.63,228.19,0,30.1
2026-09-07T16:00,node/4451986793,Bar Amigo,,,,41.4411469,2.2238965,1,43.63,228.19,0,30.1
2026-09-07T16:00,node/4451988991,Bar Frankfurt Jaime,,,,41.4408051,2.2241201,1,43.63,228.19,0,30.1
2026-09-07T16:00,node/4451989090,Entre tapes,,,,41.4423118,2.2237245,1,43.63,228.19,0,30.1
2026-09-07T16:00,node/4451992791,Bar Leo,,,,41.4406309,2.2245529,1,43.63,228.19,0,30.1
2026-09-07T16:00,node/4452031691,Bar La Granja,,,,41.4427953,2.2241899,1,43.63,228.19,0,30.1
2026-09-07T16:00,node/4455238130,Anahuac,,,,41.3965161,2.1513989,0,43.63,228.19,0,30.1
2026-09-07T16:00,node/4461595656,Cafeteria de la Biblioteca Jaumer Fuster,,,,41.4075557,2.1493457,1,43.63,228.19,0,30.1
2026-09-07T16:00,node/4470059420,Mesón Gallego,,,,41.3818896,2.0709288,1,43.63,228.19,0,30.1
2026-09-07T16:00,node/4486639527,Boldú,,,,41.3973783,2.1517865,0,43.63,228.19,0,30.1
2026-09-07T16:00,node/4486683966,La Tagliatella,,,,41.3974141,2.1514101,0,43.63,228.19,0,30.1
2026-09-07T16:00,node/4503193765,Bicioci,,,,41.3999229,2.1619101,0,43.63,228.19,0,30.1
2026-09-07T16:00,node/4509411660,Bar Mediterráneo,,,,41.4343007,2.2180868,1,43.63,228.19,0,30.1
2026-09-07T16:00,node/4516538193,Más Que Sushi,,,,41.3774227,2.1527247,1,43.63,228.19,0,30.1
2026-09-07T16:00,node/4516600994,Salambó,,,,41.4044546,2.1576355,0,43.63,228.19,0,30.1
2026-09-07T16:00,node/4520259289,Cachitos,,,,41.3953057,2.1536913,1,43.63,228.19,0,30.1
2026-09-07T16:00,node/4572063790,Cafetería 365,,,,41.3744652,2.1675541,0,43.63,228.19,0,30.1
2026-09-07T16:00,node/4580517495,Cadaqués,,,,41.4004717,2.1574102,0,43.63,228.19,0,30.1
2026-09-07T16:00,node/4591423938,Arabia Cafe,,,,41.3796023,2.1762764,0,43.63,228.19,0,30.1
2026-09-07T16:00,node/4602957463,Otafuku Daifuku,,,,41.3861633,2.1813225,0,43.63,228.19,0,30.1
2026-09-07T16:00,node/4631918790,Casa López,,,,41.4047191,2.1550626,0,43.63,228.19,0,30.1
2026-09-07T16:00,node/4643974106,Kyoka Via Augusta,,,,41.3979693,2.1315017,1,43.63,228.19,0,30.1
2026-09-07T16:00,node/4654613659,afiparc,,,,41.4134414,2.1527296,1,43.63,228.19,0,30.1
2026-09-07T16:00,node/4668687590,Can Vilaró,,,,41.3779004,2.1617005,1,43.63,228.19,0,30.1
2026-09-07T16:00,node/4673198082,Montesquiu,,,,41.4046825,2.1325233,0,43.63,228.19,0,30.1
2026-09-07T16:00,node/4680760648,Sushi Taller,,,,41.4048621,2.1326565,0,43.63,228.19,0,30.1
2026-09-07T16:00,node/4681801089,Orxateria la Valenciana,,,,41.3863413,2.1622578,0,43.63,228.19,0,30.1
2026-09-07T16:00,node/4704972453,majide,,,,41.3849224,2.1674688,0,43.63,228.19,0,30.1
2026-09-07T16:00,node/4709933976,Sottovoce,,,,41.3579226,2.1294974,1,43.63,228.19,0,30.1
2026-09-07T16:00,node/4711659235,Casa Lolea,,,,41.3888056,2.1771897,0,43.63,228.19,0,30.1
2026-09-07T16:00,node/4720526074,El Charrito,,,,41.3896183,2.1662427,1,43.63,228.19,0,30.1
2026-09-07T16:00,node/4721286889,Prodigi,,,,41.3985973,2.1659559,0,43.63,228.19,0,30.1
2026-09-07T16:00,node/4726582894,Catalina Cafe,,,,41.3862071,2.1793039,0,43.63,228.19,0,30.1
2026-09-07T16:00,node/4726583193,Betlem,,,,41.3949258,2.1712207,0,43.63,228.19,0,30.1
2026-09-07T16:00,node/4727975192,La Coruña,,,,41.4083413,2.1851911,0,43.63,228.19,0,30.1
2026-09-07T16:00,node/4728103192,Cafè Arrels,,,,41.4137041,2.1809929,0,43.63,228.19,0,30.1
2026-09-07T16:00,node/4729343193,Cervecería Frankfurt El Molino,,,,41.3746194,2.1669636,0,43.63,228.19,0,30.1
2026-09-07T16:00,node/4735766123,I'll Pomo d'Oro,,,,41.3926987,2.1585151,1,43.63,228.19,0,30.1
2026-09-07T16:00,node/4743830714,Casa Escarré (Joan's),,,,41.3747567,2.1427755,1,43.63,228.19,0,30.1
2026-09-07T16:00,node/4751727952,Bar Ribalda,,,,41.4026552,2.1328307,0,43.63,228.19,0,30.1
2026-09-07T16:00,node/4755496723,Brewdog,,,,41.3857301,2.1581661,0,43.63,228.19,0,30.1
2026-09-07T16:00,node/4756509699,Morro fi,,,,41.3833069,2.1550311,0,43.63,228.19,0,30.1
2026-09-07T16:00,node/4776357929,Tomodachi,,,,41.4053891,2.1644663,1,43.63,228.19,0,30.1
2026-09-07T16:00,node/4778618049,De Gustibus Italiae,,,,41.4027491,2.1330183,0,43.63,228.19,0,30.1
2026-09-07T16:00,node/4784670742,Índigo Café,,,,41.3874831,2.1626443,0,43.63,228.19,0,30.1
2026-09-07T16:00,node/4792724121,Venus Delicatessen Barcelona,,,,41.3807065,2.1779781,0,43.63,228.19,0,30.1
2026-09-07T16:00,node/4802341078,El Quatre,,,,41.4031267,2.1333762,0,43.63,228.19,0,30.1
2026-09-07T16:00,node/4805335780,Madonna Vegan,,,,41.3812162,2.1671279,0,43.63,228.19,0,30.1
2026-09-07T16:00,node/4816093515,Olímpic Bar,,,,41.4422394,2.2177816,1,43.63,228.19,0,30.1
2026-09-07T16:00,node/4822739686,Bar El Racó,,,,41.4417497,2.2212713,1,43.63,228.19,0,30.1
2026-09-07T16:00,node/4838956921,Supra,,,,41.3910798,2.1613999,0,43.63,228.19,0,30.1
2026-09-07T16:00,node/4844565923,Pampa Drugstore,,,,41.3827176,2.1712051,0,43.63,228.19,0,30.1
2026-09-07T16:00,node/4847673021,Usagui,,,,41.4021671,2.1463849,1,43.63,228.19,0,30.1
2026-09-07T16:00,node/4859449960,Restaurant el Magatzem,,,,41.3805096,2.1863595,1,43.63,228.19,0,30.1
2026-09-07T16:00,node/4859450597,Restaurant Cal Pinxo,,,,41.3806265,2.1855795,1,43.63,228.19,0,30.1
2026-09-07T16:00,node/4867833221,Pizzeria El Mundo,,,,41.3751322,2.1231212,1,43.63,228.19,0,30.1
2026-09-07T16:00,node/4881181797,Sierra Nevada,,,,41.4420581,2.1834715,0,43.63,228.19,0,30.1
2026-09-07T16:00,node/4903340658,El Ramblero,,,,41.4219271,2.1969049,1,43.63,228.19,0,30.1
2026-09-07T16:00,node/4906736149,L'Olivera,,,,41.4058547,2.1893093,1,43.63,228.19,0,30.1
2026-09-07T16:00,node/4917663030,Picnic,,,,41.4179648,2.1988442,0,43.63,228.19,0,30.1
2026-09-07T16:00,node/4937772721,Vila's Bar,,,,41.4059086,2.1571314,0,43.63,228.19,0,30.1
2026-09-07T16:00,node/4938104321,Hammock Juice Station,,,,41.3971863,2.1671778,1,43.63,228.19,0,30.1
2026-09-07T16:00,node/4973805221,Brunch & Cake by the sea,,,,41.3809714,2.1872568,1,43.63,228.19,0,30.1
2026-09-07T16:00,node/4973805421,Quinoa Aragó Vegetarià,,,,41.3886233,2.1598684,0,43.63,228.19,0,30.1
2026-09-07T16:00,node/4977546909,Tonkotsu,,,,41.3938467,2.1650368,0,43.63,228.19,0,30.1
2026-09-07T16:00,node/4983764927,Cervecería-Frankfurt,,,,41.4394391,2.2207951,1,43.63,228.19,0,30.1
2026-09-07T16:00,node/4983764935,Max Bar,,,,41.4401476,2.2214687,1,43.63,228.19,0,30.1
2026-09-07T16:00,node/4983764944,Bar Verín,,,,41.4396911,2.2210187,1,43.63,228.19,0,30.1
2026-09-07T16:00,node/4983764949,Bar R'Aurora,,,,41.4400582,2.2213943,1,43.63,228.19,0,30.1
2026-09-07T16:00,node/4983764952,Trocadero,,,,41.4385047,2.2204982,1,43.63,228.19,0,30.1
2026-09-07T16:00,node/4983764957,Bar La Alpujarra,,,,41.4420698,2.2228867,1,43.63,228.19,0,30.1
2026-09-07T16:00,node/4983764958,Sant Mori,,,,41.4390777,2.2210618,1,43.63,228.19,0,30.1
2026-09-07T16:00,node/4983764960,El buen gusto,,,,41.4411919,2.2225719,1,43.63,228.19,0,30.1
2026-09-07T16:00,node/4983764965,Bar Junior Bodega,,,,41.4417139,2.2225318,1,43.63,228.19,0,30.1
2026-09-07T16:00,node/4983764975,Bar Satisfecho,,,,41.4385461,2.2198488,1,43.63,228.19,0,30.1
2026-09-07T16:00,node/4983765002,Bar sushi Salon,,,,41.4425727,2.2233672,1,43.63,228.19,0,30.1
2026-09-07T16:00,node/4983765004,Corre que se acaban,,,,41.4392453,2.2212328,1,43.63,228.19,0,30.1
2026-09-07T16:00,node/4983765005,365,,,,41.4403303,2.2225575,1,43.63,228.19,0,30.1
2026-09-07T16:00,node/4984256695,Pampa Mía,,,,41.4085709,2.2035603,0,43.63,228.19,0,30.1
2026-09-07T16:00,node/4991221422,Salterio,,,,41.3825107,2.1760837,0,43.63,228.19,0,30.1
2026-09-07T16:00,node/5007434606,La Balmesina,,,,41.3970301,2.1522555,0,43.63,228.19,0,30.1
2026-09-07T16:00,node/5010794721,Syra Coffee,,,,41.4014925,2.1595216,0,43.63,228.19,0,30.1
2026-09-07T16:00,node/5010794821,Nomad Frutas Selectas,,,,41.3979292,2.1955517,0,43.63,228.19,0,30.1
2026-09-07T16:00,node/5023905423,Petra,,,,41.4038883,2.1551166,1,43.63,228.19,0,30.1
2026-09-07T16:00,node/5028969022,Guzzo,,,,41.3850929,2.1836594,1,43.63,228.19,0,30.1
2026-09-07T16:00,node/5030247521,La Pantera Rosa,,,,41.4010493,2.1525903,0,43.63,228.19,0,30.1
2026-09-07T16:00,node/5037900607,Orio,,,,41.3819545,2.1763606,0,43.63,228.19,0,30.1
2026-09-07T16:00,node/5048602525,Blau Cel,,,,41.4043091,2.1612896,0,43.63,228.19,0,30.1
2026-09-07T16:00,node/5053669724,La Xula Taperia,,,,41.4023295,2.1586126,0,43.63,228.19,0,30.1
2026-09-07T16:00,node/5081388242,La Raposa,,,,41.3725137,2.1639527,0,43.63,228.19,0,30.1
2026-09-07T16:00,node/5082277825,Vermuteria Puigmartí,,,,41.4013967,2.1590604,0,43.63,228.19,0,30.1
2026-09-07T16:00,node/5082277826,Caracas,,,,41.4020908,2.1601676,0,43.63,228.19,0,30.1
2026-09-07T16:00,node/5082288821,Curuba,,,,41.3999554,2.1574731,0,43.63,228.19,0,30.1
2026-09-07T16:00,node/5086827321,Metric Market,,,,41.3916196,2.1419287,0,43.63,228.19,0,30.1
2026-09-07T16:00,node/5088945722,La Juanola,,,,41.4066765,2.1569377,1,43.63,228.19,0,30.1
2026-09-07T16:00,node/5089333723,Ciuri‘s,,,,41.4052466,2.1565749,0,43.63,228.19,0,30.1
2026-09-07T16:00,node/5105012628,Entre Hores,,,,41.4030943,2.1577829,0,43.63,228.19,0,30.1
2026-09-07T16:00,node/5109943322,Intrèpid,,,,41.4043018,2.1550041,0,43.63,228.19,0,30.1
2026-09-07T16:00,node/5110964523,La Trobada,,,,41.4015625,2.1520155,1,43.63,228.19,0,30.1
2026-09-07T16:00,node/5111094221,El Dorado Chicken,,,,41.3930251,2.1579995,0,43.63,228.19,0,30.1
2026-09-07T16:00,node/5113896626,Granja Fimon's,,,,41.4477805,2.2438919,1,43.63,228.19,0,30.1
2026-09-07T16:00,node/5118124314,Kebab Bocateli,,,,41.4426035,2.2166674,1,43.63,228.19,0,30.1
2026-09-07T16:00,node/5118126421,Bar Frankfurt Polideportivo,,,,41.4429429,2.2162226,1,43.63,228.19,0,30.1
2026-09-07T16:00,node/5118126428,Granja Modesto,,,,41.4343689,2.2158958,1,43.63,228.19,0,30.1
2026-09-07T16:00,node/5118126435,Cafeteria i Forn de pa Grey,,,,41.4332655,2.2174982,1,43.63,228.19,0,30.1
2026-09-07T16:00,node/5118126438,Frankfurt Piscis,,,,41.4360107,2.2158678,1,43.63,228.19,0,30.1
2026-09-07T16:00,node/5118126440,Bar Julio,,,,41.4348299,2.2151483,1,43.63,228.19,0,30.1
2026-09-07T16:00,node/5118126443,Bar Beethoven,,,,41.4328863,2.2181523,1,43.63,228.19,0,30.1
2026-09-07T16:00,node/5118126453,Bar Bondia,,,,41.4342763,2.2160261,1,43.63,228.19,0,30.1
2026-09-07T16:00,node/5128075585,Monkey Factory,,,,41.3927261,2.1544614,1,43.63,228.19,0,30.1
2026-09-07T16:00,node/5137360822,El Jardí,,,,41.4475237,2.2469586,1,43.63,228.19,0,30.1
2026-09-07T16:00,node/5144745888,Bar La Imperial,,,,41.4372451,2.2200669,1,43.63,228.19,0,30.1
2026-09-07T16:00,node/5144745889,Gabi,,,,41.4372105,2.2199582,1,43.63,228.19,0,30.1
2026-09-07T16:00,node/5144745893,Bar India,,,,41.4420657,2.2284253,1,43.63,228.19,0,30.1
2026-09-07T16:00,node/5144745896,Mokka,,,,41.4371063,2.2201689,1,43.63,228.19,0,30.1
2026-09-07T16:00,node/5156690125,Loc,,,,41.4351636,2.2283155,1,43.63,228.19,0,30.1
2026-09-07T16:00,node/5160440326,Les Termes Bdn,,,,41.4520115,2.2476488,1,43.63,228.19,0,30.1
2026-09-07T16:00,node/5167185733,La Sucursal,,,,41.3806502,2.1611889,0,43.63,228.19,0,30.1
2026-09-07T16:00,node/5167569072,El Mercader de L'Eixample,,,,41.3923316,2.1603286,0,43.63,228.19,0,30.1
2026-09-07T16:00,node/5168232324,Colmado,,,,41.3819235,2.1744264,0,43.63,228.19,0,30.1
2026-09-07T16:00,node/5175039621,Green's,,,,41.3959672,2.1496553,0,43.63,228.19,0,30.1
2026-09-07T16:00,node/5176233727,Els Porxos,,,,41.4031581,2.1751611,1,43.63,228.19,0,30.1
2026-09-07T16:00,node/5182260830,Catafal,,,,41.4088089,2.1468574,0,43.63,228.19,0,30.1
2026-09-07T16:00,node/5190930121,Casa Ángel,,,,41.4070235,2.1818566,0,43.63,228.19,0,30.1
2026-09-07T16:00,node/5192085421,Esterri,,,,41.3812805,2.1618108,0,43.63,228.19,0,30.1
2026-09-07T16:00,node/5198200824,Copa d'Or,,,,41.3963876,2.1688461,0,43.63,228.19,0,30.1
2026-09-07T16:00,node/5198200829,Gyoza Bistró,,,,41.3940771,2.1723519,0,43.63,228.19,0,30.1
2026-09-07T16:00,node/5198201036,Nou Can Codina,,,,41.3989586,2.1608728,0,43.63,228.19,0,30.1
2026-09-07T16:00,node/5198201122,La Particcela,,,,41.3961328,2.1697679,1,43.63,228.19,0,30.1
2026-09-07T16:00,node/5198201124,Riko's Braseria - Restaurante,,,,41.3929731,2.1692667,0,43.63,228.19,0,30.1
2026-09-07T16:00,node/5199743028,seven7seven,,,,41.3898868,2.1622344,1,43.63,228.19,0,30.1
2026-09-07T16:00,node/5207046925,Sense Nom,,,,41.3843558,2.1622563,0,43.63,228.19,0,30.1
2026-09-07T16:00,node/5207067522,El Maravillas,,,,41.3868914,2.1323626,1,43.63,228.19,0,30.1
2026-09-07T16:00,node/5208223424,Bonastre,,,,41.3774986,2.1587463,1,43.63,228.19,0,30.1
2026-09-07T16:00,node/5212252535,Tariq,,,,41.4477214,2.2405051,1,43.63,228.19,0,30.1
2026-09-07T16:00,node/5218828496,Conecta,,,,41.4388265,2.2253266,1,43.63,228.19,0,30.1
2026-09-07T16:00,node/5218828499,Sweet dolç,,,,41.4385456,2.2254351,1,43.63,228.19,0,30.1
2026-09-07T16:00,node/5226505321,Bodega E. Marin,,,,41.4025586,2.1609645,0,43.63,228.19,0,30.1
2026-09-07T16:00,node/5228942946,La Pubilla,,,,41.3995748,2.1536674,1,43.63,228.19,0,30.1
2026-09-07T16:00,node/5237627856,Tasmango Dessert,,,,41.3909254,2.1784375,0,43.63,228.19,0,30.1
2026-09-07T16:00,node/5238186123,Lennox,,,,41.3834186,2.1829502,0,43.63,228.19,0,30.1
2026-09-07T16:00,node/5271863048,Rest. Alexandre,,,,41.4322501,2.1835476,1,43.63,228.19,0,30.1
2026-09-07T16:00,node/5286467104,Granja Monsul,,,,41.4437723,2.2239591,1,43.63,228.19,0,30.1
2026-09-07T16:00,node/5298404593,Próspero,,,,41.4382431,2.2237839,1,43.63,228.19,0,30.1
2026-09-07T16:00,node/5298404603,Bar Salamanca,,,,41.4388532,2.2246477,1,43.63,228.19,0,30.1
2026-09-07T16:00,node/5298405327,Bar Benuga,,,,41.4383471,2.2243229,1,43.63,228.19,0,30.1
2026-09-07T16:00,node/5298405384,Bar Rocío Los Cazadores,,,,41.4389682,2.2252641,1,43.63,228.19,0,30.1
2026-09-07T16:00,node/5299921764,Bar Crack,,,,41.4343466,2.2189911,1,43.63,228.19,0,30.1
2026-09-07T16:00,node/5299921811,Can Daura,,,,41.4358077,2.2218721,1,43.63,228.19,0,30.1
2026-09-07T16:00,node/5299922525,Bar La Imperial,,,,41.4354603,2.2205399,1,43.63,228.19,0,30.1
2026-09-07T16:00,node/5299922526,Bar Marta,,,,41.4349148,2.2200469,1,43.63,228.19,0,30.1
2026-09-07T16:00,node/5313632423,365,,,,41.3789307,2.1718613,0,43.63,228.19,0,30.1
2026-09-07T16:00,node/5327570662,Ancestral,,,,41.3977332,2.1656576,0,43.63,228.19,0,30.1
2026-09-07T16:00,node/5347967007,Bar Marín,,,,41.4474106,2.2217195,1,43.63,228.19,0,30.1
2026-09-07T16:00,node/5347967009,Bar La Cantonada,,,,41.4474812,2.2209325,1,43.63,228.19,0,30.1
2026-09-07T16:00,node/5363964402,El gran croissant,,,,41.4359355,2.2167366,1,43.63,228.19,0,30.1
2026-09-07T16:00,node/5395531687,Las Marismas,,,,41.3701297,2.1215161,1,43.63,228.19,0,30.1
2026-09-07T16:00,node/5407919537,El Yate,,,,41.4039787,2.1367463,0,43.63,228.19,0,30.1
2026-09-07T16:00,node/5417517130,Tou Kichi Rou,,,,41.3919953,2.1432267,0,43.63,228.19,0,30.1
2026-09-07T16:00,node/5418243448,La Pampa,,,,41.3793623,2.1879402,0,43.63,228.19,0,30.1
2026-09-07T16:00,node/5418243450,els maians,,,,41.3786757,2.1882219,1,43.63,228.19,0,30.1
2026-09-07T16:00,node/5418243451,no30,,,,41.3791653,2.1879988,1,43.63,228.19,0,30.1
2026-09-07T16:00,node/5418243452,Lolita,,,,41.3783615,2.1882936,1,43.63,228.19,0,30.1
2026-09-07T16:00,node/5418243454,Reina Margherita,,,,41.3792655,2.1879835,1,43.63,228.19,0,30.1
2026-09-07T16:00,node/5434314893,PolkaBarcelona,,,,41.3859057,2.1326565,0,43.63,228.19,0,30.1
2026-09-07T16:00,node/5485540627,Bar Placídia,,,,41.3999472,2.1524915,1,43.63,228.19,0,30.1
2026-09-07T16:00,node/5487473548,Cafè Mos,,,,41.4143487,2.1384116,0,43.63,228.19,0,30.1
2026-09-07T16:00,node/5498351755,365 Cafeteria Forn de Pa,,,,41.3747778,2.1626826,0,43.63,228.19,0,30.1
2026-09-07T16:00,node/5509139428,La Carmanyola,,,,41.4013829,2.2068942,1,43.63,228.19,0,30.1
2026-09-07T16:00,node/5536153362,Cafeteria La Dona,,,,41.4396715,2.2242727,1,43.63,228.19,0,30.1
2026-09-07T16:00,node/5564055763,Panda & Smile,,,,41.3842068,2.1585673,0,43.63,228.19,0,30.1
2026-09-07T16:00,node/5564064431,Atrapatapa,,,,41.3832362,2.1568636,0,43.63,228.19,0,30.1
2026-09-07T16:00,node/5595134220,Cervecería Amoretty's 3,,,,41.4412382,2.2200117,1,43.63,228.19,0,30.1
2026-09-07T16:00,node/5606506169,Sincopa,,,,41.3803881,2.1789886,0,43.63,228.19,0,30.1
2026-09-07T16:00,node/5611733921,Buenas Migas,,,,41.4024253,2.1743326,0,43.63,228.19,0,30.1
2026-09-07T16:00,node/5617465886,Amateur,,,,41.3967536,2.1962847,1,43.63,228.19,0,30.1
2026-09-07T16:00,node/5646412432,Made in Sicily,,,,41.4483394,2.2490191,1,43.63,228.19,0,30.1
2026-09-07T16:00,node/5646415922,La Bella Istambul,,,,41.4479233,2.2494906,1,43.63,228.19,0,30.1
2026-09-07T16:00,node/5658288082,Can Teixidó,,,,41.4491148,2.2483189,1,43.63,228.19,0,30.1
2026-09-07T16:00,node/5663240986,Cafè Escac,,,,41.3837378,2.1695562,0,43.63,228.19,0,30.1
2026-09-07T16:00,node/5676005621,CACHO,,,,41.3931048,2.1910878,1,43.63,228.19,0,30.1
2026-09-07T16:00,node/5718757792,360°,,,,41.3790957,2.1696433,1,43.63,228.19,0,30.1
2026-09-07T16:00,node/5793057257,Bar Granja el Chiquitín,,,,41.4398176,2.2263171,1,43.63,228.19,0,30.1
2026-09-07T16:00,node/5796742218,The Clock,,,,41.3754168,2.1482785,0,43.63,228.19,0,30.1
2026-09-07T16:00,node/5805410453,Morrow Coffee,,,,41.3771392,2.1513283,0,43.63,228.19,0,30.1
2026-09-07T16:00,node/5806521955,Paisano Bistró,,,,41.4048549,2.1759323,1,43.63,228.19,0,30.1
2026-09-07T16:00,node/5856758686,El racó de les tapes,,,,41.4357708,2.1910224,0,43.63,228.19,0,30.1
2026-09-07T16:00,node/5878496985,UDON,,,,41.4051569,2.1921906,1,43.63,228.19,0,30.1
2026-09-07T16:00,node/5916157285,Bar Castells,,,,41.3841472,2.1698121,0,43.63,228.19,0,30.1
2026-09-07T16:00,node/5923867889,,,,,41.4406062,2.2451514,1,43.63,228.19,0,30.1
2026-09-07T16:00,node/5930228787,Mi casa,,,,41.3993608,2.1535771,0,43.63,228.19,0,30.1
2026-09-07T16:00,node/5933808740,Kserol,,,,41.3986236,2.1753141,0,43.63,228.19,0,30.1
2026-09-07T16:00,node/5944781772,Restaurante Burning Rock&Food,,,,41.3746837,2.1311612,0,43.63,228.19,0,30.1
2026-09-07T16:00,node/5951964888,el Fornet,,,,41.3882003,2.1723419,0,43.63,228.19,0,30.1
2026-09-07T16:00,node/5972440521,Feroz,,,,41.3965882,2.1508404,0,43.63,228.19,0,30.1
2026-09-07T16:00,node/5980982393,Pepa Tomate,,,,41.3767661,2.1627826,0,43.63,228.19,0,30.1
2026-09-07T16:00,node/6000108088,La Neura,,,,41.4002093,2.1660134,0,43.63,228.19,0,30.1
2026-09-07T16:00,node/6009236381,Mesón Balouta,,,,41.4384121,2.1649296,0,43.63,228.19,0,30.1
2026-09-07T16:00,node/6010958538,Bar Avenida,,,,41.4371962,2.2238498,1,43.63,228.19,0,30.1
2026-09-07T16:00,node/6010958540,Bar Trébol BCN,,,,41.4352675,2.2193633,1,43.63,228.19,0,30.1
2026-09-07T16:00,node/6027971388,Novell,,,,41.4070495,2.1667319,1,43.63,228.19,0,30.1
2026-09-07T16:00,node/6038827086,Honest Greens,,,,41.3986972,2.1569862,0,43.63,228.19,0,30.1
2026-09-07T16:00,node/6066258257,Bar Roma Sports,,,,41.4449369,2.2223513,1,43.63,228.19,0,30.1
2026-09-07T16:00,node/6089625321,Vivari,,,,41.3973187,2.1676233,0,43.63,228.19,0,30.1
2026-09-07T16:00,node/6093865396,The FRESH POKE,,,,41.3975268,2.1644457,0,43.63,228.19,0,30.1
2026-09-07T16:00,node/6093944886,Nicasso,,,,41.4072456,2.1873211,0,43.63,228.19,0,30.1
2026-09-07T16:00,node/6096656135,Yoi Yoi Gion,,,,41.3965593,2.1606187,0,43.63,228.19,0,30.1
2026-09-07T16:00,node/6104559348,Belles Arts II,,,,41.3872827,2.1361782,0,43.63,228.19,0,30.1
2026-09-07T16:00,node/6104561002,Toyodo,,,,41.3866914,2.1375355,1,43.63,228.19,0,30.1
2026-09-07T16:00,node/6106764321,Il Caffe di Francesco,,,,41.3930707,2.1642758,1,43.63,228.19,0,30.1
2026-09-07T16:00,node/6109526596,El Cuiner de Damasc,,,,41.3814196,2.1776754,0,43.63,228.19,0,30.1
2026-09-07T16:00,node/6110978486,Bonaparte,,,,41.4775805,2.0724847,1,43.63,228.19,0,30.1
2026-09-07T16:00,node/6123253862,Bar Granja Oasis,,,,41.3505068,2.1127043,1,43.63,228.19,0,30.1
2026-09-07T16:00,node/6126749461,Cantero,,,,41.3942111,2.1902433,1,43.63,228.19,0,30.1
2026-09-07T16:00,node/6164234382,Poké Sí,,,,41.4052321,2.1924708,1,43.63,228.19,0,30.1
2026-09-07T16:00,node/6164236104,Palo Verde,,,,41.4047343,2.1968042,1,43.63,228.19,0,30.1
2026-09-07T16:00,node/6166398253,Panet,,,,41.3861845,2.1430687,1,43.63,228.19,0,30.1
2026-09-07T16:00,node/6182404055,Kasa,,,,41.3861348,2.1656868,0,43.63,228.19,0,30.1
2026-09-07T16:00,node/6188914880,Bella Venezia,,,,41.3965502,2.1644865,0,43.63,228.19,0,30.1
2026-09-07T16:00,node/6188922858,Arc iris,,,,41.3998386,2.1715382,1,43.63,228.19,0,30.1
2026-09-07T16:00,node/6193461695,Sun Market,,,,41.3928465,2.1569854,0,43.63,228.19,0,30.1
2026-09-07T16:00,node/6193479448,Akashi Sushi Bar,,,,41.3923045,2.1558108,0,43.63,228.19,0,30.1
2026-09-07T16:00,node/6200571548,La Svolta,,,,41.4061025,2.1515184,0,43.63,228.19,0,30.1
2026-09-07T16:00,node/6202321417,La Tapeta del Coll,,,,41.4179646,2.1467035,1,43.63,228.19,0,30.1
2026-09-07T16:00,node/6204104907,La Papa,,,,41.3898088,2.1577366,0,43.63,228.19,0,30.1
2026-09-07T16:00,node/6216083704,La Coma,,,,41.3401472,2.1265697,1,43.63,228.19,0,30.1
2026-09-07T16:00,node/6216218158,la Zona,,,,41.3460291,2.1439158,1,43.63,228.19,0,30.1
2026-09-07T16:00,node/6216756977,Estrella de Istanbul,,,,41.4098375,2.1751296,0,43.63,228.19,0,30.1
2026-09-07T16:00,node/6230395442,Akelarre,,,,41.3892275,2.1373726,0,43.63,228.19,0,30.1
2026-09-07T16:00,node/6230407068,Starbucks,,,,41.3951351,2.1581903,0,43.63,228.19,0,30.1
2026-09-07T16:00,node/6232752417,El Taller,,,,41.3587511,2.1404908,1,43.63,228.19,0,30.1
2026-09-07T16:00,node/6237797177,Luri,,,,41.3977931,2.1514901,1,43.63,228.19,0,30.1
2026-09-07T16:00,node/6246525924,in blue,,,,41.3877036,2.1368756,0,43.63,228.19,0,30.1
2026-09-07T16:00,node/6250219942,Al sur,,,,41.3941572,2.1586822,0,43.63,228.19,0,30.1
2026-09-07T16:00,node/6258570565,Dino Pan,,,,41.3824376,2.1318622,0,43.63,228.19,0,30.1
2026-09-07T16:00,node/6258570699,Don Sándwich,,,,41.3820321,2.1315862,0,43.63,228.19,0,30.1
2026-09-07T16:00,node/6258715958,La Lluna de Gavà,,,,41.3672801,2.1403759,0,43.63,228.19,0,30.1
2026-09-07T16:00,node/6258718433,La Toscana,,,,41.3805625,2.1323335,0,43.63,228.19,0,30.1
2026-09-07T16:00,node/6258718652,Cafeteria Melody Bar,,,,41.3779464,2.1338934,1,43.63,228.19,0,30.1
2026-09-07T16:00,node/6258719247,Bar Florida,,,,41.3592896,2.1399844,1,43.63,228.19,0,30.1
2026-09-07T16:00,node/6260784864,La Cabaña,,,,41.3699161,2.1341331,0,43.63,228.19,0,30.1
2026-09-07T16:00,node/6260786193,Goiko Grill,,,,41.3656448,2.1357604,1,43.63,228.19,0,30.1
2026-09-07T16:00,node/6264834185,König,,,,41.3862163,2.1827612,0,43.63,228.19,0,30.1
2026-09-07T16:00,node/6298115913,N.A.P.,,,,41.3774834,2.1900137,1,43.63,228.19,0,30.1
2026-09-07T16:00,node/6316025985,L'Esclop,,,,41.3768262,2.1577412,0,43.63,228.19,0,30.1
2026-09-07T16:00,node/6330973943,Don Kilo,,,,41.3998564,2.1639573,0,43.63,228.19,0,30.1
2026-09-07T16:00,node/6333708759,SandwiChez,,,,41.3941488,2.1694356,0,43.63,228.19,0,30.1
2026-09-07T16:00,node/6334053687,Cafè Yafa,,,,41.3997495,2.1643963,0,43.63,228.19,0,30.1
2026-09-07T16:00,node/6334053692,La Mananta,,,,41.3994169,2.1648424,0,43.63,228.19,0,30.1
2026-09-07T16:00,node/6339732807,La Soca 2,,,,41.3912352,2.1594135,0,43.63,228.19,0,30.1
2026-09-07T16:00,node/6339732809,Creps Barcelona,,,,41.3905618,2.1590619,1,43.63,228.19,0,30.1
2026-09-07T16:00,node/6357834156,Les gens que j'aime bar,,,,41.3936947,2.1648505,0,43.63,228.19,0,30.1
2026-09-07T16:00,node/6381462875,Comarca Cuina L’Hocal,,,,41.3609203,2.1295937,1,43.63,228.19,0,30.1
2026-09-07T16:00,node/6424929026,Cafeteria Samy's,,,,41.3637433,2.1369241,0,43.63,228.19,0,30.1
2026-09-07T16:00,node/6424929700,Sakuraya,,,,41.3653001,2.1307952,1,43.63,228.19,0,30.1
2026-09-07T16:00,node/6431480513,Restaurant Bodega de Tapas,,,,41.3772493,2.1371156,0,43.63,228.19,0,30.1
2026-09-07T16:00,node/6431508292,Bodega Salvat,,,,41.3711848,2.1345217,0,43.63,228.19,0,30.1
2026-09-07T16:00,node/6431508293,Jaqueline's,,,,41.3682256,2.1345214,1,43.63,228.19,0,30.1
2026-09-07T16:00,node/6431508485,Japonia Café,,,,41.3806518,2.1387176,0,43.63,228.19,0,30.1
2026-09-07T16:00,node/6431508488,La Bodegueta de Sants,,,,41.3710695,2.1344235,0,43.63,228.19,0,30.1
2026-09-07T16:00,node/6431512182,Bar Montevideo,,,,41.3693939,2.1342386,0,43.63,228.19,0,30.1
2026-09-07T16:00,node/6431558869,Bar Alegría,,,,41.3629394,2.1373301,1,43.63,228.19,0,30.1
2026-09-07T16:00,node/6431559030,Bar El Faro,,,,41.3628529,2.1373795,1,43.63,228.19,0,30.1
2026-09-07T16:00,node/6433259684,Entre Copas,,,,41.3621672,2.0761548,1,43.63,228.19,0,30.1
2026-09-07T16:00,node/6438381289,Vera Café,,,,41.3883674,2.1779512,0,43.63,228.19,0,30.1
2026-09-07T16:00,node/6441451785,Líder de Istanbul,,,,41.3752687,2.1338088,1,43.63,228.19,0,30.1
2026-09-07T16:00,node/6445233216,Gyoza Bar,,,,41.3931059,2.1798949,0,43.63,228.19,0,30.1
2026-09-07T16:00,node/6450380989,Bar But,,,,41.3979648,2.1593688,0,43.63,228.19,0,30.1
2026-09-07T16:00,node/6450381086,La Porxada,,,,41.4030026,2.1637245,0,43.63,228.19,0,30.1
2026-09-07T16:00,node/6462934229,Concordia,,,,41.3864201,2.1321758,1,43.63,228.19,0,30.1
2026-09-07T16:00,node/6475037976,L'Oasi a Consell,,,,41.3830142,2.1547507,0,43.63,228.19,0,30.1
2026-09-07T16:00,node/6477273844,Fandango,,,,41.3982346,2.1423415,0,43.63,228.19,0,30.1
2026-09-07T16:00,node/6506313588,Antigua,,,,41.3980086,2.1492952,0,43.63,228.19,0,30.1
2026-09-07T16:00,node/6507308246,L'Antica Pizzeria Da Michele,,,,41.3928154,2.1682858,0,43.63,228.19,0,30.1
2026-09-07T16:00,node/6532206187,Yü Sushi,,,,41.4032734,2.2032208,0,43.63,228.19,0,30.1
2026-09-07T16:00,node/6532330793,La Xemeneia,,,,41.4016359,2.2048002,0,43.63,228.19,0,30.1
2026-09-07T16:00,node/6535101686,Alma Loca,,,,41.3992845,2.1970974,1,43.63,228.19,0,30.1
2026-09-07T16:00,node/6538194375,Mr. White,,,,41.3761815,2.1601126,1,43.63,228.19,0,30.1
2026-09-07T16:00,node/6568369188,Elpilar,,,,41.4000903,2.1489875,0,43.63,228.19,0,30.1
2026-09-07T16:00,node/6597321587,Welcome,,,,41.4065151,2.1509474,0,43.63,228.19,0,30.1
2026-09-07T16:00,node/6600189447,café bar juli-mac,,,,41.3782625,2.1239845,1,43.63,228.19,0,30.1
2026-09-07T16:00,node/6642989000,El Pa Sencer,,,,41.3835483,2.1341796,0,43.63,228.19,0,30.1
2026-09-07T16:00,node/6642989001,Ateneu Popular de les Corts,,,,41.3826968,2.1329407,1,43.63,228.19,0,30.1
2026-09-07T16:00,node/6680396487,La prorroga,,,,41.4032976,2.1567512,0,43.63,228.19,0,30.1
2026-09-07T16:00,node/6680687871,La Mar Salada,,,,41.3768035,2.1888904,1,43.63,228.19,0,30.1
2026-09-07T16:00,node/6681709948,Kiltro Gràcia,,,,41.4018317,2.1544539,1,43.63,228.19,0,30.1
2026-09-07T16:00,node/6710510485,Catedral 1951,,,,41.3849142,2.1757337,0,43.63,228.19,0,30.1
2026-09-07T16:00,node/6750944404,Brasaña,,,,41.3605721,2.1345777,0,43.63,228.19,0,30.1
2026-09-07T16:00,node/6757307686,Kitsu,,,,41.4017918,2.1543486,0,43.63,228.19,0,30.1
2026-09-07T16:00,node/6757314489,LomoAlto,,,,41.3936053,2.1663935,1,43.63,228.19,0,30.1
2026-09-07T16:00,node/6766273102,inti & chaska,,,,41.3886755,2.1599487,0,43.63,228.19,0,30.1
2026-09-07T16:00,node/6771863086,Montseny,,,,41.4070642,2.1804416,0,43.63,228.19,0,30.1
2026-09-07T16:00,node/6775495571,El Petit,,,,41.3298893,2.0988681,1,43.63,228.19,0,30.1
2026-09-07T16:00,node/6782427526,Híbrid Cafè Restaurant,,,,41.3771219,2.1203336,1,43.63,228.19,0,30.1
2026-09-07T16:00,node/6786006588,365,,,,41.3820297,2.1697221,0,43.63,228.19,0,30.1
2026-09-07T16:00,node/6790695789,El Rincón de la Abuela Venezolana,,,,41.4058359,2.1788147,0,43.63,228.19,0,30.1
2026-09-07T16:00,node/6805613085,Bar la Cabaña,,,,41.4071784,2.1778546,1,43.63,228.19,0,30.1
2026-09-07T16:00,node/6812099686,La Xurreria de Maria,,,,41.4050102,2.1750002,0,43.63,228.19,0,30.1
2026-09-07T16:00,node/6821384885,Blu Bar,,,,41.3983358,2.2045648,0,43.63,228.19,0,30.1
2026-09-07T16:00,node/6835358009,Murivecci,,,,41.3874075,2.1828282,0,43.63,228.19,0,30.1
2026-09-07T16:00,node/6852974547,Garrido,,,,41.3603039,2.1401381,0,43.63,228.19,0,30.1
2026-09-07T16:00,node/6852994516,La Patatona,,,,41.3604651,2.1400108,0,43.63,228.19,0,30.1
2026-09-07T16:00,node/6855027201,Bar Sandwicheria Enka 3,,,,41.3758876,2.1221107,1,43.63,228.19,0,30.1
2026-09-07T16:00,node/6871523347,Cafe Punto 10,,,,41.3805947,2.1364501,0,43.63,228.19,0,30.1
2026-09-07T16:00,node/6914132390,El Nou Ramonet,,,,41.3817315,2.1876268,0,43.63,228.19,0,30.1
2026-09-07T16:00,node/6946328085,Cremat 11,,,,41.3855109,2.1810205,0,43.63,228.19,0,30.1
2026-09-07T16:00,node/6973926711,Syra Coffee,,,,41.3965047,2.1941864,0,43.63,228.19,0,30.1
2026-09-07T16:00,node/6983227455,SNOOKER - Cocteles y Billarea,,,,41.3921561,2.1703663,0,43.63,228.19,0,30.1
2026-09-07T16:00,node/7002869606,Chebú,,,,41.3791162,2.1515085,0,43.63,228.19,0,30.1
2026-09-07T16:00,node/7003296923,Triple Sec,,,,41.3747448,2.1609868,0,43.63,228.19,0,30.1
2026-09-07T16:00,node/7004598841,Orange Coffee,,,,41.4052864,2.1712189,1,43.63,228.19,0,30.1
2026-09-07T16:00,node/7014308129,Bar Bodega Lentejil,,,,41.4429922,2.2175094,1,43.63,228.19,0,30.1
2026-09-07T16:00,node/7017780931,Yoüme,,,,41.3835882,2.1541892,0,43.63,228.19,0,30.1
2026-09-07T16:00,node/7098025886,El Club del Café,,,,41.4340729,2.1892624,1,43.63,228.19,0,30.1
2026-09-07T16:00,node/7124857728,Cabo,,,,41.3964797,2.1851438,1,43.63,228.19,0,30.1
2026-09-07T16:00,node/7132160620,Santagloria,,,,41.3863926,2.1243567,0,43.63,228.19,0,30.1
2026-09-07T16:00,node/7141587085,La Cereria,,,,41.3815426,2.1767152,0,43.63,228.19,0,30.1
2026-09-07T16:00,node/7150994121,Vivari,,,,41.3998419,2.1775677,0,43.63,228.19,0,30.1
2026-09-07T16:00,node/7234692489,Van van var,,,,41.3942304,2.1901096,1,43.63,228.19,0,30.1
2026-09-07T16:00,node/7318977151,,,,,41.3711664,2.1434617,0,43.63,228.19,0,30.1
2026-09-07T16:00,node/7318977155,Bar Joaquim,,,,41.3704145,2.1424922,0,43.63,228.19,0,30.1
2026-09-07T16:00,node/7318977156,Vivari,,,,41.3686165,2.1410874,1,43.63,228.19,0,30.1
2026-09-07T16:00,node/7431790448,Santagloria,,,,41.3896086,2.1200086,1,43.63,228.19,0,30.1
2026-09-07T16:00,node/7438491414,,,,,41.3733479,2.1301506,1,43.63,228.19,0,30.1
2026-09-07T16:00,node/7504941029,Iberic Fusión Platja,,,,41.4380577,2.2431806,1,43.63,228.19,0,30.1
2026-09-07T16:00,node/7504941031,l'Altre Can Mario's,,,,41.4405591,2.2418866,1,43.63,228.19,0,30.1
2026-09-07T16:00,node/7504941033,L'Esmolet,,,,41.4432993,2.2460741,1,43.63,228.19,0,30.1
2026-09-07T16:00,node/7504941035,la Masia de la Xesca,,,,41.4452013,2.2417838,1,43.63,228.19,0,30.1
2026-09-07T16:00,node/7556742593,Menjador del Centre,,,,41.4009756,2.2000272,0,43.63,228.19,0,30.1
2026-09-07T16:00,node/7563962192,Passeig9,,,,41.4014488,2.2009478,0,43.63,228.19,0,30.1
2026-09-07T16:00,node/7600529740,Restaurante La Flama,,,,41.3514861,2.1114722,1,43.63,228.19,0,30.1
2026-09-07T16:00,node/7618205068,El Pellizquito,,,,41.3501292,2.1105817,1,43.63,228.19,0,30.1
2026-09-07T16:00,node/7640514041,Bar Plaça Carles Buïgas,,,,41.3711833,2.1510204,1,43.63,228.19,0,30.1
2026-09-07T16:00,node/7644933199,Almirall,,,,41.4100171,2.1883052,1,43.63,228.19,0,30.1
2026-09-07T16:00,node/7704818539,Bar Granja Rocxi,,,,41.3744206,2.1339573,0,43.63,228.19,0,30.1
2026-09-07T16:00,node/7704818548,Cafès Caracas,,,,41.3748038,2.1328052,0,43.63,228.19,0,30.1
2026-09-07T16:00,node/7706832792,Cru Sants,,,,41.3721342,2.1286919,1,43.63,228.19,0,30.1
2026-09-07T16:00,node/7736420790,Mamma Italia,,,,41.3764642,2.1234304,0,43.63,228.19,0,30.1
2026-09-07T16:00,node/7772770550,Eqvilibrivm Café,,,,41.3973065,2.1697662,0,43.63,228.19,0,30.1
2026-09-07T16:00,node/7838098454,El Caserón,,,,41.3838275,2.1398498,0,43.63,228.19,0,30.1
2026-09-07T16:00,node/7925586104,Delicream,,,,41.4572921,2.2290688,1,43.63,228.19,0,30.1
2026-09-07T16:00,node/7989010587,Castañeiras,,,,41.4100358,2.1760296,0,43.63,228.19,0,30.1
2026-09-07T16:00,node/7999604058,Lilo brunch,,,,41.3873718,2.1627034,0,43.63,228.19,0,30.1
2026-09-07T16:00,node/7999616840,Bellillo,,,,41.3879362,2.1620483,0,43.63,228.19,0,30.1
2026-09-07T16:00,node/8034999886,Costa Dorada,,,,41.3980284,2.1986941,0,43.63,228.19,0,30.1
2026-09-07T16:00,node/8046554489,Sport,,,,41.4001224,2.2000188,1,43.63,228.19,0,30.1
2026-09-07T16:00,node/8049731595,Echegaray,,,,41.4018684,2.2023424,0,43.63,228.19,0,30.1
2026-09-07T16:00,node/8049732292,Doroteo,,,,41.4029636,2.2006718,0,43.63,228.19,0,30.1
2026-09-07T16:00,node/8064873985,Saramar,,,,41.3957712,2.1953013,1,43.63,228.19,0,30.1
2026-09-07T16:00,node/8077128420,Tío Bigotes,,,,41.4013922,2.2028846,0,43.63,228.19,0,30.1
2026-09-07T16:00,manual/488492e9,Bar Viejo Cafe,Bar,yes,"Carrer de la Independència, 306, Sant Martí, 08026 Barcelona",41.4116,2.1794,1,43.63,228.19,0,30.1
2026-09-07T16:00,manual/c52f6190,New 88 Bar-Cafeteria,bar,yes,,41.4094505,2.1789589,1,43.63,228.19,0,30.1
2026-09-07T16:00,manual/5d2ea7ea,Restaurant Papá Nico,bar,yes,,41.4094505,2.1789589,1,43.63,228.19,0,30.1
2026-09-07T16:00,manual/c980e39e,Restaurant El Clot,restaurant,yes,,41.4087697,2.1875592,1,43.63,228.19,0,30.1
2026-09-07T17:00,relation/18317100,,,,,41.42,2.1188352,0,34.32,243.28,1,29.7
2026-09-07T17:00,node/208984374,Central Rambla,,,,41.3782716,2.1761732,1,34.32,243.28,1,29.7
2026-09-07T17:00,way/217583616,Can Fisher,,,,41.3946034,2.2062292,1,34.32,243.28,1,29.7
2026-09-07T17:00,way/245214117,la Caseta del Migdia,,,,41.3596833,2.1607145,1,34.32,243.28,1,29.7
2026-09-07T17:00,way/246717741,Mirablau,,,,41.4160323,2.1319129,1,34.32,243.28,1,29.7
2026-09-07T17:00,way/249404809,PURO,,,,41.3911248,2.1461635,0,34.32,243.28,1,29.7
2026-09-07T17:00,way/268912897,Can Cortada,,,,41.4362503,2.1524833,1,34.32,243.28,1,29.7
2026-09-07T17:00,way/315387188,Temple del Metall,,,,41.4741706,2.1662317,1,34.32,243.28,1,29.7
2026-09-07T17:00,way/392926648,Pacha,,,,41.3857491,2.1970415,1,34.32,243.28,1,29.7
2026-09-07T17:00,way/412702054,Camping,,,,41.3953192,2.2042386,1,34.32,243.28,1,29.7
2026-09-07T17:00,way/443599336,Asador Casa Juaco,,,,41.4476663,2.1426909,1,34.32,243.28,1,29.7
2026-09-07T17:00,way/446002194,La Base by Farré,,,,41.3967358,2.2101884,0,34.32,243.28,1,29.7
2026-09-07T17:00,node/476327681,Can Paixano,,,,41.3817618,2.1834151,0,34.32,243.28,1,29.7
2026-09-07T17:00,node/506202703,Bar Almogávares,,,,41.3962323,2.1890864,1,34.32,243.28,1,29.7
2026-09-07T17:00,way/519771543,Restaurant Can Cases,,,,41.4343885,2.0985276,1,34.32,243.28,1,29.7
2026-09-07T17:00,node/534367691,Sant Bartomeu,,,,41.3755248,2.1346488,0,34.32,243.28,1,29.7
2026-09-07T17:00,node/643022131,Euro Bar-Tapas,,,,41.4342324,2.2161197,1,34.32,243.28,1,29.7
2026-09-07T17:00,node/643429648,Joan Figuera,,,,41.4336545,2.2169391,1,34.32,243.28,1,29.7
2026-09-07T17:00,node/643496696,El rincón de Willy,,,,41.4380246,2.2180623,1,34.32,243.28,1,29.7
2026-09-07T17:00,node/643496704,Bar Somni d'estiu,,,,41.4382361,2.2166687,1,34.32,243.28,1,29.7
2026-09-07T17:00,way/655221168,L'Ovella Negra Marina,,,,41.3960196,2.1901331,0,34.32,243.28,1,29.7
2026-09-07T17:00,node/660004524,Bocatapa Can Manel,,,,41.4413833,2.2212875,1,34.32,243.28,1,29.7
2026-09-07T17:00,node/672140180,Kasparo,,,,41.3844847,2.1690087,0,34.32,243.28,1,29.7
2026-09-07T17:00,node/704031158,Café Zurich,,,,41.3858504,2.1694606,1,34.32,243.28,1,29.7
2026-09-07T17:00,node/704042058,Starbucks,,,,41.3888305,2.1719117,0,34.32,243.28,1,29.7
2026-09-07T17:00,node/704058886,Tapa Tapa,,,,41.3916926,2.1660167,1,34.32,243.28,1,29.7
2026-09-07T17:00,node/704060428,Oassis Natural Cooking,,,,41.3901637,2.1678915,1,34.32,243.28,1,29.7
2026-09-07T17:00,node/704066257,Ciutat Comtal,,,,41.3888272,2.1668833,0,34.32,243.28,1,29.7
2026-09-07T17:00,node/704066614,Taller de Tapas,,,,41.3905645,2.1639038,0,34.32,243.28,1,29.7
2026-09-07T17:00,way/707305723,Bar Frankfurt Cafeteria Fabregada,,,,41.3561748,2.1108239,1,34.32,243.28,1,29.7
2026-09-07T17:00,node/745947750,Bar Geminis,,,,41.3976224,2.1807778,0,34.32,243.28,1,29.7
2026-09-07T17:00,node/765796519,La Cafetera,,,,41.4049767,2.1575215,1,34.32,243.28,1,29.7
2026-09-07T17:00,node/814006271,Les 15 Nits Bar,,,,41.3804529,2.1749778,0,34.32,243.28,1,29.7
2026-09-07T17:00,node/819552792,Bracafe,,,,41.3944249,2.1675209,0,34.32,243.28,1,29.7
2026-09-07T17:00,node/824476551,Caleuche,,,,41.3761526,2.1686172,0,34.32,243.28,1,29.7
2026-09-07T17:00,node/830462039,Bar Restaurant Angela,,,,41.4043015,2.1949428,0,34.32,243.28,1,29.7
2026-09-07T17:00,way/907005766,Chevy's Bar,,,,41.4143731,2.2289499,1,34.32,243.28,1,29.7
2026-09-07T17:00,way/969257968,,,,,41.3793991,2.1073385,1,34.32,243.28,1,29.7
2026-09-07T17:00,way/1063378975,Bar Restaurant Oliver,,,,41.3469215,2.1546999,1,34.32,243.28,1,29.7
2026-09-07T17:00,node/1072798261,Taverna del Bisbe,,,,41.3849254,2.1766628,1,34.32,243.28,1,29.7
2026-09-07T17:00,node/1072800838,El Cafè D'en Victor,,,,41.3847931,2.1767008,0,34.32,243.28,1,29.7
2026-09-07T17:00,node/1083144027,Los Caracoles,,,,41.3796584,2.1765082,0,34.32,243.28,1,29.7
2026-09-07T17:00,node/1092685793,Elche,,,,41.3739754,2.1691488,0,34.32,243.28,1,29.7
2026-09-07T17:00,way/1112240803,ForumStation,,,,41.4096655,2.2221501,1,34.32,243.28,1,29.7
2026-09-07T17:00,node/1177498341,Casa Vall,,,,41.4074238,2.1585521,0,34.32,243.28,1,29.7
2026-09-07T17:00,node/1192698924,Bilbao Berria,,,,41.3841976,2.1748665,0,34.32,243.28,1,29.7
2026-09-07T17:00,node/1192699873,Tapas 24,,,,41.3908686,2.1674705,1,34.32,243.28,1,29.7
2026-09-07T17:00,way/1200964257,Chiringuito Joan Miro,,,,41.3789977,2.1478116,1,34.32,243.28,1,29.7
2026-09-07T17:00,node/1264182304,Tosca del Carme,,,,41.3819482,2.1695795,0,34.32,243.28,1,29.7
2026-09-07T17:00,node/1280416455,Carballeira,,,,41.4442679,2.2217701,1,34.32,243.28,1,29.7
2026-09-07T17:00,way/1300745688,La Casona de Sant Just,,,,41.3833348,2.0735139,1,34.32,243.28,1,29.7
2026-09-07T17:00,node/1310450869,El Filete Ruso,,,,41.3925451,2.1558968,0,34.32,243.28,1,29.7
2026-09-07T17:00,node/1312325106,La Palmera,,,,41.4144229,2.1385123,0,34.32,243.28,1,29.7
2026-09-07T17:00,node/1314943380,Mescladís del Pou,,,,41.3870865,2.1803497,0,34.32,243.28,1,29.7
2026-09-07T17:00,node/1335697982,,,,,41.3608771,2.1101417,1,34.32,243.28,1,29.7
2026-09-07T17:00,way/1368167814,Natura Beach. El Chiringuito,,,,41.4028929,2.2157443,1,34.32,243.28,1,29.7
2026-09-07T17:00,node/1420760625,Tapeo,,,,41.4044988,2.1554811,0,34.32,243.28,1,29.7
2026-09-07T17:00,node/1420760630,Diamant,,,,41.4042174,2.1555899,0,34.32,243.28,1,29.7
2026-09-07T17:00,node/1428867664,Café Berlin,,,,41.3943566,2.1494599,0,34.32,243.28,1,29.7
2026-09-07T17:00,node/1430537485,Oasis Restaurant,,,,41.3827219,2.1847191,1,34.32,243.28,1,29.7
2026-09-07T17:00,node/1445598557,Bracafe,,,,41.3948025,2.1817533,0,34.32,243.28,1,29.7
2026-09-07T17:00,node/1554649942,Torrades,,,,41.4375721,2.1566095,1,34.32,243.28,1,29.7
2026-09-07T17:00,node/1554649988,La Panera,,,,41.4374756,2.1563359,1,34.32,243.28,1,29.7
2026-09-07T17:00,node/1658425572,Rebeka,,,,41.3967185,2.1890325,0,34.32,243.28,1,29.7
2026-09-07T17:00,node/1685949861,Cerveceria Milenium 2,,,,41.3534566,2.0866307,1,34.32,243.28,1,29.7
2026-09-07T17:00,node/1711342192,Calero's Centre,,,,41.3744728,2.1349721,1,34.32,243.28,1,29.7
2026-09-07T17:00,node/1722136431,Cervecería Catalana,,,,41.3924032,2.1609008,1,34.32,243.28,1,29.7
2026-09-07T17:00,node/1739122591,La Tagliatella,,,,41.3943371,2.1521208,0,34.32,243.28,1,29.7
2026-09-07T17:00,node/1813593370,Bar Capricornio,,,,41.4381257,2.2179547,1,34.32,243.28,1,29.7
2026-09-07T17:00,node/1820633320,CASA TEVA,,,,41.3752815,2.1166845,1,34.32,243.28,1,29.7
2026-09-07T17:00,node/1824133931,Carmesí,,,,41.3737373,2.1644452,0,34.32,243.28,1,29.7
2026-09-07T17:00,node/1948986220,Cafeteria UPF Jaume I,,,,41.3900298,2.1901118,1,34.32,243.28,1,29.7
2026-09-07T17:00,node/1948987514,Cafeteria UPF Roger de Lluria,,,,41.3886776,2.1915119,0,34.32,243.28,1,29.7
2026-09-07T17:00,node/1951812612,Casa Pagès,,,,41.3998447,2.1613114,0,34.32,243.28,1,29.7
2026-09-07T17:00,node/1960366982,Casa Amalia,,,,41.3962525,2.1685646,0,34.32,243.28,1,29.7
2026-09-07T17:00,node/1984001407,Bar de la FIB,,,,41.3894239,2.1132363,1,34.32,243.28,1,29.7
2026-09-07T17:00,node/2034780565,Cerbeseria Lesseps,,,,41.4073551,2.1514486,1,34.32,243.28,1,29.7
2026-09-07T17:00,node/2034780569,L'Brasseria,,,,41.4067629,2.1516314,0,34.32,243.28,1,29.7
2026-09-07T17:00,node/2056517879,Caelum,,,,41.3830524,2.1744369,0,34.32,243.28,1,29.7
2026-09-07T17:00,node/2065469522,Restaurant Pipa,,,,41.3997461,2.2003004,0,34.32,243.28,1,29.7
2026-09-07T17:00,node/2087204991,La Sanguchería,,,,41.3954987,2.1484037,0,34.32,243.28,1,29.7
2026-09-07T17:00,node/2091604731,Tapa Tapa,,,,41.3762094,2.1500463,1,34.32,243.28,1,29.7
2026-09-07T17:00,node/2112843062,El Vaixell-2,,,,41.4541291,2.2350201,1,34.32,243.28,1,29.7
2026-09-07T17:00,node/2165154147,Asador de Lugo,,,,41.3797623,2.1376748,0,34.32,243.28,1,29.7
2026-09-07T17:00,node/2184580476,Bar del Pi,,,,41.3824922,2.1739624,1,34.32,243.28,1,29.7
2026-09-07T17:00,node/2187210264,Sopa,,,,41.4023416,2.1952788,1,34.32,243.28,1,29.7
2026-09-07T17:00,node/2197824500,Tierra del fuego,,,,41.4016702,2.2016399,0,34.32,243.28,1,29.7
2026-09-07T17:00,node/2213839299,Pollo Rico,,,,41.3791045,2.1721976,0,34.32,243.28,1,29.7
2026-09-07T17:00,node/2364075421,Chen-Ji,,,,41.3936143,2.1807074,0,34.32,243.28,1,29.7
2026-09-07T17:00,node/2434563732,La Bella Napoli,,,,41.3743686,2.1637621,0,34.32,243.28,1,29.7
2026-09-07T17:00,node/2442785485,El Círcol,,,,41.4501968,2.2474223,1,34.32,243.28,1,29.7
2026-09-07T17:00,node/2468197823,365 Cafeteria Forn de Pa,,,,41.3752071,2.1635151,1,34.32,243.28,1,29.7
2026-09-07T17:00,node/2476332030,Bar Lennon,,,,41.4028901,2.1612576,0,34.32,243.28,1,29.7
2026-09-07T17:00,node/2500906795,Bar Lúdic Queimada Nivell Q,,,,41.4094152,2.1808913,0,34.32,243.28,1,29.7
2026-09-07T17:00,node/2598482930,Con Gracia,,,,41.3990704,2.1600617,0,34.32,243.28,1,29.7
2026-09-07T17:00,node/2609183969,Fukuoka,,,,41.4022587,2.1612976,0,34.32,243.28,1,29.7
2026-09-07T17:00,node/2610750687,Xiringuito Aigua,,,,41.4096717,2.1683236,1,34.32,243.28,1,29.7
2026-09-07T17:00,node/2618447074,Vegetalia,,,,41.3803973,2.1776952,0,34.32,243.28,1,29.7
2026-09-07T17:00,node/2618538581,Veggie Garden,,,,41.3822767,2.1680336,1,34.32,243.28,1,29.7
2026-09-07T17:00,node/2618538595,Biocenter,,,,41.3825765,2.1694364,0,34.32,243.28,1,29.7
2026-09-07T17:00,node/2684052224,Pai Mei,,,,41.4051863,2.1931071,1,34.32,243.28,1,29.7
2026-09-07T17:00,node/2687089274,Dolça Estona,,,,41.4117096,2.1394938,0,34.32,243.28,1,29.7
2026-09-07T17:00,node/2689736934,Bar Bodega Molina,,,,41.4403298,2.1817019,0,34.32,243.28,1,29.7
2026-09-07T17:00,node/2721077740,Bar Veni,,,,41.3848861,2.1667078,0,34.32,243.28,1,29.7
2026-09-07T17:00,node/2727449418,Las Euras,,,,41.3998785,2.1577187,0,34.32,243.28,1,29.7
2026-09-07T17:00,node/2793491051,La bona tapa,,,,41.4368098,2.2166172,1,34.32,243.28,1,29.7
2026-09-07T17:00,node/2892028393,Kino,,,,41.3825992,2.1665452,0,34.32,243.28,1,29.7
2026-09-07T17:00,node/2892037115,23 Robadors,,,,41.3796029,2.1708903,0,34.32,243.28,1,29.7
2026-09-07T17:00,node/2910255826,Shôko,,,,41.3854991,2.1969746,1,34.32,243.28,1,29.7
2026-09-07T17:00,node/2910255827,Opium,,,,41.3852778,2.1967099,1,34.32,243.28,1,29.7
2026-09-07T17:00,node/2927944587,Tapas Tapas!,,,,41.3745104,2.1829399,1,34.32,243.28,1,29.7
2026-09-07T17:00,node/2951499208,El racó d'en Henry,,,,41.4394757,2.2215013,1,34.32,243.28,1,29.7
2026-09-07T17:00,node/2966340931,El Capritx,,,,41.4022886,2.1998883,0,34.32,243.28,1,29.7
2026-09-07T17:00,node/2968119440,Can Tresó,,,,41.4028999,2.1537483,0,34.32,243.28,1,29.7
2026-09-07T17:00,node/2969276727,La Sirena Verde,,,,41.4027605,2.1657128,1,34.32,243.28,1,29.7
2026-09-07T17:00,node/2969277275,Café de l'Eixample,,,,41.4005021,2.1690108,0,34.32,243.28,1,29.7
2026-09-07T17:00,node/2970751844,Taverna El Disbarat,,,,41.4017728,2.1545227,1,34.32,243.28,1,29.7
2026-09-07T17:00,node/3007755352,La Pausa,,,,41.4071883,2.1557816,1,34.32,243.28,1,29.7
2026-09-07T17:00,node/3007803307,Oh La Lá,,,,41.4460123,2.2485803,1,34.32,243.28,1,29.7
2026-09-07T17:00,node/3048077142,L'Aliança del Poblenou,,,,41.3997067,2.2032276,0,34.32,243.28,1,29.7
2026-09-07T17:00,node/3049368344,Clot76,,,,41.4082815,2.1885259,1,34.32,243.28,1,29.7
2026-09-07T17:00,node/3084370508,Marina Bay By Moncho's,,,,41.3863077,2.1975017,0,34.32,243.28,1,29.7
2026-09-07T17:00,node/3084507933,Caravelle,,,,41.3822872,2.1688475,0,34.32,243.28,1,29.7
2026-09-07T17:00,node/3120072573,Bar Restaurant Nàutic,,,,41.3806088,2.1408397,1,34.32,243.28,1,29.7
2026-09-07T17:00,node/3177990194,Mezcal Taco Bar,,,,41.3830563,2.1554872,0,34.32,243.28,1,29.7
2026-09-07T17:00,node/3270120640,Luigi,,,,41.3862659,2.1753788,0,34.32,243.28,1,29.7
2026-09-07T17:00,node/3271554311,Al Sultán,,,,41.4035661,2.1554863,0,34.32,243.28,1,29.7
2026-09-07T17:00,node/3328694987,Nou Candanchú,,,,41.4005128,2.1576475,0,34.32,243.28,1,29.7
2026-09-07T17:00,node/3339670930,Bahia,,,,41.3803265,2.1774842,0,34.32,243.28,1,29.7
2026-09-07T17:00,node/3441700493,Santos Tapas,,,,41.3818417,2.1745121,0,34.32,243.28,1,29.7
2026-09-07T17:00,node/3491476947,Bar del Pla,,,,41.3856036,2.1800221,0,34.32,243.28,1,29.7
2026-09-07T17:00,node/3496970198,Centre Cívic Can Deu,,,,41.3869027,2.1327794,1,34.32,243.28,1,29.7
2026-09-07T17:00,node/3504769719,El Rincón,,,,41.3908977,2.1900669,1,34.32,243.28,1,29.7
2026-09-07T17:00,node/3517276245,Bar Canigó,,,,41.4029724,2.1579186,0,34.32,243.28,1,29.7
2026-09-07T17:00,node/3522552400,Àpat's,,,,41.3757617,2.1419109,0,34.32,243.28,1,29.7
2026-09-07T17:00,node/3548547194,El Bon Menjador - 2,,,,41.4388101,2.2172863,1,34.32,243.28,1,29.7
2026-09-07T17:00,node/3548548998,Bar Morales,,,,41.4395878,2.2165237,1,34.32,243.28,1,29.7
2026-09-07T17:00,node/3548613495,Bar Paula's Tapería,,,,41.4385437,2.2175484,1,34.32,243.28,1,29.7
2026-09-07T17:00,node/3556089494,Delicias Mediterráneas,,,,41.4415079,2.2267435,1,34.32,243.28,1,29.7
2026-09-07T17:00,node/3556089497,Xurreria Rodríguez,,,,41.4416928,2.2264651,1,34.32,243.28,1,29.7
2026-09-07T17:00,node/3556089803,Bar de La Salut,,,,41.4422594,2.2258792,1,34.32,243.28,1,29.7
2026-09-07T17:00,node/3560942698,Sandvitxeria Alhociema,,,,41.4443624,2.2236761,1,34.32,243.28,1,29.7
2026-09-07T17:00,node/3560955995,Centro Cultural Castellano-manchego,,,,41.4390698,2.2176297,1,34.32,243.28,1,29.7
2026-09-07T17:00,node/3595399490,Bar Familiar,,,,41.4359163,2.2182018,1,34.32,243.28,1,29.7
2026-09-07T17:00,node/3595399769,La granja de Casablanca,,,,41.4357671,2.2189395,1,34.32,243.28,1,29.7
2026-09-07T17:00,node/3595401238,Bar Alcázar,,,,41.4365542,2.2183742,1,34.32,243.28,1,29.7
2026-09-07T17:00,node/3596986411,Agrupación Cultural Galega Agarimos,,,,41.4358268,2.2165495,1,34.32,243.28,1,29.7
2026-09-07T17:00,node/3612059306,Nabuco Tiramisú,,,,41.4004523,2.1577244,1,34.32,243.28,1,29.7
2026-09-07T17:00,node/3620986554,Yamane,,,,41.3868061,2.1808426,0,34.32,243.28,1,29.7
2026-09-07T17:00,node/3620991692,Yamaneko-ryouri,,,,41.4016619,2.1447787,1,34.32,243.28,1,29.7
2026-09-07T17:00,node/3624045193,Bar-Granja Maribel,,,,41.4399092,2.2235793,1,34.32,243.28,1,29.7
2026-09-07T17:00,node/3624045293,Bar La Cantonada,,,,41.4396227,2.2242325,1,34.32,243.28,1,29.7
2026-09-07T17:00,node/3713349650,Groin's,,,,41.4108415,2.1637178,0,34.32,243.28,1,29.7
2026-09-07T17:00,node/3718061014,Bar Calders,,,,41.3764788,2.1623937,0,34.32,243.28,1,29.7
2026-09-07T17:00,node/3730796125,Buenas Migas,,,,41.3975542,2.1587856,1,34.32,243.28,1,29.7
2026-09-07T17:00,node/3761312382,La Fonda,,,,41.3793598,2.1762144,0,34.32,243.28,1,29.7
2026-09-07T17:00,node/3777075876,Oaxaca,,,,41.3821041,2.1838988,0,34.32,243.28,1,29.7
2026-09-07T17:00,node/3779149860,EsPan's,,,,41.4349094,2.2194667,1,34.32,243.28,1,29.7
2026-09-07T17:00,node/3794002044,Samurai Ramen,,,,41.3736753,2.1548947,1,34.32,243.28,1,29.7
2026-09-07T17:00,node/3804046057,Robata Sushi & Grill,,,,41.3904886,2.1585836,0,34.32,243.28,1,29.7
2026-09-07T17:00,node/3809169458,Freiduría El Boquerón,,,,41.4400822,2.2264769,1,34.32,243.28,1,29.7
2026-09-07T17:00,node/3809169459,Marisquería Melchor,,,,41.4401715,2.2266602,1,34.32,243.28,1,29.7
2026-09-07T17:00,node/3809169461,Elhotro bar,,,,41.4401247,2.2268506,1,34.32,243.28,1,29.7
2026-09-07T17:00,node/3809169658,Carte d'Or,,,,41.4403068,2.2274065,1,34.32,243.28,1,29.7
2026-09-07T17:00,node/3809169668,Vivari,,,,41.4408122,2.2271125,1,34.32,243.28,1,29.7
2026-09-07T17:00,node/3809169669,Pantaiberic delicatessen,,,,41.4408174,2.2269502,1,34.32,243.28,1,29.7
2026-09-07T17:00,node/3840009426,La Esquinica,,,,41.4304816,2.1712169,0,34.32,243.28,1,29.7
2026-09-07T17:00,node/3874539219,Café del Centre,,,,41.3946111,2.1712059,0,34.32,243.28,1,29.7
2026-09-07T17:00,node/3890922254,Characato,,,,41.4046885,2.1836218,0,34.32,243.28,1,29.7
2026-09-07T17:00,node/3901403358,Les Dues Sicilies,,,,41.3866097,2.1802613,0,34.32,243.28,1,29.7
2026-09-07T17:00,node/3955968257,El racó de les Glòries,,,,41.3986109,2.1978895,1,34.32,243.28,1,29.7
2026-09-07T17:00,node/4060217594,Matt & Marshall,,,,41.3993348,2.1997769,0,34.32,243.28,1,29.7
2026-09-07T17:00,node/4073605889,Mariscco,,,,41.3804885,2.1753271,0,34.32,243.28,1,29.7
2026-09-07T17:00,node/4126257971,Xixbar,,,,41.3758485,2.1576176,0,34.32,243.28,1,29.7
2026-09-07T17:00,node/4127494769,Vapiano,,,,41.3788941,2.1758361,1,34.32,243.28,1,29.7
2026-09-07T17:00,node/4138815989,Nømad Cøffee,,,,41.3889108,2.1771731,0,34.32,243.28,1,29.7
2026-09-07T17:00,node/4150499794,El 68,,,,41.4023622,2.1612062,0,34.32,243.28,1,29.7
2026-09-07T17:00,node/4166496789,Bar Thonet Grill Room,,,,41.3792408,2.1761073,0,34.32,243.28,1,29.7
2026-09-07T17:00,node/4168100800,Cervecería Frankfurt Europa,,,,41.4396191,2.2191504,1,34.32,243.28,1,29.7
2026-09-07T17:00,node/4225209596,Bar El Velodromo,,,,41.3934442,2.1501395,0,34.32,243.28,1,29.7
2026-09-07T17:00,node/4225810298,Bar Nolla,,,,41.3905504,2.1647825,0,34.32,243.28,1,29.7
2026-09-07T17:00,node/4233959493,Pastisseria Granja,,,,41.3795042,2.1792309,0,34.32,243.28,1,29.7
2026-09-07T17:00,node/4239222689,Rekons,,,,41.3806195,2.1610796,0,34.32,243.28,1,29.7
2026-09-07T17:00,node/4244877765,Bar La Peña,,,,41.4404265,2.2170329,1,34.32,243.28,1,29.7
2026-09-07T17:00,node/4247196393,cal mariner,,,,41.3791754,2.1898206,0,34.32,243.28,1,29.7
2026-09-07T17:00,node/4253851490,El Trencadís,,,,41.3937976,2.1655309,0,34.32,243.28,1,29.7
2026-09-07T17:00,node/4253862889,Hummus,,,,41.3912547,2.1611975,0,34.32,243.28,1,29.7
2026-09-07T17:00,node/4254090289,La tasqueta de Blai,,,,41.3733347,2.1652358,0,34.32,243.28,1,29.7
2026-09-07T17:00,node/4254094290,Rosa Negra,,,,41.3819164,2.1687596,0,34.32,243.28,1,29.7
2026-09-07T17:00,node/4254704967,Firebug Brunch,,,,41.3927459,2.1778691,0,34.32,243.28,1,29.7
2026-09-07T17:00,node/4254996890,La Macchina,,,,41.4030005,2.1535966,0,34.32,243.28,1,29.7
2026-09-07T17:00,node/4267035492,Kebabish,,,,41.4409198,2.2217884,1,34.32,243.28,1,29.7
2026-09-07T17:00,node/4267055591,La cantina del tapeo,,,,41.4420999,2.2200224,1,34.32,243.28,1,29.7
2026-09-07T17:00,node/4278033120,Buenas Migas,,,,41.3838044,2.1696233,0,34.32,243.28,1,29.7
2026-09-07T17:00,node/4283188047,Granja Romaní,,,,41.4348618,2.2179712,1,34.32,243.28,1,29.7
2026-09-07T17:00,node/4283194434,Bar La Paradeta,,,,41.4337773,2.2167771,1,34.32,243.28,1,29.7
2026-09-07T17:00,node/4291934189,Fonda Espanya,,,,41.3799009,2.1728032,0,34.32,243.28,1,29.7
2026-09-07T17:00,node/4306440989,Blai 9,,,,41.3730722,2.1658539,0,34.32,243.28,1,29.7
2026-09-07T17:00,node/4314857689,El punt,,,,41.4413807,2.2316251,1,34.32,243.28,1,29.7
2026-09-07T17:00,node/4314859689,Versace,,,,41.4337089,2.2172203,1,34.32,243.28,1,29.7
2026-09-07T17:00,node/4315715092,Petit Comitè,,,,41.3943551,2.1600308,0,34.32,243.28,1,29.7
2026-09-07T17:00,node/4321183403,Brunch & Cake,,,,41.3882834,2.1615596,0,34.32,243.28,1,29.7
2026-09-07T17:00,node/4336933393,Mayura,,,,41.3938992,2.1720914,0,34.32,243.28,1,29.7
2026-09-07T17:00,node/4340119890,VIENA,,,,41.3579934,2.1293918,1,34.32,243.28,1,29.7
2026-09-07T17:00,node/4349925690,Nemrut,,,,41.3810051,2.1772158,0,34.32,243.28,1,29.7
2026-09-07T17:00,node/4350019284,Palosanto,,,,41.3808122,2.1772701,0,34.32,243.28,1,29.7
2026-09-07T17:00,node/4364289794,Faborit Casa Amatller,,,,41.3915836,2.1650592,0,34.32,243.28,1,29.7
2026-09-07T17:00,node/4386702690,Red Ant Noodle Bar,,,,41.3880129,2.1810961,0,34.32,243.28,1,29.7
2026-09-07T17:00,node/4396244190,Fresc Co,,,,41.3891657,2.1969678,0,34.32,243.28,1,29.7
2026-09-07T17:00,node/4401234193,BlackLab Brewhouse & Kitchen,,,,41.3812305,2.1854573,1,34.32,243.28,1,29.7
2026-09-07T17:00,node/4431102493,Forn Puiggròs,,,,41.4102615,2.1741597,0,34.32,243.28,1,29.7
2026-09-07T17:00,node/4439412389,La Vinya del Senyor,,,,41.3832546,2.1818655,0,34.32,243.28,1,29.7
2026-09-07T17:00,node/4440352791,La Gavina,,,,41.3807532,2.1853211,1,34.32,243.28,1,29.7
2026-09-07T17:00,node/4443367289,Pannus,,,,41.3863691,2.1726728,0,34.32,243.28,1,29.7
2026-09-07T17:00,node/4449185678,Il Caffè di Francesco,,,,41.3908733,2.1652201,0,34.32,243.28,1,29.7
2026-09-07T17:00,node/4451904190,Bar Granadino,,,,41.4404153,2.2238276,1,34.32,243.28,1,29.7
2026-09-07T17:00,node/4451904193,La ciudad de oro,,,,41.4408727,2.2240695,1,34.32,243.28,1,29.7
2026-09-07T17:00,node/4451986792,Cafe Bar Florida,,,,41.4403503,2.2236929,1,34.32,243.28,1,29.7
2026-09-07T17:00,node/4451986793,Bar Amigo,,,,41.4411469,2.2238965,1,34.32,243.28,1,29.7
2026-09-07T17:00,node/4451988991,Bar Frankfurt Jaime,,,,41.4408051,2.2241201,1,34.32,243.28,1,29.7
2026-09-07T17:00,node/4451989090,Entre tapes,,,,41.4423118,2.2237245,1,34.32,243.28,1,29.7
2026-09-07T17:00,node/4451992791,Bar Leo,,,,41.4406309,2.2245529,1,34.32,243.28,1,29.7
2026-09-07T17:00,node/4452031691,Bar La Granja,,,,41.4427953,2.2241899,1,34.32,243.28,1,29.7
2026-09-07T17:00,node/4455238130,Anahuac,,,,41.3965161,2.1513989,0,34.32,243.28,1,29.7
2026-09-07T17:00,node/4461595656,Cafeteria de la Biblioteca Jaumer Fuster,,,,41.4075557,2.1493457,0,34.32,243.28,1,29.7
2026-09-07T17:00,node/4470059420,Mesón Gallego,,,,41.3818896,2.0709288,1,34.32,243.28,1,29.7
2026-09-07T17:00,node/4486639527,Boldú,,,,41.3973783,2.1517865,1,34.32,243.28,1,29.7
2026-09-07T17:00,node/4486683966,La Tagliatella,,,,41.3974141,2.1514101,0,34.32,243.28,1,29.7
2026-09-07T17:00,node/4503193765,Bicioci,,,,41.3999229,2.1619101,0,34.32,243.28,1,29.7
2026-09-07T17:00,node/4509411660,Bar Mediterráneo,,,,41.4343007,2.2180868,1,34.32,243.28,1,29.7
2026-09-07T17:00,node/4516538193,Más Que Sushi,,,,41.3774227,2.1527247,1,34.32,243.28,1,29.7
2026-09-07T17:00,node/4516600994,Salambó,,,,41.4044546,2.1576355,0,34.32,243.28,1,29.7
2026-09-07T17:00,node/4520259289,Cachitos,,,,41.3953057,2.1536913,1,34.32,243.28,1,29.7
2026-09-07T17:00,node/4572063790,Cafetería 365,,,,41.3744652,2.1675541,0,34.32,243.28,1,29.7
2026-09-07T17:00,node/4580517495,Cadaqués,,,,41.4004717,2.1574102,0,34.32,243.28,1,29.7
2026-09-07T17:00,node/4591423938,Arabia Cafe,,,,41.3796023,2.1762764,0,34.32,243.28,1,29.7
2026-09-07T17:00,node/4602957463,Otafuku Daifuku,,,,41.3861633,2.1813225,0,34.32,243.28,1,29.7
2026-09-07T17:00,node/4631918790,Casa López,,,,41.4047191,2.1550626,0,34.32,243.28,1,29.7
2026-09-07T17:00,node/4643974106,Kyoka Via Augusta,,,,41.3979693,2.1315017,1,34.32,243.28,1,29.7
2026-09-07T17:00,node/4654613659,afiparc,,,,41.4134414,2.1527296,1,34.32,243.28,1,29.7
2026-09-07T17:00,node/4668687590,Can Vilaró,,,,41.3779004,2.1617005,0,34.32,243.28,1,29.7
2026-09-07T17:00,node/4673198082,Montesquiu,,,,41.4046825,2.1325233,0,34.32,243.28,1,29.7
2026-09-07T17:00,node/4680760648,Sushi Taller,,,,41.4048621,2.1326565,0,34.32,243.28,1,29.7
2026-09-07T17:00,node/4681801089,Orxateria la Valenciana,,,,41.3863413,2.1622578,0,34.32,243.28,1,29.7
2026-09-07T17:00,node/4704972453,majide,,,,41.3849224,2.1674688,0,34.32,243.28,1,29.7
2026-09-07T17:00,node/4709933976,Sottovoce,,,,41.3579226,2.1294974,1,34.32,243.28,1,29.7
2026-09-07T17:00,node/4711659235,Casa Lolea,,,,41.3888056,2.1771897,0,34.32,243.28,1,29.7
2026-09-07T17:00,node/4720526074,El Charrito,,,,41.3896183,2.1662427,1,34.32,243.28,1,29.7
2026-09-07T17:00,node/4721286889,Prodigi,,,,41.3985973,2.1659559,0,34.32,243.28,1,29.7
2026-09-07T17:00,node/4726582894,Catalina Cafe,,,,41.3862071,2.1793039,0,34.32,243.28,1,29.7
2026-09-07T17:00,node/4726583193,Betlem,,,,41.3949258,2.1712207,0,34.32,243.28,1,29.7
2026-09-07T17:00,node/4727975192,La Coruña,,,,41.4083413,2.1851911,0,34.32,243.28,1,29.7
2026-09-07T17:00,node/4728103192,Cafè Arrels,,,,41.4137041,2.1809929,0,34.32,243.28,1,29.7
2026-09-07T17:00,node/4729343193,Cervecería Frankfurt El Molino,,,,41.3746194,2.1669636,0,34.32,243.28,1,29.7
2026-09-07T17:00,node/4735766123,I'll Pomo d'Oro,,,,41.3926987,2.1585151,0,34.32,243.28,1,29.7
2026-09-07T17:00,node/4743830714,Casa Escarré (Joan's),,,,41.3747567,2.1427755,1,34.32,243.28,1,29.7
2026-09-07T17:00,node/4751727952,Bar Ribalda,,,,41.4026552,2.1328307,0,34.32,243.28,1,29.7
2026-09-07T17:00,node/4755496723,Brewdog,,,,41.3857301,2.1581661,0,34.32,243.28,1,29.7
2026-09-07T17:00,node/4756509699,Morro fi,,,,41.3833069,2.1550311,0,34.32,243.28,1,29.7
2026-09-07T17:00,node/4776357929,Tomodachi,,,,41.4053891,2.1644663,1,34.32,243.28,1,29.7
2026-09-07T17:00,node/4778618049,De Gustibus Italiae,,,,41.4027491,2.1330183,0,34.32,243.28,1,29.7
2026-09-07T17:00,node/4784670742,Índigo Café,,,,41.3874831,2.1626443,0,34.32,243.28,1,29.7
2026-09-07T17:00,node/4792724121,Venus Delicatessen Barcelona,,,,41.3807065,2.1779781,0,34.32,243.28,1,29.7
2026-09-07T17:00,node/4802341078,El Quatre,,,,41.4031267,2.1333762,0,34.32,243.28,1,29.7
2026-09-07T17:00,node/4805335780,Madonna Vegan,,,,41.3812162,2.1671279,0,34.32,243.28,1,29.7
2026-09-07T17:00,node/4816093515,Olímpic Bar,,,,41.4422394,2.2177816,1,34.32,243.28,1,29.7
2026-09-07T17:00,node/4822739686,Bar El Racó,,,,41.4417497,2.2212713,1,34.32,243.28,1,29.7
2026-09-07T17:00,node/4838956921,Supra,,,,41.3910798,2.1613999,0,34.32,243.28,1,29.7
2026-09-07T17:00,node/4844565923,Pampa Drugstore,,,,41.3827176,2.1712051,0,34.32,243.28,1,29.7
2026-09-07T17:00,node/4847673021,Usagui,,,,41.4021671,2.1463849,0,34.32,243.28,1,29.7
2026-09-07T17:00,node/4859449960,Restaurant el Magatzem,,,,41.3805096,2.1863595,0,34.32,243.28,1,29.7
2026-09-07T17:00,node/4859450597,Restaurant Cal Pinxo,,,,41.3806265,2.1855795,1,34.32,243.28,1,29.7
2026-09-07T17:00,node/4867833221,Pizzeria El Mundo,,,,41.3751322,2.1231212,1,34.32,243.28,1,29.7
2026-09-07T17:00,node/4881181797,Sierra Nevada,,,,41.4420581,2.1834715,0,34.32,243.28,1,29.7
2026-09-07T17:00,node/4903340658,El Ramblero,,,,41.4219271,2.1969049,1,34.32,243.28,1,29.7
2026-09-07T17:00,node/4906736149,L'Olivera,,,,41.4058547,2.1893093,1,34.32,243.28,1,29.7
2026-09-07T17:00,node/4917663030,Picnic,,,,41.4179648,2.1988442,0,34.32,243.28,1,29.7
2026-09-07T17:00,node/4937772721,Vila's Bar,,,,41.4059086,2.1571314,0,34.32,243.28,1,29.7
2026-09-07T17:00,node/4938104321,Hammock Juice Station,,,,41.3971863,2.1671778,1,34.32,243.28,1,29.7
2026-09-07T17:00,node/4973805221,Brunch & Cake by the sea,,,,41.3809714,2.1872568,1,34.32,243.28,1,29.7
2026-09-07T17:00,node/4973805421,Quinoa Aragó Vegetarià,,,,41.3886233,2.1598684,0,34.32,243.28,1,29.7
2026-09-07T17:00,node/4977546909,Tonkotsu,,,,41.3938467,2.1650368,0,34.32,243.28,1,29.7
2026-09-07T17:00,node/4983764927,Cervecería-Frankfurt,,,,41.4394391,2.2207951,1,34.32,243.28,1,29.7
2026-09-07T17:00,node/4983764935,Max Bar,,,,41.4401476,2.2214687,1,34.32,243.28,1,29.7
2026-09-07T17:00,node/4983764944,Bar Verín,,,,41.4396911,2.2210187,1,34.32,243.28,1,29.7
2026-09-07T17:00,node/4983764949,Bar R'Aurora,,,,41.4400582,2.2213943,1,34.32,243.28,1,29.7
2026-09-07T17:00,node/4983764952,Trocadero,,,,41.4385047,2.2204982,1,34.32,243.28,1,29.7
2026-09-07T17:00,node/4983764957,Bar La Alpujarra,,,,41.4420698,2.2228867,1,34.32,243.28,1,29.7
2026-09-07T17:00,node/4983764958,Sant Mori,,,,41.4390777,2.2210618,1,34.32,243.28,1,29.7
2026-09-07T17:00,node/4983764960,El buen gusto,,,,41.4411919,2.2225719,1,34.32,243.28,1,29.7
2026-09-07T17:00,node/4983764965,Bar Junior Bodega,,,,41.4417139,2.2225318,1,34.32,243.28,1,29.7
2026-09-07T17:00,node/4983764975,Bar Satisfecho,,,,41.4385461,2.2198488,1,34.32,243.28,1,29.7
2026-09-07T17:00,node/4983765002,Bar sushi Salon,,,,41.4425727,2.2233672,1,34.32,243.28,1,29.7
2026-09-07T17:00,node/4983765004,Corre que se acaban,,,,41.4392453,2.2212328,1,34.32,243.28,1,29.7
2026-09-07T17:00,node/4983765005,365,,,,41.4403303,2.2225575,1,34.32,243.28,1,29.7
2026-09-07T17:00,node/4984256695,Pampa Mía,,,,41.4085709,2.2035603,0,34.32,243.28,1,29.7
2026-09-07T17:00,node/4991221422,Salterio,,,,41.3825107,2.1760837,0,34.32,243.28,1,29.7
2026-09-07T17:00,node/5007434606,La Balmesina,,,,41.3970301,2.1522555,0,34.32,243.28,1,29.7
2026-09-07T17:00,node/5010794721,Syra Coffee,,,,41.4014925,2.1595216,0,34.32,243.28,1,29.7
2026-09-07T17:00,node/5010794821,Nomad Frutas Selectas,,,,41.3979292,2.1955517,0,34.32,243.28,1,29.7
2026-09-07T17:00,node/5023905423,Petra,,,,41.4038883,2.1551166,0,34.32,243.28,1,29.7
2026-09-07T17:00,node/5028969022,Guzzo,,,,41.3850929,2.1836594,0,34.32,243.28,1,29.7
2026-09-07T17:00,node/5030247521,La Pantera Rosa,,,,41.4010493,2.1525903,0,34.32,243.28,1,29.7
2026-09-07T17:00,node/5037900607,Orio,,,,41.3819545,2.1763606,0,34.32,243.28,1,29.7
2026-09-07T17:00,node/5048602525,Blau Cel,,,,41.4043091,2.1612896,0,34.32,243.28,1,29.7
2026-09-07T17:00,node/5053669724,La Xula Taperia,,,,41.4023295,2.1586126,0,34.32,243.28,1,29.7
2026-09-07T17:00,node/5081388242,La Raposa,,,,41.3725137,2.1639527,0,34.32,243.28,1,29.7
2026-09-07T17:00,node/5082277825,Vermuteria Puigmartí,,,,41.4013967,2.1590604,0,34.32,243.28,1,29.7
2026-09-07T17:00,node/5082277826,Caracas,,,,41.4020908,2.1601676,0,34.32,243.28,1,29.7
2026-09-07T17:00,node/5082288821,Curuba,,,,41.3999554,2.1574731,0,34.32,243.28,1,29.7
2026-09-07T17:00,node/5086827321,Metric Market,,,,41.3916196,2.1419287,0,34.32,243.28,1,29.7
2026-09-07T17:00,node/5088945722,La Juanola,,,,41.4066765,2.1569377,0,34.32,243.28,1,29.7
2026-09-07T17:00,node/5089333723,Ciuri‘s,,,,41.4052466,2.1565749,0,34.32,243.28,1,29.7
2026-09-07T17:00,node/5105012628,Entre Hores,,,,41.4030943,2.1577829,0,34.32,243.28,1,29.7
2026-09-07T17:00,node/5109943322,Intrèpid,,,,41.4043018,2.1550041,0,34.32,243.28,1,29.7
2026-09-07T17:00,node/5110964523,La Trobada,,,,41.4015625,2.1520155,0,34.32,243.28,1,29.7
2026-09-07T17:00,node/5111094221,El Dorado Chicken,,,,41.3930251,2.1579995,0,34.32,243.28,1,29.7
2026-09-07T17:00,node/5113896626,Granja Fimon's,,,,41.4477805,2.2438919,1,34.32,243.28,1,29.7
2026-09-07T17:00,node/5118124314,Kebab Bocateli,,,,41.4426035,2.2166674,1,34.32,243.28,1,29.7
2026-09-07T17:00,node/5118126421,Bar Frankfurt Polideportivo,,,,41.4429429,2.2162226,1,34.32,243.28,1,29.7
2026-09-07T17:00,node/5118126428,Granja Modesto,,,,41.4343689,2.2158958,1,34.32,243.28,1,29.7
2026-09-07T17:00,node/5118126435,Cafeteria i Forn de pa Grey,,,,41.4332655,2.2174982,1,34.32,243.28,1,29.7
2026-09-07T17:00,node/5118126438,Frankfurt Piscis,,,,41.4360107,2.2158678,1,34.32,243.28,1,29.7
2026-09-07T17:00,node/5118126440,Bar Julio,,,,41.4348299,2.2151483,1,34.32,243.28,1,29.7
2026-09-07T17:00,node/5118126443,Bar Beethoven,,,,41.4328863,2.2181523,1,34.32,243.28,1,29.7
2026-09-07T17:00,node/5118126453,Bar Bondia,,,,41.4342763,2.2160261,1,34.32,243.28,1,29.7
2026-09-07T17:00,node/5128075585,Monkey Factory,,,,41.3927261,2.1544614,1,34.32,243.28,1,29.7
2026-09-07T17:00,node/5137360822,El Jardí,,,,41.4475237,2.2469586,1,34.32,243.28,1,29.7
2026-09-07T17:00,node/5144745888,Bar La Imperial,,,,41.4372451,2.2200669,1,34.32,243.28,1,29.7
2026-09-07T17:00,node/5144745889,Gabi,,,,41.4372105,2.2199582,1,34.32,243.28,1,29.7
2026-09-07T17:00,node/5144745893,Bar India,,,,41.4420657,2.2284253,1,34.32,243.28,1,29.7
2026-09-07T17:00,node/5144745896,Mokka,,,,41.4371063,2.2201689,1,34.32,243.28,1,29.7
2026-09-07T17:00,node/5156690125,Loc,,,,41.4351636,2.2283155,1,34.32,243.28,1,29.7
2026-09-07T17:00,node/5160440326,Les Termes Bdn,,,,41.4520115,2.2476488,1,34.32,243.28,1,29.7
2026-09-07T17:00,node/5167185733,La Sucursal,,,,41.3806502,2.1611889,0,34.32,243.28,1,29.7
2026-09-07T17:00,node/5167569072,El Mercader de L'Eixample,,,,41.3923316,2.1603286,0,34.32,243.28,1,29.7
2026-09-07T17:00,node/5168232324,Colmado,,,,41.3819235,2.1744264,0,34.32,243.28,1,29.7
2026-09-07T17:00,node/5175039621,Green's,,,,41.3959672,2.1496553,1,34.32,243.28,1,29.7
2026-09-07T17:00,node/5176233727,Els Porxos,,,,41.4031581,2.1751611,1,34.32,243.28,1,29.7
2026-09-07T17:00,node/5182260830,Catafal,,,,41.4088089,2.1468574,1,34.32,243.28,1,29.7
2026-09-07T17:00,node/5190930121,Casa Ángel,,,,41.4070235,2.1818566,0,34.32,243.28,1,29.7
2026-09-07T17:00,node/5192085421,Esterri,,,,41.3812805,2.1618108,0,34.32,243.28,1,29.7
2026-09-07T17:00,node/5198200824,Copa d'Or,,,,41.3963876,2.1688461,0,34.32,243.28,1,29.7
2026-09-07T17:00,node/5198200829,Gyoza Bistró,,,,41.3940771,2.1723519,0,34.32,243.28,1,29.7
2026-09-07T17:00,node/5198201036,Nou Can Codina,,,,41.3989586,2.1608728,0,34.32,243.28,1,29.7
2026-09-07T17:00,node/5198201122,La Particcela,,,,41.3961328,2.1697679,0,34.32,243.28,1,29.7
2026-09-07T17:00,node/5198201124,Riko's Braseria - Restaurante,,,,41.3929731,2.1692667,0,34.32,243.28,1,29.7
2026-09-07T17:00,node/5199743028,seven7seven,,,,41.3898868,2.1622344,1,34.32,243.28,1,29.7
2026-09-07T17:00,node/5207046925,Sense Nom,,,,41.3843558,2.1622563,0,34.32,243.28,1,29.7
2026-09-07T17:00,node/5207067522,El Maravillas,,,,41.3868914,2.1323626,1,34.32,243.28,1,29.7
2026-09-07T17:00,node/5208223424,Bonastre,,,,41.3774986,2.1587463,0,34.32,243.28,1,29.7
2026-09-07T17:00,node/5212252535,Tariq,,,,41.4477214,2.2405051,1,34.32,243.28,1,29.7
2026-09-07T17:00,node/5218828496,Conecta,,,,41.4388265,2.2253266,1,34.32,243.28,1,29.7
2026-09-07T17:00,node/5218828499,Sweet dolç,,,,41.4385456,2.2254351,1,34.32,243.28,1,29.7
2026-09-07T17:00,node/5226505321,Bodega E. Marin,,,,41.4025586,2.1609645,0,34.32,243.28,1,29.7
2026-09-07T17:00,node/5228942946,La Pubilla,,,,41.3995748,2.1536674,0,34.32,243.28,1,29.7
2026-09-07T17:00,node/5237627856,Tasmango Dessert,,,,41.3909254,2.1784375,0,34.32,243.28,1,29.7
2026-09-07T17:00,node/5238186123,Lennox,,,,41.3834186,2.1829502,0,34.32,243.28,1,29.7
2026-09-07T17:00,node/5271863048,Rest. Alexandre,,,,41.4322501,2.1835476,1,34.32,243.28,1,29.7
2026-09-07T17:00,node/5286467104,Granja Monsul,,,,41.4437723,2.2239591,1,34.32,243.28,1,29.7
2026-09-07T17:00,node/5298404593,Próspero,,,,41.4382431,2.2237839,1,34.32,243.28,1,29.7
2026-09-07T17:00,node/5298404603,Bar Salamanca,,,,41.4388532,2.2246477,1,34.32,243.28,1,29.7
2026-09-07T17:00,node/5298405327,Bar Benuga,,,,41.4383471,2.2243229,1,34.32,243.28,1,29.7
2026-09-07T17:00,node/5298405384,Bar Rocío Los Cazadores,,,,41.4389682,2.2252641,1,34.32,243.28,1,29.7
2026-09-07T17:00,node/5299921764,Bar Crack,,,,41.4343466,2.2189911,1,34.32,243.28,1,29.7
2026-09-07T17:00,node/5299921811,Can Daura,,,,41.4358077,2.2218721,1,34.32,243.28,1,29.7
2026-09-07T17:00,node/5299922525,Bar La Imperial,,,,41.4354603,2.2205399,1,34.32,243.28,1,29.7
2026-09-07T17:00,node/5299922526,Bar Marta,,,,41.4349148,2.2200469,1,34.32,243.28,1,29.7
2026-09-07T17:00,node/5313632423,365,,,,41.3789307,2.1718613,0,34.32,243.28,1,29.7
2026-09-07T17:00,node/5327570662,Ancestral,,,,41.3977332,2.1656576,0,34.32,243.28,1,29.7
2026-09-07T17:00,node/5347967007,Bar Marín,,,,41.4474106,2.2217195,1,34.32,243.28,1,29.7
2026-09-07T17:00,node/5347967009,Bar La Cantonada,,,,41.4474812,2.2209325,1,34.32,243.28,1,29.7
2026-09-07T17:00,node/5363964402,El gran croissant,,,,41.4359355,2.2167366,1,34.32,243.28,1,29.7
2026-09-07T17:00,node/5395531687,Las Marismas,,,,41.3701297,2.1215161,1,34.32,243.28,1,29.7
2026-09-07T17:00,node/5407919537,El Yate,,,,41.4039787,2.1367463,0,34.32,243.28,1,29.7
2026-09-07T17:00,node/5417517130,Tou Kichi Rou,,,,41.3919953,2.1432267,0,34.32,243.28,1,29.7
2026-09-07T17:00,node/5418243448,La Pampa,,,,41.3793623,2.1879402,1,34.32,243.28,1,29.7
2026-09-07T17:00,node/5418243450,els maians,,,,41.3786757,2.1882219,1,34.32,243.28,1,29.7
2026-09-07T17:00,node/5418243451,no30,,,,41.3791653,2.1879988,1,34.32,243.28,1,29.7
2026-09-07T17:00,node/5418243452,Lolita,,,,41.3783615,2.1882936,1,34.32,243.28,1,29.7
2026-09-07T17:00,node/5418243454,Reina Margherita,,,,41.3792655,2.1879835,1,34.32,243.28,1,29.7
2026-09-07T17:00,node/5434314893,PolkaBarcelona,,,,41.3859057,2.1326565,0,34.32,243.28,1,29.7
2026-09-07T17:00,node/5485540627,Bar Placídia,,,,41.3999472,2.1524915,0,34.32,243.28,1,29.7
2026-09-07T17:00,node/5487473548,Cafè Mos,,,,41.4143487,2.1384116,0,34.32,243.28,1,29.7
2026-09-07T17:00,node/5498351755,365 Cafeteria Forn de Pa,,,,41.3747778,2.1626826,0,34.32,243.28,1,29.7
2026-09-07T17:00,node/5509139428,La Carmanyola,,,,41.4013829,2.2068942,1,34.32,243.28,1,29.7
2026-09-07T17:00,node/5536153362,Cafeteria La Dona,,,,41.4396715,2.2242727,1,34.32,243.28,1,29.7
2026-09-07T17:00,node/5564055763,Panda & Smile,,,,41.3842068,2.1585673,0,34.32,243.28,1,29.7
2026-09-07T17:00,node/5564064431,Atrapatapa,,,,41.3832362,2.1568636,0,34.32,243.28,1,29.7
2026-09-07T17:00,node/5595134220,Cervecería Amoretty's 3,,,,41.4412382,2.2200117,1,34.32,243.28,1,29.7
2026-09-07T17:00,node/5606506169,Sincopa,,,,41.3803881,2.1789886,0,34.32,243.28,1,29.7
2026-09-07T17:00,node/5611733921,Buenas Migas,,,,41.4024253,2.1743326,0,34.32,243.28,1,29.7
2026-09-07T17:00,node/5617465886,Amateur,,,,41.3967536,2.1962847,0,34.32,243.28,1,29.7
2026-09-07T17:00,node/5646412432,Made in Sicily,,,,41.4483394,2.2490191,1,34.32,243.28,1,29.7
2026-09-07T17:00,node/5646415922,La Bella Istambul,,,,41.4479233,2.2494906,1,34.32,243.28,1,29.7
2026-09-07T17:00,node/5658288082,Can Teixidó,,,,41.4491148,2.2483189,1,34.32,243.28,1,29.7
2026-09-07T17:00,node/5663240986,Cafè Escac,,,,41.3837378,2.1695562,0,34.32,243.28,1,29.7
2026-09-07T17:00,node/5676005621,CACHO,,,,41.3931048,2.1910878,1,34.32,243.28,1,29.7
2026-09-07T17:00,node/5718757792,360°,,,,41.3790957,2.1696433,1,34.32,243.28,1,29.7
2026-09-07T17:00,node/5793057257,Bar Granja el Chiquitín,,,,41.4398176,2.2263171,1,34.32,243.28,1,29.7
2026-09-07T17:00,node/5796742218,The Clock,,,,41.3754168,2.1482785,0,34.32,243.28,1,29.7
2026-09-07T17:00,node/5805410453,Morrow Coffee,,,,41.3771392,2.1513283,0,34.32,243.28,1,29.7
2026-09-07T17:00,node/5806521955,Paisano Bistró,,,,41.4048549,2.1759323,1,34.32,243.28,1,29.7
2026-09-07T17:00,node/5856758686,El racó de les tapes,,,,41.4357708,2.1910224,0,34.32,243.28,1,29.7
2026-09-07T17:00,node/5878496985,UDON,,,,41.4051569,2.1921906,1,34.32,243.28,1,29.7
2026-09-07T17:00,node/5916157285,Bar Castells,,,,41.3841472,2.1698121,0,34.32,243.28,1,29.7
2026-09-07T17:00,node/5923867889,,,,,41.4406062,2.2451514,1,34.32,243.28,1,29.7
2026-09-07T17:00,node/5930228787,Mi casa,,,,41.3993608,2.1535771,0,34.32,243.28,1,29.7
2026-09-07T17:00,node/5933808740,Kserol,,,,41.3986236,2.1753141,0,34.32,243.28,1,29.7
2026-09-07T17:00,node/5944781772,Restaurante Burning Rock&Food,,,,41.3746837,2.1311612,0,34.32,243.28,1,29.7
2026-09-07T17:00,node/5951964888,el Fornet,,,,41.3882003,2.1723419,0,34.32,243.28,1,29.7
2026-09-07T17:00,node/5972440521,Feroz,,,,41.3965882,2.1508404,0,34.32,243.28,1,29.7
2026-09-07T17:00,node/5980982393,Pepa Tomate,,,,41.3767661,2.1627826,0,34.32,243.28,1,29.7
2026-09-07T17:00,node/6000108088,La Neura,,,,41.4002093,2.1660134,0,34.32,243.28,1,29.7
2026-09-07T17:00,node/6009236381,Mesón Balouta,,,,41.4384121,2.1649296,0,34.32,243.28,1,29.7
2026-09-07T17:00,node/6010958538,Bar Avenida,,,,41.4371962,2.2238498,1,34.32,243.28,1,29.7
2026-09-07T17:00,node/6010958540,Bar Trébol BCN,,,,41.4352675,2.2193633,1,34.32,243.28,1,29.7
2026-09-07T17:00,node/6027971388,Novell,,,,41.4070495,2.1667319,0,34.32,243.28,1,29.7
2026-09-07T17:00,node/6038827086,Honest Greens,,,,41.3986972,2.1569862,0,34.32,243.28,1,29.7
2026-09-07T17:00,node/6066258257,Bar Roma Sports,,,,41.4449369,2.2223513,1,34.32,243.28,1,29.7
2026-09-07T17:00,node/6089625321,Vivari,,,,41.3973187,2.1676233,0,34.32,243.28,1,29.7
2026-09-07T17:00,node/6093865396,The FRESH POKE,,,,41.3975268,2.1644457,0,34.32,243.28,1,29.7
2026-09-07T17:00,node/6093944886,Nicasso,,,,41.4072456,2.1873211,0,34.32,243.28,1,29.7
2026-09-07T17:00,node/6096656135,Yoi Yoi Gion,,,,41.3965593,2.1606187,0,34.32,243.28,1,29.7
2026-09-07T17:00,node/6104559348,Belles Arts II,,,,41.3872827,2.1361782,0,34.32,243.28,1,29.7
2026-09-07T17:00,node/6104561002,Toyodo,,,,41.3866914,2.1375355,1,34.32,243.28,1,29.7
2026-09-07T17:00,node/6106764321,Il Caffe di Francesco,,,,41.3930707,2.1642758,1,34.32,243.28,1,29.7
2026-09-07T17:00,node/6109526596,El Cuiner de Damasc,,,,41.3814196,2.1776754,0,34.32,243.28,1,29.7
2026-09-07T17:00,node/6110978486,Bonaparte,,,,41.4775805,2.0724847,1,34.32,243.28,1,29.7
2026-09-07T17:00,node/6123253862,Bar Granja Oasis,,,,41.3505068,2.1127043,1,34.32,243.28,1,29.7
2026-09-07T17:00,node/6126749461,Cantero,,,,41.3942111,2.1902433,1,34.32,243.28,1,29.7
2026-09-07T17:00,node/6164234382,Poké Sí,,,,41.4052321,2.1924708,1,34.32,243.28,1,29.7
2026-09-07T17:00,node/6164236104,Palo Verde,,,,41.4047343,2.1968042,0,34.32,243.28,1,29.7
2026-09-07T17:00,node/6166398253,Panet,,,,41.3861845,2.1430687,1,34.32,243.28,1,29.7
2026-09-07T17:00,node/6182404055,Kasa,,,,41.3861348,2.1656868,0,34.32,243.28,1,29.7
2026-09-07T17:00,node/6188914880,Bella Venezia,,,,41.3965502,2.1644865,0,34.32,243.28,1,29.7
2026-09-07T17:00,node/6188922858,Arc iris,,,,41.3998386,2.1715382,0,34.32,243.28,1,29.7
2026-09-07T17:00,node/6193461695,Sun Market,,,,41.3928465,2.1569854,0,34.32,243.28,1,29.7
2026-09-07T17:00,node/6193479448,Akashi Sushi Bar,,,,41.3923045,2.1558108,0,34.32,243.28,1,29.7
2026-09-07T17:00,node/6200571548,La Svolta,,,,41.4061025,2.1515184,0,34.32,243.28,1,29.7
2026-09-07T17:00,node/6202321417,La Tapeta del Coll,,,,41.4179646,2.1467035,1,34.32,243.28,1,29.7
2026-09-07T17:00,node/6204104907,La Papa,,,,41.3898088,2.1577366,0,34.32,243.28,1,29.7
2026-09-07T17:00,node/6216083704,La Coma,,,,41.3401472,2.1265697,1,34.32,243.28,1,29.7
2026-09-07T17:00,node/6216218158,la Zona,,,,41.3460291,2.1439158,1,34.32,243.28,1,29.7
2026-09-07T17:00,node/6216756977,Estrella de Istanbul,,,,41.4098375,2.1751296,0,34.32,243.28,1,29.7
2026-09-07T17:00,node/6230395442,Akelarre,,,,41.3892275,2.1373726,0,34.32,243.28,1,29.7
2026-09-07T17:00,node/6230407068,Starbucks,,,,41.3951351,2.1581903,0,34.32,243.28,1,29.7
2026-09-07T17:00,node/6232752417,El Taller,,,,41.3587511,2.1404908,1,34.32,243.28,1,29.7
2026-09-07T17:00,node/6237797177,Luri,,,,41.3977931,2.1514901,0,34.32,243.28,1,29.7
2026-09-07T17:00,node/6246525924,in blue,,,,41.3877036,2.1368756,0,34.32,243.28,1,29.7
2026-09-07T17:00,node/6250219942,Al sur,,,,41.3941572,2.1586822,1,34.32,243.28,1,29.7
2026-09-07T17:00,node/6258570565,Dino Pan,,,,41.3824376,2.1318622,0,34.32,243.28,1,29.7
2026-09-07T17:00,node/6258570699,Don Sándwich,,,,41.3820321,2.1315862,0,34.32,243.28,1,29.7
2026-09-07T17:00,node/6258715958,La Lluna de Gavà,,,,41.3672801,2.1403759,0,34.32,243.28,1,29.7
2026-09-07T17:00,node/6258718433,La Toscana,,,,41.3805625,2.1323335,0,34.32,243.28,1,29.7
2026-09-07T17:00,node/6258718652,Cafeteria Melody Bar,,,,41.3779464,2.1338934,0,34.32,243.28,1,29.7
2026-09-07T17:00,node/6258719247,Bar Florida,,,,41.3592896,2.1399844,1,34.32,243.28,1,29.7
2026-09-07T17:00,node/6260784864,La Cabaña,,,,41.3699161,2.1341331,0,34.32,243.28,1,29.7
2026-09-07T17:00,node/6260786193,Goiko Grill,,,,41.3656448,2.1357604,1,34.32,243.28,1,29.7
2026-09-07T17:00,node/6264834185,König,,,,41.3862163,2.1827612,0,34.32,243.28,1,29.7
2026-09-07T17:00,node/6298115913,N.A.P.,,,,41.3774834,2.1900137,0,34.32,243.28,1,29.7
2026-09-07T17:00,node/6316025985,L'Esclop,,,,41.3768262,2.1577412,0,34.32,243.28,1,29.7
2026-09-07T17:00,node/6330973943,Don Kilo,,,,41.3998564,2.1639573,0,34.32,243.28,1,29.7
2026-09-07T17:00,node/6333708759,SandwiChez,,,,41.3941488,2.1694356,0,34.32,243.28,1,29.7
2026-09-07T17:00,node/6334053687,Cafè Yafa,,,,41.3997495,2.1643963,0,34.32,243.28,1,29.7
2026-09-07T17:00,node/6334053692,La Mananta,,,,41.3994169,2.1648424,0,34.32,243.28,1,29.7
2026-09-07T17:00,node/6339732807,La Soca 2,,,,41.3912352,2.1594135,0,34.32,243.28,1,29.7
2026-09-07T17:00,node/6339732809,Creps Barcelona,,,,41.3905618,2.1590619,0,34.32,243.28,1,29.7
2026-09-07T17:00,node/6357834156,Les gens que j'aime bar,,,,41.3936947,2.1648505,0,34.32,243.28,1,29.7
2026-09-07T17:00,node/6381462875,Comarca Cuina L’Hocal,,,,41.3609203,2.1295937,1,34.32,243.28,1,29.7
2026-09-07T17:00,node/6424929026,Cafeteria Samy's,,,,41.3637433,2.1369241,1,34.32,243.28,1,29.7
2026-09-07T17:00,node/6424929700,Sakuraya,,,,41.3653001,2.1307952,1,34.32,243.28,1,29.7
2026-09-07T17:00,node/6431480513,Restaurant Bodega de Tapas,,,,41.3772493,2.1371156,0,34.32,243.28,1,29.7
2026-09-07T17:00,node/6431508292,Bodega Salvat,,,,41.3711848,2.1345217,0,34.32,243.28,1,29.7
2026-09-07T17:00,node/6431508293,Jaqueline's,,,,41.3682256,2.1345214,0,34.32,243.28,1,29.7
2026-09-07T17:00,node/6431508485,Japonia Café,,,,41.3806518,2.1387176,1,34.32,243.28,1,29.7
2026-09-07T17:00,node/6431508488,La Bodegueta de Sants,,,,41.3710695,2.1344235,0,34.32,243.28,1,29.7
2026-09-07T17:00,node/6431512182,Bar Montevideo,,,,41.3693939,2.1342386,0,34.32,243.28,1,29.7
2026-09-07T17:00,node/6431558869,Bar Alegría,,,,41.3629394,2.1373301,0,34.32,243.28,1,29.7
2026-09-07T17:00,node/6431559030,Bar El Faro,,,,41.3628529,2.1373795,0,34.32,243.28,1,29.7
2026-09-07T17:00,node/6433259684,Entre Copas,,,,41.3621672,2.0761548,1,34.32,243.28,1,29.7
2026-09-07T17:00,node/6438381289,Vera Café,,,,41.3883674,2.1779512,0,34.32,243.28,1,29.7
2026-09-07T17:00,node/6441451785,Líder de Istanbul,,,,41.3752687,2.1338088,1,34.32,243.28,1,29.7
2026-09-07T17:00,node/6445233216,Gyoza Bar,,,,41.3931059,2.1798949,0,34.32,243.28,1,29.7
2026-09-07T17:00,node/6450380989,Bar But,,,,41.3979648,2.1593688,0,34.32,243.28,1,29.7
2026-09-07T17:00,node/6450381086,La Porxada,,,,41.4030026,2.1637245,0,34.32,243.28,1,29.7
2026-09-07T17:00,node/6462934229,Concordia,,,,41.3864201,2.1321758,1,34.32,243.28,1,29.7
2026-09-07T17:00,node/6475037976,L'Oasi a Consell,,,,41.3830142,2.1547507,0,34.32,243.28,1,29.7
2026-09-07T17:00,node/6477273844,Fandango,,,,41.3982346,2.1423415,0,34.32,243.28,1,29.7
2026-09-07T17:00,node/6506313588,Antigua,,,,41.3980086,2.1492952,0,34.32,243.28,1,29.7
2026-09-07T17:00,node/6507308246,L'Antica Pizzeria Da Michele,,,,41.3928154,2.1682858,0,34.32,243.28,1,29.7
2026-09-07T17:00,node/6532206187,Yü Sushi,,,,41.4032734,2.2032208,0,34.32,243.28,1,29.7
2026-09-07T17:00,node/6532330793,La Xemeneia,,,,41.4016359,2.2048002,0,34.32,243.28,1,29.7
2026-09-07T17:00,node/6535101686,Alma Loca,,,,41.3992845,2.1970974,0,34.32,243.28,1,29.7
2026-09-07T17:00,node/6538194375,Mr. White,,,,41.3761815,2.1601126,0,34.32,243.28,1,29.7
2026-09-07T17:00,node/6568369188,Elpilar,,,,41.4000903,2.1489875,0,34.32,243.28,1,29.7
2026-09-07T17:00,node/6597321587,Welcome,,,,41.4065151,2.1509474,0,34.32,243.28,1,29.7
2026-09-07T17:00,node/6600189447,café bar juli-mac,,,,41.3782625,2.1239845,1,34.32,243.28,1,29.7
2026-09-07T17:00,node/6642989000,El Pa Sencer,,,,41.3835483,2.1341796,0,34.32,243.28,1,29.7
2026-09-07T17:00,node/6642989001,Ateneu Popular de les Corts,,,,41.3826968,2.1329407,0,34.32,243.28,1,29.7
2026-09-07T17:00,node/6680396487,La prorroga,,,,41.4032976,2.1567512,0,34.32,243.28,1,29.7
2026-09-07T17:00,node/6680687871,La Mar Salada,,,,41.3768035,2.1888904,1,34.32,243.28,1,29.7
2026-09-07T17:00,node/6681709948,Kiltro Gràcia,,,,41.4018317,2.1544539,0,34.32,243.28,1,29.7
2026-09-07T17:00,node/6710510485,Catedral 1951,,,,41.3849142,2.1757337,0,34.32,243.28,1,29.7
2026-09-07T17:00,node/6750944404,Brasaña,,,,41.3605721,2.1345777,0,34.32,243.28,1,29.7
2026-09-07T17:00,node/6757307686,Kitsu,,,,41.4017918,2.1543486,0,34.32,243.28,1,29.7
2026-09-07T17:00,node/6757314489,LomoAlto,,,,41.3936053,2.1663935,0,34.32,243.28,1,29.7
2026-09-07T17:00,node/6766273102,inti & chaska,,,,41.3886755,2.1599487,0,34.32,243.28,1,29.7
2026-09-07T17:00,node/6771863086,Montseny,,,,41.4070642,2.1804416,0,34.32,243.28,1,29.7
2026-09-07T17:00,node/6775495571,El Petit,,,,41.3298893,2.0988681,1,34.32,243.28,1,29.7
2026-09-07T17:00,node/6782427526,Híbrid Cafè Restaurant,,,,41.3771219,2.1203336,1,34.32,243.28,1,29.7
2026-09-07T17:00,node/6786006588,365,,,,41.3820297,2.1697221,0,34.32,243.28,1,29.7
2026-09-07T17:00,node/6790695789,El Rincón de la Abuela Venezolana,,,,41.4058359,2.1788147,0,34.32,243.28,1,29.7
2026-09-07T17:00,node/6805613085,Bar la Cabaña,,,,41.4071784,2.1778546,0,34.32,243.28,1,29.7
2026-09-07T17:00,node/6812099686,La Xurreria de Maria,,,,41.4050102,2.1750002,0,34.32,243.28,1,29.7
2026-09-07T17:00,node/6821384885,Blu Bar,,,,41.3983358,2.2045648,0,34.32,243.28,1,29.7
2026-09-07T17:00,node/6835358009,Murivecci,,,,41.3874075,2.1828282,0,34.32,243.28,1,29.7
2026-09-07T17:00,node/6852974547,Garrido,,,,41.3603039,2.1401381,0,34.32,243.28,1,29.7
2026-09-07T17:00,node/6852994516,La Patatona,,,,41.3604651,2.1400108,0,34.32,243.28,1,29.7
2026-09-07T17:00,node/6855027201,Bar Sandwicheria Enka 3,,,,41.3758876,2.1221107,1,34.32,243.28,1,29.7
2026-09-07T17:00,node/6871523347,Cafe Punto 10,,,,41.3805947,2.1364501,0,34.32,243.28,1,29.7
2026-09-07T17:00,node/6914132390,El Nou Ramonet,,,,41.3817315,2.1876268,0,34.32,243.28,1,29.7
2026-09-07T17:00,node/6946328085,Cremat 11,,,,41.3855109,2.1810205,0,34.32,243.28,1,29.7
2026-09-07T17:00,node/6973926711,Syra Coffee,,,,41.3965047,2.1941864,1,34.32,243.28,1,29.7
2026-09-07T17:00,node/6983227455,SNOOKER - Cocteles y Billarea,,,,41.3921561,2.1703663,0,34.32,243.28,1,29.7
2026-09-07T17:00,node/7002869606,Chebú,,,,41.3791162,2.1515085,0,34.32,243.28,1,29.7
2026-09-07T17:00,node/7003296923,Triple Sec,,,,41.3747448,2.1609868,0,34.32,243.28,1,29.7
2026-09-07T17:00,node/7004598841,Orange Coffee,,,,41.4052864,2.1712189,1,34.32,243.28,1,29.7
2026-09-07T17:00,node/7014308129,Bar Bodega Lentejil,,,,41.4429922,2.2175094,1,34.32,243.28,1,29.7
2026-09-07T17:00,node/7017780931,Yoüme,,,,41.3835882,2.1541892,0,34.32,243.28,1,29.7
2026-09-07T17:00,node/7098025886,El Club del Café,,,,41.4340729,2.1892624,1,34.32,243.28,1,29.7
2026-09-07T17:00,node/7124857728,Cabo,,,,41.3964797,2.1851438,1,34.32,243.28,1,29.7
2026-09-07T17:00,node/7132160620,Santagloria,,,,41.3863926,2.1243567,0,34.32,243.28,1,29.7
2026-09-07T17:00,node/7141587085,La Cereria,,,,41.3815426,2.1767152,0,34.32,243.28,1,29.7
2026-09-07T17:00,node/7150994121,Vivari,,,,41.3998419,2.1775677,0,34.32,243.28,1,29.7
2026-09-07T17:00,node/7234692489,Van van var,,,,41.3942304,2.1901096,1,34.32,243.28,1,29.7
2026-09-07T17:00,node/7318977151,,,,,41.3711664,2.1434617,0,34.32,243.28,1,29.7
2026-09-07T17:00,node/7318977155,Bar Joaquim,,,,41.3704145,2.1424922,1,34.32,243.28,1,29.7
2026-09-07T17:00,node/7318977156,Vivari,,,,41.3686165,2.1410874,1,34.32,243.28,1,29.7
2026-09-07T17:00,node/7431790448,Santagloria,,,,41.3896086,2.1200086,1,34.32,243.28,1,29.7
2026-09-07T17:00,node/7438491414,,,,,41.3733479,2.1301506,0,34.32,243.28,1,29.7
2026-09-07T17:00,node/7504941029,Iberic Fusión Platja,,,,41.4380577,2.2431806,1,34.32,243.28,1,29.7
2026-09-07T17:00,node/7504941031,l'Altre Can Mario's,,,,41.4405591,2.2418866,1,34.32,243.28,1,29.7
2026-09-07T17:00,node/7504941033,L'Esmolet,,,,41.4432993,2.2460741,1,34.32,243.28,1,29.7
2026-09-07T17:00,node/7504941035,la Masia de la Xesca,,,,41.4452013,2.2417838,1,34.32,243.28,1,29.7
2026-09-07T17:00,node/7556742593,Menjador del Centre,,,,41.4009756,2.2000272,0,34.32,243.28,1,29.7
2026-09-07T17:00,node/7563962192,Passeig9,,,,41.4014488,2.2009478,0,34.32,243.28,1,29.7
2026-09-07T17:00,node/7600529740,Restaurante La Flama,,,,41.3514861,2.1114722,1,34.32,243.28,1,29.7
2026-09-07T17:00,node/7618205068,El Pellizquito,,,,41.3501292,2.1105817,1,34.32,243.28,1,29.7
2026-09-07T17:00,node/7640514041,Bar Plaça Carles Buïgas,,,,41.3711833,2.1510204,1,34.32,243.28,1,29.7
2026-09-07T17:00,node/7644933199,Almirall,,,,41.4100171,2.1883052,1,34.32,243.28,1,29.7
2026-09-07T17:00,node/7704818539,Bar Granja Rocxi,,,,41.3744206,2.1339573,0,34.32,243.28,1,29.7
2026-09-07T17:00,node/7704818548,Cafès Caracas,,,,41.3748038,2.1328052,0,34.32,243.28,1,29.7
2026-09-07T17:00,node/7706832792,Cru Sants,,,,41.3721342,2.1286919,1,34.32,243.28,1,29.7
2026-09-07T17:00,node/7736420790,Mamma Italia,,,,41.3764642,2.1234304,0,34.32,243.28,1,29.7
2026-09-07T17:00,node/7772770550,Eqvilibrivm Café,,,,41.3973065,2.1697662,0,34.32,243.28,1,29.7
2026-09-07T17:00,node/7838098454,El Caserón,,,,41.3838275,2.1398498,0,34.32,243.28,1,29.7
2026-09-07T17:00,node/7925586104,Delicream,,,,41.4572921,2.2290688,1,34.32,243.28,1,29.7
2026-09-07T17:00,node/7989010587,Castañeiras,,,,41.4100358,2.1760296,0,34.32,243.28,1,29.7
2026-09-07T17:00,node/7999604058,Lilo brunch,,,,41.3873718,2.1627034,0,34.32,243.28,1,29.7
2026-09-07T17:00,node/7999616840,Bellillo,,,,41.3879362,2.1620483,0,34.32,243.28,1,29.7
2026-09-07T17:00,node/8034999886,Costa Dorada,,,,41.3980284,2.1986941,0,34.32,243.28,1,29.7
2026-09-07T17:00,node/8046554489,Sport,,,,41.4001224,2.2000188,1,34.32,243.28,1,29.7
2026-09-07T17:00,node/8049731595,Echegaray,,,,41.4018684,2.2023424,0,34.32,243.28,1,29.7
2026-09-07T17:00,node/8049732292,Doroteo,,,,41.4029636,2.2006718,0,34.32,243.28,1,29.7
2026-09-07T17:00,node/8064873985,Saramar,,,,41.3957712,2.1953013,1,34.32,243.28,1,29.7
2026-09-07T17:00,node/8077128420,Tío Bigotes,,,,41.4013922,2.2028846,1,34.32,243.28,1,29.7
2026-09-07T17:00,manual/488492e9,Bar Viejo Cafe,Bar,yes,"Carrer de la Independència, 306, Sant Martí, 08026 Barcelona",41.4116,2.1794,0,34.32,243.28,1,29.7
2026-09-07T17:00,manual/c52f6190,New 88 Bar-Cafeteria,bar,yes,,41.4094505,2.1789589,0,34.32,243.28,1,29.7
2026-09-07T17:00,manual/5d2ea7ea,Restaurant Papá Nico,bar,yes,,41.4094505,2.1789589,0,34.32,243.28,1,29.7
2026-09-07T17:00,manual/c980e39e,Restaurant El Clot,restaurant,yes,,41.4087697,2.1875592,1,34.32,243.28,1,29.7
2026-09-07T18:00,relation/18317100,,,,,41.42,2.1188352,0,23.8,255.43,0,29.1
2026-09-07T18:00,node/208984374,Central Rambla,,,,41.3782716,2.1761732,0,23.8,255.43,0,29.1
2026-09-07T18:00,way/217583616,Can Fisher,,,,41.3946034,2.2062292,1,23.8,255.43,0,29.1
2026-09-07T18:00,way/245214117,la Caseta del Migdia,,,,41.3596833,2.1607145,1,23.8,255.43,0,29.1
2026-09-07T18:00,way/246717741,Mirablau,,,,41.4160323,2.1319129,1,23.8,255.43,0,29.1
2026-09-07T18:00,way/249404809,PURO,,,,41.3911248,2.1461635,0,23.8,255.43,0,29.1
2026-09-07T18:00,way/268912897,Can Cortada,,,,41.4362503,2.1524833,1,23.8,255.43,0,29.1
2026-09-07T18:00,way/315387188,Temple del Metall,,,,41.4741706,2.1662317,1,23.8,255.43,0,29.1
2026-09-07T18:00,way/392926648,Pacha,,,,41.3857491,2.1970415,0,23.8,255.43,0,29.1
2026-09-07T18:00,way/412702054,Camping,,,,41.3953192,2.2042386,1,23.8,255.43,0,29.1
2026-09-07T18:00,way/443599336,Asador Casa Juaco,,,,41.4476663,2.1426909,1,23.8,255.43,0,29.1
2026-09-07T18:00,way/446002194,La Base by Farré,,,,41.3967358,2.2101884,0,23.8,255.43,0,29.1
2026-09-07T18:00,node/476327681,Can Paixano,,,,41.3817618,2.1834151,0,23.8,255.43,0,29.1
2026-09-07T18:00,node/506202703,Bar Almogávares,,,,41.3962323,2.1890864,0,23.8,255.43,0,29.1
2026-09-07T18:00,way/519771543,Restaurant Can Cases,,,,41.4343885,2.0985276,1,23.8,255.43,0,29.1
2026-09-07T18:00,node/534367691,Sant Bartomeu,,,,41.3755248,2.1346488,1,23.8,255.43,0,29.1
2026-09-07T18:00,node/643022131,Euro Bar-Tapas,,,,41.4342324,2.2161197,1,23.8,255.43,0,29.1
2026-09-07T18:00,node/643429648,Joan Figuera,,,,41.4336545,2.2169391,1,23.8,255.43,0,29.1
2026-09-07T18:00,node/643496696,El rincón de Willy,,,,41.4380246,2.2180623,1,23.8,255.43,0,29.1
2026-09-07T18:00,node/643496704,Bar Somni d'estiu,,,,41.4382361,2.2166687,1,23.8,255.43,0,29.1
2026-09-07T18:00,way/655221168,L'Ovella Negra Marina,,,,41.3960196,2.1901331,0,23.8,255.43,0,29.1
2026-09-07T18:00,node/660004524,Bocatapa Can Manel,,,,41.4413833,2.2212875,1,23.8,255.43,0,29.1
2026-09-07T18:00,node/672140180,Kasparo,,,,41.3844847,2.1690087,0,23.8,255.43,0,29.1
2026-09-07T18:00,node/704031158,Café Zurich,,,,41.3858504,2.1694606,1,23.8,255.43,0,29.1
2026-09-07T18:00,node/704042058,Starbucks,,,,41.3888305,2.1719117,0,23.8,255.43,0,29.1
2026-09-07T18:00,node/704058886,Tapa Tapa,,,,41.3916926,2.1660167,0,23.8,255.43,0,29.1
2026-09-07T18:00,node/704060428,Oassis Natural Cooking,,,,41.3901637,2.1678915,0,23.8,255.43,0,29.1
2026-09-07T18:00,node/704066257,Ciutat Comtal,,,,41.3888272,2.1668833,0,23.8,255.43,0,29.1
2026-09-07T18:00,node/704066614,Taller de Tapas,,,,41.3905645,2.1639038,0,23.8,255.43,0,29.1
2026-09-07T18:00,way/707305723,Bar Frankfurt Cafeteria Fabregada,,,,41.3561748,2.1108239,1,23.8,255.43,0,29.1
2026-09-07T18:00,node/745947750,Bar Geminis,,,,41.3976224,2.1807778,0,23.8,255.43,0,29.1
2026-09-07T18:00,node/765796519,La Cafetera,,,,41.4049767,2.1575215,0,23.8,255.43,0,29.1
2026-09-07T18:00,node/814006271,Les 15 Nits Bar,,,,41.3804529,2.1749778,0,23.8,255.43,0,29.1
2026-09-07T18:00,node/819552792,Bracafe,,,,41.3944249,2.1675209,0,23.8,255.43,0,29.1
2026-09-07T18:00,node/824476551,Caleuche,,,,41.3761526,2.1686172,0,23.8,255.43,0,29.1
2026-09-07T18:00,node/830462039,Bar Restaurant Angela,,,,41.4043015,2.1949428,0,23.8,255.43,0,29.1
2026-09-07T18:00,way/907005766,Chevy's Bar,,,,41.4143731,2.2289499,1,23.8,255.43,0,29.1
2026-09-07T18:00,way/969257968,,,,,41.3793991,2.1073385,1,23.8,255.43,0,29.1
2026-09-07T18:00,way/1063378975,Bar Restaurant Oliver,,,,41.3469215,2.1546999,1,23.8,255.43,0,29.1
2026-09-07T18:00,node/1072798261,Taverna del Bisbe,,,,41.3849254,2.1766628,1,23.8,255.43,0,29.1
2026-09-07T18:00,node/1072800838,El Cafè D'en Victor,,,,41.3847931,2.1767008,1,23.8,255.43,0,29.1
2026-09-07T18:00,node/1083144027,Los Caracoles,,,,41.3796584,2.1765082,0,23.8,255.43,0,29.1
2026-09-07T18:00,node/1092685793,Elche,,,,41.3739754,2.1691488,0,23.8,255.43,0,29.1
2026-09-07T18:00,way/1112240803,ForumStation,,,,41.4096655,2.2221501,1,23.8,255.43,0,29.1
2026-09-07T18:00,node/1177498341,Casa Vall,,,,41.4074238,2.1585521,0,23.8,255.43,0,29.1
2026-09-07T18:00,node/1192698924,Bilbao Berria,,,,41.3841976,2.1748665,0,23.8,255.43,0,29.1
2026-09-07T18:00,node/1192699873,Tapas 24,,,,41.3908686,2.1674705,1,23.8,255.43,0,29.1
2026-09-07T18:00,way/1200964257,Chiringuito Joan Miro,,,,41.3789977,2.1478116,1,23.8,255.43,0,29.1
2026-09-07T18:00,node/1264182304,Tosca del Carme,,,,41.3819482,2.1695795,0,23.8,255.43,0,29.1
2026-09-07T18:00,node/1280416455,Carballeira,,,,41.4442679,2.2217701,1,23.8,255.43,0,29.1
2026-09-07T18:00,way/1300745688,La Casona de Sant Just,,,,41.3833348,2.0735139,1,23.8,255.43,0,29.1
2026-09-07T18:00,node/1310450869,El Filete Ruso,,,,41.3925451,2.1558968,0,23.8,255.43,0,29.1
2026-09-07T18:00,node/1312325106,La Palmera,,,,41.4144229,2.1385123,0,23.8,255.43,0,29.1
2026-09-07T18:00,node/1314943380,Mescladís del Pou,,,,41.3870865,2.1803497,0,23.8,255.43,0,29.1
2026-09-07T18:00,node/1335697982,,,,,41.3608771,2.1101417,1,23.8,255.43,0,29.1
2026-09-07T18:00,way/1368167814,Natura Beach. El Chiringuito,,,,41.4028929,2.2157443,1,23.8,255.43,0,29.1
2026-09-07T18:00,node/1420760625,Tapeo,,,,41.4044988,2.1554811,0,23.8,255.43,0,29.1
2026-09-07T18:00,node/1420760630,Diamant,,,,41.4042174,2.1555899,0,23.8,255.43,0,29.1
2026-09-07T18:00,node/1428867664,Café Berlin,,,,41.3943566,2.1494599,0,23.8,255.43,0,29.1
2026-09-07T18:00,node/1430537485,Oasis Restaurant,,,,41.3827219,2.1847191,1,23.8,255.43,0,29.1
2026-09-07T18:00,node/1445598557,Bracafe,,,,41.3948025,2.1817533,0,23.8,255.43,0,29.1
2026-09-07T18:00,node/1554649942,Torrades,,,,41.4375721,2.1566095,1,23.8,255.43,0,29.1
2026-09-07T18:00,node/1554649988,La Panera,,,,41.4374756,2.1563359,0,23.8,255.43,0,29.1
2026-09-07T18:00,node/1658425572,Rebeka,,,,41.3967185,2.1890325,0,23.8,255.43,0,29.1
2026-09-07T18:00,node/1685949861,Cerveceria Milenium 2,,,,41.3534566,2.0866307,1,23.8,255.43,0,29.1
2026-09-07T18:00,node/1711342192,Calero's Centre,,,,41.3744728,2.1349721,1,23.8,255.43,0,29.1
2026-09-07T18:00,node/1722136431,Cervecería Catalana,,,,41.3924032,2.1609008,0,23.8,255.43,0,29.1
2026-09-07T18:00,node/1739122591,La Tagliatella,,,,41.3943371,2.1521208,0,23.8,255.43,0,29.1
2026-09-07T18:00,node/1813593370,Bar Capricornio,,,,41.4381257,2.2179547,1,23.8,255.43,0,29.1
2026-09-07T18:00,node/1820633320,CASA TEVA,,,,41.3752815,2.1166845,1,23.8,255.43,0,29.1
2026-09-07T18:00,node/1824133931,Carmesí,,,,41.3737373,2.1644452,0,23.8,255.43,0,29.1
2026-09-07T18:00,node/1948986220,Cafeteria UPF Jaume I,,,,41.3900298,2.1901118,1,23.8,255.43,0,29.1
2026-09-07T18:00,node/1948987514,Cafeteria UPF Roger de Lluria,,,,41.3886776,2.1915119,0,23.8,255.43,0,29.1
2026-09-07T18:00,node/1951812612,Casa Pagès,,,,41.3998447,2.1613114,0,23.8,255.43,0,29.1
2026-09-07T18:00,node/1960366982,Casa Amalia,,,,41.3962525,2.1685646,0,23.8,255.43,0,29.1
2026-09-07T18:00,node/1984001407,Bar de la FIB,,,,41.3894239,2.1132363,0,23.8,255.43,0,29.1
2026-09-07T18:00,node/2034780565,Cerbeseria Lesseps,,,,41.4073551,2.1514486,1,23.8,255.43,0,29.1
2026-09-07T18:00,node/2034780569,L'Brasseria,,,,41.4067629,2.1516314,0,23.8,255.43,0,29.1
2026-09-07T18:00,node/2056517879,Caelum,,,,41.3830524,2.1744369,0,23.8,255.43,0,29.1
2026-09-07T18:00,node/2065469522,Restaurant Pipa,,,,41.3997461,2.2003004,0,23.8,255.43,0,29.1
2026-09-07T18:00,node/2087204991,La Sanguchería,,,,41.3954987,2.1484037,0,23.8,255.43,0,29.1
2026-09-07T18:00,node/2091604731,Tapa Tapa,,,,41.3762094,2.1500463,1,23.8,255.43,0,29.1
2026-09-07T18:00,node/2112843062,El Vaixell-2,,,,41.4541291,2.2350201,1,23.8,255.43,0,29.1
2026-09-07T18:00,node/2165154147,Asador de Lugo,,,,41.3797623,2.1376748,0,23.8,255.43,0,29.1
2026-09-07T18:00,node/2184580476,Bar del Pi,,,,41.3824922,2.1739624,0,23.8,255.43,0,29.1
2026-09-07T18:00,node/2187210264,Sopa,,,,41.4023416,2.1952788,1,23.8,255.43,0,29.1
2026-09-07T18:00,node/2197824500,Tierra del fuego,,,,41.4016702,2.2016399,0,23.8,255.43,0,29.1
2026-09-07T18:00,node/2213839299,Pollo Rico,,,,41.3791045,2.1721976,0,23.8,255.43,0,29.1
2026-09-07T18:00,node/2364075421,Chen-Ji,,,,41.3936143,2.1807074,0,23.8,255.43,0,29.1
2026-09-07T18:00,node/2434563732,La Bella Napoli,,,,41.3743686,2.1637621,0,23.8,255.43,0,29.1
2026-09-07T18:00,node/2442785485,El Círcol,,,,41.4501968,2.2474223,1,23.8,255.43,0,29.1
2026-09-07T18:00,node/2468197823,365 Cafeteria Forn de Pa,,,,41.3752071,2.1635151,1,23.8,255.43,0,29.1
2026-09-07T18:00,node/2476332030,Bar Lennon,,,,41.4028901,2.1612576,0,23.8,255.43,0,29.1
2026-09-07T18:00,node/2500906795,Bar Lúdic Queimada Nivell Q,,,,41.4094152,2.1808913,0,23.8,255.43,0,29.1
2026-09-07T18:00,node/2598482930,Con Gracia,,,,41.3990704,2.1600617,0,23.8,255.43,0,29.1
2026-09-07T18:00,node/2609183969,Fukuoka,,,,41.4022587,2.1612976,0,23.8,255.43,0,29.1
2026-09-07T18:00,node/2610750687,Xiringuito Aigua,,,,41.4096717,2.1683236,0,23.8,255.43,0,29.1
2026-09-07T18:00,node/2618447074,Vegetalia,,,,41.3803973,2.1776952,0,23.8,255.43,0,29.1
2026-09-07T18:00,node/2618538581,Veggie Garden,,,,41.3822767,2.1680336,1,23.8,255.43,0,29.1
2026-09-07T18:00,node/2618538595,Biocenter,,,,41.3825765,2.1694364,0,23.8,255.43,0,29.1
2026-09-07T18:00,node/2684052224,Pai Mei,,,,41.4051863,2.1931071,1,23.8,255.43,0,29.1
2026-09-07T18:00,node/2687089274,Dolça Estona,,,,41.4117096,2.1394938,0,23.8,255.43,0,29.1
2026-09-07T18:00,node/2689736934,Bar Bodega Molina,,,,41.4403298,2.1817019,0,23.8,255.43,0,29.1
2026-09-07T18:00,node/2721077740,Bar Veni,,,,41.3848861,2.1667078,0,23.8,255.43,0,29.1
2026-09-07T18:00,node/2727449418,Las Euras,,,,41.3998785,2.1577187,0,23.8,255.43,0,29.1
2026-09-07T18:00,node/2793491051,La bona tapa,,,,41.4368098,2.2166172,1,23.8,255.43,0,29.1
2026-09-07T18:00,node/2892028393,Kino,,,,41.3825992,2.1665452,0,23.8,255.43,0,29.1
2026-09-07T18:00,node/2892037115,23 Robadors,,,,41.3796029,2.1708903,0,23.8,255.43,0,29.1
2026-09-07T18:00,node/2910255826,Shôko,,,,41.3854991,2.1969746,0,23.8,255.43,0,29.1
2026-09-07T18:00,node/2910255827,Opium,,,,41.3852778,2.1967099,0,23.8,255.43,0,29.1
2026-09-07T18:00,node/2927944587,Tapas Tapas!,,,,41.3745104,2.1829399,1,23.8,255.43,0,29.1
2026-09-07T18:00,node/2951499208,El racó d'en Henry,,,,41.4394757,2.2215013,1,23.8,255.43,0,29.1
2026-09-07T18:00,node/2966340931,El Capritx,,,,41.4022886,2.1998883,0,23.8,255.43,0,29.1
2026-09-07T18:00,node/2968119440,Can Tresó,,,,41.4028999,2.1537483,0,23.8,255.43,0,29.1
2026-09-07T18:00,node/2969276727,La Sirena Verde,,,,41.4027605,2.1657128,0,23.8,255.43,0,29.1
2026-09-07T18:00,node/2969277275,Café de l'Eixample,,,,41.4005021,2.1690108,0,23.8,255.43,0,29.1
2026-09-07T18:00,node/2970751844,Taverna El Disbarat,,,,41.4017728,2.1545227,0,23.8,255.43,0,29.1
2026-09-07T18:00,node/3007755352,La Pausa,,,,41.4071883,2.1557816,1,23.8,255.43,0,29.1
2026-09-07T18:00,node/3007803307,Oh La Lá,,,,41.4460123,2.2485803,1,23.8,255.43,0,29.1
2026-09-07T18:00,node/3048077142,L'Aliança del Poblenou,,,,41.3997067,2.2032276,0,23.8,255.43,0,29.1
2026-09-07T18:00,node/3049368344,Clot76,,,,41.4082815,2.1885259,0,23.8,255.43,0,29.1
2026-09-07T18:00,node/3084370508,Marina Bay By Moncho's,,,,41.3863077,2.1975017,0,23.8,255.43,0,29.1
2026-09-07T18:00,node/3084507933,Caravelle,,,,41.3822872,2.1688475,1,23.8,255.43,0,29.1
2026-09-07T18:00,node/3120072573,Bar Restaurant Nàutic,,,,41.3806088,2.1408397,1,23.8,255.43,0,29.1
2026-09-07T18:00,node/3177990194,Mezcal Taco Bar,,,,41.3830563,2.1554872,0,23.8,255.43,0,29.1
2026-09-07T18:00,node/3270120640,Luigi,,,,41.3862659,2.1753788,0,23.8,255.43,0,29.1
2026-09-07T18:00,node/3271554311,Al Sultán,,,,41.4035661,2.1554863,0,23.8,255.43,0,29.1
2026-09-07T18:00,node/3328694987,Nou Candanchú,,,,41.4005128,2.1576475,0,23.8,255.43,0,29.1
2026-09-07T18:00,node/3339670930,Bahia,,,,41.3803265,2.1774842,0,23.8,255.43,0,29.1
2026-09-07T18:00,node/3441700493,Santos Tapas,,,,41.3818417,2.1745121,0,23.8,255.43,0,29.1
2026-09-07T18:00,node/3491476947,Bar del Pla,,,,41.3856036,2.1800221,0,23.8,255.43,0,29.1
2026-09-07T18:00,node/3496970198,Centre Cívic Can Deu,,,,41.3869027,2.1327794,0,23.8,255.43,0,29.1
2026-09-07T18:00,node/3504769719,El Rincón,,,,41.3908977,2.1900669,1,23.8,255.43,0,29.1
2026-09-07T18:00,node/3517276245,Bar Canigó,,,,41.4029724,2.1579186,0,23.8,255.43,0,29.1
2026-09-07T18:00,node/3522552400,Àpat's,,,,41.3757617,2.1419109,0,23.8,255.43,0,29.1
2026-09-07T18:00,node/3548547194,El Bon Menjador - 2,,,,41.4388101,2.2172863,1,23.8,255.43,0,29.1
2026-09-07T18:00,node/3548548998,Bar Morales,,,,41.4395878,2.2165237,1,23.8,255.43,0,29.1
2026-09-07T18:00,node/3548613495,Bar Paula's Tapería,,,,41.4385437,2.2175484,1,23.8,255.43,0,29.1
2026-09-07T18:00,node/3556089494,Delicias Mediterráneas,,,,41.4415079,2.2267435,1,23.8,255.43,0,29.1
2026-09-07T18:00,node/3556089497,Xurreria Rodríguez,,,,41.4416928,2.2264651,1,23.8,255.43,0,29.1
2026-09-07T18:00,node/3556089803,Bar de La Salut,,,,41.4422594,2.2258792,1,23.8,255.43,0,29.1
2026-09-07T18:00,node/3560942698,Sandvitxeria Alhociema,,,,41.4443624,2.2236761,1,23.8,255.43,0,29.1
2026-09-07T18:00,node/3560955995,Centro Cultural Castellano-manchego,,,,41.4390698,2.2176297,1,23.8,255.43,0,29.1
2026-09-07T18:00,node/3595399490,Bar Familiar,,,,41.4359163,2.2182018,1,23.8,255.43,0,29.1
2026-09-07T18:00,node/3595399769,La granja de Casablanca,,,,41.4357671,2.2189395,1,23.8,255.43,0,29.1
2026-09-07T18:00,node/3595401238,Bar Alcázar,,,,41.4365542,2.2183742,1,23.8,255.43,0,29.1
2026-09-07T18:00,node/3596986411,Agrupación Cultural Galega Agarimos,,,,41.4358268,2.2165495,1,23.8,255.43,0,29.1
2026-09-07T18:00,node/3612059306,Nabuco Tiramisú,,,,41.4004523,2.1577244,0,23.8,255.43,0,29.1
2026-09-07T18:00,node/3620986554,Yamane,,,,41.3868061,2.1808426,0,23.8,255.43,0,29.1
2026-09-07T18:00,node/3620991692,Yamaneko-ryouri,,,,41.4016619,2.1447787,1,23.8,255.43,0,29.1
2026-09-07T18:00,node/3624045193,Bar-Granja Maribel,,,,41.4399092,2.2235793,1,23.8,255.43,0,29.1
2026-09-07T18:00,node/3624045293,Bar La Cantonada,,,,41.4396227,2.2242325,1,23.8,255.43,0,29.1
2026-09-07T18:00,node/3713349650,Groin's,,,,41.4108415,2.1637178,0,23.8,255.43,0,29.1
2026-09-07T18:00,node/3718061014,Bar Calders,,,,41.3764788,2.1623937,0,23.8,255.43,0,29.1
2026-09-07T18:00,node/3730796125,Buenas Migas,,,,41.3975542,2.1587856,1,23.8,255.43,0,29.1
2026-09-07T18:00,node/3761312382,La Fonda,,,,41.3793598,2.1762144,0,23.8,255.43,0,29.1
2026-09-07T18:00,node/3777075876,Oaxaca,,,,41.3821041,2.1838988,0,23.8,255.43,0,29.1
2026-09-07T18:00,node/3779149860,EsPan's,,,,41.4349094,2.2194667,1,23.8,255.43,0,29.1
2026-09-07T18:00,node/3794002044,Samurai Ramen,,,,41.3736753,2.1548947,0,23.8,255.43,0,29.1
2026-09-07T18:00,node/3804046057,Robata Sushi & Grill,,,,41.3904886,2.1585836,0,23.8,255.43,0,29.1
2026-09-07T18:00,node/3809169458,Freiduría El Boquerón,,,,41.4400822,2.2264769,1,23.8,255.43,0,29.1
2026-09-07T18:00,node/3809169459,Marisquería Melchor,,,,41.4401715,2.2266602,1,23.8,255.43,0,29.1
2026-09-07T18:00,node/3809169461,Elhotro bar,,,,41.4401247,2.2268506,1,23.8,255.43,0,29.1
2026-09-07T18:00,node/3809169658,Carte d'Or,,,,41.4403068,2.2274065,1,23.8,255.43,0,29.1
2026-09-07T18:00,node/3809169668,Vivari,,,,41.4408122,2.2271125,1,23.8,255.43,0,29.1
2026-09-07T18:00,node/3809169669,Pantaiberic delicatessen,,,,41.4408174,2.2269502,1,23.8,255.43,0,29.1
2026-09-07T18:00,node/3840009426,La Esquinica,,,,41.4304816,2.1712169,1,23.8,255.43,0,29.1
2026-09-07T18:00,node/3874539219,Café del Centre,,,,41.3946111,2.1712059,0,23.8,255.43,0,29.1
2026-09-07T18:00,node/3890922254,Characato,,,,41.4046885,2.1836218,0,23.8,255.43,0,29.1
2026-09-07T18:00,node/3901403358,Les Dues Sicilies,,,,41.3866097,2.1802613,0,23.8,255.43,0,29.1
2026-09-07T18:00,node/3955968257,El racó de les Glòries,,,,41.3986109,2.1978895,0,23.8,255.43,0,29.1
2026-09-07T18:00,node/4060217594,Matt & Marshall,,,,41.3993348,2.1997769,0,23.8,255.43,0,29.1
2026-09-07T18:00,node/4073605889,Mariscco,,,,41.3804885,2.1753271,0,23.8,255.43,0,29.1
2026-09-07T18:00,node/4126257971,Xixbar,,,,41.3758485,2.1576176,0,23.8,255.43,0,29.1
2026-09-07T18:00,node/4127494769,Vapiano,,,,41.3788941,2.1758361,0,23.8,255.43,0,29.1
2026-09-07T18:00,node/4138815989,Nømad Cøffee,,,,41.3889108,2.1771731,0,23.8,255.43,0,29.1
2026-09-07T18:00,node/4150499794,El 68,,,,41.4023622,2.1612062,0,23.8,255.43,0,29.1
2026-09-07T18:00,node/4166496789,Bar Thonet Grill Room,,,,41.3792408,2.1761073,0,23.8,255.43,0,29.1
2026-09-07T18:00,node/4168100800,Cervecería Frankfurt Europa,,,,41.4396191,2.2191504,1,23.8,255.43,0,29.1
2026-09-07T18:00,node/4225209596,Bar El Velodromo,,,,41.3934442,2.1501395,0,23.8,255.43,0,29.1
2026-09-07T18:00,node/4225810298,Bar Nolla,,,,41.3905504,2.1647825,0,23.8,255.43,0,29.1
2026-09-07T18:00,node/4233959493,Pastisseria Granja,,,,41.3795042,2.1792309,0,23.8,255.43,0,29.1
2026-09-07T18:00,node/4239222689,Rekons,,,,41.3806195,2.1610796,0,23.8,255.43,0,29.1
2026-09-07T18:00,node/4244877765,Bar La Peña,,,,41.4404265,2.2170329,1,23.8,255.43,0,29.1
2026-09-07T18:00,node/4247196393,cal mariner,,,,41.3791754,2.1898206,0,23.8,255.43,0,29.1
2026-09-07T18:00,node/4253851490,El Trencadís,,,,41.3937976,2.1655309,0,23.8,255.43,0,29.1
2026-09-07T18:00,node/4253862889,Hummus,,,,41.3912547,2.1611975,0,23.8,255.43,0,29.1
2026-09-07T18:00,node/4254090289,La tasqueta de Blai,,,,41.3733347,2.1652358,0,23.8,255.43,0,29.1
2026-09-07T18:00,node/4254094290,Rosa Negra,,,,41.3819164,2.1687596,0,23.8,255.43,0,29.1
2026-09-07T18:00,node/4254704967,Firebug Brunch,,,,41.3927459,2.1778691,0,23.8,255.43,0,29.1
2026-09-07T18:00,node/4254996890,La Macchina,,,,41.4030005,2.1535966,0,23.8,255.43,0,29.1
2026-09-07T18:00,node/4267035492,Kebabish,,,,41.4409198,2.2217884,1,23.8,255.43,0,29.1
2026-09-07T18:00,node/4267055591,La cantina del tapeo,,,,41.4420999,2.2200224,1,23.8,255.43,0,29.1
2026-09-07T18:00,node/4278033120,Buenas Migas,,,,41.3838044,2.1696233,0,23.8,255.43,0,29.1
2026-09-07T18:00,node/4283188047,Granja Romaní,,,,41.4348618,2.2179712,1,23.8,255.43,0,29.1
2026-09-07T18:00,node/4283194434,Bar La Paradeta,,,,41.4337773,2.2167771,1,23.8,255.43,0,29.1
2026-09-07T18:00,node/4291934189,Fonda Espanya,,,,41.3799009,2.1728032,0,23.8,255.43,0,29.1
2026-09-07T18:00,node/4306440989,Blai 9,,,,41.3730722,2.1658539,0,23.8,255.43,0,29.1
2026-09-07T18:00,node/4314857689,El punt,,,,41.4413807,2.2316251,1,23.8,255.43,0,29.1
2026-09-07T18:00,node/4314859689,Versace,,,,41.4337089,2.2172203,1,23.8,255.43,0,29.1
2026-09-07T18:00,node/4315715092,Petit Comitè,,,,41.3943551,2.1600308,0,23.8,255.43,0,29.1
2026-09-07T18:00,node/4321183403,Brunch & Cake,,,,41.3882834,2.1615596,0,23.8,255.43,0,29.1
2026-09-07T18:00,node/4336933393,Mayura,,,,41.3938992,2.1720914,0,23.8,255.43,0,29.1
2026-09-07T18:00,node/4340119890,VIENA,,,,41.3579934,2.1293918,1,23.8,255.43,0,29.1
2026-09-07T18:00,node/4349925690,Nemrut,,,,41.3810051,2.1772158,0,23.8,255.43,0,29.1
2026-09-07T18:00,node/4350019284,Palosanto,,,,41.3808122,2.1772701,0,23.8,255.43,0,29.1
2026-09-07T18:00,node/4364289794,Faborit Casa Amatller,,,,41.3915836,2.1650592,0,23.8,255.43,0,29.1
2026-09-07T18:00,node/4386702690,Red Ant Noodle Bar,,,,41.3880129,2.1810961,0,23.8,255.43,0,29.1
2026-09-07T18:00,node/4396244190,Fresc Co,,,,41.3891657,2.1969678,0,23.8,255.43,0,29.1
2026-09-07T18:00,node/4401234193,BlackLab Brewhouse & Kitchen,,,,41.3812305,2.1854573,1,23.8,255.43,0,29.1
2026-09-07T18:00,node/4431102493,Forn Puiggròs,,,,41.4102615,2.1741597,0,23.8,255.43,0,29.1
2026-09-07T18:00,node/4439412389,La Vinya del Senyor,,,,41.3832546,2.1818655,0,23.8,255.43,0,29.1
2026-09-07T18:00,node/4440352791,La Gavina,,,,41.3807532,2.1853211,1,23.8,255.43,0,29.1
2026-09-07T18:00,node/4443367289,Pannus,,,,41.3863691,2.1726728,0,23.8,255.43,0,29.1
2026-09-07T18:00,node/4449185678,Il Caffè di Francesco,,,,41.3908733,2.1652201,0,23.8,255.43,0,29.1
2026-09-07T18:00,node/4451904190,Bar Granadino,,,,41.4404153,2.2238276,1,23.8,255.43,0,29.1
2026-09-07T18:00,node/4451904193,La ciudad de oro,,,,41.4408727,2.2240695,1,23.8,255.43,0,29.1
2026-09-07T18:00,node/4451986792,Cafe Bar Florida,,,,41.4403503,2.2236929,1,23.8,255.43,0,29.1
2026-09-07T18:00,node/4451986793,Bar Amigo,,,,41.4411469,2.2238965,1,23.8,255.43,0,29.1
2026-09-07T18:00,node/4451988991,Bar Frankfurt Jaime,,,,41.4408051,2.2241201,1,23.8,255.43,0,29.1
2026-09-07T18:00,node/4451989090,Entre tapes,,,,41.4423118,2.2237245,1,23.8,255.43,0,29.1
2026-09-07T18:00,node/4451992791,Bar Leo,,,,41.4406309,2.2245529,1,23.8,255.43,0,29.1
2026-09-07T18:00,node/4452031691,Bar La Granja,,,,41.4427953,2.2241899,1,23.8,255.43,0,29.1
2026-09-07T18:00,node/4455238130,Anahuac,,,,41.3965161,2.1513989,0,23.8,255.43,0,29.1
2026-09-07T18:00,node/4461595656,Cafeteria de la Biblioteca Jaumer Fuster,,,,41.4075557,2.1493457,0,23.8,255.43,0,29.1
2026-09-07T18:00,node/4470059420,Mesón Gallego,,,,41.3818896,2.0709288,1,23.8,255.43,0,29.1
2026-09-07T18:00,node/4486639527,Boldú,,,,41.3973783,2.1517865,0,23.8,255.43,0,29.1
2026-09-07T18:00,node/4486683966,La Tagliatella,,,,41.3974141,2.1514101,0,23.8,255.43,0,29.1
2026-09-07T18:00,node/4503193765,Bicioci,,,,41.3999229,2.1619101,0,23.8,255.43,0,29.1
2026-09-07T18:00,node/4509411660,Bar Mediterráneo,,,,41.4343007,2.2180868,1,23.8,255.43,0,29.1
2026-09-07T18:00,node/4516538193,Más Que Sushi,,,,41.3774227,2.1527247,1,23.8,255.43,0,29.1
2026-09-07T18:00,node/4516600994,Salambó,,,,41.4044546,2.1576355,0,23.8,255.43,0,29.1
2026-09-07T18:00,node/4520259289,Cachitos,,,,41.3953057,2.1536913,0,23.8,255.43,0,29.1
2026-09-07T18:00,node/4572063790,Cafetería 365,,,,41.3744652,2.1675541,0,23.8,255.43,0,29.1
2026-09-07T18:00,node/4580517495,Cadaqués,,,,41.4004717,2.1574102,0,23.8,255.43,0,29.1
2026-09-07T18:00,node/4591423938,Arabia Cafe,,,,41.3796023,2.1762764,0,23.8,255.43,0,29.1
2026-09-07T18:00,node/4602957463,Otafuku Daifuku,,,,41.3861633,2.1813225,0,23.8,255.43,0,29.1
2026-09-07T18:00,node/4631918790,Casa López,,,,41.4047191,2.1550626,0,23.8,255.43,0,29.1
2026-09-07T18:00,node/4643974106,Kyoka Via Augusta,,,,41.3979693,2.1315017,1,23.8,255.43,0,29.1
2026-09-07T18:00,node/4654613659,afiparc,,,,41.4134414,2.1527296,1,23.8,255.43,0,29.1
2026-09-07T18:00,node/4668687590,Can Vilaró,,,,41.3779004,2.1617005,0,23.8,255.43,0,29.1
2026-09-07T18:00,node/4673198082,Montesquiu,,,,41.4046825,2.1325233,0,23.8,255.43,0,29.1
2026-09-07T18:00,node/4680760648,Sushi Taller,,,,41.4048621,2.1326565,0,23.8,255.43,0,29.1
2026-09-07T18:00,node/4681801089,Orxateria la Valenciana,,,,41.3863413,2.1622578,0,23.8,255.43,0,29.1
2026-09-07T18:00,node/4704972453,majide,,,,41.3849224,2.1674688,0,23.8,255.43,0,29.1
2026-09-07T18:00,node/4709933976,Sottovoce,,,,41.3579226,2.1294974,1,23.8,255.43,0,29.1
2026-09-07T18:00,node/4711659235,Casa Lolea,,,,41.3888056,2.1771897,0,23.8,255.43,0,29.1
2026-09-07T18:00,node/4720526074,El Charrito,,,,41.3896183,2.1662427,1,23.8,255.43,0,29.1
2026-09-07T18:00,node/4721286889,Prodigi,,,,41.3985973,2.1659559,0,23.8,255.43,0,29.1
2026-09-07T18:00,node/4726582894,Catalina Cafe,,,,41.3862071,2.1793039,0,23.8,255.43,0,29.1
2026-09-07T18:00,node/4726583193,Betlem,,,,41.3949258,2.1712207,1,23.8,255.43,0,29.1
2026-09-07T18:00,node/4727975192,La Coruña,,,,41.4083413,2.1851911,0,23.8,255.43,0,29.1
2026-09-07T18:00,node/4728103192,Cafè Arrels,,,,41.4137041,2.1809929,0,23.8,255.43,0,29.1
2026-09-07T18:00,node/4729343193,Cervecería Frankfurt El Molino,,,,41.3746194,2.1669636,0,23.8,255.43,0,29.1
2026-09-07T18:00,node/4735766123,I'll Pomo d'Oro,,,,41.3926987,2.1585151,0,23.8,255.43,0,29.1
2026-09-07T18:00,node/4743830714,Casa Escarré (Joan's),,,,41.3747567,2.1427755,0,23.8,255.43,0,29.1
2026-09-07T18:00,node/4751727952,Bar Ribalda,,,,41.4026552,2.1328307,0,23.8,255.43,0,29.1
2026-09-07T18:00,node/4755496723,Brewdog,,,,41.3857301,2.1581661,0,23.8,255.43,0,29.1
2026-09-07T18:00,node/4756509699,Morro fi,,,,41.3833069,2.1550311,0,23.8,255.43,0,29.1
2026-09-07T18:00,node/4776357929,Tomodachi,,,,41.4053891,2.1644663,0,23.8,255.43,0,29.1
2026-09-07T18:00,node/4778618049,De Gustibus Italiae,,,,41.4027491,2.1330183,1,23.8,255.43,0,29.1
2026-09-07T18:00,node/4784670742,Índigo Café,,,,41.3874831,2.1626443,0,23.8,255.43,0,29.1
2026-09-07T18:00,node/4792724121,Venus Delicatessen Barcelona,,,,41.3807065,2.1779781,0,23.8,255.43,0,29.1
2026-09-07T18:00,node/4802341078,El Quatre,,,,41.4031267,2.1333762,0,23.8,255.43,0,29.1
2026-09-07T18:00,node/4805335780,Madonna Vegan,,,,41.3812162,2.1671279,0,23.8,255.43,0,29.1
2026-09-07T18:00,node/4816093515,Olímpic Bar,,,,41.4422394,2.2177816,1,23.8,255.43,0,29.1
2026-09-07T18:00,node/4822739686,Bar El Racó,,,,41.4417497,2.2212713,1,23.8,255.43,0,29.1
2026-09-07T18:00,node/4838956921,Supra,,,,41.3910798,2.1613999,0,23.8,255.43,0,29.1
2026-09-07T18:00,node/4844565923,Pampa Drugstore,,,,41.3827176,2.1712051,0,23.8,255.43,0,29.1
2026-09-07T18:00,node/4847673021,Usagui,,,,41.4021671,2.1463849,0,23.8,255.43,0,29.1
2026-09-07T18:00,node/4859449960,Restaurant el Magatzem,,,,41.3805096,2.1863595,0,23.8,255.43,0,29.1
2026-09-07T18:00,node/4859450597,Restaurant Cal Pinxo,,,,41.3806265,2.1855795,1,23.8,255.43,0,29.1
2026-09-07T18:00,node/4867833221,Pizzeria El Mundo,,,,41.3751322,2.1231212,1,23.8,255.43,0,29.1
2026-09-07T18:00,node/4881181797,Sierra Nevada,,,,41.4420581,2.1834715,0,23.8,255.43,0,29.1
2026-09-07T18:00,node/4903340658,El Ramblero,,,,41.4219271,2.1969049,1,23.8,255.43,0,29.1
2026-09-07T18:00,node/4906736149,L'Olivera,,,,41.4058547,2.1893093,1,23.8,255.43,0,29.1
2026-09-07T18:00,node/4917663030,Picnic,,,,41.4179648,2.1988442,0,23.8,255.43,0,29.1
2026-09-07T18:00,node/4937772721,Vila's Bar,,,,41.4059086,2.1571314,0,23.8,255.43,0,29.1
2026-09-07T18:00,node/4938104321,Hammock Juice Station,,,,41.3971863,2.1671778,0,23.8,255.43,0,29.1
2026-09-07T18:00,node/4973805221,Brunch & Cake by the sea,,,,41.3809714,2.1872568,1,23.8,255.43,0,29.1
2026-09-07T18:00,node/4973805421,Quinoa Aragó Vegetarià,,,,41.3886233,2.1598684,0,23.8,255.43,0,29.1
2026-09-07T18:00,node/4977546909,Tonkotsu,,,,41.3938467,2.1650368,0,23.8,255.43,0,29.1
2026-09-07T18:00,node/4983764927,Cervecería-Frankfurt,,,,41.4394391,2.2207951,1,23.8,255.43,0,29.1
2026-09-07T18:00,node/4983764935,Max Bar,,,,41.4401476,2.2214687,1,23.8,255.43,0,29.1
2026-09-07T18:00,node/4983764944,Bar Verín,,,,41.4396911,2.2210187,1,23.8,255.43,0,29.1
2026-09-07T18:00,node/4983764949,Bar R'Aurora,,,,41.4400582,2.2213943,1,23.8,255.43,0,29.1
2026-09-07T18:00,node/4983764952,Trocadero,,,,41.4385047,2.2204982,1,23.8,255.43,0,29.1
2026-09-07T18:00,node/4983764957,Bar La Alpujarra,,,,41.4420698,2.2228867,1,23.8,255.43,0,29.1
2026-09-07T18:00,node/4983764958,Sant Mori,,,,41.4390777,2.2210618,1,23.8,255.43,0,29.1
2026-09-07T18:00,node/4983764960,El buen gusto,,,,41.4411919,2.2225719,1,23.8,255.43,0,29.1
2026-09-07T18:00,node/4983764965,Bar Junior Bodega,,,,41.4417139,2.2225318,1,23.8,255.43,0,29.1
2026-09-07T18:00,node/4983764975,Bar Satisfecho,,,,41.4385461,2.2198488,1,23.8,255.43,0,29.1
2026-09-07T18:00,node/4983765002,Bar sushi Salon,,,,41.4425727,2.2233672,1,23.8,255.43,0,29.1
2026-09-07T18:00,node/4983765004,Corre que se acaban,,,,41.4392453,2.2212328,1,23.8,255.43,0,29.1
2026-09-07T18:00,node/4983765005,365,,,,41.4403303,2.2225575,1,23.8,255.43,0,29.1
2026-09-07T18:00,node/4984256695,Pampa Mía,,,,41.4085709,2.2035603,0,23.8,255.43,0,29.1
2026-09-07T18:00,node/4991221422,Salterio,,,,41.3825107,2.1760837,0,23.8,255.43,0,29.1
2026-09-07T18:00,node/5007434606,La Balmesina,,,,41.3970301,2.1522555,0,23.8,255.43,0,29.1
2026-09-07T18:00,node/5010794721,Syra Coffee,,,,41.4014925,2.1595216,0,23.8,255.43,0,29.1
2026-09-07T18:00,node/5010794821,Nomad Frutas Selectas,,,,41.3979292,2.1955517,0,23.8,255.43,0,29.1
2026-09-07T18:00,node/5023905423,Petra,,,,41.4038883,2.1551166,0,23.8,255.43,0,29.1
2026-09-07T18:00,node/5028969022,Guzzo,,,,41.3850929,2.1836594,0,23.8,255.43,0,29.1
2026-09-07T18:00,node/5030247521,La Pantera Rosa,,,,41.4010493,2.1525903,0,23.8,255.43,0,29.1
2026-09-07T18:00,node/5037900607,Orio,,,,41.3819545,2.1763606,0,23.8,255.43,0,29.1
2026-09-07T18:00,node/5048602525,Blau Cel,,,,41.4043091,2.1612896,0,23.8,255.43,0,29.1
2026-09-07T18:00,node/5053669724,La Xula Taperia,,,,41.4023295,2.1586126,0,23.8,255.43,0,29.1
2026-09-07T18:00,node/5081388242,La Raposa,,,,41.3725137,2.1639527,0,23.8,255.43,0,29.1
2026-09-07T18:00,node/5082277825,Vermuteria Puigmartí,,,,41.4013967,2.1590604,0,23.8,255.43,0,29.1
2026-09-07T18:00,node/5082277826,Caracas,,,,41.4020908,2.1601676,0,23.8,255.43,0,29.1
2026-09-07T18:00,node/5082288821,Curuba,,,,41.3999554,2.1574731,0,23.8,255.43,0,29.1
2026-09-07T18:00,node/5086827321,Metric Market,,,,41.3916196,2.1419287,0,23.8,255.43,0,29.1
2026-09-07T18:00,node/5088945722,La Juanola,,,,41.4066765,2.1569377,0,23.8,255.43,0,29.1
2026-09-07T18:00,node/5089333723,Ciuri‘s,,,,41.4052466,2.1565749,0,23.8,255.43,0,29.1
2026-09-07T18:00,node/5105012628,Entre Hores,,,,41.4030943,2.1577829,0,23.8,255.43,0,29.1
2026-09-07T18:00,node/5109943322,Intrèpid,,,,41.4043018,2.1550041,0,23.8,255.43,0,29.1
2026-09-07T18:00,node/5110964523,La Trobada,,,,41.4015625,2.1520155,0,23.8,255.43,0,29.1
2026-09-07T18:00,node/5111094221,El Dorado Chicken,,,,41.3930251,2.1579995,0,23.8,255.43,0,29.1
2026-09-07T18:00,node/5113896626,Granja Fimon's,,,,41.4477805,2.2438919,1,23.8,255.43,0,29.1
2026-09-07T18:00,node/5118124314,Kebab Bocateli,,,,41.4426035,2.2166674,1,23.8,255.43,0,29.1
2026-09-07T18:00,node/5118126421,Bar Frankfurt Polideportivo,,,,41.4429429,2.2162226,1,23.8,255.43,0,29.1
2026-09-07T18:00,node/5118126428,Granja Modesto,,,,41.4343689,2.2158958,1,23.8,255.43,0,29.1
2026-09-07T18:00,node/5118126435,Cafeteria i Forn de pa Grey,,,,41.4332655,2.2174982,1,23.8,255.43,0,29.1
2026-09-07T18:00,node/5118126438,Frankfurt Piscis,,,,41.4360107,2.2158678,1,23.8,255.43,0,29.1
2026-09-07T18:00,node/5118126440,Bar Julio,,,,41.4348299,2.2151483,1,23.8,255.43,0,29.1
2026-09-07T18:00,node/5118126443,Bar Beethoven,,,,41.4328863,2.2181523,1,23.8,255.43,0,29.1
2026-09-07T18:00,node/5118126453,Bar Bondia,,,,41.4342763,2.2160261,1,23.8,255.43,0,29.1
2026-09-07T18:00,node/5128075585,Monkey Factory,,,,41.3927261,2.1544614,0,23.8,255.43,0,29.1
2026-09-07T18:00,node/5137360822,El Jardí,,,,41.4475237,2.2469586,1,23.8,255.43,0,29.1
2026-09-07T18:00,node/5144745888,Bar La Imperial,,,,41.4372451,2.2200669,1,23.8,255.43,0,29.1
2026-09-07T18:00,node/5144745889,Gabi,,,,41.4372105,2.2199582,1,23.8,255.43,0,29.1
2026-09-07T18:00,node/5144745893,Bar India,,,,41.4420657,2.2284253,1,23.8,255.43,0,29.1
2026-09-07T18:00,node/5144745896,Mokka,,,,41.4371063,2.2201689,1,23.8,255.43,0,29.1
2026-09-07T18:00,node/5156690125,Loc,,,,41.4351636,2.2283155,1,23.8,255.43,0,29.1
2026-09-07T18:00,node/5160440326,Les Termes Bdn,,,,41.4520115,2.2476488,1,23.8,255.43,0,29.1
2026-09-07T18:00,node/5167185733,La Sucursal,,,,41.3806502,2.1611889,0,23.8,255.43,0,29.1
2026-09-07T18:00,node/5167569072,El Mercader de L'Eixample,,,,41.3923316,2.1603286,0,23.8,255.43,0,29.1
2026-09-07T18:00,node/5168232324,Colmado,,,,41.3819235,2.1744264,0,23.8,255.43,0,29.1
2026-09-07T18:00,node/5175039621,Green's,,,,41.3959672,2.1496553,0,23.8,255.43,0,29.1
2026-09-07T18:00,node/5176233727,Els Porxos,,,,41.4031581,2.1751611,1,23.8,255.43,0,29.1
2026-09-07T18:00,node/5182260830,Catafal,,,,41.4088089,2.1468574,0,23.8,255.43,0,29.1
2026-09-07T18:00,node/5190930121,Casa Ángel,,,,41.4070235,2.1818566,0,23.8,255.43,0,29.1
2026-09-07T18:00,node/5192085421,Esterri,,,,41.3812805,2.1618108,0,23.8,255.43,0,29.1
2026-09-07T18:00,node/5198200824,Copa d'Or,,,,41.3963876,2.1688461,0,23.8,255.43,0,29.1
2026-09-07T18:00,node/5198200829,Gyoza Bistró,,,,41.3940771,2.1723519,0,23.8,255.43,0,29.1
2026-09-07T18:00,node/5198201036,Nou Can Codina,,,,41.3989586,2.1608728,0,23.8,255.43,0,29.1
2026-09-07T18:00,node/5198201122,La Particcela,,,,41.3961328,2.1697679,0,23.8,255.43,0,29.1
2026-09-07T18:00,node/5198201124,Riko's Braseria - Restaurante,,,,41.3929731,2.1692667,0,23.8,255.43,0,29.1
2026-09-07T18:00,node/5199743028,seven7seven,,,,41.3898868,2.1622344,0,23.8,255.43,0,29.1
2026-09-07T18:00,node/5207046925,Sense Nom,,,,41.3843558,2.1622563,0,23.8,255.43,0,29.1
2026-09-07T18:00,node/5207067522,El Maravillas,,,,41.3868914,2.1323626,0,23.8,255.43,0,29.1
2026-09-07T18:00,node/5208223424,Bonastre,,,,41.3774986,2.1587463,0,23.8,255.43,0,29.1
2026-09-07T18:00,node/5212252535,Tariq,,,,41.4477214,2.2405051,1,23.8,255.43,0,29.1
2026-09-07T18:00,node/5218828496,Conecta,,,,41.4388265,2.2253266,1,23.8,255.43,0,29.1
2026-09-07T18:00,node/5218828499,Sweet dolç,,,,41.4385456,2.2254351,1,23.8,255.43,0,29.1
2026-09-07T18:00,node/5226505321,Bodega E. Marin,,,,41.4025586,2.1609645,0,23.8,255.43,0,29.1
2026-09-07T18:00,node/5228942946,La Pubilla,,,,41.3995748,2.1536674,0,23.8,255.43,0,29.1
2026-09-07T18:00,node/5237627856,Tasmango Dessert,,,,41.3909254,2.1784375,1,23.8,255.43,0,29.1
2026-09-07T18:00,node/5238186123,Lennox,,,,41.3834186,2.1829502,0,23.8,255.43,0,29.1
2026-09-07T18:00,node/5271863048,Rest. Alexandre,,,,41.4322501,2.1835476,1,23.8,255.43,0,29.1
2026-09-07T18:00,node/5286467104,Granja Monsul,,,,41.4437723,2.2239591,1,23.8,255.43,0,29.1
2026-09-07T18:00,node/5298404593,Próspero,,,,41.4382431,2.2237839,1,23.8,255.43,0,29.1
2026-09-07T18:00,node/5298404603,Bar Salamanca,,,,41.4388532,2.2246477,1,23.8,255.43,0,29.1
2026-09-07T18:00,node/5298405327,Bar Benuga,,,,41.4383471,2.2243229,1,23.8,255.43,0,29.1
2026-09-07T18:00,node/5298405384,Bar Rocío Los Cazadores,,,,41.4389682,2.2252641,1,23.8,255.43,0,29.1
2026-09-07T18:00,node/5299921764,Bar Crack,,,,41.4343466,2.2189911,1,23.8,255.43,0,29.1
2026-09-07T18:00,node/5299921811,Can Daura,,,,41.4358077,2.2218721,1,23.8,255.43,0,29.1
2026-09-07T18:00,node/5299922525,Bar La Imperial,,,,41.4354603,2.2205399,1,23.8,255.43,0,29.1
2026-09-07T18:00,node/5299922526,Bar Marta,,,,41.4349148,2.2200469,1,23.8,255.43,0,29.1
2026-09-07T18:00,node/5313632423,365,,,,41.3789307,2.1718613,0,23.8,255.43,0,29.1
2026-09-07T18:00,node/5327570662,Ancestral,,,,41.3977332,2.1656576,0,23.8,255.43,0,29.1
2026-09-07T18:00,node/5347967007,Bar Marín,,,,41.4474106,2.2217195,1,23.8,255.43,0,29.1
2026-09-07T18:00,node/5347967009,Bar La Cantonada,,,,41.4474812,2.2209325,1,23.8,255.43,0,29.1
2026-09-07T18:00,node/5363964402,El gran croissant,,,,41.4359355,2.2167366,1,23.8,255.43,0,29.1
2026-09-07T18:00,node/5395531687,Las Marismas,,,,41.3701297,2.1215161,1,23.8,255.43,0,29.1
2026-09-07T18:00,node/5407919537,El Yate,,,,41.4039787,2.1367463,0,23.8,255.43,0,29.1
2026-09-07T18:00,node/5417517130,Tou Kichi Rou,,,,41.3919953,2.1432267,0,23.8,255.43,0,29.1
2026-09-07T18:00,node/5418243448,La Pampa,,,,41.3793623,2.1879402,1,23.8,255.43,0,29.1
2026-09-07T18:00,node/5418243450,els maians,,,,41.3786757,2.1882219,1,23.8,255.43,0,29.1
2026-09-07T18:00,node/5418243451,no30,,,,41.3791653,2.1879988,1,23.8,255.43,0,29.1
2026-09-07T18:00,node/5418243452,Lolita,,,,41.3783615,2.1882936,1,23.8,255.43,0,29.1
2026-09-07T18:00,node/5418243454,Reina Margherita,,,,41.3792655,2.1879835,1,23.8,255.43,0,29.1
2026-09-07T18:00,node/5434314893,PolkaBarcelona,,,,41.3859057,2.1326565,0,23.8,255.43,0,29.1
2026-09-07T18:00,node/5485540627,Bar Placídia,,,,41.3999472,2.1524915,0,23.8,255.43,0,29.1
2026-09-07T18:00,node/5487473548,Cafè Mos,,,,41.4143487,2.1384116,0,23.8,255.43,0,29.1
2026-09-07T18:00,node/5498351755,365 Cafeteria Forn de Pa,,,,41.3747778,2.1626826,0,23.8,255.43,0,29.1
2026-09-07T18:00,node/5509139428,La Carmanyola,,,,41.4013829,2.2068942,1,23.8,255.43,0,29.1
2026-09-07T18:00,node/5536153362,Cafeteria La Dona,,,,41.4396715,2.2242727,1,23.8,255.43,0,29.1
2026-09-07T18:00,node/5564055763,Panda & Smile,,,,41.3842068,2.1585673,0,23.8,255.43,0,29.1
2026-09-07T18:00,node/5564064431,Atrapatapa,,,,41.3832362,2.1568636,0,23.8,255.43,0,29.1
2026-09-07T18:00,node/5595134220,Cervecería Amoretty's 3,,,,41.4412382,2.2200117,1,23.8,255.43,0,29.1
2026-09-07T18:00,node/5606506169,Sincopa,,,,41.3803881,2.1789886,0,23.8,255.43,0,29.1
2026-09-07T18:00,node/5611733921,Buenas Migas,,,,41.4024253,2.1743326,0,23.8,255.43,0,29.1
2026-09-07T18:00,node/5617465886,Amateur,,,,41.3967536,2.1962847,0,23.8,255.43,0,29.1
2026-09-07T18:00,node/5646412432,Made in Sicily,,,,41.4483394,2.2490191,1,23.8,255.43,0,29.1
2026-09-07T18:00,node/5646415922,La Bella Istambul,,,,41.4479233,2.2494906,1,23.8,255.43,0,29.1
2026-09-07T18:00,node/5658288082,Can Teixidó,,,,41.4491148,2.2483189,1,23.8,255.43,0,29.1
2026-09-07T18:00,node/5663240986,Cafè Escac,,,,41.3837378,2.1695562,0,23.8,255.43,0,29.1
2026-09-07T18:00,node/5676005621,CACHO,,,,41.3931048,2.1910878,0,23.8,255.43,0,29.1
2026-09-07T18:00,node/5718757792,360°,,,,41.3790957,2.1696433,1,23.8,255.43,0,29.1
2026-09-07T18:00,node/5793057257,Bar Granja el Chiquitín,,,,41.4398176,2.2263171,1,23.8,255.43,0,29.1
2026-09-07T18:00,node/5796742218,The Clock,,,,41.3754168,2.1482785,0,23.8,255.43,0,29.1
2026-09-07T18:00,node/5805410453,Morrow Coffee,,,,41.3771392,2.1513283,0,23.8,255.43,0,29.1
2026-09-07T18:00,node/5806521955,Paisano Bistró,,,,41.4048549,2.1759323,1,23.8,255.43,0,29.1
2026-09-07T18:00,node/5856758686,El racó de les tapes,,,,41.4357708,2.1910224,0,23.8,255.43,0,29.1
2026-09-07T18:00,node/5878496985,UDON,,,,41.4051569,2.1921906,0,23.8,255.43,0,29.1
2026-09-07T18:00,node/5916157285,Bar Castells,,,,41.3841472,2.1698121,0,23.8,255.43,0,29.1
2026-09-07T18:00,node/5923867889,,,,,41.4406062,2.2451514,1,23.8,255.43,0,29.1
2026-09-07T18:00,node/5930228787,Mi casa,,,,41.3993608,2.1535771,0,23.8,255.43,0,29.1
2026-09-07T18:00,node/5933808740,Kserol,,,,41.3986236,2.1753141,0,23.8,255.43,0,29.1
2026-09-07T18:00,node/5944781772,Restaurante Burning Rock&Food,,,,41.3746837,2.1311612,0,23.8,255.43,0,29.1
2026-09-07T18:00,node/5951964888,el Fornet,,,,41.3882003,2.1723419,0,23.8,255.43,0,29.1
2026-09-07T18:00,node/5972440521,Feroz,,,,41.3965882,2.1508404,0,23.8,255.43,0,29.1
2026-09-07T18:00,node/5980982393,Pepa Tomate,,,,41.3767661,2.1627826,0,23.8,255.43,0,29.1
2026-09-07T18:00,node/6000108088,La Neura,,,,41.4002093,2.1660134,0,23.8,255.43,0,29.1
2026-09-07T18:00,node/6009236381,Mesón Balouta,,,,41.4384121,2.1649296,0,23.8,255.43,0,29.1
2026-09-07T18:00,node/6010958538,Bar Avenida,,,,41.4371962,2.2238498,1,23.8,255.43,0,29.1
2026-09-07T18:00,node/6010958540,Bar Trébol BCN,,,,41.4352675,2.2193633,1,23.8,255.43,0,29.1
2026-09-07T18:00,node/6027971388,Novell,,,,41.4070495,2.1667319,0,23.8,255.43,0,29.1
2026-09-07T18:00,node/6038827086,Honest Greens,,,,41.3986972,2.1569862,0,23.8,255.43,0,29.1
2026-09-07T18:00,node/6066258257,Bar Roma Sports,,,,41.4449369,2.2223513,1,23.8,255.43,0,29.1
2026-09-07T18:00,node/6089625321,Vivari,,,,41.3973187,2.1676233,0,23.8,255.43,0,29.1
2026-09-07T18:00,node/6093865396,The FRESH POKE,,,,41.3975268,2.1644457,0,23.8,255.43,0,29.1
2026-09-07T18:00,node/6093944886,Nicasso,,,,41.4072456,2.1873211,0,23.8,255.43,0,29.1
2026-09-07T18:00,node/6096656135,Yoi Yoi Gion,,,,41.3965593,2.1606187,0,23.8,255.43,0,29.1
2026-09-07T18:00,node/6104559348,Belles Arts II,,,,41.3872827,2.1361782,0,23.8,255.43,0,29.1
2026-09-07T18:00,node/6104561002,Toyodo,,,,41.3866914,2.1375355,1,23.8,255.43,0,29.1
2026-09-07T18:00,node/6106764321,Il Caffe di Francesco,,,,41.3930707,2.1642758,1,23.8,255.43,0,29.1
2026-09-07T18:00,node/6109526596,El Cuiner de Damasc,,,,41.3814196,2.1776754,0,23.8,255.43,0,29.1
2026-09-07T18:00,node/6110978486,Bonaparte,,,,41.4775805,2.0724847,1,23.8,255.43,0,29.1
2026-09-07T18:00,node/6123253862,Bar Granja Oasis,,,,41.3505068,2.1127043,1,23.8,255.43,0,29.1
2026-09-07T18:00,node/6126749461,Cantero,,,,41.3942111,2.1902433,1,23.8,255.43,0,29.1
2026-09-07T18:00,node/6164234382,Poké Sí,,,,41.4052321,2.1924708,0,23.8,255.43,0,29.1
2026-09-07T18:00,node/6164236104,Palo Verde,,,,41.4047343,2.1968042,0,23.8,255.43,0,29.1
2026-09-07T18:00,node/6166398253,Panet,,,,41.3861845,2.1430687,1,23.8,255.43,0,29.1
2026-09-07T18:00,node/6182404055,Kasa,,,,41.3861348,2.1656868,0,23.8,255.43,0,29.1
2026-09-07T18:00,node/6188914880,Bella Venezia,,,,41.3965502,2.1644865,0,23.8,255.43,0,29.1
2026-09-07T18:00,node/6188922858,Arc iris,,,,41.3998386,2.1715382,0,23.8,255.43,0,29.1
2026-09-07T18:00,node/6193461695,Sun Market,,,,41.3928465,2.1569854,0,23.8,255.43,0,29.1
2026-09-07T18:00,node/6193479448,Akashi Sushi Bar,,,,41.3923045,2.1558108,0,23.8,255.43,0,29.1
2026-09-07T18:00,node/6200571548,La Svolta,,,,41.4061025,2.1515184,0,23.8,255.43,0,29.1
2026-09-07T18:00,node/6202321417,La Tapeta del Coll,,,,41.4179646,2.1467035,1,23.8,255.43,0,29.1
2026-09-07T18:00,node/6204104907,La Papa,,,,41.3898088,2.1577366,1,23.8,255.43,0,29.1
2026-09-07T18:00,node/6216083704,La Coma,,,,41.3401472,2.1265697,1,23.8,255.43,0,29.1
2026-09-07T18:00,node/6216218158,la Zona,,,,41.3460291,2.1439158,1,23.8,255.43,0,29.1
2026-09-07T18:00,node/6216756977,Estrella de Istanbul,,,,41.4098375,2.1751296,0,23.8,255.43,0,29.1
2026-09-07T18:00,node/6230395442,Akelarre,,,,41.3892275,2.1373726,0,23.8,255.43,0,29.1
2026-09-07T18:00,node/6230407068,Starbucks,,,,41.3951351,2.1581903,0,23.8,255.43,0,29.1
2026-09-07T18:00,node/6232752417,El Taller,,,,41.3587511,2.1404908,0,23.8,255.43,0,29.1
2026-09-07T18:00,node/6237797177,Luri,,,,41.3977931,2.1514901,0,23.8,255.43,0,29.1
2026-09-07T18:00,node/6246525924,in blue,,,,41.3877036,2.1368756,0,23.8,255.43,0,29.1
2026-09-07T18:00,node/6250219942,Al sur,,,,41.3941572,2.1586822,0,23.8,255.43,0,29.1
2026-09-07T18:00,node/6258570565,Dino Pan,,,,41.3824376,2.1318622,0,23.8,255.43,0,29.1
2026-09-07T18:00,node/6258570699,Don Sándwich,,,,41.3820321,2.1315862,0,23.8,255.43,0,29.1
2026-09-07T18:00,node/6258715958,La Lluna de Gavà,,,,41.3672801,2.1403759,0,23.8,255.43,0,29.1
2026-09-07T18:00,node/6258718433,La Toscana,,,,41.3805625,2.1323335,0,23.8,255.43,0,29.1
2026-09-07T18:00,node/6258718652,Cafeteria Melody Bar,,,,41.3779464,2.1338934,0,23.8,255.43,0,29.1
2026-09-07T18:00,node/6258719247,Bar Florida,,,,41.3592896,2.1399844,0,23.8,255.43,0,29.1
2026-09-07T18:00,node/6260784864,La Cabaña,,,,41.3699161,2.1341331,0,23.8,255.43,0,29.1
2026-09-07T18:00,node/6260786193,Goiko Grill,,,,41.3656448,2.1357604,1,23.8,255.43,0,29.1
2026-09-07T18:00,node/6264834185,König,,,,41.3862163,2.1827612,0,23.8,255.43,0,29.1
2026-09-07T18:00,node/6298115913,N.A.P.,,,,41.3774834,2.1900137,0,23.8,255.43,0,29.1
2026-09-07T18:00,node/6316025985,L'Esclop,,,,41.3768262,2.1577412,0,23.8,255.43,0,29.1
2026-09-07T18:00,node/6330973943,Don Kilo,,,,41.3998564,2.1639573,0,23.8,255.43,0,29.1
2026-09-07T18:00,node/6333708759,SandwiChez,,,,41.3941488,2.1694356,0,23.8,255.43,0,29.1
2026-09-07T18:00,node/6334053687,Cafè Yafa,,,,41.3997495,2.1643963,0,23.8,255.43,0,29.1
2026-09-07T18:00,node/6334053692,La Mananta,,,,41.3994169,2.1648424,0,23.8,255.43,0,29.1
2026-09-07T18:00,node/6339732807,La Soca 2,,,,41.3912352,2.1594135,0,23.8,255.43,0,29.1
2026-09-07T18:00,node/6339732809,Creps Barcelona,,,,41.3905618,2.1590619,0,23.8,255.43,0,29.1
2026-09-07T18:00,node/6357834156,Les gens que j'aime bar,,,,41.3936947,2.1648505,0,23.8,255.43,0,29.1
2026-09-07T18:00,node/6381462875,Comarca Cuina L’Hocal,,,,41.3609203,2.1295937,1,23.8,255.43,0,29.1
2026-09-07T18:00,node/6424929026,Cafeteria Samy's,,,,41.3637433,2.1369241,1,23.8,255.43,0,29.1
2026-09-07T18:00,node/6424929700,Sakuraya,,,,41.3653001,2.1307952,1,23.8,255.43,0,29.1
2026-09-07T18:00,node/6431480513,Restaurant Bodega de Tapas,,,,41.3772493,2.1371156,0,23.8,255.43,0,29.1
2026-09-07T18:00,node/6431508292,Bodega Salvat,,,,41.3711848,2.1345217,0,23.8,255.43,0,29.1
2026-09-07T18:00,node/6431508293,Jaqueline's,,,,41.3682256,2.1345214,0,23.8,255.43,0,29.1
2026-09-07T18:00,node/6431508485,Japonia Café,,,,41.3806518,2.1387176,1,23.8,255.43,0,29.1
2026-09-07T18:00,node/6431508488,La Bodegueta de Sants,,,,41.3710695,2.1344235,0,23.8,255.43,0,29.1
2026-09-07T18:00,node/6431512182,Bar Montevideo,,,,41.3693939,2.1342386,0,23.8,255.43,0,29.1
2026-09-07T18:00,node/6431558869,Bar Alegría,,,,41.3629394,2.1373301,1,23.8,255.43,0,29.1
2026-09-07T18:00,node/6431559030,Bar El Faro,,,,41.3628529,2.1373795,0,23.8,255.43,0,29.1
2026-09-07T18:00,node/6433259684,Entre Copas,,,,41.3621672,2.0761548,1,23.8,255.43,0,29.1
2026-09-07T18:00,node/6438381289,Vera Café,,,,41.3883674,2.1779512,0,23.8,255.43,0,29.1
2026-09-07T18:00,node/6441451785,Líder de Istanbul,,,,41.3752687,2.1338088,0,23.8,255.43,0,29.1
2026-09-07T18:00,node/6445233216,Gyoza Bar,,,,41.3931059,2.1798949,0,23.8,255.43,0,29.1
2026-09-07T18:00,node/6450380989,Bar But,,,,41.3979648,2.1593688,0,23.8,255.43,0,29.1
2026-09-07T18:00,node/6450381086,La Porxada,,,,41.4030026,2.1637245,0,23.8,255.43,0,29.1
2026-09-07T18:00,node/6462934229,Concordia,,,,41.3864201,2.1321758,0,23.8,255.43,0,29.1
2026-09-07T18:00,node/6475037976,L'Oasi a Consell,,,,41.3830142,2.1547507,0,23.8,255.43,0,29.1
2026-09-07T18:00,node/6477273844,Fandango,,,,41.3982346,2.1423415,0,23.8,255.43,0,29.1
2026-09-07T18:00,node/6506313588,Antigua,,,,41.3980086,2.1492952,0,23.8,255.43,0,29.1
2026-09-07T18:00,node/6507308246,L'Antica Pizzeria Da Michele,,,,41.3928154,2.1682858,0,23.8,255.43,0,29.1
2026-09-07T18:00,node/6532206187,Yü Sushi,,,,41.4032734,2.2032208,0,23.8,255.43,0,29.1
2026-09-07T18:00,node/6532330793,La Xemeneia,,,,41.4016359,2.2048002,0,23.8,255.43,0,29.1
2026-09-07T18:00,node/6535101686,Alma Loca,,,,41.3992845,2.1970974,0,23.8,255.43,0,29.1
2026-09-07T18:00,node/6538194375,Mr. White,,,,41.3761815,2.1601126,0,23.8,255.43,0,29.1
2026-09-07T18:00,node/6568369188,Elpilar,,,,41.4000903,2.1489875,0,23.8,255.43,0,29.1
2026-09-07T18:00,node/6597321587,Welcome,,,,41.4065151,2.1509474,0,23.8,255.43,0,29.1
2026-09-07T18:00,node/6600189447,café bar juli-mac,,,,41.3782625,2.1239845,0,23.8,255.43,0,29.1
2026-09-07T18:00,node/6642989000,El Pa Sencer,,,,41.3835483,2.1341796,0,23.8,255.43,0,29.1
2026-09-07T18:00,node/6642989001,Ateneu Popular de les Corts,,,,41.3826968,2.1329407,0,23.8,255.43,0,29.1
2026-09-07T18:00,node/6680396487,La prorroga,,,,41.4032976,2.1567512,0,23.8,255.43,0,29.1
2026-09-07T18:00,node/6680687871,La Mar Salada,,,,41.3768035,2.1888904,1,23.8,255.43,0,29.1
2026-09-07T18:00,node/6681709948,Kiltro Gràcia,,,,41.4018317,2.1544539,0,23.8,255.43,0,29.1
2026-09-07T18:00,node/6710510485,Catedral 1951,,,,41.3849142,2.1757337,0,23.8,255.43,0,29.1
2026-09-07T18:00,node/6750944404,Brasaña,,,,41.3605721,2.1345777,1,23.8,255.43,0,29.1
2026-09-07T18:00,node/6757307686,Kitsu,,,,41.4017918,2.1543486,0,23.8,255.43,0,29.1
2026-09-07T18:00,node/6757314489,LomoAlto,,,,41.3936053,2.1663935,0,23.8,255.43,0,29.1
2026-09-07T18:00,node/6766273102,inti & chaska,,,,41.3886755,2.1599487,0,23.8,255.43,0,29.1
2026-09-07T18:00,node/6771863086,Montseny,,,,41.4070642,2.1804416,0,23.8,255.43,0,29.1
2026-09-07T18:00,node/6775495571,El Petit,,,,41.3298893,2.0988681,1,23.8,255.43,0,29.1
2026-09-07T18:00,node/6782427526,Híbrid Cafè Restaurant,,,,41.3771219,2.1203336,0,23.8,255.43,0,29.1
2026-09-07T18:00,node/6786006588,365,,,,41.3820297,2.1697221,0,23.8,255.43,0,29.1
2026-09-07T18:00,node/6790695789,El Rincón de la Abuela Venezolana,,,,41.4058359,2.1788147,0,23.8,255.43,0,29.1
2026-09-07T18:00,node/6805613085,Bar la Cabaña,,,,41.4071784,2.1778546,0,23.8,255.43,0,29.1
2026-09-07T18:00,node/6812099686,La Xurreria de Maria,,,,41.4050102,2.1750002,0,23.8,255.43,0,29.1
2026-09-07T18:00,node/6821384885,Blu Bar,,,,41.3983358,2.2045648,0,23.8,255.43,0,29.1
2026-09-07T18:00,node/6835358009,Murivecci,,,,41.3874075,2.1828282,0,23.8,255.43,0,29.1
2026-09-07T18:00,node/6852974547,Garrido,,,,41.3603039,2.1401381,0,23.8,255.43,0,29.1
2026-09-07T18:00,node/6852994516,La Patatona,,,,41.3604651,2.1400108,0,23.8,255.43,0,29.1
2026-09-07T18:00,node/6855027201,Bar Sandwicheria Enka 3,,,,41.3758876,2.1221107,1,23.8,255.43,0,29.1
2026-09-07T18:00,node/6871523347,Cafe Punto 10,,,,41.3805947,2.1364501,0,23.8,255.43,0,29.1
2026-09-07T18:00,node/6914132390,El Nou Ramonet,,,,41.3817315,2.1876268,0,23.8,255.43,0,29.1
2026-09-07T18:00,node/6946328085,Cremat 11,,,,41.3855109,2.1810205,0,23.8,255.43,0,29.1
2026-09-07T18:00,node/6973926711,Syra Coffee,,,,41.3965047,2.1941864,1,23.8,255.43,0,29.1
2026-09-07T18:00,node/6983227455,SNOOKER - Cocteles y Billarea,,,,41.3921561,2.1703663,0,23.8,255.43,0,29.1
2026-09-07T18:00,node/7002869606,Chebú,,,,41.3791162,2.1515085,0,23.8,255.43,0,29.1
2026-09-07T18:00,node/7003296923,Triple Sec,,,,41.3747448,2.1609868,0,23.8,255.43,0,29.1
2026-09-07T18:00,node/7004598841,Orange Coffee,,,,41.4052864,2.1712189,0,23.8,255.43,0,29.1
2026-09-07T18:00,node/7014308129,Bar Bodega Lentejil,,,,41.4429922,2.2175094,1,23.8,255.43,0,29.1
2026-09-07T18:00,node/7017780931,Yoüme,,,,41.3835882,2.1541892,0,23.8,255.43,0,29.1
2026-09-07T18:00,node/7098025886,El Club del Café,,,,41.4340729,2.1892624,1,23.8,255.43,0,29.1
2026-09-07T18:00,node/7124857728,Cabo,,,,41.3964797,2.1851438,1,23.8,255.43,0,29.1
2026-09-07T18:00,node/7132160620,Santagloria,,,,41.3863926,2.1243567,0,23.8,255.43,0,29.1
2026-09-07T18:00,node/7141587085,La Cereria,,,,41.3815426,2.1767152,0,23.8,255.43,0,29.1
2026-09-07T18:00,node/7150994121,Vivari,,,,41.3998419,2.1775677,0,23.8,255.43,0,29.1
2026-09-07T18:00,node/7234692489,Van van var,,,,41.3942304,2.1901096,1,23.8,255.43,0,29.1
2026-09-07T18:00,node/7318977151,,,,,41.3711664,2.1434617,0,23.8,255.43,0,29.1
2026-09-07T18:00,node/7318977155,Bar Joaquim,,,,41.3704145,2.1424922,1,23.8,255.43,0,29.1
2026-09-07T18:00,node/7318977156,Vivari,,,,41.3686165,2.1410874,1,23.8,255.43,0,29.1
2026-09-07T18:00,node/7431790448,Santagloria,,,,41.3896086,2.1200086,1,23.8,255.43,0,29.1
2026-09-07T18:00,node/7438491414,,,,,41.3733479,2.1301506,0,23.8,255.43,0,29.1
2026-09-07T18:00,node/7504941029,Iberic Fusión Platja,,,,41.4380577,2.2431806,1,23.8,255.43,0,29.1
2026-09-07T18:00,node/7504941031,l'Altre Can Mario's,,,,41.4405591,2.2418866,1,23.8,255.43,0,29.1
2026-09-07T18:00,node/7504941033,L'Esmolet,,,,41.4432993,2.2460741,1,23.8,255.43,0,29.1
2026-09-07T18:00,node/7504941035,la Masia de la Xesca,,,,41.4452013,2.2417838,1,23.8,255.43,0,29.1
2026-09-07T18:00,node/7556742593,Menjador del Centre,,,,41.4009756,2.2000272,0,23.8,255.43,0,29.1
2026-09-07T18:00,node/7563962192,Passeig9,,,,41.4014488,2.2009478,0,23.8,255.43,0,29.1
2026-09-07T18:00,node/7600529740,Restaurante La Flama,,,,41.3514861,2.1114722,1,23.8,255.43,0,29.1
2026-09-07T18:00,node/7618205068,El Pellizquito,,,,41.3501292,2.1105817,1,23.8,255.43,0,29.1
2026-09-07T18:00,node/7640514041,Bar Plaça Carles Buïgas,,,,41.3711833,2.1510204,1,23.8,255.43,0,29.1
2026-09-07T18:00,node/7644933199,Almirall,,,,41.4100171,2.1883052,0,23.8,255.43,0,29.1
2026-09-07T18:00,node/7704818539,Bar Granja Rocxi,,,,41.3744206,2.1339573,0,23.8,255.43,0,29.1
2026-09-07T18:00,node/7704818548,Cafès Caracas,,,,41.3748038,2.1328052,0,23.8,255.43,0,29.1
2026-09-07T18:00,node/7706832792,Cru Sants,,,,41.3721342,2.1286919,0,23.8,255.43,0,29.1
2026-09-07T18:00,node/7736420790,Mamma Italia,,,,41.3764642,2.1234304,0,23.8,255.43,0,29.1
2026-09-07T18:00,node/7772770550,Eqvilibrivm Café,,,,41.3973065,2.1697662,0,23.8,255.43,0,29.1
2026-09-07T18:00,node/7838098454,El Caserón,,,,41.3838275,2.1398498,0,23.8,255.43,0,29.1
2026-09-07T18:00,node/7925586104,Delicream,,,,41.4572921,2.2290688,1,23.8,255.43,0,29.1
2026-09-07T18:00,node/7989010587,Castañeiras,,,,41.4100358,2.1760296,0,23.8,255.43,0,29.1
2026-09-07T18:00,node/7999604058,Lilo brunch,,,,41.3873718,2.1627034,0,23.8,255.43,0,29.1
2026-09-07T18:00,node/7999616840,Bellillo,,,,41.3879362,2.1620483,0,23.8,255.43,0,29.1
2026-09-07T18:00,node/8034999886,Costa Dorada,,,,41.3980284,2.1986941,1,23.8,255.43,0,29.1
2026-09-07T18:00,node/8046554489,Sport,,,,41.4001224,2.2000188,0,23.8,255.43,0,29.1
2026-09-07T18:00,node/8049731595,Echegaray,,,,41.4018684,2.2023424,0,23.8,255.43,0,29.1
2026-09-07T18:00,node/8049732292,Doroteo,,,,41.4029636,2.2006718,0,23.8,255.43,0,29.1
2026-09-07T18:00,node/8064873985,Saramar,,,,41.3957712,2.1953013,1,23.8,255.43,0,29.1
2026-09-07T18:00,node/8077128420,Tío Bigotes,,,,41.4013922,2.2028846,0,23.8,255.43,0,29.1
2026-09-07T18:00,manual/488492e9,Bar Viejo Cafe,Bar,yes,"Carrer de la Independència, 306, Sant Martí, 08026 Barcelona",41.4116,2.1794,0,23.8,255.43,0,29.1
2026-09-07T18:00,manual/c52f6190,New 88 Bar-Cafeteria,bar,yes,,41.4094505,2.1789589,0,23.8,255.43,0,29.1
2026-09-07T18:00,manual/5d2ea7ea,Restaurant Papá Nico,bar,yes,,41.4094505,2.1789589,0,23.8,255.43,0,29.1
2026-09-07T18:00,manual/c980e39e,Restaurant El Clot,restaurant,yes,,41.4087697,2.1875592,1,23.8,255.43,0,29.1
2026-09-07T19:00,relation/18317100,,,,,41.42,2.1188352,0,12.7,265.98,0,28.3
2026-09-07T19:00,node/208984374,Central Rambla,,,,41.3782716,2.1761732,0,12.7,265.98,0,28.3
2026-09-07T19:00,way/217583616,Can Fisher,,,,41.3946034,2.2062292,1,12.7,265.98,0,28.3
2026-09-07T19:00,way/245214117,la Caseta del Migdia,,,,41.3596833,2.1607145,1,12.7,265.98,0,28.3
2026-09-07T19:00,way/246717741,Mirablau,,,,41.4160323,2.1319129,1,12.7,265.98,0,28.3
2026-09-07T19:00,way/249404809,PURO,,,,41.3911248,2.1461635,0,12.7,265.98,0,28.3
2026-09-07T19:00,way/268912897,Can Cortada,,,,41.4362503,2.1524833,1,12.7,265.98,0,28.3
2026-09-07T19:00,way/315387188,Temple del Metall,,,,41.4741706,2.1662317,1,12.7,265.98,0,28.3
2026-09-07T19:00,way/392926648,Pacha,,,,41.3857491,2.1970415,0,12.7,265.98,0,28.3
2026-09-07T19:00,way/412702054,Camping,,,,41.3953192,2.2042386,1,12.7,265.98,0,28.3
2026-09-07T19:00,way/443599336,Asador Casa Juaco,,,,41.4476663,2.1426909,1,12.7,265.98,0,28.3
2026-09-07T19:00,way/446002194,La Base by Farré,,,,41.3967358,2.2101884,0,12.7,265.98,0,28.3
2026-09-07T19:00,node/476327681,Can Paixano,,,,41.3817618,2.1834151,0,12.7,265.98,0,28.3
2026-09-07T19:00,node/506202703,Bar Almogávares,,,,41.3962323,2.1890864,0,12.7,265.98,0,28.3
2026-09-07T19:00,way/519771543,Restaurant Can Cases,,,,41.4343885,2.0985276,1,12.7,265.98,0,28.3
2026-09-07T19:00,node/534367691,Sant Bartomeu,,,,41.3755248,2.1346488,0,12.7,265.98,0,28.3
2026-09-07T19:00,node/643022131,Euro Bar-Tapas,,,,41.4342324,2.2161197,1,12.7,265.98,0,28.3
2026-09-07T19:00,node/643429648,Joan Figuera,,,,41.4336545,2.2169391,1,12.7,265.98,0,28.3
2026-09-07T19:00,node/643496696,El rincón de Willy,,,,41.4380246,2.2180623,1,12.7,265.98,0,28.3
2026-09-07T19:00,node/643496704,Bar Somni d'estiu,,,,41.4382361,2.2166687,1,12.7,265.98,0,28.3
2026-09-07T19:00,way/655221168,L'Ovella Negra Marina,,,,41.3960196,2.1901331,0,12.7,265.98,0,28.3
2026-09-07T19:00,node/660004524,Bocatapa Can Manel,,,,41.4413833,2.2212875,1,12.7,265.98,0,28.3
2026-09-07T19:00,node/672140180,Kasparo,,,,41.3844847,2.1690087,0,12.7,265.98,0,28.3
2026-09-07T19:00,node/704031158,Café Zurich,,,,41.3858504,2.1694606,1,12.7,265.98,0,28.3
2026-09-07T19:00,node/704042058,Starbucks,,,,41.3888305,2.1719117,0,12.7,265.98,0,28.3
2026-09-07T19:00,node/704058886,Tapa Tapa,,,,41.3916926,2.1660167,0,12.7,265.98,0,28.3
2026-09-07T19:00,node/704060428,Oassis Natural Cooking,,,,41.3901637,2.1678915,0,12.7,265.98,0,28.3
2026-09-07T19:00,node/704066257,Ciutat Comtal,,,,41.3888272,2.1668833,0,12.7,265.98,0,28.3
2026-09-07T19:00,node/704066614,Taller de Tapas,,,,41.3905645,2.1639038,0,12.7,265.98,0,28.3
2026-09-07T19:00,way/707305723,Bar Frankfurt Cafeteria Fabregada,,,,41.3561748,2.1108239,1,12.7,265.98,0,28.3
2026-09-07T19:00,node/745947750,Bar Geminis,,,,41.3976224,2.1807778,0,12.7,265.98,0,28.3
2026-09-07T19:00,node/765796519,La Cafetera,,,,41.4049767,2.1575215,0,12.7,265.98,0,28.3
2026-09-07T19:00,node/814006271,Les 15 Nits Bar,,,,41.3804529,2.1749778,0,12.7,265.98,0,28.3
2026-09-07T19:00,node/819552792,Bracafe,,,,41.3944249,2.1675209,0,12.7,265.98,0,28.3
2026-09-07T19:00,node/824476551,Caleuche,,,,41.3761526,2.1686172,0,12.7,265.98,0,28.3
2026-09-07T19:00,node/830462039,Bar Restaurant Angela,,,,41.4043015,2.1949428,0,12.7,265.98,0,28.3
2026-09-07T19:00,way/907005766,Chevy's Bar,,,,41.4143731,2.2289499,1,12.7,265.98,0,28.3
2026-09-07T19:00,way/969257968,,,,,41.3793991,2.1073385,1,12.7,265.98,0,28.3
2026-09-07T19:00,way/1063378975,Bar Restaurant Oliver,,,,41.3469215,2.1546999,1,12.7,265.98,0,28.3
2026-09-07T19:00,node/1072798261,Taverna del Bisbe,,,,41.3849254,2.1766628,0,12.7,265.98,0,28.3
2026-09-07T19:00,node/1072800838,El Cafè D'en Victor,,,,41.3847931,2.1767008,0,12.7,265.98,0,28.3
2026-09-07T19:00,node/1083144027,Los Caracoles,,,,41.3796584,2.1765082,0,12.7,265.98,0,28.3
2026-09-07T19:00,node/1092685793,Elche,,,,41.3739754,2.1691488,0,12.7,265.98,0,28.3
2026-09-07T19:00,way/1112240803,ForumStation,,,,41.4096655,2.2221501,0,12.7,265.98,0,28.3
2026-09-07T19:00,node/1177498341,Casa Vall,,,,41.4074238,2.1585521,0,12.7,265.98,0,28.3
2026-09-07T19:00,node/1192698924,Bilbao Berria,,,,41.3841976,2.1748665,0,12.7,265.98,0,28.3
2026-09-07T19:00,node/1192699873,Tapas 24,,,,41.3908686,2.1674705,0,12.7,265.98,0,28.3
2026-09-07T19:00,way/1200964257,Chiringuito Joan Miro,,,,41.3789977,2.1478116,0,12.7,265.98,0,28.3
2026-09-07T19:00,node/1264182304,Tosca del Carme,,,,41.3819482,2.1695795,0,12.7,265.98,0,28.3
2026-09-07T19:00,node/1280416455,Carballeira,,,,41.4442679,2.2217701,1,12.7,265.98,0,28.3
2026-09-07T19:00,way/1300745688,La Casona de Sant Just,,,,41.3833348,2.0735139,1,12.7,265.98,0,28.3
2026-09-07T19:00,node/1310450869,El Filete Ruso,,,,41.3925451,2.1558968,0,12.7,265.98,0,28.3
2026-09-07T19:00,node/1312325106,La Palmera,,,,41.4144229,2.1385123,0,12.7,265.98,0,28.3
2026-09-07T19:00,node/1314943380,Mescladís del Pou,,,,41.3870865,2.1803497,0,12.7,265.98,0,28.3
2026-09-07T19:00,node/1335697982,,,,,41.3608771,2.1101417,1,12.7,265.98,0,28.3
2026-09-07T19:00,way/1368167814,Natura Beach. El Chiringuito,,,,41.4028929,2.2157443,1,12.7,265.98,0,28.3
2026-09-07T19:00,node/1420760625,Tapeo,,,,41.4044988,2.1554811,0,12.7,265.98,0,28.3
2026-09-07T19:00,node/1420760630,Diamant,,,,41.4042174,2.1555899,0,12.7,265.98,0,28.3
2026-09-07T19:00,node/1428867664,Café Berlin,,,,41.3943566,2.1494599,0,12.7,265.98,0,28.3
2026-09-07T19:00,node/1430537485,Oasis Restaurant,,,,41.3827219,2.1847191,1,12.7,265.98,0,28.3
2026-09-07T19:00,node/1445598557,Bracafe,,,,41.3948025,2.1817533,0,12.7,265.98,0,28.3
2026-09-07T19:00,node/1554649942,Torrades,,,,41.4375721,2.1566095,1,12.7,265.98,0,28.3
2026-09-07T19:00,node/1554649988,La Panera,,,,41.4374756,2.1563359,0,12.7,265.98,0,28.3
2026-09-07T19:00,node/1658425572,Rebeka,,,,41.3967185,2.1890325,0,12.7,265.98,0,28.3
2026-09-07T19:00,node/1685949861,Cerveceria Milenium 2,,,,41.3534566,2.0866307,1,12.7,265.98,0,28.3
2026-09-07T19:00,node/1711342192,Calero's Centre,,,,41.3744728,2.1349721,1,12.7,265.98,0,28.3
2026-09-07T19:00,node/1722136431,Cervecería Catalana,,,,41.3924032,2.1609008,0,12.7,265.98,0,28.3
2026-09-07T19:00,node/1739122591,La Tagliatella,,,,41.3943371,2.1521208,0,12.7,265.98,0,28.3
2026-09-07T19:00,node/1813593370,Bar Capricornio,,,,41.4381257,2.2179547,1,12.7,265.98,0,28.3
2026-09-07T19:00,node/1820633320,CASA TEVA,,,,41.3752815,2.1166845,1,12.7,265.98,0,28.3
2026-09-07T19:00,node/1824133931,Carmesí,,,,41.3737373,2.1644452,0,12.7,265.98,0,28.3
2026-09-07T19:00,node/1948986220,Cafeteria UPF Jaume I,,,,41.3900298,2.1901118,1,12.7,265.98,0,28.3
2026-09-07T19:00,node/1948987514,Cafeteria UPF Roger de Lluria,,,,41.3886776,2.1915119,0,12.7,265.98,0,28.3
2026-09-07T19:00,node/1951812612,Casa Pagès,,,,41.3998447,2.1613114,0,12.7,265.98,0,28.3
2026-09-07T19:00,node/1960366982,Casa Amalia,,,,41.3962525,2.1685646,0,12.7,265.98,0,28.3
2026-09-07T19:00,node/1984001407,Bar de la FIB,,,,41.3894239,2.1132363,0,12.7,265.98,0,28.3
2026-09-07T19:00,node/2034780565,Cerbeseria Lesseps,,,,41.4073551,2.1514486,1,12.7,265.98,0,28.3
2026-09-07T19:00,node/2034780569,L'Brasseria,,,,41.4067629,2.1516314,0,12.7,265.98,0,28.3
2026-09-07T19:00,node/2056517879,Caelum,,,,41.3830524,2.1744369,0,12.7,265.98,0,28.3
2026-09-07T19:00,node/2065469522,Restaurant Pipa,,,,41.3997461,2.2003004,0,12.7,265.98,0,28.3
2026-09-07T19:00,node/2087204991,La Sanguchería,,,,41.3954987,2.1484037,0,12.7,265.98,0,28.3
2026-09-07T19:00,node/2091604731,Tapa Tapa,,,,41.3762094,2.1500463,1,12.7,265.98,0,28.3
2026-09-07T19:00,node/2112843062,El Vaixell-2,,,,41.4541291,2.2350201,1,12.7,265.98,0,28.3
2026-09-07T19:00,node/2165154147,Asador de Lugo,,,,41.3797623,2.1376748,0,12.7,265.98,0,28.3
2026-09-07T19:00,node/2184580476,Bar del Pi,,,,41.3824922,2.1739624,0,12.7,265.98,0,28.3
2026-09-07T19:00,node/2187210264,Sopa,,,,41.4023416,2.1952788,0,12.7,265.98,0,28.3
2026-09-07T19:00,node/2197824500,Tierra del fuego,,,,41.4016702,2.2016399,0,12.7,265.98,0,28.3
2026-09-07T19:00,node/2213839299,Pollo Rico,,,,41.3791045,2.1721976,0,12.7,265.98,0,28.3
2026-09-07T19:00,node/2364075421,Chen-Ji,,,,41.3936143,2.1807074,0,12.7,265.98,0,28.3
2026-09-07T19:00,node/2434563732,La Bella Napoli,,,,41.3743686,2.1637621,0,12.7,265.98,0,28.3
2026-09-07T19:00,node/2442785485,El Círcol,,,,41.4501968,2.2474223,1,12.7,265.98,0,28.3
2026-09-07T19:00,node/2468197823,365 Cafeteria Forn de Pa,,,,41.3752071,2.1635151,0,12.7,265.98,0,28.3
2026-09-07T19:00,node/2476332030,Bar Lennon,,,,41.4028901,2.1612576,0,12.7,265.98,0,28.3
2026-09-07T19:00,node/2500906795,Bar Lúdic Queimada Nivell Q,,,,41.4094152,2.1808913,0,12.7,265.98,0,28.3
2026-09-07T19:00,node/2598482930,Con Gracia,,,,41.3990704,2.1600617,0,12.7,265.98,0,28.3
2026-09-07T19:00,node/2609183969,Fukuoka,,,,41.4022587,2.1612976,0,12.7,265.98,0,28.3
2026-09-07T19:00,node/2610750687,Xiringuito Aigua,,,,41.4096717,2.1683236,0,12.7,265.98,0,28.3
2026-09-07T19:00,node/2618447074,Vegetalia,,,,41.3803973,2.1776952,0,12.7,265.98,0,28.3
2026-09-07T19:00,node/2618538581,Veggie Garden,,,,41.3822767,2.1680336,0,12.7,265.98,0,28.3
2026-09-07T19:00,node/2618538595,Biocenter,,,,41.3825765,2.1694364,0,12.7,265.98,0,28.3
2026-09-07T19:00,node/2684052224,Pai Mei,,,,41.4051863,2.1931071,0,12.7,265.98,0,28.3
2026-09-07T19:00,node/2687089274,Dolça Estona,,,,41.4117096,2.1394938,0,12.7,265.98,0,28.3
2026-09-07T19:00,node/2689736934,Bar Bodega Molina,,,,41.4403298,2.1817019,0,12.7,265.98,0,28.3
2026-09-07T19:00,node/2721077740,Bar Veni,,,,41.3848861,2.1667078,0,12.7,265.98,0,28.3
2026-09-07T19:00,node/2727449418,Las Euras,,,,41.3998785,2.1577187,0,12.7,265.98,0,28.3
2026-09-07T19:00,node/2793491051,La bona tapa,,,,41.4368098,2.2166172,1,12.7,265.98,0,28.3
2026-09-07T19:00,node/2892028393,Kino,,,,41.3825992,2.1665452,0,12.7,265.98,0,28.3
2026-09-07T19:00,node/2892037115,23 Robadors,,,,41.3796029,2.1708903,0,12.7,265.98,0,28.3
2026-09-07T19:00,node/2910255826,Shôko,,,,41.3854991,2.1969746,0,12.7,265.98,0,28.3
2026-09-07T19:00,node/2910255827,Opium,,,,41.3852778,2.1967099,0,12.7,265.98,0,28.3
2026-09-07T19:00,node/2927944587,Tapas Tapas!,,,,41.3745104,2.1829399,1,12.7,265.98,0,28.3
2026-09-07T19:00,node/2951499208,El racó d'en Henry,,,,41.4394757,2.2215013,1,12.7,265.98,0,28.3
2026-09-07T19:00,node/2966340931,El Capritx,,,,41.4022886,2.1998883,0,12.7,265.98,0,28.3
2026-09-07T19:00,node/2968119440,Can Tresó,,,,41.4028999,2.1537483,0,12.7,265.98,0,28.3
2026-09-07T19:00,node/2969276727,La Sirena Verde,,,,41.4027605,2.1657128,0,12.7,265.98,0,28.3
2026-09-07T19:00,node/2969277275,Café de l'Eixample,,,,41.4005021,2.1690108,0,12.7,265.98,0,28.3
2026-09-07T19:00,node/2970751844,Taverna El Disbarat,,,,41.4017728,2.1545227,0,12.7,265.98,0,28.3
2026-09-07T19:00,node/3007755352,La Pausa,,,,41.4071883,2.1557816,0,12.7,265.98,0,28.3
2026-09-07T19:00,node/3007803307,Oh La Lá,,,,41.4460123,2.2485803,1,12.7,265.98,0,28.3
2026-09-07T19:00,node/3048077142,L'Aliança del Poblenou,,,,41.3997067,2.2032276,0,12.7,265.98,0,28.3
2026-09-07T19:00,node/3049368344,Clot76,,,,41.4082815,2.1885259,0,12.7,265.98,0,28.3
2026-09-07T19:00,node/3084370508,Marina Bay By Moncho's,,,,41.3863077,2.1975017,0,12.7,265.98,0,28.3
2026-09-07T19:00,node/3084507933,Caravelle,,,,41.3822872,2.1688475,0,12.7,265.98,0,28.3
2026-09-07T19:00,node/3120072573,Bar Restaurant Nàutic,,,,41.3806088,2.1408397,1,12.7,265.98,0,28.3
2026-09-07T19:00,node/3177990194,Mezcal Taco Bar,,,,41.3830563,2.1554872,0,12.7,265.98,0,28.3
2026-09-07T19:00,node/3270120640,Luigi,,,,41.3862659,2.1753788,0,12.7,265.98,0,28.3
2026-09-07T19:00,node/3271554311,Al Sultán,,,,41.4035661,2.1554863,0,12.7,265.98,0,28.3
2026-09-07T19:00,node/3328694987,Nou Candanchú,,,,41.4005128,2.1576475,0,12.7,265.98,0,28.3
2026-09-07T19:00,node/3339670930,Bahia,,,,41.3803265,2.1774842,0,12.7,265.98,0,28.3
2026-09-07T19:00,node/3441700493,Santos Tapas,,,,41.3818417,2.1745121,0,12.7,265.98,0,28.3
2026-09-07T19:00,node/3491476947,Bar del Pla,,,,41.3856036,2.1800221,0,12.7,265.98,0,28.3
2026-09-07T19:00,node/3496970198,Centre Cívic Can Deu,,,,41.3869027,2.1327794,0,12.7,265.98,0,28.3
2026-09-07T19:00,node/3504769719,El Rincón,,,,41.3908977,2.1900669,0,12.7,265.98,0,28.3
2026-09-07T19:00,node/3517276245,Bar Canigó,,,,41.4029724,2.1579186,0,12.7,265.98,0,28.3
2026-09-07T19:00,node/3522552400,Àpat's,,,,41.3757617,2.1419109,0,12.7,265.98,0,28.3
2026-09-07T19:00,node/3548547194,El Bon Menjador - 2,,,,41.4388101,2.2172863,1,12.7,265.98,0,28.3
2026-09-07T19:00,node/3548548998,Bar Morales,,,,41.4395878,2.2165237,1,12.7,265.98,0,28.3
2026-09-07T19:00,node/3548613495,Bar Paula's Tapería,,,,41.4385437,2.2175484,1,12.7,265.98,0,28.3
2026-09-07T19:00,node/3556089494,Delicias Mediterráneas,,,,41.4415079,2.2267435,1,12.7,265.98,0,28.3
2026-09-07T19:00,node/3556089497,Xurreria Rodríguez,,,,41.4416928,2.2264651,1,12.7,265.98,0,28.3
2026-09-07T19:00,node/3556089803,Bar de La Salut,,,,41.4422594,2.2258792,1,12.7,265.98,0,28.3
2026-09-07T19:00,node/3560942698,Sandvitxeria Alhociema,,,,41.4443624,2.2236761,1,12.7,265.98,0,28.3
2026-09-07T19:00,node/3560955995,Centro Cultural Castellano-manchego,,,,41.4390698,2.2176297,1,12.7,265.98,0,28.3
2026-09-07T19:00,node/3595399490,Bar Familiar,,,,41.4359163,2.2182018,1,12.7,265.98,0,28.3
2026-09-07T19:00,node/3595399769,La granja de Casablanca,,,,41.4357671,2.2189395,1,12.7,265.98,0,28.3
2026-09-07T19:00,node/3595401238,Bar Alcázar,,,,41.4365542,2.2183742,1,12.7,265.98,0,28.3
2026-09-07T19:00,node/3596986411,Agrupación Cultural Galega Agarimos,,,,41.4358268,2.2165495,1,12.7,265.98,0,28.3
2026-09-07T19:00,node/3612059306,Nabuco Tiramisú,,,,41.4004523,2.1577244,0,12.7,265.98,0,28.3
2026-09-07T19:00,node/3620986554,Yamane,,,,41.3868061,2.1808426,0,12.7,265.98,0,28.3
2026-09-07T19:00,node/3620991692,Yamaneko-ryouri,,,,41.4016619,2.1447787,0,12.7,265.98,0,28.3
2026-09-07T19:00,node/3624045193,Bar-Granja Maribel,,,,41.4399092,2.2235793,1,12.7,265.98,0,28.3
2026-09-07T19:00,node/3624045293,Bar La Cantonada,,,,41.4396227,2.2242325,1,12.7,265.98,0,28.3
2026-09-07T19:00,node/3713349650,Groin's,,,,41.4108415,2.1637178,0,12.7,265.98,0,28.3
2026-09-07T19:00,node/3718061014,Bar Calders,,,,41.3764788,2.1623937,0,12.7,265.98,0,28.3
2026-09-07T19:00,node/3730796125,Buenas Migas,,,,41.3975542,2.1587856,0,12.7,265.98,0,28.3
2026-09-07T19:00,node/3761312382,La Fonda,,,,41.3793598,2.1762144,0,12.7,265.98,0,28.3
2026-09-07T19:00,node/3777075876,Oaxaca,,,,41.3821041,2.1838988,0,12.7,265.98,0,28.3
2026-09-07T19:00,node/3779149860,EsPan's,,,,41.4349094,2.2194667,1,12.7,265.98,0,28.3
2026-09-07T19:00,node/3794002044,Samurai Ramen,,,,41.3736753,2.1548947,0,12.7,265.98,0,28.3
2026-09-07T19:00,node/3804046057,Robata Sushi & Grill,,,,41.3904886,2.1585836,0,12.7,265.98,0,28.3
2026-09-07T19:00,node/3809169458,Freiduría El Boquerón,,,,41.4400822,2.2264769,1,12.7,265.98,0,28.3
2026-09-07T19:00,node/3809169459,Marisquería Melchor,,,,41.4401715,2.2266602,1,12.7,265.98,0,28.3
2026-09-07T19:00,node/3809169461,Elhotro bar,,,,41.4401247,2.2268506,1,12.7,265.98,0,28.3
2026-09-07T19:00,node/3809169658,Carte d'Or,,,,41.4403068,2.2274065,1,12.7,265.98,0,28.3
2026-09-07T19:00,node/3809169668,Vivari,,,,41.4408122,2.2271125,1,12.7,265.98,0,28.3
2026-09-07T19:00,node/3809169669,Pantaiberic delicatessen,,,,41.4408174,2.2269502,1,12.7,265.98,0,28.3
2026-09-07T19:00,node/3840009426,La Esquinica,,,,41.4304816,2.1712169,1,12.7,265.98,0,28.3
2026-09-07T19:00,node/3874539219,Café del Centre,,,,41.3946111,2.1712059,0,12.7,265.98,0,28.3
2026-09-07T19:00,node/3890922254,Characato,,,,41.4046885,2.1836218,0,12.7,265.98,0,28.3
2026-09-07T19:00,node/3901403358,Les Dues Sicilies,,,,41.3866097,2.1802613,0,12.7,265.98,0,28.3
2026-09-07T19:00,node/3955968257,El racó de les Glòries,,,,41.3986109,2.1978895,0,12.7,265.98,0,28.3
2026-09-07T19:00,node/4060217594,Matt & Marshall,,,,41.3993348,2.1997769,0,12.7,265.98,0,28.3
2026-09-07T19:00,node/4073605889,Mariscco,,,,41.3804885,2.1753271,0,12.7,265.98,0,28.3
2026-09-07T19:00,node/4126257971,Xixbar,,,,41.3758485,2.1576176,0,12.7,265.98,0,28.3
2026-09-07T19:00,node/4127494769,Vapiano,,,,41.3788941,2.1758361,0,12.7,265.98,0,28.3
2026-09-07T19:00,node/4138815989,Nømad Cøffee,,,,41.3889108,2.1771731,0,12.7,265.98,0,28.3
2026-09-07T19:00,node/4150499794,El 68,,,,41.4023622,2.1612062,0,12.7,265.98,0,28.3
2026-09-07T19:00,node/4166496789,Bar Thonet Grill Room,,,,41.3792408,2.1761073,0,12.7,265.98,0,28.3
2026-09-07T19:00,node/4168100800,Cervecería Frankfurt Europa,,,,41.4396191,2.2191504,1,12.7,265.98,0,28.3
2026-09-07T19:00,node/4225209596,Bar El Velodromo,,,,41.3934442,2.1501395,0,12.7,265.98,0,28.3
2026-09-07T19:00,node/4225810298,Bar Nolla,,,,41.3905504,2.1647825,0,12.7,265.98,0,28.3
2026-09-07T19:00,node/4233959493,Pastisseria Granja,,,,41.3795042,2.1792309,0,12.7,265.98,0,28.3
2026-09-07T19:00,node/4239222689,Rekons,,,,41.3806195,2.1610796,0,12.7,265.98,0,28.3
2026-09-07T19:00,node/4244877765,Bar La Peña,,,,41.4404265,2.2170329,1,12.7,265.98,0,28.3
2026-09-07T19:00,node/4247196393,cal mariner,,,,41.3791754,2.1898206,0,12.7,265.98,0,28.3
2026-09-07T19:00,node/4253851490,El Trencadís,,,,41.3937976,2.1655309,0,12.7,265.98,0,28.3
2026-09-07T19:00,node/4253862889,Hummus,,,,41.3912547,2.1611975,0,12.7,265.98,0,28.3
2026-09-07T19:00,node/4254090289,La tasqueta de Blai,,,,41.3733347,2.1652358,0,12.7,265.98,0,28.3
2026-09-07T19:00,node/4254094290,Rosa Negra,,,,41.3819164,2.1687596,0,12.7,265.98,0,28.3
2026-09-07T19:00,node/4254704967,Firebug Brunch,,,,41.3927459,2.1778691,0,12.7,265.98,0,28.3
2026-09-07T19:00,node/4254996890,La Macchina,,,,41.4030005,2.1535966,0,12.7,265.98,0,28.3
2026-09-07T19:00,node/4267035492,Kebabish,,,,41.4409198,2.2217884,1,12.7,265.98,0,28.3
2026-09-07T19:00,node/4267055591,La cantina del tapeo,,,,41.4420999,2.2200224,1,12.7,265.98,0,28.3
2026-09-07T19:00,node/4278033120,Buenas Migas,,,,41.3838044,2.1696233,0,12.7,265.98,0,28.3
2026-09-07T19:00,node/4283188047,Granja Romaní,,,,41.4348618,2.2179712,1,12.7,265.98,0,28.3
2026-09-07T19:00,node/4283194434,Bar La Paradeta,,,,41.4337773,2.2167771,1,12.7,265.98,0,28.3
2026-09-07T19:00,node/4291934189,Fonda Espanya,,,,41.3799009,2.1728032,0,12.7,265.98,0,28.3
2026-09-07T19:00,node/4306440989,Blai 9,,,,41.3730722,2.1658539,0,12.7,265.98,0,28.3
2026-09-07T19:00,node/4314857689,El punt,,,,41.4413807,2.2316251,1,12.7,265.98,0,28.3
2026-09-07T19:00,node/4314859689,Versace,,,,41.4337089,2.2172203,1,12.7,265.98,0,28.3
2026-09-07T19:00,node/4315715092,Petit Comitè,,,,41.3943551,2.1600308,0,12.7,265.98,0,28.3
2026-09-07T19:00,node/4321183403,Brunch & Cake,,,,41.3882834,2.1615596,0,12.7,265.98,0,28.3
2026-09-07T19:00,node/4336933393,Mayura,,,,41.3938992,2.1720914,0,12.7,265.98,0,28.3
2026-09-07T19:00,node/4340119890,VIENA,,,,41.3579934,2.1293918,1,12.7,265.98,0,28.3
2026-09-07T19:00,node/4349925690,Nemrut,,,,41.3810051,2.1772158,0,12.7,265.98,0,28.3
2026-09-07T19:00,node/4350019284,Palosanto,,,,41.3808122,2.1772701,0,12.7,265.98,0,28.3
2026-09-07T19:00,node/4364289794,Faborit Casa Amatller,,,,41.3915836,2.1650592,0,12.7,265.98,0,28.3
2026-09-07T19:00,node/4386702690,Red Ant Noodle Bar,,,,41.3880129,2.1810961,0,12.7,265.98,0,28.3
2026-09-07T19:00,node/4396244190,Fresc Co,,,,41.3891657,2.1969678,0,12.7,265.98,0,28.3
2026-09-07T19:00,node/4401234193,BlackLab Brewhouse & Kitchen,,,,41.3812305,2.1854573,1,12.7,265.98,0,28.3
2026-09-07T19:00,node/4431102493,Forn Puiggròs,,,,41.4102615,2.1741597,0,12.7,265.98,0,28.3
2026-09-07T19:00,node/4439412389,La Vinya del Senyor,,,,41.3832546,2.1818655,0,12.7,265.98,0,28.3
2026-09-07T19:00,node/4440352791,La Gavina,,,,41.3807532,2.1853211,1,12.7,265.98,0,28.3
2026-09-07T19:00,node/4443367289,Pannus,,,,41.3863691,2.1726728,0,12.7,265.98,0,28.3
2026-09-07T19:00,node/4449185678,Il Caffè di Francesco,,,,41.3908733,2.1652201,0,12.7,265.98,0,28.3
2026-09-07T19:00,node/4451904190,Bar Granadino,,,,41.4404153,2.2238276,1,12.7,265.98,0,28.3
2026-09-07T19:00,node/4451904193,La ciudad de oro,,,,41.4408727,2.2240695,1,12.7,265.98,0,28.3
2026-09-07T19:00,node/4451986792,Cafe Bar Florida,,,,41.4403503,2.2236929,1,12.7,265.98,0,28.3
2026-09-07T19:00,node/4451986793,Bar Amigo,,,,41.4411469,2.2238965,1,12.7,265.98,0,28.3
2026-09-07T19:00,node/4451988991,Bar Frankfurt Jaime,,,,41.4408051,2.2241201,1,12.7,265.98,0,28.3
2026-09-07T19:00,node/4451989090,Entre tapes,,,,41.4423118,2.2237245,1,12.7,265.98,0,28.3
2026-09-07T19:00,node/4451992791,Bar Leo,,,,41.4406309,2.2245529,1,12.7,265.98,0,28.3
2026-09-07T19:00,node/4452031691,Bar La Granja,,,,41.4427953,2.2241899,1,12.7,265.98,0,28.3
2026-09-07T19:00,node/4455238130,Anahuac,,,,41.3965161,2.1513989,0,12.7,265.98,0,28.3
2026-09-07T19:00,node/4461595656,Cafeteria de la Biblioteca Jaumer Fuster,,,,41.4075557,2.1493457,0,12.7,265.98,0,28.3
2026-09-07T19:00,node/4470059420,Mesón Gallego,,,,41.3818896,2.0709288,1,12.7,265.98,0,28.3
2026-09-07T19:00,node/4486639527,Boldú,,,,41.3973783,2.1517865,0,12.7,265.98,0,28.3
2026-09-07T19:00,node/4486683966,La Tagliatella,,,,41.3974141,2.1514101,0,12.7,265.98,0,28.3
2026-09-07T19:00,node/4503193765,Bicioci,,,,41.3999229,2.1619101,0,12.7,265.98,0,28.3
2026-09-07T19:00,node/4509411660,Bar Mediterráneo,,,,41.4343007,2.2180868,1,12.7,265.98,0,28.3
2026-09-07T19:00,node/4516538193,Más Que Sushi,,,,41.3774227,2.1527247,0,12.7,265.98,0,28.3
2026-09-07T19:00,node/4516600994,Salambó,,,,41.4044546,2.1576355,0,12.7,265.98,0,28.3
2026-09-07T19:00,node/4520259289,Cachitos,,,,41.3953057,2.1536913,0,12.7,265.98,0,28.3
2026-09-07T19:00,node/4572063790,Cafetería 365,,,,41.3744652,2.1675541,0,12.7,265.98,0,28.3
2026-09-07T19:00,node/4580517495,Cadaqués,,,,41.4004717,2.1574102,0,12.7,265.98,0,28.3
2026-09-07T19:00,node/4591423938,Arabia Cafe,,,,41.3796023,2.1762764,0,12.7,265.98,0,28.3
2026-09-07T19:00,node/4602957463,Otafuku Daifuku,,,,41.3861633,2.1813225,0,12.7,265.98,0,28.3
2026-09-07T19:00,node/4631918790,Casa López,,,,41.4047191,2.1550626,0,12.7,265.98,0,28.3
2026-09-07T19:00,node/4643974106,Kyoka Via Augusta,,,,41.3979693,2.1315017,0,12.7,265.98,0,28.3
2026-09-07T19:00,node/4654613659,afiparc,,,,41.4134414,2.1527296,1,12.7,265.98,0,28.3
2026-09-07T19:00,node/4668687590,Can Vilaró,,,,41.3779004,2.1617005,0,12.7,265.98,0,28.3
2026-09-07T19:00,node/4673198082,Montesquiu,,,,41.4046825,2.1325233,0,12.7,265.98,0,28.3
2026-09-07T19:00,node/4680760648,Sushi Taller,,,,41.4048621,2.1326565,0,12.7,265.98,0,28.3
2026-09-07T19:00,node/4681801089,Orxateria la Valenciana,,,,41.3863413,2.1622578,0,12.7,265.98,0,28.3
2026-09-07T19:00,node/4704972453,majide,,,,41.3849224,2.1674688,0,12.7,265.98,0,28.3
2026-09-07T19:00,node/4709933976,Sottovoce,,,,41.3579226,2.1294974,1,12.7,265.98,0,28.3
2026-09-07T19:00,node/4711659235,Casa Lolea,,,,41.3888056,2.1771897,0,12.7,265.98,0,28.3
2026-09-07T19:00,node/4720526074,El Charrito,,,,41.3896183,2.1662427,0,12.7,265.98,0,28.3
2026-09-07T19:00,node/4721286889,Prodigi,,,,41.3985973,2.1659559,0,12.7,265.98,0,28.3
2026-09-07T19:00,node/4726582894,Catalina Cafe,,,,41.3862071,2.1793039,0,12.7,265.98,0,28.3
2026-09-07T19:00,node/4726583193,Betlem,,,,41.3949258,2.1712207,0,12.7,265.98,0,28.3
2026-09-07T19:00,node/4727975192,La Coruña,,,,41.4083413,2.1851911,0,12.7,265.98,0,28.3
2026-09-07T19:00,node/4728103192,Cafè Arrels,,,,41.4137041,2.1809929,0,12.7,265.98,0,28.3
2026-09-07T19:00,node/4729343193,Cervecería Frankfurt El Molino,,,,41.3746194,2.1669636,0,12.7,265.98,0,28.3
2026-09-07T19:00,node/4735766123,I'll Pomo d'Oro,,,,41.3926987,2.1585151,0,12.7,265.98,0,28.3
2026-09-07T19:00,node/4743830714,Casa Escarré (Joan's),,,,41.3747567,2.1427755,0,12.7,265.98,0,28.3
2026-09-07T19:00,node/4751727952,Bar Ribalda,,,,41.4026552,2.1328307,0,12.7,265.98,0,28.3
2026-09-07T19:00,node/4755496723,Brewdog,,,,41.3857301,2.1581661,0,12.7,265.98,0,28.3
2026-09-07T19:00,node/4756509699,Morro fi,,,,41.3833069,2.1550311,0,12.7,265.98,0,28.3
2026-09-07T19:00,node/4776357929,Tomodachi,,,,41.4053891,2.1644663,0,12.7,265.98,0,28.3
2026-09-07T19:00,node/4778618049,De Gustibus Italiae,,,,41.4027491,2.1330183,0,12.7,265.98,0,28.3
2026-09-07T19:00,node/4784670742,Índigo Café,,,,41.3874831,2.1626443,0,12.7,265.98,0,28.3
2026-09-07T19:00,node/4792724121,Venus Delicatessen Barcelona,,,,41.3807065,2.1779781,0,12.7,265.98,0,28.3
2026-09-07T19:00,node/4802341078,El Quatre,,,,41.4031267,2.1333762,0,12.7,265.98,0,28.3
2026-09-07T19:00,node/4805335780,Madonna Vegan,,,,41.3812162,2.1671279,0,12.7,265.98,0,28.3
2026-09-07T19:00,node/4816093515,Olímpic Bar,,,,41.4422394,2.2177816,1,12.7,265.98,0,28.3
2026-09-07T19:00,node/4822739686,Bar El Racó,,,,41.4417497,2.2212713,1,12.7,265.98,0,28.3
2026-09-07T19:00,node/4838956921,Supra,,,,41.3910798,2.1613999,0,12.7,265.98,0,28.3
2026-09-07T19:00,node/4844565923,Pampa Drugstore,,,,41.3827176,2.1712051,0,12.7,265.98,0,28.3
2026-09-07T19:00,node/4847673021,Usagui,,,,41.4021671,2.1463849,0,12.7,265.98,0,28.3
2026-09-07T19:00,node/4859449960,Restaurant el Magatzem,,,,41.3805096,2.1863595,0,12.7,265.98,0,28.3
2026-09-07T19:00,node/4859450597,Restaurant Cal Pinxo,,,,41.3806265,2.1855795,1,12.7,265.98,0,28.3
2026-09-07T19:00,node/4867833221,Pizzeria El Mundo,,,,41.3751322,2.1231212,1,12.7,265.98,0,28.3
2026-09-07T19:00,node/4881181797,Sierra Nevada,,,,41.4420581,2.1834715,0,12.7,265.98,0,28.3
2026-09-07T19:00,node/4903340658,El Ramblero,,,,41.4219271,2.1969049,1,12.7,265.98,0,28.3
2026-09-07T19:00,node/4906736149,L'Olivera,,,,41.4058547,2.1893093,1,12.7,265.98,0,28.3
2026-09-07T19:00,node/4917663030,Picnic,,,,41.4179648,2.1988442,0,12.7,265.98,0,28.3
2026-09-07T19:00,node/4937772721,Vila's Bar,,,,41.4059086,2.1571314,0,12.7,265.98,0,28.3
2026-09-07T19:00,node/4938104321,Hammock Juice Station,,,,41.3971863,2.1671778,0,12.7,265.98,0,28.3
2026-09-07T19:00,node/4973805221,Brunch & Cake by the sea,,,,41.3809714,2.1872568,0,12.7,265.98,0,28.3
2026-09-07T19:00,node/4973805421,Quinoa Aragó Vegetarià,,,,41.3886233,2.1598684,0,12.7,265.98,0,28.3
2026-09-07T19:00,node/4977546909,Tonkotsu,,,,41.3938467,2.1650368,0,12.7,265.98,0,28.3
2026-09-07T19:00,node/4983764927,Cervecería-Frankfurt,,,,41.4394391,2.2207951,1,12.7,265.98,0,28.3
2026-09-07T19:00,node/4983764935,Max Bar,,,,41.4401476,2.2214687,1,12.7,265.98,0,28.3
2026-09-07T19:00,node/4983764944,Bar Verín,,,,41.4396911,2.2210187,1,12.7,265.98,0,28.3
2026-09-07T19:00,node/4983764949,Bar R'Aurora,,,,41.4400582,2.2213943,1,12.7,265.98,0,28.3
2026-09-07T19:00,node/4983764952,Trocadero,,,,41.4385047,2.2204982,1,12.7,265.98,0,28.3
2026-09-07T19:00,node/4983764957,Bar La Alpujarra,,,,41.4420698,2.2228867,1,12.7,265.98,0,28.3
2026-09-07T19:00,node/4983764958,Sant Mori,,,,41.4390777,2.2210618,1,12.7,265.98,0,28.3
2026-09-07T19:00,node/4983764960,El buen gusto,,,,41.4411919,2.2225719,1,12.7,265.98,0,28.3
2026-09-07T19:00,node/4983764965,Bar Junior Bodega,,,,41.4417139,2.2225318,1,12.7,265.98,0,28.3
2026-09-07T19:00,node/4983764975,Bar Satisfecho,,,,41.4385461,2.2198488,1,12.7,265.98,0,28.3
2026-09-07T19:00,node/4983765002,Bar sushi Salon,,,,41.4425727,2.2233672,1,12.7,265.98,0,28.3
2026-09-07T19:00,node/4983765004,Corre que se acaban,,,,41.4392453,2.2212328,1,12.7,265.98,0,28.3
2026-09-07T19:00,node/4983765005,365,,,,41.4403303,2.2225575,1,12.7,265.98,0,28.3
2026-09-07T19:00,node/4984256695,Pampa Mía,,,,41.4085709,2.2035603,1,12.7,265.98,0,28.3
2026-09-07T19:00,node/4991221422,Salterio,,,,41.3825107,2.1760837,0,12.7,265.98,0,28.3
2026-09-07T19:00,node/5007434606,La Balmesina,,,,41.3970301,2.1522555,0,12.7,265.98,0,28.3
2026-09-07T19:00,node/5010794721,Syra Coffee,,,,41.4014925,2.1595216,0,12.7,265.98,0,28.3
2026-09-07T19:00,node/5010794821,Nomad Frutas Selectas,,,,41.3979292,2.1955517,0,12.7,265.98,0,28.3
2026-09-07T19:00,node/5023905423,Petra,,,,41.4038883,2.1551166,0,12.7,265.98,0,28.3
2026-09-07T19:00,node/5028969022,Guzzo,,,,41.3850929,2.1836594,0,12.7,265.98,0,28.3
2026-09-07T19:00,node/5030247521,La Pantera Rosa,,,,41.4010493,2.1525903,0,12.7,265.98,0,28.3
2026-09-07T19:00,node/5037900607,Orio,,,,41.3819545,2.1763606,0,12.7,265.98,0,28.3
2026-09-07T19:00,node/5048602525,Blau Cel,,,,41.4043091,2.1612896,0,12.7,265.98,0,28.3
2026-09-07T19:00,node/5053669724,La Xula Taperia,,,,41.4023295,2.1586126,0,12.7,265.98,0,28.3
2026-09-07T19:00,node/5081388242,La Raposa,,,,41.3725137,2.1639527,0,12.7,265.98,0,28.3
2026-09-07T19:00,node/5082277825,Vermuteria Puigmartí,,,,41.4013967,2.1590604,0,12.7,265.98,0,28.3
2026-09-07T19:00,node/5082277826,Caracas,,,,41.4020908,2.1601676,0,12.7,265.98,0,28.3
2026-09-07T19:00,node/5082288821,Curuba,,,,41.3999554,2.1574731,0,12.7,265.98,0,28.3
2026-09-07T19:00,node/5086827321,Metric Market,,,,41.3916196,2.1419287,0,12.7,265.98,0,28.3
2026-09-07T19:00,node/5088945722,La Juanola,,,,41.4066765,2.1569377,0,12.7,265.98,0,28.3
2026-09-07T19:00,node/5089333723,Ciuri‘s,,,,41.4052466,2.1565749,0,12.7,265.98,0,28.3
2026-09-07T19:00,node/5105012628,Entre Hores,,,,41.4030943,2.1577829,0,12.7,265.98,0,28.3
2026-09-07T19:00,node/5109943322,Intrèpid,,,,41.4043018,2.1550041,0,12.7,265.98,0,28.3
2026-09-07T19:00,node/5110964523,La Trobada,,,,41.4015625,2.1520155,0,12.7,265.98,0,28.3
2026-09-07T19:00,node/5111094221,El Dorado Chicken,,,,41.3930251,2.1579995,0,12.7,265.98,0,28.3
2026-09-07T19:00,node/5113896626,Granja Fimon's,,,,41.4477805,2.2438919,1,12.7,265.98,0,28.3
2026-09-07T19:00,node/5118124314,Kebab Bocateli,,,,41.4426035,2.2166674,1,12.7,265.98,0,28.3
2026-09-07T19:00,node/5118126421,Bar Frankfurt Polideportivo,,,,41.4429429,2.2162226,1,12.7,265.98,0,28.3
2026-09-07T19:00,node/5118126428,Granja Modesto,,,,41.4343689,2.2158958,1,12.7,265.98,0,28.3
2026-09-07T19:00,node/5118126435,Cafeteria i Forn de pa Grey,,,,41.4332655,2.2174982,1,12.7,265.98,0,28.3
2026-09-07T19:00,node/5118126438,Frankfurt Piscis,,,,41.4360107,2.2158678,1,12.7,265.98,0,28.3
2026-09-07T19:00,node/5118126440,Bar Julio,,,,41.4348299,2.2151483,1,12.7,265.98,0,28.3
2026-09-07T19:00,node/5118126443,Bar Beethoven,,,,41.4328863,2.2181523,1,12.7,265.98,0,28.3
2026-09-07T19:00,node/5118126453,Bar Bondia,,,,41.4342763,2.2160261,1,12.7,265.98,0,28.3
2026-09-07T19:00,node/5128075585,Monkey Factory,,,,41.3927261,2.1544614,0,12.7,265.98,0,28.3
2026-09-07T19:00,node/5137360822,El Jardí,,,,41.4475237,2.2469586,1,12.7,265.98,0,28.3
2026-09-07T19:00,node/5144745888,Bar La Imperial,,,,41.4372451,2.2200669,1,12.7,265.98,0,28.3
2026-09-07T19:00,node/5144745889,Gabi,,,,41.4372105,2.2199582,1,12.7,265.98,0,28.3
2026-09-07T19:00,node/5144745893,Bar India,,,,41.4420657,2.2284253,1,12.7,265.98,0,28.3
2026-09-07T19:00,node/5144745896,Mokka,,,,41.4371063,2.2201689,1,12.7,265.98,0,28.3
2026-09-07T19:00,node/5156690125,Loc,,,,41.4351636,2.2283155,1,12.7,265.98,0,28.3
2026-09-07T19:00,node/5160440326,Les Termes Bdn,,,,41.4520115,2.2476488,1,12.7,265.98,0,28.3
2026-09-07T19:00,node/5167185733,La Sucursal,,,,41.3806502,2.1611889,0,12.7,265.98,0,28.3
2026-09-07T19:00,node/5167569072,El Mercader de L'Eixample,,,,41.3923316,2.1603286,0,12.7,265.98,0,28.3
2026-09-07T19:00,node/5168232324,Colmado,,,,41.3819235,2.1744264,0,12.7,265.98,0,28.3
2026-09-07T19:00,node/5175039621,Green's,,,,41.3959672,2.1496553,0,12.7,265.98,0,28.3
2026-09-07T19:00,node/5176233727,Els Porxos,,,,41.4031581,2.1751611,0,12.7,265.98,0,28.3
2026-09-07T19:00,node/5182260830,Catafal,,,,41.4088089,2.1468574,0,12.7,265.98,0,28.3
2026-09-07T19:00,node/5190930121,Casa Ángel,,,,41.4070235,2.1818566,0,12.7,265.98,0,28.3
2026-09-07T19:00,node/5192085421,Esterri,,,,41.3812805,2.1618108,0,12.7,265.98,0,28.3
2026-09-07T19:00,node/5198200824,Copa d'Or,,,,41.3963876,2.1688461,0,12.7,265.98,0,28.3
2026-09-07T19:00,node/5198200829,Gyoza Bistró,,,,41.3940771,2.1723519,0,12.7,265.98,0,28.3
2026-09-07T19:00,node/5198201036,Nou Can Codina,,,,41.3989586,2.1608728,0,12.7,265.98,0,28.3
2026-09-07T19:00,node/5198201122,La Particcela,,,,41.3961328,2.1697679,0,12.7,265.98,0,28.3
2026-09-07T19:00,node/5198201124,Riko's Braseria - Restaurante,,,,41.3929731,2.1692667,0,12.7,265.98,0,28.3
2026-09-07T19:00,node/5199743028,seven7seven,,,,41.3898868,2.1622344,0,12.7,265.98,0,28.3
2026-09-07T19:00,node/5207046925,Sense Nom,,,,41.3843558,2.1622563,0,12.7,265.98,0,28.3
2026-09-07T19:00,node/5207067522,El Maravillas,,,,41.3868914,2.1323626,0,12.7,265.98,0,28.3
2026-09-07T19:00,node/5208223424,Bonastre,,,,41.3774986,2.1587463,0,12.7,265.98,0,28.3
2026-09-07T19:00,node/5212252535,Tariq,,,,41.4477214,2.2405051,1,12.7,265.98,0,28.3
2026-09-07T19:00,node/5218828496,Conecta,,,,41.4388265,2.2253266,1,12.7,265.98,0,28.3
2026-09-07T19:00,node/5218828499,Sweet dolç,,,,41.4385456,2.2254351,1,12.7,265.98,0,28.3
2026-09-07T19:00,node/5226505321,Bodega E. Marin,,,,41.4025586,2.1609645,0,12.7,265.98,0,28.3
2026-09-07T19:00,node/5228942946,La Pubilla,,,,41.3995748,2.1536674,0,12.7,265.98,0,28.3
2026-09-07T19:00,node/5237627856,Tasmango Dessert,,,,41.3909254,2.1784375,0,12.7,265.98,0,28.3
2026-09-07T19:00,node/5238186123,Lennox,,,,41.3834186,2.1829502,0,12.7,265.98,0,28.3
2026-09-07T19:00,node/5271863048,Rest. Alexandre,,,,41.4322501,2.1835476,1,12.7,265.98,0,28.3
2026-09-07T19:00,node/5286467104,Granja Monsul,,,,41.4437723,2.2239591,1,12.7,265.98,0,28.3
2026-09-07T19:00,node/5298404593,Próspero,,,,41.4382431,2.2237839,1,12.7,265.98,0,28.3
2026-09-07T19:00,node/5298404603,Bar Salamanca,,,,41.4388532,2.2246477,1,12.7,265.98,0,28.3
2026-09-07T19:00,node/5298405327,Bar Benuga,,,,41.4383471,2.2243229,1,12.7,265.98,0,28.3
2026-09-07T19:00,node/5298405384,Bar Rocío Los Cazadores,,,,41.4389682,2.2252641,1,12.7,265.98,0,28.3
2026-09-07T19:00,node/5299921764,Bar Crack,,,,41.4343466,2.2189911,1,12.7,265.98,0,28.3
2026-09-07T19:00,node/5299921811,Can Daura,,,,41.4358077,2.2218721,1,12.7,265.98,0,28.3
2026-09-07T19:00,node/5299922525,Bar La Imperial,,,,41.4354603,2.2205399,1,12.7,265.98,0,28.3
2026-09-07T19:00,node/5299922526,Bar Marta,,,,41.4349148,2.2200469,1,12.7,265.98,0,28.3
2026-09-07T19:00,node/5313632423,365,,,,41.3789307,2.1718613,0,12.7,265.98,0,28.3
2026-09-07T19:00,node/5327570662,Ancestral,,,,41.3977332,2.1656576,1,12.7,265.98,0,28.3
2026-09-07T19:00,node/5347967007,Bar Marín,,,,41.4474106,2.2217195,1,12.7,265.98,0,28.3
2026-09-07T19:00,node/5347967009,Bar La Cantonada,,,,41.4474812,2.2209325,1,12.7,265.98,0,28.3
2026-09-07T19:00,node/5363964402,El gran croissant,,,,41.4359355,2.2167366,1,12.7,265.98,0,28.3
2026-09-07T19:00,node/5395531687,Las Marismas,,,,41.3701297,2.1215161,1,12.7,265.98,0,28.3
2026-09-07T19:00,node/5407919537,El Yate,,,,41.4039787,2.1367463,0,12.7,265.98,0,28.3
2026-09-07T19:00,node/5417517130,Tou Kichi Rou,,,,41.3919953,2.1432267,0,12.7,265.98,0,28.3
2026-09-07T19:00,node/5418243448,La Pampa,,,,41.3793623,2.1879402,1,12.7,265.98,0,28.3
2026-09-07T19:00,node/5418243450,els maians,,,,41.3786757,2.1882219,1,12.7,265.98,0,28.3
2026-09-07T19:00,node/5418243451,no30,,,,41.3791653,2.1879988,1,12.7,265.98,0,28.3
2026-09-07T19:00,node/5418243452,Lolita,,,,41.3783615,2.1882936,1,12.7,265.98,0,28.3
2026-09-07T19:00,node/5418243454,Reina Margherita,,,,41.3792655,2.1879835,1,12.7,265.98,0,28.3
2026-09-07T19:00,node/5434314893,PolkaBarcelona,,,,41.3859057,2.1326565,0,12.7,265.98,0,28.3
2026-09-07T19:00,node/5485540627,Bar Placídia,,,,41.3999472,2.1524915,0,12.7,265.98,0,28.3
2026-09-07T19:00,node/5487473548,Cafè Mos,,,,41.4143487,2.1384116,1,12.7,265.98,0,28.3
2026-09-07T19:00,node/5498351755,365 Cafeteria Forn de Pa,,,,41.3747778,2.1626826,0,12.7,265.98,0,28.3
2026-09-07T19:00,node/5509139428,La Carmanyola,,,,41.4013829,2.2068942,1,12.7,265.98,0,28.3
2026-09-07T19:00,node/5536153362,Cafeteria La Dona,,,,41.4396715,2.2242727,1,12.7,265.98,0,28.3
2026-09-07T19:00,node/5564055763,Panda & Smile,,,,41.3842068,2.1585673,0,12.7,265.98,0,28.3
2026-09-07T19:00,node/5564064431,Atrapatapa,,,,41.3832362,2.1568636,0,12.7,265.98,0,28.3
2026-09-07T19:00,node/5595134220,Cervecería Amoretty's 3,,,,41.4412382,2.2200117,1,12.7,265.98,0,28.3
2026-09-07T19:00,node/5606506169,Sincopa,,,,41.3803881,2.1789886,0,12.7,265.98,0,28.3
2026-09-07T19:00,node/5611733921,Buenas Migas,,,,41.4024253,2.1743326,0,12.7,265.98,0,28.3
2026-09-07T19:00,node/5617465886,Amateur,,,,41.3967536,2.1962847,0,12.7,265.98,0,28.3
2026-09-07T19:00,node/5646412432,Made in Sicily,,,,41.4483394,2.2490191,1,12.7,265.98,0,28.3
2026-09-07T19:00,node/5646415922,La Bella Istambul,,,,41.4479233,2.2494906,1,12.7,265.98,0,28.3
2026-09-07T19:00,node/5658288082,Can Teixidó,,,,41.4491148,2.2483189,1,12.7,265.98,0,28.3
2026-09-07T19:00,node/5663240986,Cafè Escac,,,,41.3837378,2.1695562,0,12.7,265.98,0,28.3
2026-09-07T19:00,node/5676005621,CACHO,,,,41.3931048,2.1910878,0,12.7,265.98,0,28.3
2026-09-07T19:00,node/5718757792,360°,,,,41.3790957,2.1696433,0,12.7,265.98,0,28.3
2026-09-07T19:00,node/5793057257,Bar Granja el Chiquitín,,,,41.4398176,2.2263171,1,12.7,265.98,0,28.3
2026-09-07T19:00,node/5796742218,The Clock,,,,41.3754168,2.1482785,0,12.7,265.98,0,28.3
2026-09-07T19:00,node/5805410453,Morrow Coffee,,,,41.3771392,2.1513283,0,12.7,265.98,0,28.3
2026-09-07T19:00,node/5806521955,Paisano Bistró,,,,41.4048549,2.1759323,0,12.7,265.98,0,28.3
2026-09-07T19:00,node/5856758686,El racó de les tapes,,,,41.4357708,2.1910224,0,12.7,265.98,0,28.3
2026-09-07T19:00,node/5878496985,UDON,,,,41.4051569,2.1921906,0,12.7,265.98,0,28.3
2026-09-07T19:00,node/5916157285,Bar Castells,,,,41.3841472,2.1698121,0,12.7,265.98,0,28.3
2026-09-07T19:00,node/5923867889,,,,,41.4406062,2.2451514,1,12.7,265.98,0,28.3
2026-09-07T19:00,node/5930228787,Mi casa,,,,41.3993608,2.1535771,0,12.7,265.98,0,28.3
2026-09-07T19:00,node/5933808740,Kserol,,,,41.3986236,2.1753141,0,12.7,265.98,0,28.3
2026-09-07T19:00,node/5944781772,Restaurante Burning Rock&Food,,,,41.3746837,2.1311612,0,12.7,265.98,0,28.3
2026-09-07T19:00,node/5951964888,el Fornet,,,,41.3882003,2.1723419,0,12.7,265.98,0,28.3
2026-09-07T19:00,node/5972440521,Feroz,,,,41.3965882,2.1508404,0,12.7,265.98,0,28.3
2026-09-07T19:00,node/5980982393,Pepa Tomate,,,,41.3767661,2.1627826,0,12.7,265.98,0,28.3
2026-09-07T19:00,node/6000108088,La Neura,,,,41.4002093,2.1660134,0,12.7,265.98,0,28.3
2026-09-07T19:00,node/6009236381,Mesón Balouta,,,,41.4384121,2.1649296,0,12.7,265.98,0,28.3
2026-09-07T19:00,node/6010958538,Bar Avenida,,,,41.4371962,2.2238498,1,12.7,265.98,0,28.3
2026-09-07T19:00,node/6010958540,Bar Trébol BCN,,,,41.4352675,2.2193633,1,12.7,265.98,0,28.3
2026-09-07T19:00,node/6027971388,Novell,,,,41.4070495,2.1667319,0,12.7,265.98,0,28.3
2026-09-07T19:00,node/6038827086,Honest Greens,,,,41.3986972,2.1569862,0,12.7,265.98,0,28.3
2026-09-07T19:00,node/6066258257,Bar Roma Sports,,,,41.4449369,2.2223513,1,12.7,265.98,0,28.3
2026-09-07T19:00,node/6089625321,Vivari,,,,41.3973187,2.1676233,0,12.7,265.98,0,28.3
2026-09-07T19:00,node/6093865396,The FRESH POKE,,,,41.3975268,2.1644457,0,12.7,265.98,0,28.3
2026-09-07T19:00,node/6093944886,Nicasso,,,,41.4072456,2.1873211,0,12.7,265.98,0,28.3
2026-09-07T19:00,node/6096656135,Yoi Yoi Gion,,,,41.3965593,2.1606187,1,12.7,265.98,0,28.3
2026-09-07T19:00,node/6104559348,Belles Arts II,,,,41.3872827,2.1361782,0,12.7,265.98,0,28.3
2026-09-07T19:00,node/6104561002,Toyodo,,,,41.3866914,2.1375355,0,12.7,265.98,0,28.3
2026-09-07T19:00,node/6106764321,Il Caffe di Francesco,,,,41.3930707,2.1642758,0,12.7,265.98,0,28.3
2026-09-07T19:00,node/6109526596,El Cuiner de Damasc,,,,41.3814196,2.1776754,0,12.7,265.98,0,28.3
2026-09-07T19:00,node/6110978486,Bonaparte,,,,41.4775805,2.0724847,1,12.7,265.98,0,28.3
2026-09-07T19:00,node/6123253862,Bar Granja Oasis,,,,41.3505068,2.1127043,1,12.7,265.98,0,28.3
2026-09-07T19:00,node/6126749461,Cantero,,,,41.3942111,2.1902433,0,12.7,265.98,0,28.3
2026-09-07T19:00,node/6164234382,Poké Sí,,,,41.4052321,2.1924708,0,12.7,265.98,0,28.3
2026-09-07T19:00,node/6164236104,Palo Verde,,,,41.4047343,2.1968042,0,12.7,265.98,0,28.3
2026-09-07T19:00,node/6166398253,Panet,,,,41.3861845,2.1430687,1,12.7,265.98,0,28.3
2026-09-07T19:00,node/6182404055,Kasa,,,,41.3861348,2.1656868,0,12.7,265.98,0,28.3
2026-09-07T19:00,node/6188914880,Bella Venezia,,,,41.3965502,2.1644865,0,12.7,265.98,0,28.3
2026-09-07T19:00,node/6188922858,Arc iris,,,,41.3998386,2.1715382,0,12.7,265.98,0,28.3
2026-09-07T19:00,node/6193461695,Sun Market,,,,41.3928465,2.1569854,0,12.7,265.98,0,28.3
2026-09-07T19:00,node/6193479448,Akashi Sushi Bar,,,,41.3923045,2.1558108,0,12.7,265.98,0,28.3
2026-09-07T19:00,node/6200571548,La Svolta,,,,41.4061025,2.1515184,0,12.7,265.98,0,28.3
2026-09-07T19:00,node/6202321417,La Tapeta del Coll,,,,41.4179646,2.1467035,1,12.7,265.98,0,28.3
2026-09-07T19:00,node/6204104907,La Papa,,,,41.3898088,2.1577366,0,12.7,265.98,0,28.3
2026-09-07T19:00,node/6216083704,La Coma,,,,41.3401472,2.1265697,1,12.7,265.98,0,28.3
2026-09-07T19:00,node/6216218158,la Zona,,,,41.3460291,2.1439158,1,12.7,265.98,0,28.3
2026-09-07T19:00,node/6216756977,Estrella de Istanbul,,,,41.4098375,2.1751296,0,12.7,265.98,0,28.3
2026-09-07T19:00,node/6230395442,Akelarre,,,,41.3892275,2.1373726,0,12.7,265.98,0,28.3
2026-09-07T19:00,node/6230407068,Starbucks,,,,41.3951351,2.1581903,0,12.7,265.98,0,28.3
2026-09-07T19:00,node/6232752417,El Taller,,,,41.3587511,2.1404908,0,12.7,265.98,0,28.3
2026-09-07T19:00,node/6237797177,Luri,,,,41.3977931,2.1514901,0,12.7,265.98,0,28.3
2026-09-07T19:00,node/6246525924,in blue,,,,41.3877036,2.1368756,0,12.7,265.98,0,28.3
2026-09-07T19:00,node/6250219942,Al sur,,,,41.3941572,2.1586822,0,12.7,265.98,0,28.3
2026-09-07T19:00,node/6258570565,Dino Pan,,,,41.3824376,2.1318622,0,12.7,265.98,0,28.3
2026-09-07T19:00,node/6258570699,Don Sándwich,,,,41.3820321,2.1315862,0,12.7,265.98,0,28.3
2026-09-07T19:00,node/6258715958,La Lluna de Gavà,,,,41.3672801,2.1403759,0,12.7,265.98,0,28.3
2026-09-07T19:00,node/6258718433,La Toscana,,,,41.3805625,2.1323335,0,12.7,265.98,0,28.3
2026-09-07T19:00,node/6258718652,Cafeteria Melody Bar,,,,41.3779464,2.1338934,0,12.7,265.98,0,28.3
2026-09-07T19:00,node/6258719247,Bar Florida,,,,41.3592896,2.1399844,0,12.7,265.98,0,28.3
2026-09-07T19:00,node/6260784864,La Cabaña,,,,41.3699161,2.1341331,0,12.7,265.98,0,28.3
2026-09-07T19:00,node/6260786193,Goiko Grill,,,,41.3656448,2.1357604,1,12.7,265.98,0,28.3
2026-09-07T19:00,node/6264834185,König,,,,41.3862163,2.1827612,0,12.7,265.98,0,28.3
2026-09-07T19:00,node/6298115913,N.A.P.,,,,41.3774834,2.1900137,0,12.7,265.98,0,28.3
2026-09-07T19:00,node/6316025985,L'Esclop,,,,41.3768262,2.1577412,0,12.7,265.98,0,28.3
2026-09-07T19:00,node/6330973943,Don Kilo,,,,41.3998564,2.1639573,0,12.7,265.98,0,28.3
2026-09-07T19:00,node/6333708759,SandwiChez,,,,41.3941488,2.1694356,0,12.7,265.98,0,28.3
2026-09-07T19:00,node/6334053687,Cafè Yafa,,,,41.3997495,2.1643963,0,12.7,265.98,0,28.3
2026-09-07T19:00,node/6334053692,La Mananta,,,,41.3994169,2.1648424,0,12.7,265.98,0,28.3
2026-09-07T19:00,node/6339732807,La Soca 2,,,,41.3912352,2.1594135,0,12.7,265.98,0,28.3
2026-09-07T19:00,node/6339732809,Creps Barcelona,,,,41.3905618,2.1590619,0,12.7,265.98,0,28.3
2026-09-07T19:00,node/6357834156,Les gens que j'aime bar,,,,41.3936947,2.1648505,0,12.7,265.98,0,28.3
2026-09-07T19:00,node/6381462875,Comarca Cuina L’Hocal,,,,41.3609203,2.1295937,1,12.7,265.98,0,28.3
2026-09-07T19:00,node/6424929026,Cafeteria Samy's,,,,41.3637433,2.1369241,0,12.7,265.98,0,28.3
2026-09-07T19:00,node/6424929700,Sakuraya,,,,41.3653001,2.1307952,1,12.7,265.98,0,28.3
2026-09-07T19:00,node/6431480513,Restaurant Bodega de Tapas,,,,41.3772493,2.1371156,0,12.7,265.98,0,28.3
2026-09-07T19:00,node/6431508292,Bodega Salvat,,,,41.3711848,2.1345217,0,12.7,265.98,0,28.3
2026-09-07T19:00,node/6431508293,Jaqueline's,,,,41.3682256,2.1345214,0,12.7,265.98,0,28.3
2026-09-07T19:00,node/6431508485,Japonia Café,,,,41.3806518,2.1387176,0,12.7,265.98,0,28.3
2026-09-07T19:00,node/6431508488,La Bodegueta de Sants,,,,41.3710695,2.1344235,0,12.7,265.98,0,28.3
2026-09-07T19:00,node/6431512182,Bar Montevideo,,,,41.3693939,2.1342386,0,12.7,265.98,0,28.3
2026-09-07T19:00,node/6431558869,Bar Alegría,,,,41.3629394,2.1373301,0,12.7,265.98,0,28.3
2026-09-07T19:00,node/6431559030,Bar El Faro,,,,41.3628529,2.1373795,0,12.7,265.98,0,28.3
2026-09-07T19:00,node/6433259684,Entre Copas,,,,41.3621672,2.0761548,1,12.7,265.98,0,28.3
2026-09-07T19:00,node/6438381289,Vera Café,,,,41.3883674,2.1779512,0,12.7,265.98,0,28.3
2026-09-07T19:00,node/6441451785,Líder de Istanbul,,,,41.3752687,2.1338088,0,12.7,265.98,0,28.3
2026-09-07T19:00,node/6445233216,Gyoza Bar,,,,41.3931059,2.1798949,0,12.7,265.98,0,28.3
2026-09-07T19:00,node/6450380989,Bar But,,,,41.3979648,2.1593688,0,12.7,265.98,0,28.3
2026-09-07T19:00,node/6450381086,La Porxada,,,,41.4030026,2.1637245,0,12.7,265.98,0,28.3
2026-09-07T19:00,node/6462934229,Concordia,,,,41.3864201,2.1321758,0,12.7,265.98,0,28.3
2026-09-07T19:00,node/6475037976,L'Oasi a Consell,,,,41.3830142,2.1547507,0,12.7,265.98,0,28.3
2026-09-07T19:00,node/6477273844,Fandango,,,,41.3982346,2.1423415,1,12.7,265.98,0,28.3
2026-09-07T19:00,node/6506313588,Antigua,,,,41.3980086,2.1492952,0,12.7,265.98,0,28.3
2026-09-07T19:00,node/6507308246,L'Antica Pizzeria Da Michele,,,,41.3928154,2.1682858,0,12.7,265.98,0,28.3
2026-09-07T19:00,node/6532206187,Yü Sushi,,,,41.4032734,2.2032208,0,12.7,265.98,0,28.3
2026-09-07T19:00,node/6532330793,La Xemeneia,,,,41.4016359,2.2048002,0,12.7,265.98,0,28.3
2026-09-07T19:00,node/6535101686,Alma Loca,,,,41.3992845,2.1970974,0,12.7,265.98,0,28.3
2026-09-07T19:00,node/6538194375,Mr. White,,,,41.3761815,2.1601126,0,12.7,265.98,0,28.3
2026-09-07T19:00,node/6568369188,Elpilar,,,,41.4000903,2.1489875,0,12.7,265.98,0,28.3
2026-09-07T19:00,node/6597321587,Welcome,,,,41.4065151,2.1509474,0,12.7,265.98,0,28.3
2026-09-07T19:00,node/6600189447,café bar juli-mac,,,,41.3782625,2.1239845,0,12.7,265.98,0,28.3
2026-09-07T19:00,node/6642989000,El Pa Sencer,,,,41.3835483,2.1341796,0,12.7,265.98,0,28.3
2026-09-07T19:00,node/6642989001,Ateneu Popular de les Corts,,,,41.3826968,2.1329407,0,12.7,265.98,0,28.3
2026-09-07T19:00,node/6680396487,La prorroga,,,,41.4032976,2.1567512,0,12.7,265.98,0,28.3
2026-09-07T19:00,node/6680687871,La Mar Salada,,,,41.3768035,2.1888904,1,12.7,265.98,0,28.3
2026-09-07T19:00,node/6681709948,Kiltro Gràcia,,,,41.4018317,2.1544539,0,12.7,265.98,0,28.3
2026-09-07T19:00,node/6710510485,Catedral 1951,,,,41.3849142,2.1757337,0,12.7,265.98,0,28.3
2026-09-07T19:00,node/6750944404,Brasaña,,,,41.3605721,2.1345777,1,12.7,265.98,0,28.3
2026-09-07T19:00,node/6757307686,Kitsu,,,,41.4017918,2.1543486,0,12.7,265.98,0,28.3
2026-09-07T19:00,node/6757314489,LomoAlto,,,,41.3936053,2.1663935,0,12.7,265.98,0,28.3
2026-09-07T19:00,node/6766273102,inti & chaska,,,,41.3886755,2.1599487,0,12.7,265.98,0,28.3
2026-09-07T19:00,node/6771863086,Montseny,,,,41.4070642,2.1804416,0,12.7,265.98,0,28.3
2026-09-07T19:00,node/6775495571,El Petit,,,,41.3298893,2.0988681,1,12.7,265.98,0,28.3
2026-09-07T19:00,node/6782427526,Híbrid Cafè Restaurant,,,,41.3771219,2.1203336,0,12.7,265.98,0,28.3
2026-09-07T19:00,node/6786006588,365,,,,41.3820297,2.1697221,0,12.7,265.98,0,28.3
2026-09-07T19:00,node/6790695789,El Rincón de la Abuela Venezolana,,,,41.4058359,2.1788147,0,12.7,265.98,0,28.3
2026-09-07T19:00,node/6805613085,Bar la Cabaña,,,,41.4071784,2.1778546,0,12.7,265.98,0,28.3
2026-09-07T19:00,node/6812099686,La Xurreria de Maria,,,,41.4050102,2.1750002,0,12.7,265.98,0,28.3
2026-09-07T19:00,node/6821384885,Blu Bar,,,,41.3983358,2.2045648,0,12.7,265.98,0,28.3
2026-09-07T19:00,node/6835358009,Murivecci,,,,41.3874075,2.1828282,0,12.7,265.98,0,28.3
2026-09-07T19:00,node/6852974547,Garrido,,,,41.3603039,2.1401381,0,12.7,265.98,0,28.3
2026-09-07T19:00,node/6852994516,La Patatona,,,,41.3604651,2.1400108,1,12.7,265.98,0,28.3
2026-09-07T19:00,node/6855027201,Bar Sandwicheria Enka 3,,,,41.3758876,2.1221107,1,12.7,265.98,0,28.3
2026-09-07T19:00,node/6871523347,Cafe Punto 10,,,,41.3805947,2.1364501,0,12.7,265.98,0,28.3
2026-09-07T19:00,node/6914132390,El Nou Ramonet,,,,41.3817315,2.1876268,0,12.7,265.98,0,28.3
2026-09-07T19:00,node/6946328085,Cremat 11,,,,41.3855109,2.1810205,0,12.7,265.98,0,28.3
2026-09-07T19:00,node/6973926711,Syra Coffee,,,,41.3965047,2.1941864,0,12.7,265.98,0,28.3
2026-09-07T19:00,node/6983227455,SNOOKER - Cocteles y Billarea,,,,41.3921561,2.1703663,0,12.7,265.98,0,28.3
2026-09-07T19:00,node/7002869606,Chebú,,,,41.3791162,2.1515085,0,12.7,265.98,0,28.3
2026-09-07T19:00,node/7003296923,Triple Sec,,,,41.3747448,2.1609868,0,12.7,265.98,0,28.3
2026-09-07T19:00,node/7004598841,Orange Coffee,,,,41.4052864,2.1712189,0,12.7,265.98,0,28.3
2026-09-07T19:00,node/7014308129,Bar Bodega Lentejil,,,,41.4429922,2.2175094,1,12.7,265.98,0,28.3
2026-09-07T19:00,node/7017780931,Yoüme,,,,41.3835882,2.1541892,0,12.7,265.98,0,28.3
2026-09-07T19:00,node/7098025886,El Club del Café,,,,41.4340729,2.1892624,0,12.7,265.98,0,28.3
2026-09-07T19:00,node/7124857728,Cabo,,,,41.3964797,2.1851438,0,12.7,265.98,0,28.3
2026-09-07T19:00,node/7132160620,Santagloria,,,,41.3863926,2.1243567,0,12.7,265.98,0,28.3
2026-09-07T19:00,node/7141587085,La Cereria,,,,41.3815426,2.1767152,0,12.7,265.98,0,28.3
2026-09-07T19:00,node/7150994121,Vivari,,,,41.3998419,2.1775677,0,12.7,265.98,0,28.3
2026-09-07T19:00,node/7234692489,Van van var,,,,41.3942304,2.1901096,0,12.7,265.98,0,28.3
2026-09-07T19:00,node/7318977151,,,,,41.3711664,2.1434617,0,12.7,265.98,0,28.3
2026-09-07T19:00,node/7318977155,Bar Joaquim,,,,41.3704145,2.1424922,1,12.7,265.98,0,28.3
2026-09-07T19:00,node/7318977156,Vivari,,,,41.3686165,2.1410874,1,12.7,265.98,0,28.3
2026-09-07T19:00,node/7431790448,Santagloria,,,,41.3896086,2.1200086,1,12.7,265.98,0,28.3
2026-09-07T19:00,node/7438491414,,,,,41.3733479,2.1301506,0,12.7,265.98,0,28.3
2026-09-07T19:00,node/7504941029,Iberic Fusión Platja,,,,41.4380577,2.2431806,1,12.7,265.98,0,28.3
2026-09-07T19:00,node/7504941031,l'Altre Can Mario's,,,,41.4405591,2.2418866,1,12.7,265.98,0,28.3
2026-09-07T19:00,node/7504941033,L'Esmolet,,,,41.4432993,2.2460741,1,12.7,265.98,0,28.3
2026-09-07T19:00,node/7504941035,la Masia de la Xesca,,,,41.4452013,2.2417838,1,12.7,265.98,0,28.3
2026-09-07T19:00,node/7556742593,Menjador del Centre,,,,41.4009756,2.2000272,0,12.7,265.98,0,28.3
2026-09-07T19:00,node/7563962192,Passeig9,,,,41.4014488,2.2009478,0,12.7,265.98,0,28.3
2026-09-07T19:00,node/7600529740,Restaurante La Flama,,,,41.3514861,2.1114722,1,12.7,265.98,0,28.3
2026-09-07T19:00,node/7618205068,El Pellizquito,,,,41.3501292,2.1105817,1,12.7,265.98,0,28.3
2026-09-07T19:00,node/7640514041,Bar Plaça Carles Buïgas,,,,41.3711833,2.1510204,0,12.7,265.98,0,28.3
2026-09-07T19:00,node/7644933199,Almirall,,,,41.4100171,2.1883052,0,12.7,265.98,0,28.3
2026-09-07T19:00,node/7704818539,Bar Granja Rocxi,,,,41.3744206,2.1339573,0,12.7,265.98,0,28.3
2026-09-07T19:00,node/7704818548,Cafès Caracas,,,,41.3748038,2.1328052,0,12.7,265.98,0,28.3
2026-09-07T19:00,node/7706832792,Cru Sants,,,,41.3721342,2.1286919,0,12.7,265.98,0,28.3
2026-09-07T19:00,node/7736420790,Mamma Italia,,,,41.3764642,2.1234304,0,12.7,265.98,0,28.3
2026-09-07T19:00,node/7772770550,Eqvilibrivm Café,,,,41.3973065,2.1697662,0,12.7,265.98,0,28.3
2026-09-07T19:00,node/7838098454,El Caserón,,,,41.3838275,2.1398498,0,12.7,265.98,0,28.3
2026-09-07T19:00,node/7925586104,Delicream,,,,41.4572921,2.2290688,1,12.7,265.98,0,28.3
2026-09-07T19:00,node/7989010587,Castañeiras,,,,41.4100358,2.1760296,0,12.7,265.98,0,28.3
2026-09-07T19:00,node/7999604058,Lilo brunch,,,,41.3873718,2.1627034,0,12.7,265.98,0,28.3
2026-09-07T19:00,node/7999616840,Bellillo,,,,41.3879362,2.1620483,0,12.7,265.98,0,28.3
2026-09-07T19:00,node/8034999886,Costa Dorada,,,,41.3980284,2.1986941,0,12.7,265.98,0,28.3
2026-09-07T19:00,node/8046554489,Sport,,,,41.4001224,2.2000188,0,12.7,265.98,0,28.3
2026-09-07T19:00,node/8049731595,Echegaray,,,,41.4018684,2.2023424,0,12.7,265.98,0,28.3
2026-09-07T19:00,node/8049732292,Doroteo,,,,41.4029636,2.2006718,0,12.7,265.98,0,28.3
2026-09-07T19:00,node/8064873985,Saramar,,,,41.3957712,2.1953013,0,12.7,265.98,0,28.3
2026-09-07T19:00,node/8077128420,Tío Bigotes,,,,41.4013922,2.2028846,0,12.7,265.98,0,28.3
2026-09-07T19:00,manual/488492e9,Bar Viejo Cafe,Bar,yes,"Carrer de la Independència, 306, Sant Martí, 08026 Barcelona",41.4116,2.1794,0,12.7,265.98,0,28.3
2026-09-07T19:00,manual/c52f6190,New 88 Bar-Cafeteria,bar,yes,,41.4094505,2.1789589,0,12.7,265.98,0,28.3
2026-09-07T19:00,manual/5d2ea7ea,Restaurant Papá Nico,bar,yes,,41.4094505,2.1789589,0,12.7,265.98,0,28.3
2026-09-07T19:00,manual/c980e39e,Restaurant El Clot,restaurant,yes,,41.4087697,2.1875592,0,12.7,265.98,0,28.3
2026-09-07T20:00,relation/18317100,,,,,41.42,2.1188352,0,1.47,275.91,1,27.3
2026-09-07T20:00,node/208984374,Central Rambla,,,,41.3782716,2.1761732,0,1.47,275.91,1,27.3
2026-09-07T20:00,way/217583616,Can Fisher,,,,41.3946034,2.2062292,1,1.47,275.91,1,27.3
2026-09-07T20:00,way/245214117,la Caseta del Migdia,,,,41.3596833,2.1607145,1,1.47,275.91,1,27.3
2026-09-07T20:00,way/246717741,Mirablau,,,,41.4160323,2.1319129,1,1.47,275.91,1,27.3
2026-09-07T20:00,way/249404809,PURO,,,,41.3911248,2.1461635,0,1.47,275.91,1,27.3
2026-09-07T20:00,way/268912897,Can Cortada,,,,41.4362503,2.1524833,0,1.47,275.91,1,27.3
2026-09-07T20:00,way/315387188,Temple del Metall,,,,41.4741706,2.1662317,1,1.47,275.91,1,27.3
2026-09-07T20:00,way/392926648,Pacha,,,,41.3857491,2.1970415,0,1.47,275.91,1,27.3
2026-09-07T20:00,way/412702054,Camping,,,,41.3953192,2.2042386,0,1.47,275.91,1,27.3
2026-09-07T20:00,way/443599336,Asador Casa Juaco,,,,41.4476663,2.1426909,1,1.47,275.91,1,27.3
2026-09-07T20:00,way/446002194,La Base by Farré,,,,41.3967358,2.2101884,0,1.47,275.91,1,27.3
2026-09-07T20:00,node/476327681,Can Paixano,,,,41.3817618,2.1834151,0,1.47,275.91,1,27.3
2026-09-07T20:00,node/506202703,Bar Almogávares,,,,41.3962323,2.1890864,0,1.47,275.91,1,27.3
2026-09-07T20:00,way/519771543,Restaurant Can Cases,,,,41.4343885,2.0985276,1,1.47,275.91,1,27.3
2026-09-07T20:00,node/534367691,Sant Bartomeu,,,,41.3755248,2.1346488,0,1.47,275.91,1,27.3
2026-09-07T20:00,node/643022131,Euro Bar-Tapas,,,,41.4342324,2.2161197,1,1.47,275.91,1,27.3
2026-09-07T20:00,node/643429648,Joan Figuera,,,,41.4336545,2.2169391,1,1.47,275.91,1,27.3
2026-09-07T20:00,node/643496696,El rincón de Willy,,,,41.4380246,2.2180623,1,1.47,275.91,1,27.3
2026-09-07T20:00,node/643496704,Bar Somni d'estiu,,,,41.4382361,2.2166687,1,1.47,275.91,1,27.3
2026-09-07T20:00,way/655221168,L'Ovella Negra Marina,,,,41.3960196,2.1901331,0,1.47,275.91,1,27.3
2026-09-07T20:00,node/660004524,Bocatapa Can Manel,,,,41.4413833,2.2212875,1,1.47,275.91,1,27.3
2026-09-07T20:00,node/672140180,Kasparo,,,,41.3844847,2.1690087,0,1.47,275.91,1,27.3
2026-09-07T20:00,node/704031158,Café Zurich,,,,41.3858504,2.1694606,0,1.47,275.91,1,27.3
2026-09-07T20:00,node/704042058,Starbucks,,,,41.3888305,2.1719117,0,1.47,275.91,1,27.3
2026-09-07T20:00,node/704058886,Tapa Tapa,,,,41.3916926,2.1660167,0,1.47,275.91,1,27.3
2026-09-07T20:00,node/704060428,Oassis Natural Cooking,,,,41.3901637,2.1678915,0,1.47,275.91,1,27.3
2026-09-07T20:00,node/704066257,Ciutat Comtal,,,,41.3888272,2.1668833,0,1.47,275.91,1,27.3
2026-09-07T20:00,node/704066614,Taller de Tapas,,,,41.3905645,2.1639038,0,1.47,275.91,1,27.3
2026-09-07T20:00,way/707305723,Bar Frankfurt Cafeteria Fabregada,,,,41.3561748,2.1108239,1,1.47,275.91,1,27.3
2026-09-07T20:00,node/745947750,Bar Geminis,,,,41.3976224,2.1807778,0,1.47,275.91,1,27.3
2026-09-07T20:00,node/765796519,La Cafetera,,,,41.4049767,2.1575215,0,1.47,275.91,1,27.3
2026-09-07T20:00,node/814006271,Les 15 Nits Bar,,,,41.3804529,2.1749778,0,1.47,275.91,1,27.3
2026-09-07T20:00,node/819552792,Bracafe,,,,41.3944249,2.1675209,0,1.47,275.91,1,27.3
2026-09-07T20:00,node/824476551,Caleuche,,,,41.3761526,2.1686172,0,1.47,275.91,1,27.3
2026-09-07T20:00,node/830462039,Bar Restaurant Angela,,,,41.4043015,2.1949428,0,1.47,275.91,1,27.3
2026-09-07T20:00,way/907005766,Chevy's Bar,,,,41.4143731,2.2289499,1,1.47,275.91,1,27.3
2026-09-07T20:00,way/969257968,,,,,41.3793991,2.1073385,1,1.47,275.91,1,27.3
2026-09-07T20:00,way/1063378975,Bar Restaurant Oliver,,,,41.3469215,2.1546999,1,1.47,275.91,1,27.3
2026-09-07T20:00,node/1072798261,Taverna del Bisbe,,,,41.3849254,2.1766628,0,1.47,275.91,1,27.3
2026-09-07T20:00,node/1072800838,El Cafè D'en Victor,,,,41.3847931,2.1767008,0,1.47,275.91,1,27.3
2026-09-07T20:00,node/1083144027,Los Caracoles,,,,41.3796584,2.1765082,0,1.47,275.91,1,27.3
2026-09-07T20:00,node/1092685793,Elche,,,,41.3739754,2.1691488,0,1.47,275.91,1,27.3
2026-09-07T20:00,way/1112240803,ForumStation,,,,41.4096655,2.2221501,0,1.47,275.91,1,27.3
2026-09-07T20:00,node/1177498341,Casa Vall,,,,41.4074238,2.1585521,0,1.47,275.91,1,27.3
2026-09-07T20:00,node/1192698924,Bilbao Berria,,,,41.3841976,2.1748665,0,1.47,275.91,1,27.3
2026-09-07T20:00,node/1192699873,Tapas 24,,,,41.3908686,2.1674705,0,1.47,275.91,1,27.3
2026-09-07T20:00,way/1200964257,Chiringuito Joan Miro,,,,41.3789977,2.1478116,0,1.47,275.91,1,27.3
2026-09-07T20:00,node/1264182304,Tosca del Carme,,,,41.3819482,2.1695795,0,1.47,275.91,1,27.3
2026-09-07T20:00,node/1280416455,Carballeira,,,,41.4442679,2.2217701,1,1.47,275.91,1,27.3
2026-09-07T20:00,way/1300745688,La Casona de Sant Just,,,,41.3833348,2.0735139,1,1.47,275.91,1,27.3
2026-09-07T20:00,node/1310450869,El Filete Ruso,,,,41.3925451,2.1558968,0,1.47,275.91,1,27.3
2026-09-07T20:00,node/1312325106,La Palmera,,,,41.4144229,2.1385123,0,1.47,275.91,1,27.3
2026-09-07T20:00,node/1314943380,Mescladís del Pou,,,,41.3870865,2.1803497,0,1.47,275.91,1,27.3
2026-09-07T20:00,node/1335697982,,,,,41.3608771,2.1101417,1,1.47,275.91,1,27.3
2026-09-07T20:00,way/1368167814,Natura Beach. El Chiringuito,,,,41.4028929,2.2157443,0,1.47,275.91,1,27.3
2026-09-07T20:00,node/1420760625,Tapeo,,,,41.4044988,2.1554811,0,1.47,275.91,1,27.3
2026-09-07T20:00,node/1420760630,Diamant,,,,41.4042174,2.1555899,0,1.47,275.91,1,27.3
2026-09-07T20:00,node/1428867664,Café Berlin,,,,41.3943566,2.1494599,0,1.47,275.91,1,27.3
2026-09-07T20:00,node/1430537485,Oasis Restaurant,,,,41.3827219,2.1847191,0,1.47,275.91,1,27.3
2026-09-07T20:00,node/1445598557,Bracafe,,,,41.3948025,2.1817533,0,1.47,275.91,1,27.3
2026-09-07T20:00,node/1554649942,Torrades,,,,41.4375721,2.1566095,0,1.47,275.91,1,27.3
2026-09-07T20:00,node/1554649988,La Panera,,,,41.4374756,2.1563359,0,1.47,275.91,1,27.3
2026-09-07T20:00,node/1658425572,Rebeka,,,,41.3967185,2.1890325,0,1.47,275.91,1,27.3
2026-09-07T20:00,node/1685949861,Cerveceria Milenium 2,,,,41.3534566,2.0866307,1,1.47,275.91,1,27.3
2026-09-07T20:00,node/1711342192,Calero's Centre,,,,41.3744728,2.1349721,0,1.47,275.91,1,27.3
2026-09-07T20:00,node/1722136431,Cervecería Catalana,,,,41.3924032,2.1609008,0,1.47,275.91,1,27.3
2026-09-07T20:00,node/1739122591,La Tagliatella,,,,41.3943371,2.1521208,0,1.47,275.91,1,27.3
2026-09-07T20:00,node/1813593370,Bar Capricornio,,,,41.4381257,2.2179547,1,1.47,275.91,1,27.3
2026-09-07T20:00,node/1820633320,CASA TEVA,,,,41.3752815,2.1166845,1,1.47,275.91,1,27.3
2026-09-07T20:00,node/1824133931,Carmesí,,,,41.3737373,2.1644452,0,1.47,275.91,1,27.3
2026-09-07T20:00,node/1948986220,Cafeteria UPF Jaume I,,,,41.3900298,2.1901118,0,1.47,275.91,1,27.3
2026-09-07T20:00,node/1948987514,Cafeteria UPF Roger de Lluria,,,,41.3886776,2.1915119,0,1.47,275.91,1,27.3
2026-09-07T20:00,node/1951812612,Casa Pagès,,,,41.3998447,2.1613114,0,1.47,275.91,1,27.3
2026-09-07T20:00,node/1960366982,Casa Amalia,,,,41.3962525,2.1685646,0,1.47,275.91,1,27.3
2026-09-07T20:00,node/1984001407,Bar de la FIB,,,,41.3894239,2.1132363,0,1.47,275.91,1,27.3
2026-09-07T20:00,node/2034780565,Cerbeseria Lesseps,,,,41.4073551,2.1514486,0,1.47,275.91,1,27.3
2026-09-07T20:00,node/2034780569,L'Brasseria,,,,41.4067629,2.1516314,0,1.47,275.91,1,27.3
2026-09-07T20:00,node/2056517879,Caelum,,,,41.3830524,2.1744369,0,1.47,275.91,1,27.3
2026-09-07T20:00,node/2065469522,Restaurant Pipa,,,,41.3997461,2.2003004,0,1.47,275.91,1,27.3
2026-09-07T20:00,node/2087204991,La Sanguchería,,,,41.3954987,2.1484037,0,1.47,275.91,1,27.3
2026-09-07T20:00,node/2091604731,Tapa Tapa,,,,41.3762094,2.1500463,0,1.47,275.91,1,27.3
2026-09-07T20:00,node/2112843062,El Vaixell-2,,,,41.4541291,2.2350201,1,1.47,275.91,1,27.3
2026-09-07T20:00,node/2165154147,Asador de Lugo,,,,41.3797623,2.1376748,0,1.47,275.91,1,27.3
2026-09-07T20:00,node/2184580476,Bar del Pi,,,,41.3824922,2.1739624,0,1.47,275.91,1,27.3
2026-09-07T20:00,node/2187210264,Sopa,,,,41.4023416,2.1952788,0,1.47,275.91,1,27.3
2026-09-07T20:00,node/2197824500,Tierra del fuego,,,,41.4016702,2.2016399,0,1.47,275.91,1,27.3
2026-09-07T20:00,node/2213839299,Pollo Rico,,,,41.3791045,2.1721976,0,1.47,275.91,1,27.3
2026-09-07T20:00,node/2364075421,Chen-Ji,,,,41.3936143,2.1807074,0,1.47,275.91,1,27.3
2026-09-07T20:00,node/2434563732,La Bella Napoli,,,,41.3743686,2.1637621,0,1.47,275.91,1,27.3
2026-09-07T20:00,node/2442785485,El Círcol,,,,41.4501968,2.2474223,1,1.47,275.91,1,27.3
2026-09-07T20:00,node/2468197823,365 Cafeteria Forn de Pa,,,,41.3752071,2.1635151,0,1.47,275.91,1,27.3
2026-09-07T20:00,node/2476332030,Bar Lennon,,,,41.4028901,2.1612576,0,1.47,275.91,1,27.3
2026-09-07T20:00,node/2500906795,Bar Lúdic Queimada Nivell Q,,,,41.4094152,2.1808913,0,1.47,275.91,1,27.3
2026-09-07T20:00,node/2598482930,Con Gracia,,,,41.3990704,2.1600617,0,1.47,275.91,1,27.3
2026-09-07T20:00,node/2609183969,Fukuoka,,,,41.4022587,2.1612976,0,1.47,275.91,1,27.3
2026-09-07T20:00,node/2610750687,Xiringuito Aigua,,,,41.4096717,2.1683236,0,1.47,275.91,1,27.3
2026-09-07T20:00,node/2618447074,Vegetalia,,,,41.3803973,2.1776952,0,1.47,275.91,1,27.3
2026-09-07T20:00,node/2618538581,Veggie Garden,,,,41.3822767,2.1680336,0,1.47,275.91,1,27.3
2026-09-07T20:00,node/2618538595,Biocenter,,,,41.3825765,2.1694364,0,1.47,275.91,1,27.3
2026-09-07T20:00,node/2684052224,Pai Mei,,,,41.4051863,2.1931071,0,1.47,275.91,1,27.3
2026-09-07T20:00,node/2687089274,Dolça Estona,,,,41.4117096,2.1394938,0,1.47,275.91,1,27.3
2026-09-07T20:00,node/2689736934,Bar Bodega Molina,,,,41.4403298,2.1817019,0,1.47,275.91,1,27.3
2026-09-07T20:00,node/2721077740,Bar Veni,,,,41.3848861,2.1667078,0,1.47,275.91,1,27.3
2026-09-07T20:00,node/2727449418,Las Euras,,,,41.3998785,2.1577187,0,1.47,275.91,1,27.3
2026-09-07T20:00,node/2793491051,La bona tapa,,,,41.4368098,2.2166172,1,1.47,275.91,1,27.3
2026-09-07T20:00,node/2892028393,Kino,,,,41.3825992,2.1665452,0,1.47,275.91,1,27.3
2026-09-07T20:00,node/2892037115,23 Robadors,,,,41.3796029,2.1708903,0,1.47,275.91,1,27.3
2026-09-07T20:00,node/2910255826,Shôko,,,,41.3854991,2.1969746,0,1.47,275.91,1,27.3
2026-09-07T20:00,node/2910255827,Opium,,,,41.3852778,2.1967099,0,1.47,275.91,1,27.3
2026-09-07T20:00,node/2927944587,Tapas Tapas!,,,,41.3745104,2.1829399,1,1.47,275.91,1,27.3
2026-09-07T20:00,node/2951499208,El racó d'en Henry,,,,41.4394757,2.2215013,1,1.47,275.91,1,27.3
2026-09-07T20:00,node/2966340931,El Capritx,,,,41.4022886,2.1998883,0,1.47,275.91,1,27.3
2026-09-07T20:00,node/2968119440,Can Tresó,,,,41.4028999,2.1537483,0,1.47,275.91,1,27.3
2026-09-07T20:00,node/2969276727,La Sirena Verde,,,,41.4027605,2.1657128,0,1.47,275.91,1,27.3
2026-09-07T20:00,node/2969277275,Café de l'Eixample,,,,41.4005021,2.1690108,0,1.47,275.91,1,27.3
2026-09-07T20:00,node/2970751844,Taverna El Disbarat,,,,41.4017728,2.1545227,0,1.47,275.91,1,27.3
2026-09-07T20:00,node/3007755352,La Pausa,,,,41.4071883,2.1557816,0,1.47,275.91,1,27.3
2026-09-07T20:00,node/3007803307,Oh La Lá,,,,41.4460123,2.2485803,1,1.47,275.91,1,27.3
2026-09-07T20:00,node/3048077142,L'Aliança del Poblenou,,,,41.3997067,2.2032276,0,1.47,275.91,1,27.3
2026-09-07T20:00,node/3049368344,Clot76,,,,41.4082815,2.1885259,0,1.47,275.91,1,27.3
2026-09-07T20:00,node/3084370508,Marina Bay By Moncho's,,,,41.3863077,2.1975017,0,1.47,275.91,1,27.3
2026-09-07T20:00,node/3084507933,Caravelle,,,,41.3822872,2.1688475,0,1.47,275.91,1,27.3
2026-09-07T20:00,node/3120072573,Bar Restaurant Nàutic,,,,41.3806088,2.1408397,0,1.47,275.91,1,27.3
2026-09-07T20:00,node/3177990194,Mezcal Taco Bar,,,,41.3830563,2.1554872,0,1.47,275.91,1,27.3
2026-09-07T20:00,node/3270120640,Luigi,,,,41.3862659,2.1753788,0,1.47,275.91,1,27.3
2026-09-07T20:00,node/3271554311,Al Sultán,,,,41.4035661,2.1554863,0,1.47,275.91,1,27.3
2026-09-07T20:00,node/3328694987,Nou Candanchú,,,,41.4005128,2.1576475,0,1.47,275.91,1,27.3
2026-09-07T20:00,node/3339670930,Bahia,,,,41.3803265,2.1774842,0,1.47,275.91,1,27.3
2026-09-07T20:00,node/3441700493,Santos Tapas,,,,41.3818417,2.1745121,0,1.47,275.91,1,27.3
2026-09-07T20:00,node/3491476947,Bar del Pla,,,,41.3856036,2.1800221,0,1.47,275.91,1,27.3
2026-09-07T20:00,node/3496970198,Centre Cívic Can Deu,,,,41.3869027,2.1327794,0,1.47,275.91,1,27.3
2026-09-07T20:00,node/3504769719,El Rincón,,,,41.3908977,2.1900669,0,1.47,275.91,1,27.3
2026-09-07T20:00,node/3517276245,Bar Canigó,,,,41.4029724,2.1579186,0,1.47,275.91,1,27.3
2026-09-07T20:00,node/3522552400,Àpat's,,,,41.3757617,2.1419109,0,1.47,275.91,1,27.3
2026-09-07T20:00,node/3548547194,El Bon Menjador - 2,,,,41.4388101,2.2172863,1,1.47,275.91,1,27.3
2026-09-07T20:00,node/3548548998,Bar Morales,,,,41.4395878,2.2165237,1,1.47,275.91,1,27.3
2026-09-07T20:00,node/3548613495,Bar Paula's Tapería,,,,41.4385437,2.2175484,1,1.47,275.91,1,27.3
2026-09-07T20:00,node/3556089494,Delicias Mediterráneas,,,,41.4415079,2.2267435,1,1.47,275.91,1,27.3
2026-09-07T20:00,node/3556089497,Xurreria Rodríguez,,,,41.4416928,2.2264651,1,1.47,275.91,1,27.3
2026-09-07T20:00,node/3556089803,Bar de La Salut,,,,41.4422594,2.2258792,1,1.47,275.91,1,27.3
2026-09-07T20:00,node/3560942698,Sandvitxeria Alhociema,,,,41.4443624,2.2236761,1,1.47,275.91,1,27.3
2026-09-07T20:00,node/3560955995,Centro Cultural Castellano-manchego,,,,41.4390698,2.2176297,1,1.47,275.91,1,27.3
2026-09-07T20:00,node/3595399490,Bar Familiar,,,,41.4359163,2.2182018,1,1.47,275.91,1,27.3
2026-09-07T20:00,node/3595399769,La granja de Casablanca,,,,41.4357671,2.2189395,1,1.47,275.91,1,27.3
2026-09-07T20:00,node/3595401238,Bar Alcázar,,,,41.4365542,2.2183742,1,1.47,275.91,1,27.3
2026-09-07T20:00,node/3596986411,Agrupación Cultural Galega Agarimos,,,,41.4358268,2.2165495,1,1.47,275.91,1,27.3
2026-09-07T20:00,node/3612059306,Nabuco Tiramisú,,,,41.4004523,2.1577244,0,1.47,275.91,1,27.3
2026-09-07T20:00,node/3620986554,Yamane,,,,41.3868061,2.1808426,0,1.47,275.91,1,27.3
2026-09-07T20:00,node/3620991692,Yamaneko-ryouri,,,,41.4016619,2.1447787,0,1.47,275.91,1,27.3
2026-09-07T20:00,node/3624045193,Bar-Granja Maribel,,,,41.4399092,2.2235793,1,1.47,275.91,1,27.3
2026-09-07T20:00,node/3624045293,Bar La Cantonada,,,,41.4396227,2.2242325,1,1.47,275.91,1,27.3
2026-09-07T20:00,node/3713349650,Groin's,,,,41.4108415,2.1637178,0,1.47,275.91,1,27.3
2026-09-07T20:00,node/3718061014,Bar Calders,,,,41.3764788,2.1623937,0,1.47,275.91,1,27.3
2026-09-07T20:00,node/3730796125,Buenas Migas,,,,41.3975542,2.1587856,0,1.47,275.91,1,27.3
2026-09-07T20:00,node/3761312382,La Fonda,,,,41.3793598,2.1762144,0,1.47,275.91,1,27.3
2026-09-07T20:00,node/3777075876,Oaxaca,,,,41.3821041,2.1838988,0,1.47,275.91,1,27.3
2026-09-07T20:00,node/3779149860,EsPan's,,,,41.4349094,2.2194667,1,1.47,275.91,1,27.3
2026-09-07T20:00,node/3794002044,Samurai Ramen,,,,41.3736753,2.1548947,0,1.47,275.91,1,27.3
2026-09-07T20:00,node/3804046057,Robata Sushi & Grill,,,,41.3904886,2.1585836,0,1.47,275.91,1,27.3
2026-09-07T20:00,node/3809169458,Freiduría El Boquerón,,,,41.4400822,2.2264769,1,1.47,275.91,1,27.3
2026-09-07T20:00,node/3809169459,Marisquería Melchor,,,,41.4401715,2.2266602,1,1.47,275.91,1,27.3
2026-09-07T20:00,node/3809169461,Elhotro bar,,,,41.4401247,2.2268506,1,1.47,275.91,1,27.3
2026-09-07T20:00,node/3809169658,Carte d'Or,,,,41.4403068,2.2274065,1,1.47,275.91,1,27.3
2026-09-07T20:00,node/3809169668,Vivari,,,,41.4408122,2.2271125,1,1.47,275.91,1,27.3
2026-09-07T20:00,node/3809169669,Pantaiberic delicatessen,,,,41.4408174,2.2269502,1,1.47,275.91,1,27.3
2026-09-07T20:00,node/3840009426,La Esquinica,,,,41.4304816,2.1712169,0,1.47,275.91,1,27.3
2026-09-07T20:00,node/3874539219,Café del Centre,,,,41.3946111,2.1712059,0,1.47,275.91,1,27.3
2026-09-07T20:00,node/3890922254,Characato,,,,41.4046885,2.1836218,0,1.47,275.91,1,27.3
2026-09-07T20:00,node/3901403358,Les Dues Sicilies,,,,41.3866097,2.1802613,0,1.47,275.91,1,27.3
2026-09-07T20:00,node/3955968257,El racó de les Glòries,,,,41.3986109,2.1978895,0,1.47,275.91,1,27.3
2026-09-07T20:00,node/4060217594,Matt & Marshall,,,,41.3993348,2.1997769,0,1.47,275.91,1,27.3
2026-09-07T20:00,node/4073605889,Mariscco,,,,41.3804885,2.1753271,0,1.47,275.91,1,27.3
2026-09-07T20:00,node/4126257971,Xixbar,,,,41.3758485,2.1576176,0,1.47,275.91,1,27.3
2026-09-07T20:00,node/4127494769,Vapiano,,,,41.3788941,2.1758361,0,1.47,275.91,1,27.3
2026-09-07T20:00,node/4138815989,Nømad Cøffee,,,,41.3889108,2.1771731,0,1.47,275.91,1,27.3
2026-09-07T20:00,node/4150499794,El 68,,,,41.4023622,2.1612062,0,1.47,275.91,1,27.3
2026-09-07T20:00,node/4166496789,Bar Thonet Grill Room,,,,41.3792408,2.1761073,0,1.47,275.91,1,27.3
2026-09-07T20:00,node/4168100800,Cervecería Frankfurt Europa,,,,41.4396191,2.2191504,1,1.47,275.91,1,27.3
2026-09-07T20:00,node/4225209596,Bar El Velodromo,,,,41.3934442,2.1501395,0,1.47,275.91,1,27.3
2026-09-07T20:00,node/4225810298,Bar Nolla,,,,41.3905504,2.1647825,0,1.47,275.91,1,27.3
2026-09-07T20:00,node/4233959493,Pastisseria Granja,,,,41.3795042,2.1792309,0,1.47,275.91,1,27.3
2026-09-07T20:00,node/4239222689,Rekons,,,,41.3806195,2.1610796,0,1.47,275.91,1,27.3
2026-09-07T20:00,node/4244877765,Bar La Peña,,,,41.4404265,2.2170329,1,1.47,275.91,1,27.3
2026-09-07T20:00,node/4247196393,cal mariner,,,,41.3791754,2.1898206,0,1.47,275.91,1,27.3
2026-09-07T20:00,node/4253851490,El Trencadís,,,,41.3937976,2.1655309,0,1.47,275.91,1,27.3
2026-09-07T20:00,node/4253862889,Hummus,,,,41.3912547,2.1611975,0,1.47,275.91,1,27.3
2026-09-07T20:00,node/4254090289,La tasqueta de Blai,,,,41.3733347,2.1652358,0,1.47,275.91,1,27.3
2026-09-07T20:00,node/4254094290,Rosa Negra,,,,41.3819164,2.1687596,0,1.47,275.91,1,27.3
2026-09-07T20:00,node/4254704967,Firebug Brunch,,,,41.3927459,2.1778691,0,1.47,275.91,1,27.3
2026-09-07T20:00,node/4254996890,La Macchina,,,,41.4030005,2.1535966,0,1.47,275.91,1,27.3
2026-09-07T20:00,node/4267035492,Kebabish,,,,41.4409198,2.2217884,1,1.47,275.91,1,27.3
2026-09-07T20:00,node/4267055591,La cantina del tapeo,,,,41.4420999,2.2200224,1,1.47,275.91,1,27.3
2026-09-07T20:00,node/4278033120,Buenas Migas,,,,41.3838044,2.1696233,0,1.47,275.91,1,27.3
2026-09-07T20:00,node/4283188047,Granja Romaní,,,,41.4348618,2.2179712,1,1.47,275.91,1,27.3
2026-09-07T20:00,node/4283194434,Bar La Paradeta,,,,41.4337773,2.2167771,1,1.47,275.91,1,27.3
2026-09-07T20:00,node/4291934189,Fonda Espanya,,,,41.3799009,2.1728032,0,1.47,275.91,1,27.3
2026-09-07T20:00,node/4306440989,Blai 9,,,,41.3730722,2.1658539,0,1.47,275.91,1,27.3
2026-09-07T20:00,node/4314857689,El punt,,,,41.4413807,2.2316251,1,1.47,275.91,1,27.3
2026-09-07T20:00,node/4314859689,Versace,,,,41.4337089,2.2172203,1,1.47,275.91,1,27.3
2026-09-07T20:00,node/4315715092,Petit Comitè,,,,41.3943551,2.1600308,0,1.47,275.91,1,27.3
2026-09-07T20:00,node/4321183403,Brunch & Cake,,,,41.3882834,2.1615596,0,1.47,275.91,1,27.3
2026-09-07T20:00,node/4336933393,Mayura,,,,41.3938992,2.1720914,0,1.47,275.91,1,27.3
2026-09-07T20:00,node/4340119890,VIENA,,,,41.3579934,2.1293918,1,1.47,275.91,1,27.3
2026-09-07T20:00,node/4349925690,Nemrut,,,,41.3810051,2.1772158,0,1.47,275.91,1,27.3
2026-09-07T20:00,node/4350019284,Palosanto,,,,41.3808122,2.1772701,0,1.47,275.91,1,27.3
2026-09-07T20:00,node/4364289794,Faborit Casa Amatller,,,,41.3915836,2.1650592,0,1.47,275.91,1,27.3
2026-09-07T20:00,node/4386702690,Red Ant Noodle Bar,,,,41.3880129,2.1810961,0,1.47,275.91,1,27.3
2026-09-07T20:00,node/4396244190,Fresc Co,,,,41.3891657,2.1969678,0,1.47,275.91,1,27.3
2026-09-07T20:00,node/4401234193,BlackLab Brewhouse & Kitchen,,,,41.3812305,2.1854573,0,1.47,275.91,1,27.3
2026-09-07T20:00,node/4431102493,Forn Puiggròs,,,,41.4102615,2.1741597,0,1.47,275.91,1,27.3
2026-09-07T20:00,node/4439412389,La Vinya del Senyor,,,,41.3832546,2.1818655,0,1.47,275.91,1,27.3
2026-09-07T20:00,node/4440352791,La Gavina,,,,41.3807532,2.1853211,1,1.47,275.91,1,27.3
2026-09-07T20:00,node/4443367289,Pannus,,,,41.3863691,2.1726728,0,1.47,275.91,1,27.3
2026-09-07T20:00,node/4449185678,Il Caffè di Francesco,,,,41.3908733,2.1652201,0,1.47,275.91,1,27.3
2026-09-07T20:00,node/4451904190,Bar Granadino,,,,41.4404153,2.2238276,1,1.47,275.91,1,27.3
2026-09-07T20:00,node/4451904193,La ciudad de oro,,,,41.4408727,2.2240695,1,1.47,275.91,1,27.3
2026-09-07T20:00,node/4451986792,Cafe Bar Florida,,,,41.4403503,2.2236929,1,1.47,275.91,1,27.3
2026-09-07T20:00,node/4451986793,Bar Amigo,,,,41.4411469,2.2238965,1,1.47,275.91,1,27.3
2026-09-07T20:00,node/4451988991,Bar Frankfurt Jaime,,,,41.4408051,2.2241201,1,1.47,275.91,1,27.3
2026-09-07T20:00,node/4451989090,Entre tapes,,,,41.4423118,2.2237245,1,1.47,275.91,1,27.3
2026-09-07T20:00,node/4451992791,Bar Leo,,,,41.4406309,2.2245529,1,1.47,275.91,1,27.3
2026-09-07T20:00,node/4452031691,Bar La Granja,,,,41.4427953,2.2241899,1,1.47,275.91,1,27.3
2026-09-07T20:00,node/4455238130,Anahuac,,,,41.3965161,2.1513989,0,1.47,275.91,1,27.3
2026-09-07T20:00,node/4461595656,Cafeteria de la Biblioteca Jaumer Fuster,,,,41.4075557,2.1493457,0,1.47,275.91,1,27.3
2026-09-07T20:00,node/4470059420,Mesón Gallego,,,,41.3818896,2.0709288,1,1.47,275.91,1,27.3
2026-09-07T20:00,node/4486639527,Boldú,,,,41.3973783,2.1517865,0,1.47,275.91,1,27.3
2026-09-07T20:00,node/4486683966,La Tagliatella,,,,41.3974141,2.1514101,0,1.47,275.91,1,27.3
2026-09-07T20:00,node/4503193765,Bicioci,,,,41.3999229,2.1619101,0,1.47,275.91,1,27.3
2026-09-07T20:00,node/4509411660,Bar Mediterráneo,,,,41.4343007,2.2180868,1,1.47,275.91,1,27.3
2026-09-07T20:00,node/4516538193,Más Que Sushi,,,,41.3774227,2.1527247,0,1.47,275.91,1,27.3
2026-09-07T20:00,node/4516600994,Salambó,,,,41.4044546,2.1576355,0,1.47,275.91,1,27.3
2026-09-07T20:00,node/4520259289,Cachitos,,,,41.3953057,2.1536913,0,1.47,275.91,1,27.3
2026-09-07T20:00,node/4572063790,Cafetería 365,,,,41.3744652,2.1675541,0,1.47,275.91,1,27.3
2026-09-07T20:00,node/4580517495,Cadaqués,,,,41.4004717,2.1574102,0,1.47,275.91,1,27.3
2026-09-07T20:00,node/4591423938,Arabia Cafe,,,,41.3796023,2.1762764,0,1.47,275.91,1,27.3
2026-09-07T20:00,node/4602957463,Otafuku Daifuku,,,,41.3861633,2.1813225,0,1.47,275.91,1,27.3
2026-09-07T20:00,node/4631918790,Casa López,,,,41.4047191,2.1550626,0,1.47,275.91,1,27.3
2026-09-07T20:00,node/4643974106,Kyoka Via Augusta,,,,41.3979693,2.1315017,0,1.47,275.91,1,27.3
2026-09-07T20:00,node/4654613659,afiparc,,,,41.4134414,2.1527296,0,1.47,275.91,1,27.3
2026-09-07T20:00,node/4668687590,Can Vilaró,,,,41.3779004,2.1617005,0,1.47,275.91,1,27.3
2026-09-07T20:00,node/4673198082,Montesquiu,,,,41.4046825,2.1325233,0,1.47,275.91,1,27.3
2026-09-07T20:00,node/4680760648,Sushi Taller,,,,41.4048621,2.1326565,0,1.47,275.91,1,27.3
2026-09-07T20:00,node/4681801089,Orxateria la Valenciana,,,,41.3863413,2.1622578,0,1.47,275.91,1,27.3
2026-09-07T20:00,node/4704972453,majide,,,,41.3849224,2.1674688,0,1.47,275.91,1,27.3
2026-09-07T20:00,node/4709933976,Sottovoce,,,,41.3579226,2.1294974,1,1.47,275.91,1,27.3
2026-09-07T20:00,node/4711659235,Casa Lolea,,,,41.3888056,2.1771897,0,1.47,275.91,1,27.3
2026-09-07T20:00,node/4720526074,El Charrito,,,,41.3896183,2.1662427,0,1.47,275.91,1,27.3
2026-09-07T20:00,node/4721286889,Prodigi,,,,41.3985973,2.1659559,0,1.47,275.91,1,27.3
2026-09-07T20:00,node/4726582894,Catalina Cafe,,,,41.3862071,2.1793039,0,1.47,275.91,1,27.3
2026-09-07T20:00,node/4726583193,Betlem,,,,41.3949258,2.1712207,0,1.47,275.91,1,27.3
2026-09-07T20:00,node/4727975192,La Coruña,,,,41.4083413,2.1851911,0,1.47,275.91,1,27.3
2026-09-07T20:00,node/4728103192,Cafè Arrels,,,,41.4137041,2.1809929,0,1.47,275.91,1,27.3
2026-09-07T20:00,node/4729343193,Cervecería Frankfurt El Molino,,,,41.3746194,2.1669636,0,1.47,275.91,1,27.3
2026-09-07T20:00,node/4735766123,I'll Pomo d'Oro,,,,41.3926987,2.1585151,0,1.47,275.91,1,27.3
2026-09-07T20:00,node/4743830714,Casa Escarré (Joan's),,,,41.3747567,2.1427755,0,1.47,275.91,1,27.3
2026-09-07T20:00,node/4751727952,Bar Ribalda,,,,41.4026552,2.1328307,0,1.47,275.91,1,27.3
2026-09-07T20:00,node/4755496723,Brewdog,,,,41.3857301,2.1581661,0,1.47,275.91,1,27.3
2026-09-07T20:00,node/4756509699,Morro fi,,,,41.3833069,2.1550311,0,1.47,275.91,1,27.3
2026-09-07T20:00,node/4776357929,Tomodachi,,,,41.4053891,2.1644663,0,1.47,275.91,1,27.3
2026-09-07T20:00,node/4778618049,De Gustibus Italiae,,,,41.4027491,2.1330183,0,1.47,275.91,1,27.3
2026-09-07T20:00,node/4784670742,Índigo Café,,,,41.3874831,2.1626443,0,1.47,275.91,1,27.3
2026-09-07T20:00,node/4792724121,Venus Delicatessen Barcelona,,,,41.3807065,2.1779781,0,1.47,275.91,1,27.3
2026-09-07T20:00,node/4802341078,El Quatre,,,,41.4031267,2.1333762,0,1.47,275.91,1,27.3
2026-09-07T20:00,node/4805335780,Madonna Vegan,,,,41.3812162,2.1671279,0,1.47,275.91,1,27.3
2026-09-07T20:00,node/4816093515,Olímpic Bar,,,,41.4422394,2.2177816,1,1.47,275.91,1,27.3
2026-09-07T20:00,node/4822739686,Bar El Racó,,,,41.4417497,2.2212713,1,1.47,275.91,1,27.3
2026-09-07T20:00,node/4838956921,Supra,,,,41.3910798,2.1613999,0,1.47,275.91,1,27.3
2026-09-07T20:00,node/4844565923,Pampa Drugstore,,,,41.3827176,2.1712051,0,1.47,275.91,1,27.3
2026-09-07T20:00,node/4847673021,Usagui,,,,41.4021671,2.1463849,0,1.47,275.91,1,27.3
2026-09-07T20:00,node/4859449960,Restaurant el Magatzem,,,,41.3805096,2.1863595,0,1.47,275.91,1,27.3
2026-09-07T20:00,node/4859450597,Restaurant Cal Pinxo,,,,41.3806265,2.1855795,1,1.47,275.91,1,27.3
2026-09-07T20:00,node/4867833221,Pizzeria El Mundo,,,,41.3751322,2.1231212,1,1.47,275.91,1,27.3
2026-09-07T20:00,node/4881181797,Sierra Nevada,,,,41.4420581,2.1834715,0,1.47,275.91,1,27.3
2026-09-07T20:00,node/4903340658,El Ramblero,,,,41.4219271,2.1969049,0,1.47,275.91,1,27.3
2026-09-07T20:00,node/4906736149,L'Olivera,,,,41.4058547,2.1893093,0,1.47,275.91,1,27.3
2026-09-07T20:00,node/4917663030,Picnic,,,,41.4179648,2.1988442,0,1.47,275.91,1,27.3
2026-09-07T20:00,node/4937772721,Vila's Bar,,,,41.4059086,2.1571314,0,1.47,275.91,1,27.3
2026-09-07T20:00,node/4938104321,Hammock Juice Station,,,,41.3971863,2.1671778,0,1.47,275.91,1,27.3
2026-09-07T20:00,node/4973805221,Brunch & Cake by the sea,,,,41.3809714,2.1872568,0,1.47,275.91,1,27.3
2026-09-07T20:00,node/4973805421,Quinoa Aragó Vegetarià,,,,41.3886233,2.1598684,0,1.47,275.91,1,27.3
2026-09-07T20:00,node/4977546909,Tonkotsu,,,,41.3938467,2.1650368,0,1.47,275.91,1,27.3
2026-09-07T20:00,node/4983764927,Cervecería-Frankfurt,,,,41.4394391,2.2207951,1,1.47,275.91,1,27.3
2026-09-07T20:00,node/4983764935,Max Bar,,,,41.4401476,2.2214687,1,1.47,275.91,1,27.3
2026-09-07T20:00,node/4983764944,Bar Verín,,,,41.4396911,2.2210187,1,1.47,275.91,1,27.3
2026-09-07T20:00,node/4983764949,Bar R'Aurora,,,,41.4400582,2.2213943,1,1.47,275.91,1,27.3
2026-09-07T20:00,node/4983764952,Trocadero,,,,41.4385047,2.2204982,1,1.47,275.91,1,27.3
2026-09-07T20:00,node/4983764957,Bar La Alpujarra,,,,41.4420698,2.2228867,1,1.47,275.91,1,27.3
2026-09-07T20:00,node/4983764958,Sant Mori,,,,41.4390777,2.2210618,1,1.47,275.91,1,27.3
2026-09-07T20:00,node/4983764960,El buen gusto,,,,41.4411919,2.2225719,1,1.47,275.91,1,27.3
2026-09-07T20:00,node/4983764965,Bar Junior Bodega,,,,41.4417139,2.2225318,1,1.47,275.91,1,27.3
2026-09-07T20:00,node/4983764975,Bar Satisfecho,,,,41.4385461,2.2198488,1,1.47,275.91,1,27.3
2026-09-07T20:00,node/4983765002,Bar sushi Salon,,,,41.4425727,2.2233672,1,1.47,275.91,1,27.3
2026-09-07T20:00,node/4983765004,Corre que se acaban,,,,41.4392453,2.2212328,1,1.47,275.91,1,27.3
2026-09-07T20:00,node/4983765005,365,,,,41.4403303,2.2225575,1,1.47,275.91,1,27.3
2026-09-07T20:00,node/4984256695,Pampa Mía,,,,41.4085709,2.2035603,0,1.47,275.91,1,27.3
2026-09-07T20:00,node/4991221422,Salterio,,,,41.3825107,2.1760837,0,1.47,275.91,1,27.3
2026-09-07T20:00,node/5007434606,La Balmesina,,,,41.3970301,2.1522555,0,1.47,275.91,1,27.3
2026-09-07T20:00,node/5010794721,Syra Coffee,,,,41.4014925,2.1595216,0,1.47,275.91,1,27.3
2026-09-07T20:00,node/5010794821,Nomad Frutas Selectas,,,,41.3979292,2.1955517,0,1.47,275.91,1,27.3
2026-09-07T20:00,node/5023905423,Petra,,,,41.4038883,2.1551166,0,1.47,275.91,1,27.3
2026-09-07T20:00,node/5028969022,Guzzo,,,,41.3850929,2.1836594,0,1.47,275.91,1,27.3
2026-09-07T20:00,node/5030247521,La Pantera Rosa,,,,41.4010493,2.1525903,0,1.47,275.91,1,27.3
2026-09-07T20:00,node/5037900607,Orio,,,,41.3819545,2.1763606,0,1.47,275.91,1,27.3
2026-09-07T20:00,node/5048602525,Blau Cel,,,,41.4043091,2.1612896,0,1.47,275.91,1,27.3
2026-09-07T20:00,node/5053669724,La Xula Taperia,,,,41.4023295,2.1586126,0,1.47,275.91,1,27.3
2026-09-07T20:00,node/5081388242,La Raposa,,,,41.3725137,2.1639527,0,1.47,275.91,1,27.3
2026-09-07T20:00,node/5082277825,Vermuteria Puigmartí,,,,41.4013967,2.1590604,0,1.47,275.91,1,27.3
2026-09-07T20:00,node/5082277826,Caracas,,,,41.4020908,2.1601676,0,1.47,275.91,1,27.3
2026-09-07T20:00,node/5082288821,Curuba,,,,41.3999554,2.1574731,0,1.47,275.91,1,27.3
2026-09-07T20:00,node/5086827321,Metric Market,,,,41.3916196,2.1419287,0,1.47,275.91,1,27.3
2026-09-07T20:00,node/5088945722,La Juanola,,,,41.4066765,2.1569377,0,1.47,275.91,1,27.3
2026-09-07T20:00,node/5089333723,Ciuri‘s,,,,41.4052466,2.1565749,0,1.47,275.91,1,27.3
2026-09-07T20:00,node/5105012628,Entre Hores,,,,41.4030943,2.1577829,0,1.47,275.91,1,27.3
2026-09-07T20:00,node/5109943322,Intrèpid,,,,41.4043018,2.1550041,0,1.47,275.91,1,27.3
2026-09-07T20:00,node/5110964523,La Trobada,,,,41.4015625,2.1520155,0,1.47,275.91,1,27.3
2026-09-07T20:00,node/5111094221,El Dorado Chicken,,,,41.3930251,2.1579995,0,1.47,275.91,1,27.3
2026-09-07T20:00,node/5113896626,Granja Fimon's,,,,41.4477805,2.2438919,1,1.47,275.91,1,27.3
2026-09-07T20:00,node/5118124314,Kebab Bocateli,,,,41.4426035,2.2166674,1,1.47,275.91,1,27.3
2026-09-07T20:00,node/5118126421,Bar Frankfurt Polideportivo,,,,41.4429429,2.2162226,1,1.47,275.91,1,27.3
2026-09-07T20:00,node/5118126428,Granja Modesto,,,,41.4343689,2.2158958,1,1.47,275.91,1,27.3
2026-09-07T20:00,node/5118126435,Cafeteria i Forn de pa Grey,,,,41.4332655,2.2174982,1,1.47,275.91,1,27.3
2026-09-07T20:00,node/5118126438,Frankfurt Piscis,,,,41.4360107,2.2158678,1,1.47,275.91,1,27.3
2026-09-07T20:00,node/5118126440,Bar Julio,,,,41.4348299,2.2151483,1,1.47,275.91,1,27.3
2026-09-07T20:00,node/5118126443,Bar Beethoven,,,,41.4328863,2.2181523,1,1.47,275.91,1,27.3
2026-09-07T20:00,node/5118126453,Bar Bondia,,,,41.4342763,2.2160261,1,1.47,275.91,1,27.3
2026-09-07T20:00,node/5128075585,Monkey Factory,,,,41.3927261,2.1544614,0,1.47,275.91,1,27.3
2026-09-07T20:00,node/5137360822,El Jardí,,,,41.4475237,2.2469586,1,1.47,275.91,1,27.3
2026-09-07T20:00,node/5144745888,Bar La Imperial,,,,41.4372451,2.2200669,1,1.47,275.91,1,27.3
2026-09-07T20:00,node/5144745889,Gabi,,,,41.4372105,2.2199582,1,1.47,275.91,1,27.3
2026-09-07T20:00,node/5144745893,Bar India,,,,41.4420657,2.2284253,1,1.47,275.91,1,27.3
2026-09-07T20:00,node/5144745896,Mokka,,,,41.4371063,2.2201689,1,1.47,275.91,1,27.3
2026-09-07T20:00,node/5156690125,Loc,,,,41.4351636,2.2283155,1,1.47,275.91,1,27.3
2026-09-07T20:00,node/5160440326,Les Termes Bdn,,,,41.4520115,2.2476488,1,1.47,275.91,1,27.3
2026-09-07T20:00,node/5167185733,La Sucursal,,,,41.3806502,2.1611889,0,1.47,275.91,1,27.3
2026-09-07T20:00,node/5167569072,El Mercader de L'Eixample,,,,41.3923316,2.1603286,0,1.47,275.91,1,27.3
2026-09-07T20:00,node/5168232324,Colmado,,,,41.3819235,2.1744264,0,1.47,275.91,1,27.3
2026-09-07T20:00,node/5175039621,Green's,,,,41.3959672,2.1496553,0,1.47,275.91,1,27.3
2026-09-07T20:00,node/5176233727,Els Porxos,,,,41.4031581,2.1751611,0,1.47,275.91,1,27.3
2026-09-07T20:00,node/5182260830,Catafal,,,,41.4088089,2.1468574,0,1.47,275.91,1,27.3
2026-09-07T20:00,node/5190930121,Casa Ángel,,,,41.4070235,2.1818566,0,1.47,275.91,1,27.3
2026-09-07T20:00,node/5192085421,Esterri,,,,41.3812805,2.1618108,0,1.47,275.91,1,27.3
2026-09-07T20:00,node/5198200824,Copa d'Or,,,,41.3963876,2.1688461,0,1.47,275.91,1,27.3
2026-09-07T20:00,node/5198200829,Gyoza Bistró,,,,41.3940771,2.1723519,0,1.47,275.91,1,27.3
2026-09-07T20:00,node/5198201036,Nou Can Codina,,,,41.3989586,2.1608728,0,1.47,275.91,1,27.3
2026-09-07T20:00,node/5198201122,La Particcela,,,,41.3961328,2.1697679,0,1.47,275.91,1,27.3
2026-09-07T20:00,node/5198201124,Riko's Braseria - Restaurante,,,,41.3929731,2.1692667,0,1.47,275.91,1,27.3
2026-09-07T20:00,node/5199743028,seven7seven,,,,41.3898868,2.1622344,0,1.47,275.91,1,27.3
2026-09-07T20:00,node/5207046925,Sense Nom,,,,41.3843558,2.1622563,0,1.47,275.91,1,27.3
2026-09-07T20:00,node/5207067522,El Maravillas,,,,41.3868914,2.1323626,0,1.47,275.91,1,27.3
2026-09-07T20:00,node/5208223424,Bonastre,,,,41.3774986,2.1587463,0,1.47,275.91,1,27.3
2026-09-07T20:00,node/5212252535,Tariq,,,,41.4477214,2.2405051,1,1.47,275.91,1,27.3
2026-09-07T20:00,node/5218828496,Conecta,,,,41.4388265,2.2253266,1,1.47,275.91,1,27.3
2026-09-07T20:00,node/5218828499,Sweet dolç,,,,41.4385456,2.2254351,1,1.47,275.91,1,27.3
2026-09-07T20:00,node/5226505321,Bodega E. Marin,,,,41.4025586,2.1609645,0,1.47,275.91,1,27.3
2026-09-07T20:00,node/5228942946,La Pubilla,,,,41.3995748,2.1536674,0,1.47,275.91,1,27.3
2026-09-07T20:00,node/5237627856,Tasmango Dessert,,,,41.3909254,2.1784375,0,1.47,275.91,1,27.3
2026-09-07T20:00,node/5238186123,Lennox,,,,41.3834186,2.1829502,0,1.47,275.91,1,27.3
2026-09-07T20:00,node/5271863048,Rest. Alexandre,,,,41.4322501,2.1835476,0,1.47,275.91,1,27.3
2026-09-07T20:00,node/5286467104,Granja Monsul,,,,41.4437723,2.2239591,1,1.47,275.91,1,27.3
2026-09-07T20:00,node/5298404593,Próspero,,,,41.4382431,2.2237839,1,1.47,275.91,1,27.3
2026-09-07T20:00,node/5298404603,Bar Salamanca,,,,41.4388532,2.2246477,1,1.47,275.91,1,27.3
2026-09-07T20:00,node/5298405327,Bar Benuga,,,,41.4383471,2.2243229,1,1.47,275.91,1,27.3
2026-09-07T20:00,node/5298405384,Bar Rocío Los Cazadores,,,,41.4389682,2.2252641,1,1.47,275.91,1,27.3
2026-09-07T20:00,node/5299921764,Bar Crack,,,,41.4343466,2.2189911,1,1.47,275.91,1,27.3
2026-09-07T20:00,node/5299921811,Can Daura,,,,41.4358077,2.2218721,1,1.47,275.91,1,27.3
2026-09-07T20:00,node/5299922525,Bar La Imperial,,,,41.4354603,2.2205399,1,1.47,275.91,1,27.3
2026-09-07T20:00,node/5299922526,Bar Marta,,,,41.4349148,2.2200469,1,1.47,275.91,1,27.3
2026-09-07T20:00,node/5313632423,365,,,,41.3789307,2.1718613,0,1.47,275.91,1,27.3
2026-09-07T20:00,node/5327570662,Ancestral,,,,41.3977332,2.1656576,0,1.47,275.91,1,27.3
2026-09-07T20:00,node/5347967007,Bar Marín,,,,41.4474106,2.2217195,1,1.47,275.91,1,27.3
2026-09-07T20:00,node/5347967009,Bar La Cantonada,,,,41.4474812,2.2209325,1,1.47,275.91,1,27.3
2026-09-07T20:00,node/5363964402,El gran croissant,,,,41.4359355,2.2167366,1,1.47,275.91,1,27.3
2026-09-07T20:00,node/5395531687,Las Marismas,,,,41.3701297,2.1215161,1,1.47,275.91,1,27.3
2026-09-07T20:00,node/5407919537,El Yate,,,,41.4039787,2.1367463,0,1.47,275.91,1,27.3
2026-09-07T20:00,node/5417517130,Tou Kichi Rou,,,,41.3919953,2.1432267,0,1.47,275.91,1,27.3
2026-09-07T20:00,node/5418243448,La Pampa,,,,41.3793623,2.1879402,1,1.47,275.91,1,27.3
2026-09-07T20:00,node/5418243450,els maians,,,,41.3786757,2.1882219,1,1.47,275.91,1,27.3
2026-09-07T20:00,node/5418243451,no30,,,,41.3791653,2.1879988,1,1.47,275.91,1,27.3
2026-09-07T20:00,node/5418243452,Lolita,,,,41.3783615,2.1882936,1,1.47,275.91,1,27.3
2026-09-07T20:00,node/5418243454,Reina Margherita,,,,41.3792655,2.1879835,0,1.47,275.91,1,27.3
2026-09-07T20:00,node/5434314893,PolkaBarcelona,,,,41.3859057,2.1326565,0,1.47,275.91,1,27.3
2026-09-07T20:00,node/5485540627,Bar Placídia,,,,41.3999472,2.1524915,0,1.47,275.91,1,27.3
2026-09-07T20:00,node/5487473548,Cafè Mos,,,,41.4143487,2.1384116,0,1.47,275.91,1,27.3
2026-09-07T20:00,node/5498351755,365 Cafeteria Forn de Pa,,,,41.3747778,2.1626826,0,1.47,275.91,1,27.3
2026-09-07T20:00,node/5509139428,La Carmanyola,,,,41.4013829,2.2068942,0,1.47,275.91,1,27.3
2026-09-07T20:00,node/5536153362,Cafeteria La Dona,,,,41.4396715,2.2242727,1,1.47,275.91,1,27.3
2026-09-07T20:00,node/5564055763,Panda & Smile,,,,41.3842068,2.1585673,0,1.47,275.91,1,27.3
2026-09-07T20:00,node/5564064431,Atrapatapa,,,,41.3832362,2.1568636,0,1.47,275.91,1,27.3
2026-09-07T20:00,node/5595134220,Cervecería Amoretty's 3,,,,41.4412382,2.2200117,1,1.47,275.91,1,27.3
2026-09-07T20:00,node/5606506169,Sincopa,,,,41.3803881,2.1789886,0,1.47,275.91,1,27.3
2026-09-07T20:00,node/5611733921,Buenas Migas,,,,41.4024253,2.1743326,0,1.47,275.91,1,27.3
2026-09-07T20:00,node/5617465886,Amateur,,,,41.3967536,2.1962847,0,1.47,275.91,1,27.3
2026-09-07T20:00,node/5646412432,Made in Sicily,,,,41.4483394,2.2490191,1,1.47,275.91,1,27.3
2026-09-07T20:00,node/5646415922,La Bella Istambul,,,,41.4479233,2.2494906,1,1.47,275.91,1,27.3
2026-09-07T20:00,node/5658288082,Can Teixidó,,,,41.4491148,2.2483189,1,1.47,275.91,1,27.3
2026-09-07T20:00,node/5663240986,Cafè Escac,,,,41.3837378,2.1695562,0,1.47,275.91,1,27.3
2026-09-07T20:00,node/5676005621,CACHO,,,,41.3931048,2.1910878,0,1.47,275.91,1,27.3
2026-09-07T20:00,node/5718757792,360°,,,,41.3790957,2.1696433,0,1.47,275.91,1,27.3
2026-09-07T20:00,node/5793057257,Bar Granja el Chiquitín,,,,41.4398176,2.2263171,1,1.47,275.91,1,27.3
2026-09-07T20:00,node/5796742218,The Clock,,,,41.3754168,2.1482785,0,1.47,275.91,1,27.3
2026-09-07T20:00,node/5805410453,Morrow Coffee,,,,41.3771392,2.1513283,0,1.47,275.91,1,27.3
2026-09-07T20:00,node/5806521955,Paisano Bistró,,,,41.4048549,2.1759323,0,1.47,275.91,1,27.3
2026-09-07T20:00,node/5856758686,El racó de les tapes,,,,41.4357708,2.1910224,0,1.47,275.91,1,27.3
2026-09-07T20:00,node/5878496985,UDON,,,,41.4051569,2.1921906,0,1.47,275.91,1,27.3
2026-09-07T20:00,node/5916157285,Bar Castells,,,,41.3841472,2.1698121,0,1.47,275.91,1,27.3
2026-09-07T20:00,node/5923867889,,,,,41.4406062,2.2451514,1,1.47,275.91,1,27.3
2026-09-07T20:00,node/5930228787,Mi casa,,,,41.3993608,2.1535771,0,1.47,275.91,1,27.3
2026-09-07T20:00,node/5933808740,Kserol,,,,41.3986236,2.1753141,0,1.47,275.91,1,27.3
2026-09-07T20:00,node/5944781772,Restaurante Burning Rock&Food,,,,41.3746837,2.1311612,0,1.47,275.91,1,27.3
2026-09-07T20:00,node/5951964888,el Fornet,,,,41.3882003,2.1723419,0,1.47,275.91,1,27.3
2026-09-07T20:00,node/5972440521,Feroz,,,,41.3965882,2.1508404,0,1.47,275.91,1,27.3
2026-09-07T20:00,node/5980982393,Pepa Tomate,,,,41.3767661,2.1627826,0,1.47,275.91,1,27.3
2026-09-07T20:00,node/6000108088,La Neura,,,,41.4002093,2.1660134,0,1.47,275.91,1,27.3
2026-09-07T20:00,node/6009236381,Mesón Balouta,,,,41.4384121,2.1649296,0,1.47,275.91,1,27.3
2026-09-07T20:00,node/6010958538,Bar Avenida,,,,41.4371962,2.2238498,1,1.47,275.91,1,27.3
2026-09-07T20:00,node/6010958540,Bar Trébol BCN,,,,41.4352675,2.2193633,1,1.47,275.91,1,27.3
2026-09-07T20:00,node/6027971388,Novell,,,,41.4070495,2.1667319,0,1.47,275.91,1,27.3
2026-09-07T20:00,node/6038827086,Honest Greens,,,,41.3986972,2.1569862,0,1.47,275.91,1,27.3
2026-09-07T20:00,node/6066258257,Bar Roma Sports,,,,41.4449369,2.2223513,1,1.47,275.91,1,27.3
2026-09-07T20:00,node/6089625321,Vivari,,,,41.3973187,2.1676233,0,1.47,275.91,1,27.3
2026-09-07T20:00,node/6093865396,The FRESH POKE,,,,41.3975268,2.1644457,0,1.47,275.91,1,27.3
2026-09-07T20:00,node/6093944886,Nicasso,,,,41.4072456,2.1873211,0,1.47,275.91,1,27.3
2026-09-07T20:00,node/6096656135,Yoi Yoi Gion,,,,41.3965593,2.1606187,0,1.47,275.91,1,27.3
2026-09-07T20:00,node/6104559348,Belles Arts II,,,,41.3872827,2.1361782,0,1.47,275.91,1,27.3
2026-09-07T20:00,node/6104561002,Toyodo,,,,41.3866914,2.1375355,0,1.47,275.91,1,27.3
2026-09-07T20:00,node/6106764321,Il Caffe di Francesco,,,,41.3930707,2.1642758,0,1.47,275.91,1,27.3
2026-09-07T20:00,node/6109526596,El Cuiner de Damasc,,,,41.3814196,2.1776754,0,1.47,275.91,1,27.3
2026-09-07T20:00,node/6110978486,Bonaparte,,,,41.4775805,2.0724847,1,1.47,275.91,1,27.3
2026-09-07T20:00,node/6123253862,Bar Granja Oasis,,,,41.3505068,2.1127043,1,1.47,275.91,1,27.3
2026-09-07T20:00,node/6126749461,Cantero,,,,41.3942111,2.1902433,0,1.47,275.91,1,27.3
2026-09-07T20:00,node/6164234382,Poké Sí,,,,41.4052321,2.1924708,0,1.47,275.91,1,27.3
2026-09-07T20:00,node/6164236104,Palo Verde,,,,41.4047343,2.1968042,0,1.47,275.91,1,27.3
2026-09-07T20:00,node/6166398253,Panet,,,,41.3861845,2.1430687,0,1.47,275.91,1,27.3
2026-09-07T20:00,node/6182404055,Kasa,,,,41.3861348,2.1656868,0,1.47,275.91,1,27.3
2026-09-07T20:00,node/6188914880,Bella Venezia,,,,41.3965502,2.1644865,0,1.47,275.91,1,27.3
2026-09-07T20:00,node/6188922858,Arc iris,,,,41.3998386,2.1715382,0,1.47,275.91,1,27.3
2026-09-07T20:00,node/6193461695,Sun Market,,,,41.3928465,2.1569854,0,1.47,275.91,1,27.3
2026-09-07T20:00,node/6193479448,Akashi Sushi Bar,,,,41.3923045,2.1558108,0,1.47,275.91,1,27.3
2026-09-07T20:00,node/6200571548,La Svolta,,,,41.4061025,2.1515184,0,1.47,275.91,1,27.3
2026-09-07T20:00,node/6202321417,La Tapeta del Coll,,,,41.4179646,2.1467035,0,1.47,275.91,1,27.3
2026-09-07T20:00,node/6204104907,La Papa,,,,41.3898088,2.1577366,0,1.47,275.91,1,27.3
2026-09-07T20:00,node/6216083704,La Coma,,,,41.3401472,2.1265697,0,1.47,275.91,1,27.3
2026-09-07T20:00,node/6216218158,la Zona,,,,41.3460291,2.1439158,0,1.47,275.91,1,27.3
2026-09-07T20:00,node/6216756977,Estrella de Istanbul,,,,41.4098375,2.1751296,0,1.47,275.91,1,27.3
2026-09-07T20:00,node/6230395442,Akelarre,,,,41.3892275,2.1373726,0,1.47,275.91,1,27.3
2026-09-07T20:00,node/6230407068,Starbucks,,,,41.3951351,2.1581903,0,1.47,275.91,1,27.3
2026-09-07T20:00,node/6232752417,El Taller,,,,41.3587511,2.1404908,0,1.47,275.91,1,27.3
2026-09-07T20:00,node/6237797177,Luri,,,,41.3977931,2.1514901,0,1.47,275.91,1,27.3
2026-09-07T20:00,node/6246525924,in blue,,,,41.3877036,2.1368756,0,1.47,275.91,1,27.3
2026-09-07T20:00,node/6250219942,Al sur,,,,41.3941572,2.1586822,0,1.47,275.91,1,27.3
2026-09-07T20:00,node/6258570565,Dino Pan,,,,41.3824376,2.1318622,0,1.47,275.91,1,27.3
2026-09-07T20:00,node/6258570699,Don Sándwich,,,,41.3820321,2.1315862,0,1.47,275.91,1,27.3
2026-09-07T20:00,node/6258715958,La Lluna de Gavà,,,,41.3672801,2.1403759,0,1.47,275.91,1,27.3
2026-09-07T20:00,node/6258718433,La Toscana,,,,41.3805625,2.1323335,0,1.47,275.91,1,27.3
2026-09-07T20:00,node/6258718652,Cafeteria Melody Bar,,,,41.3779464,2.1338934,0,1.47,275.91,1,27.3
2026-09-07T20:00,node/6258719247,Bar Florida,,,,41.3592896,2.1399844,0,1.47,275.91,1,27.3
2026-09-07T20:00,node/6260784864,La Cabaña,,,,41.3699161,2.1341331,0,1.47,275.91,1,27.3
2026-09-07T20:00,node/6260786193,Goiko Grill,,,,41.3656448,2.1357604,0,1.47,275.91,1,27.3
2026-09-07T20:00,node/6264834185,König,,,,41.3862163,2.1827612,0,1.47,275.91,1,27.3
2026-09-07T20:00,node/6298115913,N.A.P.,,,,41.3774834,2.1900137,0,1.47,275.91,1,27.3
2026-09-07T20:00,node/6316025985,L'Esclop,,,,41.3768262,2.1577412,0,1.47,275.91,1,27.3
2026-09-07T20:00,node/6330973943,Don Kilo,,,,41.3998564,2.1639573,0,1.47,275.91,1,27.3
2026-09-07T20:00,node/6333708759,SandwiChez,,,,41.3941488,2.1694356,0,1.47,275.91,1,27.3
2026-09-07T20:00,node/6334053687,Cafè Yafa,,,,41.3997495,2.1643963,0,1.47,275.91,1,27.3
2026-09-07T20:00,node/6334053692,La Mananta,,,,41.3994169,2.1648424,0,1.47,275.91,1,27.3
2026-09-07T20:00,node/6339732807,La Soca 2,,,,41.3912352,2.1594135,0,1.47,275.91,1,27.3
2026-09-07T20:00,node/6339732809,Creps Barcelona,,,,41.3905618,2.1590619,0,1.47,275.91,1,27.3
2026-09-07T20:00,node/6357834156,Les gens que j'aime bar,,,,41.3936947,2.1648505,0,1.47,275.91,1,27.3
2026-09-07T20:00,node/6381462875,Comarca Cuina L’Hocal,,,,41.3609203,2.1295937,1,1.47,275.91,1,27.3
2026-09-07T20:00,node/6424929026,Cafeteria Samy's,,,,41.3637433,2.1369241,0,1.47,275.91,1,27.3
2026-09-07T20:00,node/6424929700,Sakuraya,,,,41.3653001,2.1307952,1,1.47,275.91,1,27.3
2026-09-07T20:00,node/6431480513,Restaurant Bodega de Tapas,,,,41.3772493,2.1371156,0,1.47,275.91,1,27.3
2026-09-07T20:00,node/6431508292,Bodega Salvat,,,,41.3711848,2.1345217,0,1.47,275.91,1,27.3
2026-09-07T20:00,node/6431508293,Jaqueline's,,,,41.3682256,2.1345214,0,1.47,275.91,1,27.3
2026-09-07T20:00,node/6431508485,Japonia Café,,,,41.3806518,2.1387176,0,1.47,275.91,1,27.3
2026-09-07T20:00,node/6431508488,La Bodegueta de Sants,,,,41.3710695,2.1344235,0,1.47,275.91,1,27.3
2026-09-07T20:00,node/6431512182,Bar Montevideo,,,,41.3693939,2.1342386,0,1.47,275.91,1,27.3
2026-09-07T20:00,node/6431558869,Bar Alegría,,,,41.3629394,2.1373301,0,1.47,275.91,1,27.3
2026-09-07T20:00,node/6431559030,Bar El Faro,,,,41.3628529,2.1373795,0,1.47,275.91,1,27.3
2026-09-07T20:00,node/6433259684,Entre Copas,,,,41.3621672,2.0761548,1,1.47,275.91,1,27.3
2026-09-07T20:00,node/6438381289,Vera Café,,,,41.3883674,2.1779512,0,1.47,275.91,1,27.3
2026-09-07T20:00,node/6441451785,Líder de Istanbul,,,,41.3752687,2.1338088,0,1.47,275.91,1,27.3
2026-09-07T20:00,node/6445233216,Gyoza Bar,,,,41.3931059,2.1798949,0,1.47,275.91,1,27.3
2026-09-07T20:00,node/6450380989,Bar But,,,,41.3979648,2.1593688,0,1.47,275.91,1,27.3
2026-09-07T20:00,node/6450381086,La Porxada,,,,41.4030026,2.1637245,0,1.47,275.91,1,27.3
2026-09-07T20:00,node/6462934229,Concordia,,,,41.3864201,2.1321758,0,1.47,275.91,1,27.3
2026-09-07T20:00,node/6475037976,L'Oasi a Consell,,,,41.3830142,2.1547507,0,1.47,275.91,1,27.3
2026-09-07T20:00,node/6477273844,Fandango,,,,41.3982346,2.1423415,0,1.47,275.91,1,27.3
2026-09-07T20:00,node/6506313588,Antigua,,,,41.3980086,2.1492952,0,1.47,275.91,1,27.3
2026-09-07T20:00,node/6507308246,L'Antica Pizzeria Da Michele,,,,41.3928154,2.1682858,0,1.47,275.91,1,27.3
2026-09-07T20:00,node/6532206187,Yü Sushi,,,,41.4032734,2.2032208,0,1.47,275.91,1,27.3
2026-09-07T20:00,node/6532330793,La Xemeneia,,,,41.4016359,2.2048002,0,1.47,275.91,1,27.3
2026-09-07T20:00,node/6535101686,Alma Loca,,,,41.3992845,2.1970974,0,1.47,275.91,1,27.3
2026-09-07T20:00,node/6538194375,Mr. White,,,,41.3761815,2.1601126,0,1.47,275.91,1,27.3
2026-09-07T20:00,node/6568369188,Elpilar,,,,41.4000903,2.1489875,0,1.47,275.91,1,27.3
2026-09-07T20:00,node/6597321587,Welcome,,,,41.4065151,2.1509474,0,1.47,275.91,1,27.3
2026-09-07T20:00,node/6600189447,café bar juli-mac,,,,41.3782625,2.1239845,0,1.47,275.91,1,27.3
2026-09-07T20:00,node/6642989000,El Pa Sencer,,,,41.3835483,2.1341796,0,1.47,275.91,1,27.3
2026-09-07T20:00,node/6642989001,Ateneu Popular de les Corts,,,,41.3826968,2.1329407,0,1.47,275.91,1,27.3
2026-09-07T20:00,node/6680396487,La prorroga,,,,41.4032976,2.1567512,0,1.47,275.91,1,27.3
2026-09-07T20:00,node/6680687871,La Mar Salada,,,,41.3768035,2.1888904,1,1.47,275.91,1,27.3
2026-09-07T20:00,node/6681709948,Kiltro Gràcia,,,,41.4018317,2.1544539,0,1.47,275.91,1,27.3
2026-09-07T20:00,node/6710510485,Catedral 1951,,,,41.3849142,2.1757337,0,1.47,275.91,1,27.3
2026-09-07T20:00,node/6750944404,Brasaña,,,,41.3605721,2.1345777,1,1.47,275.91,1,27.3
2026-09-07T20:00,node/6757307686,Kitsu,,,,41.4017918,2.1543486,0,1.47,275.91,1,27.3
2026-09-07T20:00,node/6757314489,LomoAlto,,,,41.3936053,2.1663935,0,1.47,275.91,1,27.3
2026-09-07T20:00,node/6766273102,inti & chaska,,,,41.3886755,2.1599487,0,1.47,275.91,1,27.3
2026-09-07T20:00,node/6771863086,Montseny,,,,41.4070642,2.1804416,0,1.47,275.91,1,27.3
2026-09-07T20:00,node/6775495571,El Petit,,,,41.3298893,2.0988681,1,1.47,275.91,1,27.3
2026-09-07T20:00,node/6782427526,Híbrid Cafè Restaurant,,,,41.3771219,2.1203336,0,1.47,275.91,1,27.3
2026-09-07T20:00,node/6786006588,365,,,,41.3820297,2.1697221,0,1.47,275.91,1,27.3
2026-09-07T20:00,node/6790695789,El Rincón de la Abuela Venezolana,,,,41.4058359,2.1788147,0,1.47,275.91,1,27.3
2026-09-07T20:00,node/6805613085,Bar la Cabaña,,,,41.4071784,2.1778546,0,1.47,275.91,1,27.3
2026-09-07T20:00,node/6812099686,La Xurreria de Maria,,,,41.4050102,2.1750002,0,1.47,275.91,1,27.3
2026-09-07T20:00,node/6821384885,Blu Bar,,,,41.3983358,2.2045648,0,1.47,275.91,1,27.3
2026-09-07T20:00,node/6835358009,Murivecci,,,,41.3874075,2.1828282,0,1.47,275.91,1,27.3
2026-09-07T20:00,node/6852974547,Garrido,,,,41.3603039,2.1401381,0,1.47,275.91,1,27.3
2026-09-07T20:00,node/6852994516,La Patatona,,,,41.3604651,2.1400108,0,1.47,275.91,1,27.3
2026-09-07T20:00,node/6855027201,Bar Sandwicheria Enka 3,,,,41.3758876,2.1221107,1,1.47,275.91,1,27.3
2026-09-07T20:00,node/6871523347,Cafe Punto 10,,,,41.3805947,2.1364501,0,1.47,275.91,1,27.3
2026-09-07T20:00,node/6914132390,El Nou Ramonet,,,,41.3817315,2.1876268,0,1.47,275.91,1,27.3
2026-09-07T20:00,node/6946328085,Cremat 11,,,,41.3855109,2.1810205,0,1.47,275.91,1,27.3
2026-09-07T20:00,node/6973926711,Syra Coffee,,,,41.3965047,2.1941864,0,1.47,275.91,1,27.3
2026-09-07T20:00,node/6983227455,SNOOKER - Cocteles y Billarea,,,,41.3921561,2.1703663,0,1.47,275.91,1,27.3
2026-09-07T20:00,node/7002869606,Chebú,,,,41.3791162,2.1515085,0,1.47,275.91,1,27.3
2026-09-07T20:00,node/7003296923,Triple Sec,,,,41.3747448,2.1609868,0,1.47,275.91,1,27.3
2026-09-07T20:00,node/7004598841,Orange Coffee,,,,41.4052864,2.1712189,0,1.47,275.91,1,27.3
2026-09-07T20:00,node/7014308129,Bar Bodega Lentejil,,,,41.4429922,2.2175094,1,1.47,275.91,1,27.3
2026-09-07T20:00,node/7017780931,Yoüme,,,,41.3835882,2.1541892,0,1.47,275.91,1,27.3
2026-09-07T20:00,node/7098025886,El Club del Café,,,,41.4340729,2.1892624,0,1.47,275.91,1,27.3
2026-09-07T20:00,node/7124857728,Cabo,,,,41.3964797,2.1851438,0,1.47,275.91,1,27.3
2026-09-07T20:00,node/7132160620,Santagloria,,,,41.3863926,2.1243567,0,1.47,275.91,1,27.3
2026-09-07T20:00,node/7141587085,La Cereria,,,,41.3815426,2.1767152,0,1.47,275.91,1,27.3
2026-09-07T20:00,node/7150994121,Vivari,,,,41.3998419,2.1775677,0,1.47,275.91,1,27.3
2026-09-07T20:00,node/7234692489,Van van var,,,,41.3942304,2.1901096,0,1.47,275.91,1,27.3
2026-09-07T20:00,node/7318977151,,,,,41.3711664,2.1434617,0,1.47,275.91,1,27.3
2026-09-07T20:00,node/7318977155,Bar Joaquim,,,,41.3704145,2.1424922,0,1.47,275.91,1,27.3
2026-09-07T20:00,node/7318977156,Vivari,,,,41.3686165,2.1410874,0,1.47,275.91,1,27.3
2026-09-07T20:00,node/7431790448,Santagloria,,,,41.3896086,2.1200086,0,1.47,275.91,1,27.3
2026-09-07T20:00,node/7438491414,,,,,41.3733479,2.1301506,0,1.47,275.91,1,27.3
2026-09-07T20:00,node/7504941029,Iberic Fusión Platja,,,,41.4380577,2.2431806,1,1.47,275.91,1,27.3
2026-09-07T20:00,node/7504941031,l'Altre Can Mario's,,,,41.4405591,2.2418866,1,1.47,275.91,1,27.3
2026-09-07T20:00,node/7504941033,L'Esmolet,,,,41.4432993,2.2460741,1,1.47,275.91,1,27.3
2026-09-07T20:00,node/7504941035,la Masia de la Xesca,,,,41.4452013,2.2417838,1,1.47,275.91,1,27.3
2026-09-07T20:00,node/7556742593,Menjador del Centre,,,,41.4009756,2.2000272,0,1.47,275.91,1,27.3
2026-09-07T20:00,node/7563962192,Passeig9,,,,41.4014488,2.2009478,0,1.47,275.91,1,27.3
2026-09-07T20:00,node/7600529740,Restaurante La Flama,,,,41.3514861,2.1114722,1,1.47,275.91,1,27.3
2026-09-07T20:00,node/7618205068,El Pellizquito,,,,41.3501292,2.1105817,1,1.47,275.91,1,27.3
2026-09-07T20:00,node/7640514041,Bar Plaça Carles Buïgas,,,,41.3711833,2.1510204,0,1.47,275.91,1,27.3
2026-09-07T20:00,node/7644933199,Almirall,,,,41.4100171,2.1883052,0,1.47,275.91,1,27.3
2026-09-07T20:00,node/7704818539,Bar Granja Rocxi,,,,41.3744206,2.1339573,0,1.47,275.91,1,27.3
2026-09-07T20:00,node/7704818548,Cafès Caracas,,,,41.3748038,2.1328052,0,1.47,275.91,1,27.3
2026-09-07T20:00,node/7706832792,Cru Sants,,,,41.3721342,2.1286919,0,1.47,275.91,1,27.3
2026-09-07T20:00,node/7736420790,Mamma Italia,,,,41.3764642,2.1234304,0,1.47,275.91,1,27.3
2026-09-07T20:00,node/7772770550,Eqvilibrivm Café,,,,41.3973065,2.1697662,0,1.47,275.91,1,27.3
2026-09-07T20:00,node/7838098454,El Caserón,,,,41.3838275,2.1398498,0,1.47,275.91,1,27.3
2026-09-07T20:00,node/7925586104,Delicream,,,,41.4572921,2.2290688,1,1.47,275.91,1,27.3
2026-09-07T20:00,node/7989010587,Castañeiras,,,,41.4100358,2.1760296,0,1.47,275.91,1,27.3
2026-09-07T20:00,node/7999604058,Lilo brunch,,,,41.3873718,2.1627034,0,1.47,275.91,1,27.3
2026-09-07T20:00,node/7999616840,Bellillo,,,,41.3879362,2.1620483,0,1.47,275.91,1,27.3
2026-09-07T20:00,node/8034999886,Costa Dorada,,,,41.3980284,2.1986941,0,1.47,275.91,1,27.3
2026-09-07T20:00,node/8046554489,Sport,,,,41.4001224,2.2000188,0,1.47,275.91,1,27.3
2026-09-07T20:00,node/8049731595,Echegaray,,,,41.4018684,2.2023424,0,1.47,275.91,1,27.3
2026-09-07T20:00,node/8049732292,Doroteo,,,,41.4029636,2.2006718,0,1.47,275.91,1,27.3
2026-09-07T20:00,node/8064873985,Saramar,,,,41.3957712,2.1953013,0,1.47,275.91,1,27.3
2026-09-07T20:00,node/8077128420,Tío Bigotes,,,,41.4013922,2.2028846,0,1.47,275.91,1,27.3
2026-09-07T20:00,manual/488492e9,Bar Viejo Cafe,Bar,yes,"Carrer de la Independència, 306, Sant Martí, 08026 Barcelona",41.4116,2.1794,0,1.47,275.91,1,27.3
2026-09-07T20:00,manual/c52f6190,New 88 Bar-Cafeteria,bar,yes,,41.4094505,2.1789589,0,1.47,275.91,1,27.3
2026-09-07T20:00,manual/5d2ea7ea,Restaurant Papá Nico,bar,yes,,41.4094505,2.1789589,0,1.47,275.91,1,27.3
2026-09-07T20:00,manual/c980e39e,Restaurant El Clot,restaurant,yes,,41.4087697,2.1875592,0,1.47,275.91,1,27.3
