hour,venue_id,venue_name,amenity_type,terrace_status,address,latitude,longitude,is_sunny,sun_elevation,sun_azimuth,cloud_cover,temperature_c
2026-09-16T08:00,relation/18317100,,,,,41.42,2.1188352,1,3.93,91.05,0,20.4
2026-09-16T08:00,node/208984374,Central Rambla,,,,41.3782716,2.1761732,0,3.93,91.05,0,20.4
2026-09-16T08:00,way/217583616,Can Fisher,,,,41.3946034,2.2062292,1,3.93,91.05,0,20.4
2026-09-16T08:00,way/245214117,la Caseta del Migdia,,,,41.3596833,2.1607145,1,3.93,91.05,0,20.4
2026-09-16T08:00,way/246717741,Mirablau,,,,41.4160323,2.1319129,0,3.93,91.05,0,20.4
2026-09-16T08:00,way/249404809,PURO,,,,41.3911248,2.1461635,0,3.93,91.05,0,20.4
2026-09-16T08:00,way/268912897,Can Cortada,,,,41.4362503,2.1524833,0,3.93,91.05,0,20.4
2026-09-16T08:00,way/315387188,Temple del Metall,,,,41.4741706,2.1662317,1,3.93,91.05,0,20.4
2026-09-16T08:00,way/392926648,Pacha,,,,41.3857491,2.1970415,1,3.93,91.05,0,20.4
2026-09-16T08:00,way/412702054,Camping,,,,41.3953192,2.2042386,1,3.93,91.05,0,20.4
2026-09-16T08:00,way/443599336,Asador Casa Juaco,,,,41.4476663,2.1426909,1,3.93,91.05,0,20.4
2026-09-16T08:00,way/446002194,La Base by Farré,,,,41.3967358,2.2101884,1,3.93,91.05,0,20.4
2026-09-16T08:00,node/476327681,Can Paixano,,,,41.3817618,2.1834151,0,3.93,91.05,0,20.4
2026-09-16T08:00,node/506202703,Bar Almogávares,,,,41.3962323,2.1890864,0,3.93,91.05,0,20.4
2026-09-16T08:00,way/519771543,Restaurant Can Cases,,,,41.4343885,2.0985276,1,3.93,91.05,0,20.4
2026-09-16T08:00,node/534367691,Sant Bartomeu,,,,41.3755248,2.1346488,0,3.93,91.05,0,20.4
2026-09-16T08:00,node/643022131,Euro Bar-Tapas,,,,41.4342324,2.2161197,1,3.93,91.05,0,20.4
2026-09-16T08:00,node/643429648,Joan Figuera,,,,41.4336545,2.2169391,1,3.93,91.05,0,20.4
2026-09-16T08:00,node/643496696,El rincón de Willy,,,,41.4380246,2.2180623,1,3.93,91.05,0,20.4
2026-09-16T08:00,node/643496704,Bar Somni d'estiu,,,,41.4382361,2.2166687,1,3.93,91.05,0,20.4
2026-09-16T08:00,way/655221168,L'Ovella Negra Marina,,,,41.3960196,2.1901331,0,3.93,91.05,0,20.4
2026-09-16T08:00,node/660004524,Bocatapa Can Manel,,,,41.4413833,2.2212875,1,3.93,91.05,0,20.4
2026-09-16T08:00,node/672140180,Kasparo,,,,41.3844847,2.1690087,0,3.93,91.05,0,20.4
2026-09-16T08:00,node/704031158,Café Zurich,,,,41.3858504,2.1694606,0,3.93,91.05,0,20.4
2026-09-16T08:00,node/704042058,Starbucks,,,,41.3888305,2.1719117,0,3.93,91.05,0,20.4
2026-09-16T08:00,node/704058886,Tapa Tapa,,,,41.3916926,2.1660167,0,3.93,91.05,0,20.4
2026-09-16T08:00,node/704060428,Oassis Natural Cooking,,,,41.3901637,2.1678915,0,3.93,91.05,0,20.4
2026-09-16T08:00,node/704066257,Ciutat Comtal,,,,41.3888272,2.1668833,0,3.93,91.05,0,20.4
2026-09-16T08:00,node/704066614,Taller de Tapas,,,,41.3905645,2.1639038,0,3.93,91.05,0,20.4
2026-09-16T08:00,way/707305723,Bar Frankfurt Cafeteria Fabregada,,,,41.3561748,2.1108239,1,3.93,91.05,0,20.4
2026-09-16T08:00,node/745947750,Bar Geminis,,,,41.3976224,2.1807778,0,3.93,91.05,0,20.4
2026-09-16T08:00,node/765796519,La Cafetera,,,,41.4049767,2.1575215,0,3.93,91.05,0,20.4
2026-09-16T08:00,node/814006271,Les 15 Nits Bar,,,,41.3804529,2.1749778,0,3.93,91.05,0,20.4
2026-09-16T08:00,node/819552792,Bracafe,,,,41.3944249,2.1675209,0,3.93,91.05,0,20.4
2026-09-16T08:00,node/824476551,Caleuche,,,,41.3761526,2.1686172,0,3.93,91.05,0,20.4
2026-09-16T08:00,node/830462039,Bar Restaurant Angela,,,,41.4043015,2.1949428,0,3.93,91.05,0,20.4
2026-09-16T08:00,way/907005766,Chevy's Bar,,,,41.4143731,2.2289499,1,3.93,91.05,0,20.4
2026-09-16T08:00,way/969257968,,,,,41.3793991,2.1073385,1,3.93,91.05,0,20.4
2026-09-16T08:00,way/1063378975,Bar Restaurant Oliver,,,,41.3469215,2.1546999,0,3.93,91.05,0,20.4
2026-09-16T08:00,node/1072798261,Taverna del Bisbe,,,,41.3849254,2.1766628,0,3.93,91.05,0,20.4
2026-09-16T08:00,node/1072800838,El Cafè D'en Victor,,,,41.3847931,2.1767008,0,3.93,91.05,0,20.4
2026-09-16T08:00,node/1083144027,Los Caracoles,,,,41.3796584,2.1765082,0,3.93,91.05,0,20.4
2026-09-16T08:00,node/1092685793,Elche,,,,41.3739754,2.1691488,0,3.93,91.05,0,20.4
2026-09-16T08:00,way/1112240803,ForumStation,,,,41.4096655,2.2221501,0,3.93,91.05,0,20.4
2026-09-16T08:00,node/1177498341,Casa Vall,,,,41.4074238,2.1585521,0,3.93,91.05,0,20.4
2026-09-16T08:00,node/1192698924,Bilbao Berria,,,,41.3841976,2.1748665,0,3.93,91.05,0,20.4
2026-09-16T08:00,node/1192699873,Tapas 24,,,,41.3908686,2.1674705,0,3.93,91.05,0,20.4
2026-09-16T08:00,way/1200964257,Chiringuito Joan Miro,,,,41.3789977,2.1478116,0,3.93,91.05,0,20.4
2026-09-16T08:00,node/1264182304,Tosca del Carme,,,,41.3819482,2.1695795,0,3.93,91.05,0,20.4
2026-09-16T08:00,node/1280416455,Carballeira,,,,41.4442679,2.2217701,1,3.93,91.05,0,20.4
2026-09-16T08:00,way/1300745688,La Casona de Sant Just,,,,41.3833348,2.0735139,1,3.93,91.05,0,20.4
2026-09-16T08:00,node/1310450869,El Filete Ruso,,,,41.3925451,2.1558968,0,3.93,91.05,0,20.4
2026-09-16T08:00,node/1312325106,La Palmera,,,,41.4144229,2.1385123,0,3.93,91.05,0,20.4
2026-09-16T08:00,node/1314943380,Mescladís del Pou,,,,41.3870865,2.1803497,0,3.93,91.05,0,20.4
2026-09-16T08:00,node/1335697982,,,,,41.3608771,2.1101417,1,3.93,91.05,0,20.4
2026-09-16T08:00,way/1368167814,Natura Beach. El Chiringuito,,,,41.4028929,2.2157443,1,3.93,91.05,0,20.4
2026-09-16T08:00,node/1420760625,Tapeo,,,,41.4044988,2.1554811,0,3.93,91.05,0,20.4
2026-09-16T08:00,node/1420760630,Diamant,,,,41.4042174,2.1555899,0,3.93,91.05,0,20.4
2026-09-16T08:00,node/1428867664,Café Berlin,,,,41.3943566,2.1494599,0,3.93,91.05,0,20.4
2026-09-16T08:00,node/1430537485,Oasis Restaurant,,,,41.3827219,2.1847191,0,3.93,91.05,0,20.4
2026-09-16T08:00,node/1445598557,Bracafe,,,,41.3948025,2.1817533,1,3.93,91.05,0,20.4
2026-09-16T08:00,node/1554649942,Torrades,,,,41.4375721,2.1566095,0,3.93,91.05,0,20.4
2026-09-16T08:00,node/1554649988,La Panera,,,,41.4374756,2.1563359,0,3.93,91.05,0,20.4
2026-09-16T08:00,node/1658425572,Rebeka,,,,41.3967185,2.1890325,0,3.93,91.05,0,20.4
2026-09-16T08:00,node/1685949861,Cerveceria Milenium 2,,,,41.3534566,2.0866307,1,3.93,91.05,0,20.4
2026-09-16T08:00,node/1711342192,Calero's Centre,,,,41.3744728,2.1349721,0,3.93,91.05,0,20.4
2026-09-16T08:00,node/1722136431,Cervecería Catalana,,,,41.3924032,2.1609008,0,3.93,91.05,0,20.4
2026-09-16T08:00,node/1739122591,La Tagliatella,,,,41.3943371,2.1521208,0,3.93,91.05,0,20.4
2026-09-16T08:00,node/1813593370,Bar Capricornio,,,,41.4381257,2.2179547,1,3.93,91.05,0,20.4
2026-09-16T08:00,node/1820633320,CASA TEVA,,,,41.3752815,2.1166845,1,3.93,91.05,0,20.4
2026-09-16T08:00,node/1824133931,Carmesí,,,,41.3737373,2.1644452,0,3.93,91.05,0,20.4
2026-09-16T08:00,node/1948986220,Cafeteria UPF Jaume I,,,,41.3900298,2.1901118,0,3.93,91.05,0,20.4
2026-09-16T08:00,node/1948987514,Cafeteria UPF Roger de Lluria,,,,41.3886776,2.1915119,0,3.93,91.05,0,20.4
2026-09-16T08:00,node/1951812612,Casa Pagès,,,,41.3998447,2.1613114,0,3.93,91.05,0,20.4
2026-09-16T08:00,node/1960366982,Casa Amalia,,,,41.3962525,2.1685646,0,3.93,91.05,0,20.4
2026-09-16T08:00,node/1984001407,Bar de la FIB,,,,41.3894239,2.1132363,0,3.93,91.05,0,20.4
2026-09-16T08:00,node/2034780565,Cerbeseria Lesseps,,,,41.4073551,2.1514486,0,3.93,91.05,0,20.4
2026-09-16T08:00,node/2034780569,L'Brasseria,,,,41.4067629,2.1516314,0,3.93,91.05,0,20.4
2026-09-16T08:00,node/2056517879,Caelum,,,,41.3830524,2.1744369,0,3.93,91.05,0,20.4
2026-09-16T08:00,node/2065469522,Restaurant Pipa,,,,41.3997461,2.2003004,0,3.93,91.05,0,20.4
2026-09-16T08:00,node/2087204991,La Sanguchería,,,,41.3954987,2.1484037,0,3.93,91.05,0,20.4
2026-09-16T08:00,node/2091604731,Tapa Tapa,,,,41.3762094,2.1500463,0,3.93,91.05,0,20.4
2026-09-16T08:00,node/2112843062,El Vaixell-2,,,,41.4541291,2.2350201,1,3.93,91.05,0,20.4
2026-09-16T08:00,node/2165154147,Asador de Lugo,,,,41.3797623,2.1376748,0,3.93,91.05,0,20.4
2026-09-16T08:00,node/2184580476,Bar del Pi,,,,41.3824922,2.1739624,0,3.93,91.05,0,20.4
2026-09-16T08:00,node/2187210264,Sopa,,,,41.4023416,2.1952788,0,3.93,91.05,0,20.4
2026-09-16T08:00,node/2197824500,Tierra del fuego,,,,41.4016702,2.2016399,0,3.93,91.05,0,20.4
2026-09-16T08:00,node/2213839299,Pollo Rico,,,,41.3791045,2.1721976,0,3.93,91.05,0,20.4
2026-09-16T08:00,node/2364075421,Chen-Ji,,,,41.3936143,2.1807074,0,3.93,91.05,0,20.4
2026-09-16T08:00,node/2434563732,La Bella Napoli,,,,41.3743686,2.1637621,0,3.93,91.05,0,20.4
2026-09-16T08:00,node/2442785485,El Círcol,,,,41.4501968,2.2474223,1,3.93,91.05,0,20.4
2026-09-16T08:00,node/2468197823,365 Cafeteria Forn de Pa,,,,41.3752071,2.1635151,0,3.93,91.05,0,20.4
2026-09-16T08:00,node/2476332030,Bar Lennon,,,,41.4028901,2.1612576,0,3.93,91.05,0,20.4
2026-09-16T08:00,node/2500906795,Bar Lúdic Queimada Nivell Q,,,,41.4094152,2.1808913,0,3.93,91.05,0,20.4
2026-09-16T08:00,node/2598482930,Con Gracia,,,,41.3990704,2.1600617,0,3.93,91.05,0,20.4
2026-09-16T08:00,node/2609183969,Fukuoka,,,,41.4022587,2.1612976,0,3.93,91.05,0,20.4
2026-09-16T08:00,node/2610750687,Xiringuito Aigua,,,,41.4096717,2.1683236,0,3.93,91.05,0,20.4
2026-09-16T08:00,node/2618447074,Vegetalia,,,,41.3803973,2.1776952,0,3.93,91.05,0,20.4
2026-09-16T08:00,node/2618538581,Veggie Garden,,,,41.3822767,2.1680336,0,3.93,91.05,0,20.4
2026-09-16T08:00,node/2618538595,Biocenter,,,,41.3825765,2.1694364,0,3.93,91.05,0,20.4
2026-09-16T08:00,node/2684052224,Pai Mei,,,,41.4051863,2.1931071,0,3.93,91.05,0,20.4
2026-09-16T08:00,node/2687089274,Dolça Estona,,,,41.4117096,2.1394938,0,3.93,91.05,0,20.4
2026-09-16T08:00,node/2689736934,Bar Bodega Molina,,,,41.4403298,2.1817019,0,3.93,91.05,0,20.4
2026-09-16T08:00,node/2721077740,Bar Veni,,,,41.3848861,2.1667078,0,3.93,91.05,0,20.4
2026-09-16T08:00,node/2727449418,Las Euras,,,,41.3998785,2.1577187,0,3.93,91.05,0,20.4
2026-09-16T08:00,node/2793491051,La bona tapa,,,,41.4368098,2.2166172,1,3.93,91.05,0,20.4
2026-09-16T08:00,node/2892028393,Kino,,,,41.3825992,2.1665452,0,3.93,91.05,0,20.4
2026-09-16T08:00,node/2892037115,23 Robadors,,,,41.3796029,2.1708903,0,3.93,91.05,0,20.4
2026-09-16T08:00,node/2910255826,Shôko,,,,41.3854991,2.1969746,1,3.93,91.05,0,20.4
2026-09-16T08:00,node/2910255827,Opium,,,,41.3852778,2.1967099,1,3.93,91.05,0,20.4
2026-09-16T08:00,node/2927944587,Tapas Tapas!,,,,41.3745104,2.1829399,1,3.93,91.05,0,20.4
2026-09-16T08:00,node/2951499208,El racó d'en Henry,,,,41.4394757,2.2215013,1,3.93,91.05,0,20.4
2026-09-16T08:00,node/2966340931,El Capritx,,,,41.4022886,2.1998883,0,3.93,91.05,0,20.4
2026-09-16T08:00,node/2968119440,Can Tresó,,,,41.4028999,2.1537483,0,3.93,91.05,0,20.4
2026-09-16T08:00,node/2969276727,La Sirena Verde,,,,41.4027605,2.1657128,0,3.93,91.05,0,20.4
2026-09-16T08:00,node/2969277275,Café de l'Eixample,,,,41.4005021,2.1690108,0,3.93,91.05,0,20.4
2026-09-16T08:00,node/2970751844,Taverna El Disbarat,,,,41.4017728,2.1545227,0,3.93,91.05,0,20.4
2026-09-16T08:00,node/3007755352,La Pausa,,,,41.4071883,2.1557816,0,3.93,91.05,0,20.4
2026-09-16T08:00,node/3007803307,Oh La Lá,,,,41.4460123,2.2485803,1,3.93,91.05,0,20.4
2026-09-16T08:00,node/3048077142,L'Aliança del Poblenou,,,,41.3997067,2.2032276,0,3.93,91.05,0,20.4
2026-09-16T08:00,node/3049368344,Clot76,,,,41.4082815,2.1885259,0,3.93,91.05,0,20.4
2026-09-16T08:00,node/3084370508,Marina Bay By Moncho's,,,,41.3863077,2.1975017,1,3.93,91.05,0,20.4
2026-09-16T08:00,node/3084507933,Caravelle,,,,41.3822872,2.1688475,0,3.93,91.05,0,20.4
2026-09-16T08:00,node/3120072573,Bar Restaurant Nàutic,,,,41.3806088,2.1408397,0,3.93,91.05,0,20.4
2026-09-16T08:00,node/3177990194,Mezcal Taco Bar,,,,41.3830563,2.1554872,0,3.93,91.05,0,20.4
2026-09-16T08:00,node/3270120640,Luigi,,,,41.3862659,2.1753788,0,3.93,91.05,0,20.4
2026-09-16T08:00,node/3271554311,Al Sultán,,,,41.4035661,2.1554863,0,3.93,91.05,0,20.4
2026-09-16T08:00,node/3328694987,Nou Candanchú,,,,41.4005128,2.1576475,0,3.93,91.05,0,20.4
2026-09-16T08:00,node/3339670930,Bahia,,,,41.3803265,2.1774842,0,3.93,91.05,0,20.4
2026-09-16T08:00,node/3441700493,Santos Tapas,,,,41.3818417,2.1745121,0,3.93,91.05,0,20.4
2026-09-16T08:00,node/3491476947,Bar del Pla,,,,41.3856036,2.1800221,0,3.93,91.05,0,20.4
2026-09-16T08:00,node/3496970198,Centre Cívic Can Deu,,,,41.3869027,2.1327794,0,3.93,91.05,0,20.4
2026-09-16T08:00,node/3504769719,El Rincón,,,,41.3908977,2.1900669,0,3.93,91.05,0,20.4
2026-09-16T08:00,node/3517276245,Bar Canigó,,,,41.4029724,2.1579186,0,3.93,91.05,0,20.4
2026-09-16T08:00,node/3522552400,Àpat's,,,,41.3757617,2.1419109,0,3.93,91.05,0,20.4
2026-09-16T08:00,node/3548547194,El Bon Menjador - 2,,,,41.4388101,2.2172863,1,3.93,91.05,0,20.4
2026-09-16T08:00,node/3548548998,Bar Morales,,,,41.4395878,2.2165237,1,3.93,91.05,0,20.4
2026-09-16T08:00,node/3548613495,Bar Paula's Tapería,,,,41.4385437,2.2175484,1,3.93,91.05,0,20.4
2026-09-16T08:00,node/3556089494,Delicias Mediterráneas,,,,41.4415079,2.2267435,1,3.93,91.05,0,20.4
2026-09-16T08:00,node/3556089497,Xurreria Rodríguez,,,,41.4416928,2.2264651,1,3.93,91.05,0,20.4
2026-09-16T08:00,node/3556089803,Bar de La Salut,,,,41.4422594,2.2258792,1,3.93,91.05,0,20.4
2026-09-16T08:00,node/3560942698,Sandvitxeria Alhociema,,,,41.4443624,2.2236761,1,3.93,91.05,0,20.4
2026-09-16T08:00,node/3560955995,Centro Cultural Castellano-manchego,,,,41.4390698,2.2176297,1,3.93,91.05,0,20.4
2026-09-16T08:00,node/3595399490,Bar Familiar,,,,41.4359163,2.2182018,1,3.93,91.05,0,20.4
2026-09-16T08:00,node/3595399769,La granja de Casablanca,,,,41.4357671,2.2189395,1,3.93,91.05,0,20.4
2026-09-16T08:00,node/3595401238,Bar Alcázar,,,,41.4365542,2.2183742,1,3.93,91.05,0,20.4
2026-09-16T08:00,node/3596986411,Agrupación Cultural Galega Agarimos,,,,41.4358268,2.2165495,1,3.93,91.05,0,20.4
2026-09-16T08:00,node/3612059306,Nabuco Tiramisú,,,,41.4004523,2.1577244,0,3.93,91.05,0,20.4
2026-09-16T08:00,node/3620986554,Yamane,,,,41.3868061,2.1808426,0,3.93,91.05,0,20.4
2026-09-16T08:00,node/3620991692,Yamaneko-ryouri,,,,41.4016619,2.1447787,0,3.93,91.05,0,20.4
2026-09-16T08:00,node/3624045193,Bar-Granja Maribel,,,,41.4399092,2.2235793,1,3.93,91.05,0,20.4
2026-09-16T08:00,node/3624045293,Bar La Cantonada,,,,41.4396227,2.2242325,1,3.93,91.05,0,20.4
2026-09-16T08:00,node/3713349650,Groin's,,,,41.4108415,2.1637178,0,3.93,91.05,0,20.4
2026-09-16T08:00,node/3718061014,Bar Calders,,,,41.3764788,2.1623937,0,3.93,91.05,0,20.4
2026-09-16T08:00,node/3730796125,Buenas Migas,,,,41.3975542,2.1587856,0,3.93,91.05,0,20.4
2026-09-16T08:00,node/3761312382,La Fonda,,,,41.3793598,2.1762144,0,3.93,91.05,0,20.4
2026-09-16T08:00,node/3777075876,Oaxaca,,,,41.3821041,2.1838988,0,3.93,91.05,0,20.4
2026-09-16T08:00,node/3779149860,EsPan's,,,,41.4349094,2.2194667,1,3.93,91.05,0,20.4
2026-09-16T08:00,node/3794002044,Samurai Ramen,,,,41.3736753,2.1548947,0,3.93,91.05,0,20.4
2026-09-16T08:00,node/3804046057,Robata Sushi & Grill,,,,41.3904886,2.1585836,0,3.93,91.05,0,20.4
2026-09-16T08:00,node/3809169458,Freiduría El Boquerón,,,,41.4400822,2.2264769,1,3.93,91.05,0,20.4
2026-09-16T08:00,node/3809169459,Marisquería Melchor,,,,41.4401715,2.2266602,1,3.93,91.05,0,20.4
2026-09-16T08:00,node/3809169461,Elhotro bar,,,,41.4401247,2.2268506,1,3.93,91.05,0,20.4
2026-09-16T08:00,node/3809169658,Carte d'Or,,,,41.4403068,2.2274065,1,3.93,91.05,0,20.4
2026-09-16T08:00,node/3809169668,Vivari,,,,41.4408122,2.2271125,1,3.93,91.05,0,20.4
2026-09-16T08:00,node/3809169669,Pantaiberic delicatessen,,,,41.4408174,2.2269502,1,3.93,91.05,0,20.4
2026-09-16T08:00,node/3840009426,La Esquinica,,,,41.4304816,2.1712169,0,3.93,91.05,0,20.4
2026-09-16T08:00,node/3874539219,Café del Centre,,,,41.3946111,2.1712059,0,3.93,91.05,0,20.4
2026-09-16T08:00,node/3890922254,Characato,,,,41.4046885,2.1836218,0,3.93,91.05,0,20.4
2026-09-16T08:00,node/3901403358,Les Dues Sicilies,,,,41.3866097,2.1802613,0,3.93,91.05,0,20.4
2026-09-16T08:00,node/3955968257,El racó de les Glòries,,,,41.3986109,2.1978895,0,3.93,91.05,0,20.4
2026-09-16T08:00,node/4060217594,Matt & Marshall,,,,41.3993348,2.1997769,0,3.93,91.05,0,20.4
2026-09-16T08:00,node/4073605889,Mariscco,,,,41.3804885,2.1753271,0,3.93,91.05,0,20.4
2026-09-16T08:00,node/4126257971,Xixbar,,,,41.3758485,2.1576176,0,3.93,91.05,0,20.4
2026-09-16T08:00,node/4127494769,Vapiano,,,,41.3788941,2.1758361,0,3.93,91.05,0,20.4
2026-09-16T08:00,node/4138815989,Nømad Cøffee,,,,41.3889108,2.1771731,0,3.93,91.05,0,20.4
2026-09-16T08:00,node/4150499794,El 68,,,,41.4023622,2.1612062,0,3.93,91.05,0,20.4
2026-09-16T08:00,node/4166496789,Bar Thonet Grill Room,,,,41.3792408,2.1761073,0,3.93,91.05,0,20.4
2026-09-16T08:00,node/4168100800,Cervecería Frankfurt Europa,,,,41.4396191,2.2191504,1,3.93,91.05,0,20.4
2026-09-16T08:00,node/4225209596,Bar El Velodromo,,,,41.3934442,2.1501395,0,3.93,91.05,0,20.4
2026-09-16T08:00,node/4225810298,Bar Nolla,,,,41.3905504,2.1647825,0,3.93,91.05,0,20.4
2026-09-16T08:00,node/4233959493,Pastisseria Granja,,,,41.3795042,2.1792309,0,3.93,91.05,0,20.4
2026-09-16T08:00,node/4239222689,Rekons,,,,41.3806195,2.1610796,0,3.93,91.05,0,20.4
2026-09-16T08:00,node/4244877765,Bar La Peña,,,,41.4404265,2.2170329,1,3.93,91.05,0,20.4
2026-09-16T08:00,node/4247196393,cal mariner,,,,41.3791754,2.1898206,0,3.93,91.05,0,20.4
2026-09-16T08:00,node/4253851490,El Trencadís,,,,41.3937976,2.1655309,0,3.93,91.05,0,20.4
2026-09-16T08:00,node/4253862889,Hummus,,,,41.3912547,2.1611975,0,3.93,91.05,0,20.4
2026-09-16T08:00,node/4254090289,La tasqueta de Blai,,,,41.3733347,2.1652358,0,3.93,91.05,0,20.4
2026-09-16T08:00,node/4254094290,Rosa Negra,,,,41.3819164,2.1687596,0,3.93,91.05,0,20.4
2026-09-16T08:00,node/4254704967,Firebug Brunch,,,,41.3927459,2.1778691,0,3.93,91.05,0,20.4
2026-09-16T08:00,node/4254996890,La Macchina,,,,41.4030005,2.1535966,0,3.93,91.05,0,20.4
2026-09-16T08:00,node/4267035492,Kebabish,,,,41.4409198,2.2217884,1,3.93,91.05,0,20.4
2026-09-16T08:00,node/4267055591,La cantina del tapeo,,,,41.4420999,2.2200224,1,3.93,91.05,0,20.4
2026-09-16T08:00,node/4278033120,Buenas Migas,,,,41.3838044,2.1696233,0,3.93,91.05,0,20.4
2026-09-16T08:00,node/4283188047,Granja Romaní,,,,41.4348618,2.2179712,1,3.93,91.05,0,20.4
2026-09-16T08:00,node/4283194434,Bar La Paradeta,,,,41.4337773,2.2167771,1,3.93,91.05,0,20.4
2026-09-16T08:00,node/4291934189,Fonda Espanya,,,,41.3799009,2.1728032,0,3.93,91.05,0,20.4
2026-09-16T08:00,node/4306440989,Blai 9,,,,41.3730722,2.1658539,0,3.93,91.05,0,20.4
2026-09-16T08:00,node/4314857689,El punt,,,,41.4413807,2.2316251,1,3.93,91.05,0,20.4
2026-09-16T08:00,node/4314859689,Versace,,,,41.4337089,2.2172203,1,3.93,91.05,0,20.4
2026-09-16T08:00,node/4315715092,Petit Comitè,,,,41.3943551,2.1600308,0,3.93,91.05,0,20.4
2026-09-16T08:00,node/4321183403,Brunch & Cake,,,,41.3882834,2.1615596,0,3.93,91.05,0,20.4
2026-09-16T08:00,node/4336933393,Mayura,,,,41.3938992,2.1720914,0,3.93,91.05,0,20.4
2026-09-16T08:00,node/4340119890,VIENA,,,,41.3579934,2.1293918,1,3.93,91.05,0,20.4
2026-09-16T08:00,node/4349925690,Nemrut,,,,41.3810051,2.1772158,0,3.93,91.05,0,20.4
2026-09-16T08:00,node/4350019284,Palosanto,,,,41.3808122,2.1772701,0,3.93,91.05,0,20.4
2026-09-16T08:00,node/4364289794,Faborit Casa Amatller,,,,41.3915836,2.1650592,0,3.93,91.05,0,20.4
2026-09-16T08:00,node/4386702690,Red Ant Noodle Bar,,,,41.3880129,2.1810961,0,3.93,91.05,0,20.4
2026-09-16T08:00,node/4396244190,Fresc Co,,,,41.3891657,2.1969678,1,3.93,91.05,0,20.4
2026-09-16T08:00,node/4401234193,BlackLab Brewhouse & Kitchen,,,,41.3812305,2.1854573,0,3.93,91.05,0,20.4
2026-09-16T08:00,node/4431102493,Forn Puiggròs,,,,41.4102615,2.1741597,0,3.93,91.05,0,20.4
2026-09-16T08:00,node/4439412389,La Vinya del Senyor,,,,41.3832546,2.1818655,0,3.93,91.05,0,20.4
2026-09-16T08:00,node/4440352791,La Gavina,,,,41.3807532,2.1853211,0,3.93,91.05,0,20.4
2026-09-16T08:00,node/4443367289,Pannus,,,,41.3863691,2.1726728,0,3.93,91.05,0,20.4
2026-09-16T08:00,node/4449185678,Il Caffè di Francesco,,,,41.3908733,2.1652201,0,3.93,91.05,0,20.4
2026-09-16T08:00,node/4451904190,Bar Granadino,,,,41.4404153,2.2238276,1,3.93,91.05,0,20.4
2026-09-16T08:00,node/4451904193,La ciudad de oro,,,,41.4408727,2.2240695,1,3.93,91.05,0,20.4
2026-09-16T08:00,node/4451986792,Cafe Bar Florida,,,,41.4403503,2.2236929,1,3.93,91.05,0,20.4
2026-09-16T08:00,node/4451986793,Bar Amigo,,,,41.4411469,2.2238965,1,3.93,91.05,0,20.4
2026-09-16T08:00,node/4451988991,Bar Frankfurt Jaime,,,,41.4408051,2.2241201,1,3.93,91.05,0,20.4
2026-09-16T08:00,node/4451989090,Entre tapes,,,,41.4423118,2.2237245,1,3.93,91.05,0,20.4
2026-09-16T08:00,node/4451992791,Bar Leo,,,,41.4406309,2.2245529,1,3.93,91.05,0,20.4
2026-09-16T08:00,node/4452031691,Bar La Granja,,,,41.4427953,2.2241899,1,3.93,91.05,0,20.4
2026-09-16T08:00,node/4455238130,Anahuac,,,,41.3965161,2.1513989,0,3.93,91.05,0,20.4
2026-09-16T08:00,node/4461595656,Cafeteria de la Biblioteca Jaumer Fuster,,,,41.4075557,2.1493457,0,3.93,91.05,0,20.4
2026-09-16T08:00,node/4470059420,Mesón Gallego,,,,41.3818896,2.0709288,1,3.93,91.05,0,20.4
2026-09-16T08:00,node/4486639527,Boldú,,,,41.3973783,2.1517865,0,3.93,91.05,0,20.4
2026-09-16T08:00,node/4486683966,La Tagliatella,,,,41.3974141,2.1514101,0,3.93,91.05,0,20.4
2026-09-16T08:00,node/4503193765,Bicioci,,,,41.3999229,2.1619101,0,3.93,91.05,0,20.4
2026-09-16T08:00,node/4509411660,Bar Mediterráneo,,,,41.4343007,2.2180868,1,3.93,91.05,0,20.4
2026-09-16T08:00,node/4516538193,Más Que Sushi,,,,41.3774227,2.1527247,0,3.93,91.05,0,20.4
2026-09-16T08:00,node/4516600994,Salambó,,,,41.4044546,2.1576355,0,3.93,91.05,0,20.4
2026-09-16T08:00,node/4520259289,Cachitos,,,,41.3953057,2.1536913,0,3.93,91.05,0,20.4
2026-09-16T08:00,node/4572063790,Cafetería 365,,,,41.3744652,2.1675541,0,3.93,91.05,0,20.4
2026-09-16T08:00,node/4580517495,Cadaqués,,,,41.4004717,2.1574102,0,3.93,91.05,0,20.4
2026-09-16T08:00,node/4591423938,Arabia Cafe,,,,41.3796023,2.1762764,0,3.93,91.05,0,20.4
2026-09-16T08:00,node/4602957463,Otafuku Daifuku,,,,41.3861633,2.1813225,0,3.93,91.05,0,20.4
2026-09-16T08:00,node/4631918790,Casa López,,,,41.4047191,2.1550626,0,3.93,91.05,0,20.4
2026-09-16T08:00,node/4643974106,Kyoka Via Augusta,,,,41.3979693,2.1315017,0,3.93,91.05,0,20.4
2026-09-16T08:00,node/4654613659,afiparc,,,,41.4134414,2.1527296,0,3.93,91.05,0,20.4
2026-09-16T08:00,node/4668687590,Can Vilaró,,,,41.3779004,2.1617005,0,3.93,91.05,0,20.4
2026-09-16T08:00,node/4673198082,Montesquiu,,,,41.4046825,2.1325233,0,3.93,91.05,0,20.4
2026-09-16T08:00,node/4680760648,Sushi Taller,,,,41.4048621,2.1326565,0,3.93,91.05,0,20.4
2026-09-16T08:00,node/4681801089,Orxateria la Valenciana,,,,41.3863413,2.1622578,0,3.93,91.05,0,20.4
2026-09-16T08:00,node/4704972453,majide,,,,41.3849224,2.1674688,0,3.93,91.05,0,20.4
2026-09-16T08:00,node/4709933976,Sottovoce,,,,41.3579226,2.1294974,1,3.93,91.05,0,20.4
2026-09-16T08:00,node/4711659235,Casa Lolea,,,,41.3888056,2.1771897,0,3.93,91.05,0,20.4
2026-09-16T08:00,node/4720526074,El Charrito,,,,41.3896183,2.1662427,0,3.93,91.05,0,20.4
2026-09-16T08:00,node/4721286889,Prodigi,,,,41.3985973,2.1659559,0,3.93,91.05,0,20.4
2026-09-16T08:00,node/4726582894,Catalina Cafe,,,,41.3862071,2.1793039,0,3.93,91.05,0,20.4
2026-09-16T08:00,node/4726583193,Betlem,,,,41.3949258,2.1712207,0,3.93,91.05,0,20.4
2026-09-16T08:00,node/4727975192,La Coruña,,,,41.4083413,2.1851911,0,3.93,91.05,0,20.4
2026-09-16T08:00,node/4728103192,Cafè Arrels,,,,41.4137041,2.1809929,0,3.93,91.05,0,20.4
2026-09-16T08:00,node/4729343193,Cervecería Frankfurt El Molino,,,,41.3746194,2.1669636,0,3.93,91.05,0,20.4
2026-09-16T08:00,node/4735766123,I'll Pomo d'Oro,,,,41.3926987,2.1585151,0,3.93,91.05,0,20.4
2026-09-16T08:00,node/4743830714,Casa Escarré (Joan's),,,,41.3747567,2.1427755,0,3.93,91.05,0,20.4
2026-09-16T08:00,node/4751727952,Bar Ribalda,,,,41.4026552,2.1328307,0,3.93,91.05,0,20.4
2026-09-16T08:00,node/4755496723,Brewdog,,,,41.3857301,2.1581661,0,3.93,91.05,0,20.4
2026-09-16T08:00,node/4756509699,Morro fi,,,,41.3833069,2.1550311,0,3.93,91.05,0,20.4
2026-09-16T08:00,node/4776357929,Tomodachi,,,,41.4053891,2.1644663,0,3.93,91.05,0,20.4
2026-09-16T08:00,node/4778618049,De Gustibus Italiae,,,,41.4027491,2.1330183,0,3.93,91.05,0,20.4
2026-09-16T08:00,node/4784670742,Índigo Café,,,,41.3874831,2.1626443,0,3.93,91.05,0,20.4
2026-09-16T08:00,node/4792724121,Venus Delicatessen Barcelona,,,,41.3807065,2.1779781,0,3.93,91.05,0,20.4
2026-09-16T08:00,node/4802341078,El Quatre,,,,41.4031267,2.1333762,0,3.93,91.05,0,20.4
2026-09-16T08:00,node/4805335780,Madonna Vegan,,,,41.3812162,2.1671279,0,3.93,91.05,0,20.4
2026-09-16T08:00,node/4816093515,Olímpic Bar,,,,41.4422394,2.2177816,1,3.93,91.05,0,20.4
2026-09-16T08:00,node/4822739686,Bar El Racó,,,,41.4417497,2.2212713,1,3.93,91.05,0,20.4
2026-09-16T08:00,node/4838956921,Supra,,,,41.3910798,2.1613999,0,3.93,91.05,0,20.4
2026-09-16T08:00,node/4844565923,Pampa Drugstore,,,,41.3827176,2.1712051,0,3.93,91.05,0,20.4
2026-09-16T08:00,node/4847673021,Usagui,,,,41.4021671,2.1463849,0,3.93,91.05,0,20.4
2026-09-16T08:00,node/4859449960,Restaurant el Magatzem,,,,41.3805096,2.1863595,0,3.93,91.05,0,20.4
2026-09-16T08:00,node/4859450597,Restaurant Cal Pinxo,,,,41.3806265,2.1855795,0,3.93,91.05,0,20.4
2026-09-16T08:00,node/4867833221,Pizzeria El Mundo,,,,41.3751322,2.1231212,0,3.93,91.05,0,20.4
2026-09-16T08:00,node/4881181797,Sierra Nevada,,,,41.4420581,2.1834715,0,3.93,91.05,0,20.4
2026-09-16T08:00,node/4903340658,El Ramblero,,,,41.4219271,2.1969049,0,3.93,91.05,0,20.4
2026-09-16T08:00,node/4906736149,L'Olivera,,,,41.4058547,2.1893093,0,3.93,91.05,0,20.4
2026-09-16T08:00,node/4917663030,Picnic,,,,41.4179648,2.1988442,0,3.93,91.05,0,20.4
2026-09-16T08:00,node/4937772721,Vila's Bar,,,,41.4059086,2.1571314,0,3.93,91.05,0,20.4
2026-09-16T08:00,node/4938104321,Hammock Juice Station,,,,41.3971863,2.1671778,0,3.93,91.05,0,20.4
2026-09-16T08:00,node/4973805221,Brunch & Cake by the sea,,,,41.3809714,2.1872568,0,3.93,91.05,0,20.4
2026-09-16T08:00,node/4973805421,Quinoa Aragó Vegetarià,,,,41.3886233,2.1598684,0,3.93,91.05,0,20.4
2026-09-16T08:00,node/4977546909,Tonkotsu,,,,41.3938467,2.1650368,0,3.93,91.05,0,20.4
2026-09-16T08:00,node/4983764927,Cervecería-Frankfurt,,,,41.4394391,2.2207951,1,3.93,91.05,0,20.4
2026-09-16T08:00,node/4983764935,Max Bar,,,,41.4401476,2.2214687,1,3.93,91.05,0,20.4
2026-09-16T08:00,node/4983764944,Bar Verín,,,,41.4396911,2.2210187,1,3.93,91.05,0,20.4
2026-09-16T08:00,node/4983764949,Bar R'Aurora,,,,41.4400582,2.2213943,1,3.93,91.05,0,20.4
2026-09-16T08:00,node/4983764952,Trocadero,,,,41.4385047,2.2204982,1,3.93,91.05,0,20.4
2026-09-16T08:00,node/4983764957,Bar La Alpujarra,,,,41.4420698,2.2228867,1,3.93,91.05,0,20.4
2026-09-16T08:00,node/4983764958,Sant Mori,,,,41.4390777,2.2210618,1,3.93,91.05,0,20.4
2026-09-16T08:00,node/4983764960,El buen gusto,,,,41.4411919,2.2225719,1,3.93,91.05,0,20.4
2026-09-16T08:00,node/4983764965,Bar Junior Bodega,,,,41.4417139,2.2225318,1,3.93,91.05,0,20.4
2026-09-16T08:00,node/4983764975,Bar Satisfecho,,,,41.4385461,2.2198488,1,3.93,91.05,0,20.4
2026-09-16T08:00,node/4983765002,Bar sushi Salon,,,,41.4425727,2.2233672,1,3.93,91.05,0,20.4
2026-09-16T08:00,node/4983765004,Corre que se acaban,,,,41.4392453,2.2212328,1,3.93,91.05,0,20.4
2026-09-16T08:00,node/4983765005,365,,,,41.4403303,2.2225575,1,3.93,91.05,0,20.4
2026-09-16T08:00,node/4984256695,Pampa Mía,,,,41.4085709,2.2035603,0,3.93,91.05,0,20.4
2026-09-16T08:00,node/4991221422,Salterio,,,,41.3825107,2.1760837,0,3.93,91.05,0,20.4
2026-09-16T08:00,node/5007434606,La Balmesina,,,,41.3970301,2.1522555,0,3.93,91.05,0,20.4
2026-09-16T08:00,node/5010794721,Syra Coffee,,,,41.4014925,2.1595216,0,3.93,91.05,0,20.4
2026-09-16T08:00,node/5010794821,Nomad Frutas Selectas,,,,41.3979292,2.1955517,0,3.93,91.05,0,20.4
2026-09-16T08:00,node/5023905423,Petra,,,,41.4038883,2.1551166,0,3.93,91.05,0,20.4
2026-09-16T08:00,node/5028969022,Guzzo,,,,41.3850929,2.1836594,0,3.93,91.05,0,20.4
2026-09-16T08:00,node/5030247521,La Pantera Rosa,,,,41.4010493,2.1525903,0,3.93,91.05,0,20.4
2026-09-16T08:00,node/5037900607,Orio,,,,41.3819545,2.1763606,0,3.93,91.05,0,20.4
2026-09-16T08:00,node/5048602525,Blau Cel,,,,41.4043091,2.1612896,0,3.93,91.05,0,20.4
2026-09-16T08:00,node/5053669724,La Xula Taperia,,,,41.4023295,2.1586126,0,3.93,91.05,0,20.4
2026-09-16T08:00,node/5081388242,La Raposa,,,,41.3725137,2.1639527,0,3.93,91.05,0,20.4
2026-09-16T08:00,node/5082277825,Vermuteria Puigmartí,,,,41.4013967,2.1590604,0,3.93,91.05,0,20.4
2026-09-16T08:00,node/5082277826,Caracas,,,,41.4020908,2.1601676,0,3.93,91.05,0,20.4
2026-09-16T08:00,node/5082288821,Curuba,,,,41.3999554,2.1574731,0,3.93,91.05,0,20.4
2026-09-16T08:00,node/5086827321,Metric Market,,,,41.3916196,2.1419287,0,3.93,91.05,0,20.4
2026-09-16T08:00,node/5088945722,La Juanola,,,,41.4066765,2.1569377,0,3.93,91.05,0,20.4
2026-09-16T08:00,node/5089333723,Ciuri‘s,,,,41.4052466,2.1565749,0,3.93,91.05,0,20.4
2026-09-16T08:00,node/5105012628,Entre Hores,,,,41.4030943,2.1577829,0,3.93,91.05,0,20.4
2026-09-16T08:00,node/5109943322,Intrèpid,,,,41.4043018,2.1550041,0,3.93,91.05,0,20.4
2026-09-16T08:00,node/5110964523,La Trobada,,,,41.4015625,2.1520155,0,3.93,91.05,0,20.4
2026-09-16T08:00,node/5111094221,El Dorado Chicken,,,,41.3930251,2.1579995,0,3.93,91.05,0,20.4
2026-09-16T08:00,node/5113896626,Granja Fimon's,,,,41.4477805,2.2438919,1,3.93,91.05,0,20.4
2026-09-16T08:00,node/5118124314,Kebab Bocateli,,,,41.4426035,2.2166674,1,3.93,91.05,0,20.4
2026-09-16T08:00,node/5118126421,Bar Frankfurt Polideportivo,,,,41.4429429,2.2162226,1,3.93,91.05,0,20.4
2026-09-16T08:00,node/5118126428,Granja Modesto,,,,41.4343689,2.2158958,1,3.93,91.05,0,20.4
2026-09-16T08:00,node/5118126435,Cafeteria i Forn de pa Grey,,,,41.4332655,2.2174982,1,3.93,91.05,0,20.4
2026-09-16T08:00,node/5118126438,Frankfurt Piscis,,,,41.4360107,2.2158678,1,3.93,91.05,0,20.4
2026-09-16T08:00,node/5118126440,Bar Julio,,,,41.4348299,2.2151483,1,3.93,91.05,0,20.4
2026-09-16T08:00,node/5118126443,Bar Beethoven,,,,41.4328863,2.2181523,1,3.93,91.05,0,20.4
2026-09-16T08:00,node/5118126453,Bar Bondia,,,,41.4342763,2.2160261,1,3.93,91.05,0,20.4
2026-09-16T08:00,node/5128075585,Monkey Factory,,,,41.3927261,2.1544614,0,3.93,91.05,0,20.4
2026-09-16T08:00,node/5137360822,El Jardí,,,,41.4475237,2.2469586,1,3.93,91.05,0,20.4
2026-09-16T08:00,node/5144745888,Bar La Imperial,,,,41.4372451,2.2200669,1,3.93,91.05,0,20.4
2026-09-16T08:00,node/5144745889,Gabi,,,,41.4372105,2.2199582,1,3.93,91.05,0,20.4
2026-09-16T08:00,node/5144745893,Bar India,,,,41.4420657,2.2284253,1,3.93,91.05,0,20.4
2026-09-16T08:00,node/5144745896,Mokka,,,,41.4371063,2.2201689,1,3.93,91.05,0,20.4
2026-09-16T08:00,node/5156690125,Loc,,,,41.4351636,2.2283155,1,3.93,91.05,0,20.4
2026-09-16T08:00,node/5160440326,Les Termes Bdn,,,,41.4520115,2.2476488,1,3.93,91.05,0,20.4
2026-09-16T08:00,node/5167185733,La Sucursal,,,,41.3806502,2.1611889,0,3.93,91.05,0,20.4
2026-09-16T08:00,node/5167569072,El Mercader de L'Eixample,,,,41.3923316,2.1603286,0,3.93,91.05,0,20.4
2026-09-16T08:00,node/5168232324,Colmado,,,,41.3819235,2.1744264,0,3.93,91.05,0,20.4
2026-09-16T08:00,node/5175039621,Green's,,,,41.3959672,2.1496553,0,3.93,91.05,0,20.4
2026-09-16T08:00,node/5176233727,Els Porxos,,,,41.4031581,2.1751611,0,3.93,91.05,0,20.4
2026-09-16T08:00,node/5182260830,Catafal,,,,41.4088089,2.1468574,0,3.93,91.05,0,20.4
2026-09-16T08:00,node/5190930121,Casa Ángel,,,,41.4070235,2.1818566,0,3.93,91.05,0,20.4
2026-09-16T08:00,node/5192085421,Esterri,,,,41.3812805,2.1618108,0,3.93,91.05,0,20.4
2026-09-16T08:00,node/5198200824,Copa d'Or,,,,41.3963876,2.1688461,0,3.93,91.05,0,20.4
2026-09-16T08:00,node/5198200829,Gyoza Bistró,,,,41.3940771,2.1723519,0,3.93,91.05,0,20.4
2026-09-16T08:00,node/5198201036,Nou Can Codina,,,,41.3989586,2.1608728,0,3.93,91.05,0,20.4
2026-09-16T08:00,node/5198201122,La Particcela,,,,41.3961328,2.1697679,0,3.93,91.05,0,20.4
2026-09-16T08:00,node/5198201124,Riko's Braseria - Restaurante,,,,41.3929731,2.1692667,0,3.93,91.05,0,20.4
2026-09-16T08:00,node/5199743028,seven7seven,,,,41.3898868,2.1622344,0,3.93,91.05,0,20.4
2026-09-16T08:00,node/5207046925,Sense Nom,,,,41.3843558,2.1622563,0,3.93,91.05,0,20.4
2026-09-16T08:00,node/5207067522,El Maravillas,,,,41.3868914,2.1323626,0,3.93,91.05,0,20.4
2026-09-16T08:00,node/5208223424,Bonastre,,,,41.3774986,2.1587463,0,3.93,91.05,0,20.4
2026-09-16T08:00,node/5212252535,Tariq,,,,41.4477214,2.2405051,1,3.93,91.05,0,20.4
2026-09-16T08:00,node/5218828496,Conecta,,,,41.4388265,2.2253266,1,3.93,91.05,0,20.4
2026-09-16T08:00,node/5218828499,Sweet dolç,,,,41.4385456,2.2254351,1,3.93,91.05,0,20.4
2026-09-16T08:00,node/5226505321,Bodega E. Marin,,,,41.4025586,2.1609645,0,3.93,91.05,0,20.4
2026-09-16T08:00,node/5228942946,La Pubilla,,,,41.3995748,2.1536674,0,3.93,91.05,0,20.4
2026-09-16T08:00,node/5237627856,Tasmango Dessert,,,,41.3909254,2.1784375,0,3.93,91.05,0,20.4
2026-09-16T08:00,node/5238186123,Lennox,,,,41.3834186,2.1829502,0,3.93,91.05,0,20.4
2026-09-16T08:00,node/5271863048,Rest. Alexandre,,,,41.4322501,2.1835476,0,3.93,91.05,0,20.4
2026-09-16T08:00,node/5286467104,Granja Monsul,,,,41.4437723,2.2239591,1,3.93,91.05,0,20.4
2026-09-16T08:00,node/5298404593,Próspero,,,,41.4382431,2.2237839,1,3.93,91.05,0,20.4
2026-09-16T08:00,node/5298404603,Bar Salamanca,,,,41.4388532,2.2246477,1,3.93,91.05,0,20.4
2026-09-16T08:00,node/5298405327,Bar Benuga,,,,41.4383471,2.2243229,1,3.93,91.05,0,20.4
2026-09-16T08:00,node/5298405384,Bar Rocío Los Cazadores,,,,41.4389682,2.2252641,1,3.93,91.05,0,20.4
2026-09-16T08:00,node/5299921764,Bar Crack,,,,41.4343466,2.2189911,1,3.93,91.05,0,20.4
2026-09-16T08:00,node/5299921811,Can Daura,,,,41.4358077,2.2218721,1,3.93,91.05,0,20.4
2026-09-16T08:00,node/5299922525,Bar La Imperial,,,,41.4354603,2.2205399,1,3.93,91.05,0,20.4
2026-09-16T08:00,node/5299922526,Bar Marta,,,,41.4349148,2.2200469,1,3.93,91.05,0,20.4
2026-09-16T08:00,node/5313632423,365,,,,41.3789307,2.1718613,0,3.93,91.05,0,20.4
2026-09-16T08:00,node/5327570662,Ancestral,,,,41.3977332,2.1656576,0,3.93,91.05,0,20.4
2026-09-16T08:00,node/5347967007,Bar Marín,,,,41.4474106,2.2217195,1,3.93,91.05,0,20.4
2026-09-16T08:00,node/5347967009,Bar La Cantonada,,,,41.4474812,2.2209325,1,3.93,91.05,0,20.4
2026-09-16T08:00,node/5363964402,El gran croissant,,,,41.4359355,2.2167366,1,3.93,91.05,0,20.4
2026-09-16T08:00,node/5395531687,Las Marismas,,,,41.3701297,2.1215161,1,3.93,91.05,0,20.4
2026-09-16T08:00,node/5407919537,El Yate,,,,41.4039787,2.1367463,0,3.93,91.05,0,20.4
2026-09-16T08:00,node/5417517130,Tou Kichi Rou,,,,41.3919953,2.1432267,0,3.93,91.05,0,20.4
2026-09-16T08:00,node/5418243448,La Pampa,,,,41.3793623,2.1879402,0,3.93,91.05,0,20.4
2026-09-16T08:00,node/5418243450,els maians,,,,41.3786757,2.1882219,0,3.93,91.05,0,20.4
2026-09-16T08:00,node/5418243451,no30,,,,41.3791653,2.1879988,0,3.93,91.05,0,20.4
2026-09-16T08:00,node/5418243452,Lolita,,,,41.3783615,2.1882936,0,3.93,91.05,0,20.4
2026-09-16T08:00,node/5418243454,Reina Margherita,,,,41.3792655,2.1879835,0,3.93,91.05,0,20.4
2026-09-16T08:00,node/5434314893,PolkaBarcelona,,,,41.3859057,2.1326565,0,3.93,91.05,0,20.4
2026-09-16T08:00,node/5485540627,Bar Placídia,,,,41.3999472,2.1524915,0,3.93,91.05,0,20.4
2026-09-16T08:00,node/5487473548,Cafè Mos,,,,41.4143487,2.1384116,0,3.93,91.05,0,20.4
2026-09-16T08:00,node/5498351755,365 Cafeteria Forn de Pa,,,,41.3747778,2.1626826,0,3.93,91.05,0,20.4
2026-09-16T08:00,node/5509139428,La Carmanyola,,,,41.4013829,2.2068942,0,3.93,91.05,0,20.4
2026-09-16T08:00,node/5536153362,Cafeteria La Dona,,,,41.4396715,2.2242727,1,3.93,91.05,0,20.4
2026-09-16T08:00,node/5564055763,Panda & Smile,,,,41.3842068,2.1585673,0,3.93,91.05,0,20.4
2026-09-16T08:00,node/5564064431,Atrapatapa,,,,41.3832362,2.1568636,0,3.93,91.05,0,20.4
2026-09-16T08:00,node/5595134220,Cervecería Amoretty's 3,,,,41.4412382,2.2200117,1,3.93,91.05,0,20.4
2026-09-16T08:00,node/5606506169,Sincopa,,,,41.3803881,2.1789886,0,3.93,91.05,0,20.4
2026-09-16T08:00,node/5611733921,Buenas Migas,,,,41.4024253,2.1743326,0,3.93,91.05,0,20.4
2026-09-16T08:00,node/5617465886,Amateur,,,,41.3967536,2.1962847,0,3.93,91.05,0,20.4
2026-09-16T08:00,node/5646412432,Made in Sicily,,,,41.4483394,2.2490191,1,3.93,91.05,0,20.4
2026-09-16T08:00,node/5646415922,La Bella Istambul,,,,41.4479233,2.2494906,1,3.93,91.05,0,20.4
2026-09-16T08:00,node/5658288082,Can Teixidó,,,,41.4491148,2.2483189,1,3.93,91.05,0,20.4
2026-09-16T08:00,node/5663240986,Cafè Escac,,,,41.3837378,2.1695562,0,3.93,91.05,0,20.4
2026-09-16T08:00,node/5676005621,CACHO,,,,41.3931048,2.1910878,0,3.93,91.05,0,20.4
2026-09-16T08:00,node/5718757792,360°,,,,41.3790957,2.1696433,0,3.93,91.05,0,20.4
2026-09-16T08:00,node/5793057257,Bar Granja el Chiquitín,,,,41.4398176,2.2263171,1,3.93,91.05,0,20.4
2026-09-16T08:00,node/5796742218,The Clock,,,,41.3754168,2.1482785,0,3.93,91.05,0,20.4
2026-09-16T08:00,node/5805410453,Morrow Coffee,,,,41.3771392,2.1513283,0,3.93,91.05,0,20.4
2026-09-16T08:00,node/5806521955,Paisano Bistró,,,,41.4048549,2.1759323,0,3.93,91.05,0,20.4
2026-09-16T08:00,node/5856758686,El racó de les tapes,,,,41.4357708,2.1910224,0,3.93,91.05,0,20.4
2026-09-16T08:00,node/5878496985,UDON,,,,41.4051569,2.1921906,0,3.93,91.05,0,20.4
2026-09-16T08:00,node/5916157285,Bar Castells,,,,41.3841472,2.1698121,0,3.93,91.05,0,20.4
2026-09-16T08:00,node/5923867889,,,,,41.4406062,2.2451514,1,3.93,91.05,0,20.4
2026-09-16T08:00,node/5930228787,Mi casa,,,,41.3993608,2.1535771,0,3.93,91.05,0,20.4
2026-09-16T08:00,node/5933808740,Kserol,,,,41.3986236,2.1753141,0,3.93,91.05,0,20.4
2026-09-16T08:00,node/5944781772,Restaurante Burning Rock&Food,,,,41.3746837,2.1311612,0,3.93,91.05,0,20.4
2026-09-16T08:00,node/5951964888,el Fornet,,,,41.3882003,2.1723419,0,3.93,91.05,0,20.4
2026-09-16T08:00,node/5972440521,Feroz,,,,41.3965882,2.1508404,0,3.93,91.05,0,20.4
2026-09-16T08:00,node/5980982393,Pepa Tomate,,,,41.3767661,2.1627826,0,3.93,91.05,0,20.4
2026-09-16T08:00,node/6000108088,La Neura,,,,41.4002093,2.1660134,0,3.93,91.05,0,20.4
2026-09-16T08:00,node/6009236381,Mesón Balouta,,,,41.4384121,2.1649296,0,3.93,91.05,0,20.4
2026-09-16T08:00,node/6010958538,Bar Avenida,,,,41.4371962,2.2238498,1,3.93,91.05,0,20.4
2026-09-16T08:00,node/6010958540,Bar Trébol BCN,,,,41.4352675,2.2193633,1,3.93,91.05,0,20.4
2026-09-16T08:00,node/6027971388,Novell,,,,41.4070495,2.1667319,0,3.93,91.05,0,20.4
2026-09-16T08:00,node/6038827086,Honest Greens,,,,41.3986972,2.1569862,0,3.93,91.05,0,20.4
2026-09-16T08:00,node/6066258257,Bar Roma Sports,,,,41.4449369,2.2223513,1,3.93,91.05,0,20.4
2026-09-16T08:00,node/6089625321,Vivari,,,,41.3973187,2.1676233,0,3.93,91.05,0,20.4
2026-09-16T08:00,node/6093865396,The FRESH POKE,,,,41.3975268,2.1644457,0,3.93,91.05,0,20.4
2026-09-16T08:00,node/6093944886,Nicasso,,,,41.4072456,2.1873211,0,3.93,91.05,0,20.4
2026-09-16T08:00,node/6096656135,Yoi Yoi Gion,,,,41.3965593,2.1606187,0,3.93,91.05,0,20.4
2026-09-16T08:00,node/6104559348,Belles Arts II,,,,41.3872827,2.1361782,0,3.93,91.05,0,20.4
2026-09-16T08:00,node/6104561002,Toyodo,,,,41.3866914,2.1375355,0,3.93,91.05,0,20.4
2026-09-16T08:00,node/6106764321,Il Caffe di Francesco,,,,41.3930707,2.1642758,0,3.93,91.05,0,20.4
2026-09-16T08:00,node/6109526596,El Cuiner de Damasc,,,,41.3814196,2.1776754,0,3.93,91.05,0,20.4
2026-09-16T08:00,node/6110978486,Bonaparte,,,,41.4775805,2.0724847,1,3.93,91.05,0,20.4
2026-09-16T08:00,node/6123253862,Bar Granja Oasis,,,,41.3505068,2.1127043,1,3.93,91.05,0,20.4
2026-09-16T08:00,node/6126749461,Cantero,,,,41.3942111,2.1902433,0,3.93,91.05,0,20.4
2026-09-16T08:00,node/6164234382,Poké Sí,,,,41.4052321,2.1924708,0,3.93,91.05,0,20.4
2026-09-16T08:00,node/6164236104,Palo Verde,,,,41.4047343,2.1968042,0,3.93,91.05,0,20.4
2026-09-16T08:00,node/6166398253,Panet,,,,41.3861845,2.1430687,0,3.93,91.05,0,20.4
2026-09-16T08:00,node/6182404055,Kasa,,,,41.3861348,2.1656868,0,3.93,91.05,0,20.4
2026-09-16T08:00,node/6188914880,Bella Venezia,,,,41.3965502,2.1644865,0,3.93,91.05,0,20.4
2026-09-16T08:00,node/6188922858,Arc iris,,,,41.3998386,2.1715382,0,3.93,91.05,0,20.4
2026-09-16T08:00,node/6193461695,Sun Market,,,,41.3928465,2.1569854,0,3.93,91.05,0,20.4
2026-09-16T08:00,node/6193479448,Akashi Sushi Bar,,,,41.3923045,2.1558108,0,3.93,91.05,0,20.4
2026-09-16T08:00,node/6200571548,La Svolta,,,,41.4061025,2.1515184,0,3.93,91.05,0,20.4
2026-09-16T08:00,node/6202321417,La Tapeta del Coll,,,,41.4179646,2.1467035,0,3.93,91.05,0,20.4
2026-09-16T08:00,node/6204104907,La Papa,,,,41.3898088,2.1577366,0,3.93,91.05,0,20.4
2026-09-16T08:00,node/6216083704,La Coma,,,,41.3401472,2.1265697,0,3.93,91.05,0,20.4
2026-09-16T08:00,node/6216218158,la Zona,,,,41.3460291,2.1439158,0,3.93,91.05,0,20.4
2026-09-16T08:00,node/6216756977,Estrella de Istanbul,,,,41.4098375,2.1751296,0,3.93,91.05,0,20.4
2026-09-16T08:00,node/6230395442,Akelarre,,,,41.3892275,2.1373726,0,3.93,91.05,0,20.4
2026-09-16T08:00,node/6230407068,Starbucks,,,,41.3951351,2.1581903,0,3.93,91.05,0,20.4
2026-09-16T08:00,node/6232752417,El Taller,,,,41.3587511,2.1404908,0,3.93,91.05,0,20.4
2026-09-16T08:00,node/6237797177,Luri,,,,41.3977931,2.1514901,0,3.93,91.05,0,20.4
2026-09-16T08:00,node/6246525924,in blue,,,,41.3877036,2.1368756,0,3.93,91.05,0,20.4
2026-09-16T08:00,node/6250219942,Al sur,,,,41.3941572,2.1586822,0,3.93,91.05,0,20.4
2026-09-16T08:00,node/6258570565,Dino Pan,,,,41.3824376,2.1318622,0,3.93,91.05,0,20.4
2026-09-16T08:00,node/6258570699,Don Sándwich,,,,41.3820321,2.1315862,0,3.93,91.05,0,20.4
2026-09-16T08:00,node/6258715958,La Lluna de Gavà,,,,41.3672801,2.1403759,0,3.93,91.05,0,20.4
2026-09-16T08:00,node/6258718433,La Toscana,,,,41.3805625,2.1323335,0,3.93,91.05,0,20.4
2026-09-16T08:00,node/6258718652,Cafeteria Melody Bar,,,,41.3779464,2.1338934,0,3.93,91.05,0,20.4
2026-09-16T08:00,node/6258719247,Bar Florida,,,,41.3592896,2.1399844,0,3.93,91.05,0,20.4
2026-09-16T08:00,node/6260784864,La Cabaña,,,,41.3699161,2.1341331,0,3.93,91.05,0,20.4
2026-09-16T08:00,node/6260786193,Goiko Grill,,,,41.3656448,2.1357604,0,3.93,91.05,0,20.4
2026-09-16T08:00,node/6264834185,König,,,,41.3862163,2.1827612,0,3.93,91.05,0,20.4
2026-09-16T08:00,node/6298115913,N.A.P.,,,,41.3774834,2.1900137,0,3.93,91.05,0,20.4
2026-09-16T08:00,node/6316025985,L'Esclop,,,,41.3768262,2.1577412,0,3.93,91.05,0,20.4
2026-09-16T08:00,node/6330973943,Don Kilo,,,,41.3998564,2.1639573,0,3.93,91.05,0,20.4
2026-09-16T08:00,node/6333708759,SandwiChez,,,,41.3941488,2.1694356,0,3.93,91.05,0,20.4
2026-09-16T08:00,node/6334053687,Cafè Yafa,,,,41.3997495,2.1643963,0,3.93,91.05,0,20.4
2026-09-16T08:00,node/6334053692,La Mananta,,,,41.3994169,2.1648424,0,3.93,91.05,0,20.4
2026-09-16T08:00,node/6339732807,La Soca 2,,,,41.3912352,2.1594135,0,3.93,91.05,0,20.4
2026-09-16T08:00,node/6339732809,Creps Barcelona,,,,41.3905618,2.1590619,0,3.93,91.05,0,20.4
2026-09-16T08:00,node/6357834156,Les gens que j'aime bar,,,,41.3936947,2.1648505,0,3.93,91.05,0,20.4
2026-09-16T08:00,node/6381462875,Comarca Cuina L’Hocal,,,,41.3609203,2.1295937,1,3.93,91.05,0,20.4
2026-09-16T08:00,node/6424929026,Cafeteria Samy's,,,,41.3637433,2.1369241,0,3.93,91.05,0,20.4
2026-09-16T08:00,node/6424929700,Sakuraya,,,,41.3653001,2.1307952,0,3.93,91.05,0,20.4
2026-09-16T08:00,node/6431480513,Restaurant Bodega de Tapas,,,,41.3772493,2.1371156,0,3.93,91.05,0,20.4
2026-09-16T08:00,node/6431508292,Bodega Salvat,,,,41.3711848,2.1345217,0,3.93,91.05,0,20.4
2026-09-16T08:00,node/6431508293,Jaqueline's,,,,41.3682256,2.1345214,0,3.93,91.05,0,20.4
2026-09-16T08:00,node/6431508485,Japonia Café,,,,41.3806518,2.1387176,0,3.93,91.05,0,20.4
2026-09-16T08:00,node/6431508488,La Bodegueta de Sants,,,,41.3710695,2.1344235,0,3.93,91.05,0,20.4
2026-09-16T08:00,node/6431512182,Bar Montevideo,,,,41.3693939,2.1342386,0,3.93,91.05,0,20.4
2026-09-16T08:00,node/6431558869,Bar Alegría,,,,41.3629394,2.1373301,0,3.93,91.05,0,20.4
2026-09-16T08:00,node/6431559030,Bar El Faro,,,,41.3628529,2.1373795,0,3.93,91.05,0,20.4
2026-09-16T08:00,node/6433259684,Entre Copas,,,,41.3621672,2.0761548,1,3.93,91.05,0,20.4
2026-09-16T08:00,node/6438381289,Vera Café,,,,41.3883674,2.1779512,0,3.93,91.05,0,20.4
2026-09-16T08:00,node/6441451785,Líder de Istanbul,,,,41.3752687,2.1338088,0,3.93,91.05,0,20.4
2026-09-16T08:00,node/6445233216,Gyoza Bar,,,,41.3931059,2.1798949,0,3.93,91.05,0,20.4
2026-09-16T08:00,node/6450380989,Bar But,,,,41.3979648,2.1593688,0,3.93,91.05,0,20.4
2026-09-16T08:00,node/6450381086,La Porxada,,,,41.4030026,2.1637245,0,3.93,91.05,0,20.4
2026-09-16T08:00,node/6462934229,Concordia,,,,41.3864201,2.1321758,0,3.93,91.05,0,20.4
2026-09-16T08:00,node/6475037976,L'Oasi a Consell,,,,41.3830142,2.1547507,0,3.93,91.05,0,20.4
2026-09-16T08:00,node/6477273844,Fandango,,,,41.3982346,2.1423415,0,3.93,91.05,0,20.4
2026-09-16T08:00,node/6506313588,Antigua,,,,41.3980086,2.1492952,0,3.93,91.05,0,20.4
2026-09-16T08:00,node/6507308246,L'Antica Pizzeria Da Michele,,,,41.3928154,2.1682858,0,3.93,91.05,0,20.4
2026-09-16T08:00,node/6532206187,Yü Sushi,,,,41.4032734,2.2032208,0,3.93,91.05,0,20.4
2026-09-16T08:00,node/6532330793,La Xemeneia,,,,41.4016359,2.2048002,0,3.93,91.05,0,20.4
2026-09-16T08:00,node/6535101686,Alma Loca,,,,41.3992845,2.1970974,0,3.93,91.05,0,20.4
2026-09-16T08:00,node/6538194375,Mr. White,,,,41.3761815,2.1601126,0,3.93,91.05,0,20.4
2026-09-16T08:00,node/6568369188,Elpilar,,,,41.4000903,2.1489875,0,3.93,91.05,0,20.4
2026-09-16T08:00,node/6597321587,Welcome,,,,41.4065151,2.1509474,0,3.93,91.05,0,20.4
2026-09-16T08:00,node/6600189447,café bar juli-mac,,,,41.3782625,2.1239845,0,3.93,91.05,0,20.4
2026-09-16T08:00,node/6642989000,El Pa Sencer,,,,41.3835483,2.1341796,0,3.93,91.05,0,20.4
2026-09-16T08:00,node/6642989001,Ateneu Popular de les Corts,,,,41.3826968,2.1329407,0,3.93,91.05,0,20.4
2026-09-16T08:00,node/6680396487,La prorroga,,,,41.4032976,2.1567512,0,3.93,91.05,0,20.4
2026-09-16T08:00,node/6680687871,La Mar Salada,,,,41.3768035,2.1888904,0,3.93,91.05,0,20.4
2026-09-16T08:00,node/6681709948,Kiltro Gràcia,,,,41.4018317,2.1544539,0,3.93,91.05,0,20.4
2026-09-16T08:00,node/6710510485,Catedral 1951,,,,41.3849142,2.1757337,0,3.93,91.05,0,20.4
2026-09-16T08:00,node/6750944404,Brasaña,,,,41.3605721,2.1345777,0,3.93,91.05,0,20.4
2026-09-16T08:00,node/6757307686,Kitsu,,,,41.4017918,2.1543486,0,3.93,91.05,0,20.4
2026-09-16T08:00,node/6757314489,LomoAlto,,,,41.3936053,2.1663935,0,3.93,91.05,0,20.4
2026-09-16T08:00,node/6766273102,inti & chaska,,,,41.3886755,2.1599487,0,3.93,91.05,0,20.4
2026-09-16T08:00,node/6771863086,Montseny,,,,41.4070642,2.1804416,0,3.93,91.05,0,20.4
2026-09-16T08:00,node/6775495571,El Petit,,,,41.3298893,2.0988681,1,3.93,91.05,0,20.4
2026-09-16T08:00,node/6782427526,Híbrid Cafè Restaurant,,,,41.3771219,2.1203336,0,3.93,91.05,0,20.4
2026-09-16T08:00,node/6786006588,365,,,,41.3820297,2.1697221,0,3.93,91.05,0,20.4
2026-09-16T08:00,node/6790695789,El Rincón de la Abuela Venezolana,,,,41.4058359,2.1788147,0,3.93,91.05,0,20.4
2026-09-16T08:00,node/6805613085,Bar la Cabaña,,,,41.4071784,2.1778546,0,3.93,91.05,0,20.4
2026-09-16T08:00,node/6812099686,La Xurreria de Maria,,,,41.4050102,2.1750002,0,3.93,91.05,0,20.4
2026-09-16T08:00,node/6821384885,Blu Bar,,,,41.3983358,2.2045648,0,3.93,91.05,0,20.4
2026-09-16T08:00,node/6835358009,Murivecci,,,,41.3874075,2.1828282,0,3.93,91.05,0,20.4
2026-09-16T08:00,node/6852974547,Garrido,,,,41.3603039,2.1401381,0,3.93,91.05,0,20.4
2026-09-16T08:00,node/6852994516,La Patatona,,,,41.3604651,2.1400108,0,3.93,91.05,0,20.4
2026-09-16T08:00,node/6855027201,Bar Sandwicheria Enka 3,,,,41.3758876,2.1221107,0,3.93,91.05,0,20.4
2026-09-16T08:00,node/6871523347,Cafe Punto 10,,,,41.3805947,2.1364501,0,3.93,91.05,0,20.4
2026-09-16T08:00,node/6914132390,El Nou Ramonet,,,,41.3817315,2.1876268,0,3.93,91.05,0,20.4
2026-09-16T08:00,node/6946328085,Cremat 11,,,,41.3855109,2.1810205,0,3.93,91.05,0,20.4
2026-09-16T08:00,node/6973926711,Syra Coffee,,,,41.3965047,2.1941864,0,3.93,91.05,0,20.4
2026-09-16T08:00,node/6983227455,SNOOKER - Cocteles y Billarea,,,,41.3921561,2.1703663,0,3.93,91.05,0,20.4
2026-09-16T08:00,node/7002869606,Chebú,,,,41.3791162,2.1515085,0,3.93,91.05,0,20.4
2026-09-16T08:00,node/7003296923,Triple Sec,,,,41.3747448,2.1609868,0,3.93,91.05,0,20.4
2026-09-16T08:00,node/7004598841,Orange Coffee,,,,41.4052864,2.1712189,0,3.93,91.05,0,20.4
2026-09-16T08:00,node/7014308129,Bar Bodega Lentejil,,,,41.4429922,2.2175094,1,3.93,91.05,0,20.4
2026-09-16T08:00,node/7017780931,Yoüme,,,,41.3835882,2.1541892,0,3.93,91.05,0,20.4
2026-09-16T08:00,node/7098025886,El Club del Café,,,,41.4340729,2.1892624,0,3.93,91.05,0,20.4
2026-09-16T08:00,node/7124857728,Cabo,,,,41.3964797,2.1851438,0,3.93,91.05,0,20.4
2026-09-16T08:00,node/7132160620,Santagloria,,,,41.3863926,2.1243567,0,3.93,91.05,0,20.4
2026-09-16T08:00,node/7141587085,La Cereria,,,,41.3815426,2.1767152,0,3.93,91.05,0,20.4
2026-09-16T08:00,node/7150994121,Vivari,,,,41.3998419,2.1775677,0,3.93,91.05,0,20.4
2026-09-16T08:00,node/7234692489,Van van var,,,,41.3942304,2.1901096,0,3.93,91.05,0,20.4
2026-09-16T08:00,node/7318977151,,,,,41.3711664,2.1434617,0,3.93,91.05,0,20.4
2026-09-16T08:00,node/7318977155,Bar Joaquim,,,,41.3704145,2.1424922,0,3.93,91.05,0,20.4
2026-09-16T08:00,node/7318977156,Vivari,,,,41.3686165,2.1410874,0,3.93,91.05,0,20.4
2026-09-16T08:00,node/7431790448,Santagloria,,,,41.3896086,2.1200086,0,3.93,91.05,0,20.4
2026-09-16T08:00,node/7438491414,,,,,41.3733479,2.1301506,0,3.93,91.05,0,20.4
2026-09-16T08:00,node/7504941029,Iberic Fusión Platja,,,,41.4380577,2.2431806,1,3.93,91.05,0,20.4
2026-09-16T08:00,node/7504941031,l'Altre Can Mario's,,,,41.4405591,2.2418866,1,3.93,91.05,0,20.4
2026-09-16T08:00,node/7504941033,L'Esmolet,,,,41.4432993,2.2460741,1,3.93,91.05,0,20.4
2026-09-16T08:00,node/7504941035,la Masia de la Xesca,,,,41.4452013,2.2417838,1,3.93,91.05,0,20.4
2026-09-16T08:00,node/7556742593,Menjador del Centre,,,,41.4009756,2.2000272,0,3.93,91.05,0,20.4
2026-09-16T08:00,node/7563962192,Passeig9,,,,41.4014488,2.2009478,0,3.93,91.05,0,20.4
2026-09-16T08:00,node/7600529740,Restaurante La Flama,,,,41.3514861,2.1114722,1,3.93,91.05,0,20.4
2026-09-16T08:00,node/7618205068,El Pellizquito,,,,41.3501292,2.1105817,1,3.93,91.05,0,20.4
2026-09-16T08:00,node/7640514041,Bar Plaça Carles Buïgas,,,,41.3711833,2.1510204,0,3.93,91.05,0,20.4
2026-09-16T08:00,node/7644933199,Almirall,,,,41.4100171,2.1883052,0,3.93,91.05,0,20.4
2026-09-16T08:00,node/7704818539,Bar Granja Rocxi,,,,41.3744206,2.1339573,0,3.93,91.05,0,20.4
2026-09-16T08:00,node/7704818548,Cafès Caracas,,,,41.3748038,2.1328052,0,3.93,91.05,0,20.4
2026-09-16T08:00,node/7706832792,Cru Sants,,,,41.3721342,2.1286919,0,3.93,91.05,0,20.4
2026-09-16T08:00,node/7736420790,Mamma Italia,,,,41.3764642,2.1234304,0,3.93,91.05,0,20.4
2026-09-16T08:00,node/7772770550,Eqvilibrivm Café,,,,41.3973065,2.1697662,0,3.93,91.05,0,20.4
2026-09-16T08:00,node/7838098454,El Caserón,,,,41.3838275,2.1398498,0,3.93,91.05,0,20.4
2026-09-16T08:00,node/7925586104,Delicream,,,,41.4572921,2.2290688,1,3.93,91.05,0,20.4
2026-09-16T08:00,node/7989010587,Castañeiras,,,,41.4100358,2.1760296,0,3.93,91.05,0,20.4
2026-09-16T08:00,node/7999604058,Lilo brunch,,,,41.3873718,2.1627034,0,3.93,91.05,0,20.4
2026-09-16T08:00,node/7999616840,Bellillo,,,,41.3879362,2.1620483,0,3.93,91.05,0,20.4
2026-09-16T08:00,node/8034999886,Costa Dorada,,,,41.3980284,2.1986941,0,3.93,91.05,0,20.4
2026-09-16T08:00,node/8046554489,Sport,,,,41.4001224,2.2000188,0,3.93,91.05,0,20.4
2026-09-16T08:00,node/8049731595,Echegaray,,,,41.4018684,2.2023424,0,3.93,91.05,0,20.4
2026-09-16T08:00,node/8049732292,Doroteo,,,,41.4029636,2.2006718,0,3.93,91.05,0,20.4
2026-09-16T08:00,node/8064873985,Saramar,,,,41.3957712,2.1953013,0,3.93,91.05,0,20.4
2026-09-16T08:00,node/8077128420,Tío Bigotes,,,,41.4013922,2.2028846,0,3.93,91.05,0,20.4
2026-09-16T08:00,manual/488492e9,Bar Viejo Cafe,Bar,yes,"Carrer de la Independència, 306, Sant Martí, 08026 Barcelona",41.4116,2.1794,0,3.93,91.05,0,20.4
2026-09-16T08:00,manual/c52f6190,New 88 Bar-Cafeteria,bar,yes,,41.4094505,2.1789589,0,3.93,91.05,0,20.4
2026-09-16T08:00,manual/5d2ea7ea,Restaurant Papá Nico,bar,yes,,41.4094505,2.1789589,0,3.93,91.05,0,20.4
2026-09-16T08:00,manual/c980e39e,Restaurant El Clot,restaurant,yes,,41.4087697,2.1875592,0,3.93,91.05,0,20.4
2026-09-16T09:00,relation/18317100,,,,,41.42,2.1188352,1,15.11,101.2,7,21.9
2026-09-16T09:00,node/208984374,Central Rambla,,,,41.3782716,2.1761732,0,15.11,101.2,7,21.9
2026-09-16T09:00,way/217583616,Can Fisher,,,,41.3946034,2.2062292,1,15.11,101.2,7,21.9
2026-09-16T09:00,way/245214117,la Caseta del Migdia,,,,41.3596833,2.1607145,1,15.11,101.2,7,21.9
2026-09-16T09:00,way/246717741,Mirablau,,,,41.4160323,2.1319129,0,15.11,101.2,7,21.9
2026-09-16T09:00,way/249404809,PURO,,,,41.3911248,2.1461635,0,15.11,101.2,7,21.9
2026-09-16T09:00,way/268912897,Can Cortada,,,,41.4362503,2.1524833,1,15.11,101.2,7,21.9
2026-09-16T09:00,way/315387188,Temple del Metall,,,,41.4741706,2.1662317,1,15.11,101.2,7,21.9
2026-09-16T09:00,way/392926648,Pacha,,,,41.3857491,2.1970415,1,15.11,101.2,7,21.9
2026-09-16T09:00,way/412702054,Camping,,,,41.3953192,2.2042386,1,15.11,101.2,7,21.9
2026-09-16T09:00,way/443599336,Asador Casa Juaco,,,,41.4476663,2.1426909,1,15.11,101.2,7,21.9
2026-09-16T09:00,way/446002194,La Base by Farré,,,,41.3967358,2.2101884,1,15.11,101.2,7,21.9
2026-09-16T09:00,node/476327681,Can Paixano,,,,41.3817618,2.1834151,0,15.11,101.2,7,21.9
2026-09-16T09:00,node/506202703,Bar Almogávares,,,,41.3962323,2.1890864,0,15.11,101.2,7,21.9
2026-09-16T09:00,way/519771543,Restaurant Can Cases,,,,41.4343885,2.0985276,1,15.11,101.2,7,21.9
2026-09-16T09:00,node/534367691,Sant Bartomeu,,,,41.3755248,2.1346488,1,15.11,101.2,7,21.9
2026-09-16T09:00,node/643022131,Euro Bar-Tapas,,,,41.4342324,2.2161197,1,15.11,101.2,7,21.9
2026-09-16T09:00,node/643429648,Joan Figuera,,,,41.4336545,2.2169391,1,15.11,101.2,7,21.9
2026-09-16T09:00,node/643496696,El rincón de Willy,,,,41.4380246,2.2180623,1,15.11,101.2,7,21.9
2026-09-16T09:00,node/643496704,Bar Somni d'estiu,,,,41.4382361,2.2166687,1,15.11,101.2,7,21.9
2026-09-16T09:00,way/655221168,L'Ovella Negra Marina,,,,41.3960196,2.1901331,0,15.11,101.2,7,21.9
2026-09-16T09:00,node/660004524,Bocatapa Can Manel,,,,41.4413833,2.2212875,1,15.11,101.2,7,21.9
2026-09-16T09:00,node/672140180,Kasparo,,,,41.3844847,2.1690087,0,15.11,101.2,7,21.9
2026-09-16T09:00,node/704031158,Café Zurich,,,,41.3858504,2.1694606,0,15.11,101.2,7,21.9
2026-09-16T09:00,node/704042058,Starbucks,,,,41.3888305,2.1719117,0,15.11,101.2,7,21.9
2026-09-16T09:00,node/704058886,Tapa Tapa,,,,41.3916926,2.1660167,0,15.11,101.2,7,21.9
2026-09-16T09:00,node/704060428,Oassis Natural Cooking,,,,41.3901637,2.1678915,0,15.11,101.2,7,21.9
2026-09-16T09:00,node/704066257,Ciutat Comtal,,,,41.3888272,2.1668833,0,15.11,101.2,7,21.9
2026-09-16T09:00,node/704066614,Taller de Tapas,,,,41.3905645,2.1639038,0,15.11,101.2,7,21.9
2026-09-16T09:00,way/707305723,Bar Frankfurt Cafeteria Fabregada,,,,41.3561748,2.1108239,1,15.11,101.2,7,21.9
2026-09-16T09:00,node/745947750,Bar Geminis,,,,41.3976224,2.1807778,0,15.11,101.2,7,21.9
2026-09-16T09:00,node/765796519,La Cafetera,,,,41.4049767,2.1575215,0,15.11,101.2,7,21.9
2026-09-16T09:00,node/814006271,Les 15 Nits Bar,,,,41.3804529,2.1749778,0,15.11,101.2,7,21.9
2026-09-16T09:00,node/819552792,Bracafe,,,,41.3944249,2.1675209,0,15.11,101.2,7,21.9
2026-09-16T09:00,node/824476551,Caleuche,,,,41.3761526,2.1686172,0,15.11,101.2,7,21.9
2026-09-16T09:00,node/830462039,Bar Restaurant Angela,,,,41.4043015,2.1949428,0,15.11,101.2,7,21.9
2026-09-16T09:00,way/907005766,Chevy's Bar,,,,41.4143731,2.2289499,1,15.11,101.2,7,21.9
2026-09-16T09:00,way/969257968,,,,,41.3793991,2.1073385,1,15.11,101.2,7,21.9
2026-09-16T09:00,way/1063378975,Bar Restaurant Oliver,,,,41.3469215,2.1546999,0,15.11,101.2,7,21.9
2026-09-16T09:00,node/1072798261,Taverna del Bisbe,,,,41.3849254,2.1766628,0,15.11,101.2,7,21.9
2026-09-16T09:00,node/1072800838,El Cafè D'en Victor,,,,41.3847931,2.1767008,0,15.11,101.2,7,21.9
2026-09-16T09:00,node/1083144027,Los Caracoles,,,,41.3796584,2.1765082,0,15.11,101.2,7,21.9
2026-09-16T09:00,node/1092685793,Elche,,,,41.3739754,2.1691488,0,15.11,101.2,7,21.9
2026-09-16T09:00,way/1112240803,ForumStation,,,,41.4096655,2.2221501,0,15.11,101.2,7,21.9
2026-09-16T09:00,node/1177498341,Casa Vall,,,,41.4074238,2.1585521,0,15.11,101.2,7,21.9
2026-09-16T09:00,node/1192698924,Bilbao Berria,,,,41.3841976,2.1748665,0,15.11,101.2,7,21.9
2026-09-16T09:00,node/1192699873,Tapas 24,,,,41.3908686,2.1674705,0,15.11,101.2,7,21.9
2026-09-16T09:00,way/1200964257,Chiringuito Joan Miro,,,,41.3789977,2.1478116,1,15.11,101.2,7,21.9
2026-09-16T09:00,node/1264182304,Tosca del Carme,,,,41.3819482,2.1695795,0,15.11,101.2,7,21.9
2026-09-16T09:00,node/1280416455,Carballeira,,,,41.4442679,2.2217701,1,15.11,101.2,7,21.9
2026-09-16T09:00,way/1300745688,La Casona de Sant Just,,,,41.3833348,2.0735139,1,15.11,101.2,7,21.9
2026-09-16T09:00,node/1310450869,El Filete Ruso,,,,41.3925451,2.1558968,0,15.11,101.2,7,21.9
2026-09-16T09:00,node/1312325106,La Palmera,,,,41.4144229,2.1385123,0,15.11,101.2,7,21.9
2026-09-16T09:00,node/1314943380,Mescladís del Pou,,,,41.3870865,2.1803497,0,15.11,101.2,7,21.9
2026-09-16T09:00,node/1335697982,,,,,41.3608771,2.1101417,1,15.11,101.2,7,21.9
2026-09-16T09:00,way/1368167814,Natura Beach. El Chiringuito,,,,41.4028929,2.2157443,1,15.11,101.2,7,21.9
2026-09-16T09:00,node/1420760625,Tapeo,,,,41.4044988,2.1554811,0,15.11,101.2,7,21.9
2026-09-16T09:00,node/1420760630,Diamant,,,,41.4042174,2.1555899,0,15.11,101.2,7,21.9
2026-09-16T09:00,node/1428867664,Café Berlin,,,,41.3943566,2.1494599,0,15.11,101.2,7,21.9
2026-09-16T09:00,node/1430537485,Oasis Restaurant,,,,41.3827219,2.1847191,0,15.11,101.2,7,21.9
2026-09-16T09:00,node/1445598557,Bracafe,,,,41.3948025,2.1817533,1,15.11,101.2,7,21.9
2026-09-16T09:00,node/1554649942,Torrades,,,,41.4375721,2.1566095,0,15.11,101.2,7,21.9
2026-09-16T09:00,node/1554649988,La Panera,,,,41.4374756,2.1563359,0,15.11,101.2,7,21.9
2026-09-16T09:00,node/1658425572,Rebeka,,,,41.3967185,2.1890325,0,15.11,101.2,7,21.9
2026-09-16T09:00,node/1685949861,Cerveceria Milenium 2,,,,41.3534566,2.0866307,1,15.11,101.2,7,21.9
2026-09-16T09:00,node/1711342192,Calero's Centre,,,,41.3744728,2.1349721,0,15.11,101.2,7,21.9
2026-09-16T09:00,node/1722136431,Cervecería Catalana,,,,41.3924032,2.1609008,0,15.11,101.2,7,21.9
2026-09-16T09:00,node/1739122591,La Tagliatella,,,,41.3943371,2.1521208,0,15.11,101.2,7,21.9
2026-09-16T09:00,node/1813593370,Bar Capricornio,,,,41.4381257,2.2179547,1,15.11,101.2,7,21.9
2026-09-16T09:00,node/1820633320,CASA TEVA,,,,41.3752815,2.1166845,1,15.11,101.2,7,21.9
2026-09-16T09:00,node/1824133931,Carmesí,,,,41.3737373,2.1644452,0,15.11,101.2,7,21.9
2026-09-16T09:00,node/1948986220,Cafeteria UPF Jaume I,,,,41.3900298,2.1901118,1,15.11,101.2,7,21.9
2026-09-16T09:00,node/1948987514,Cafeteria UPF Roger de Lluria,,,,41.3886776,2.1915119,1,15.11,101.2,7,21.9
2026-09-16T09:00,node/1951812612,Casa Pagès,,,,41.3998447,2.1613114,0,15.11,101.2,7,21.9
2026-09-16T09:00,node/1960366982,Casa Amalia,,,,41.3962525,2.1685646,0,15.11,101.2,7,21.9
2026-09-16T09:00,node/1984001407,Bar de la FIB,,,,41.3894239,2.1132363,0,15.11,101.2,7,21.9
2026-09-16T09:00,node/2034780565,Cerbeseria Lesseps,,,,41.4073551,2.1514486,0,15.11,101.2,7,21.9
2026-09-16T09:00,node/2034780569,L'Brasseria,,,,41.4067629,2.1516314,0,15.11,101.2,7,21.9
2026-09-16T09:00,node/2056517879,Caelum,,,,41.3830524,2.1744369,0,15.11,101.2,7,21.9
2026-09-16T09:00,node/2065469522,Restaurant Pipa,,,,41.3997461,2.2003004,0,15.11,101.2,7,21.9
2026-09-16T09:00,node/2087204991,La Sanguchería,,,,41.3954987,2.1484037,0,15.11,101.2,7,21.9
2026-09-16T09:00,node/2091604731,Tapa Tapa,,,,41.3762094,2.1500463,0,15.11,101.2,7,21.9
2026-09-16T09:00,node/2112843062,El Vaixell-2,,,,41.4541291,2.2350201,1,15.11,101.2,7,21.9
2026-09-16T09:00,node/2165154147,Asador de Lugo,,,,41.3797623,2.1376748,0,15.11,101.2,7,21.9
2026-09-16T09:00,node/2184580476,Bar del Pi,,,,41.3824922,2.1739624,0,15.11,101.2,7,21.9
2026-09-16T09:00,node/2187210264,Sopa,,,,41.4023416,2.1952788,0,15.11,101.2,7,21.9
2026-09-16T09:00,node/2197824500,Tierra del fuego,,,,41.4016702,2.2016399,0,15.11,101.2,7,21.9
2026-09-16T09:00,node/2213839299,Pollo Rico,,,,41.3791045,2.1721976,0,15.11,101.2,7,21.9
2026-09-16T09:00,node/2364075421,Chen-Ji,,,,41.3936143,2.1807074,0,15.11,101.2,7,21.9
2026-09-16T09:00,node/2434563732,La Bella Napoli,,,,41.3743686,2.1637621,0,15.11,101.2,7,21.9
2026-09-16T09:00,node/2442785485,El Círcol,,,,41.4501968,2.2474223,1,15.11,101.2,7,21.9
2026-09-16T09:00,node/2468197823,365 Cafeteria Forn de Pa,,,,41.3752071,2.1635151,0,15.11,101.2,7,21.9
2026-09-16T09:00,node/2476332030,Bar Lennon,,,,41.4028901,2.1612576,0,15.11,101.2,7,21.9
2026-09-16T09:00,node/2500906795,Bar Lúdic Queimada Nivell Q,,,,41.4094152,2.1808913,0,15.11,101.2,7,21.9
2026-09-16T09:00,node/2598482930,Con Gracia,,,,41.3990704,2.1600617,0,15.11,101.2,7,21.9
2026-09-16T09:00,node/2609183969,Fukuoka,,,,41.4022587,2.1612976,0,15.11,101.2,7,21.9
2026-09-16T09:00,node/2610750687,Xiringuito Aigua,,,,41.4096717,2.1683236,1,15.11,101.2,7,21.9
2026-09-16T09:00,node/2618447074,Vegetalia,,,,41.3803973,2.1776952,0,15.11,101.2,7,21.9
2026-09-16T09:00,node/2618538581,Veggie Garden,,,,41.3822767,2.1680336,0,15.11,101.2,7,21.9
2026-09-16T09:00,node/2618538595,Biocenter,,,,41.3825765,2.1694364,0,15.11,101.2,7,21.9
2026-09-16T09:00,node/2684052224,Pai Mei,,,,41.4051863,2.1931071,1,15.11,101.2,7,21.9
2026-09-16T09:00,node/2687089274,Dolça Estona,,,,41.4117096,2.1394938,0,15.11,101.2,7,21.9
2026-09-16T09:00,node/2689736934,Bar Bodega Molina,,,,41.4403298,2.1817019,0,15.11,101.2,7,21.9
2026-09-16T09:00,node/2721077740,Bar Veni,,,,41.3848861,2.1667078,0,15.11,101.2,7,21.9
2026-09-16T09:00,node/2727449418,Las Euras,,,,41.3998785,2.1577187,0,15.11,101.2,7,21.9
2026-09-16T09:00,node/2793491051,La bona tapa,,,,41.4368098,2.2166172,1,15.11,101.2,7,21.9
2026-09-16T09:00,node/2892028393,Kino,,,,41.3825992,2.1665452,0,15.11,101.2,7,21.9
2026-09-16T09:00,node/2892037115,23 Robadors,,,,41.3796029,2.1708903,0,15.11,101.2,7,21.9
2026-09-16T09:00,node/2910255826,Shôko,,,,41.3854991,2.1969746,1,15.11,101.2,7,21.9
2026-09-16T09:00,node/2910255827,Opium,,,,41.3852778,2.1967099,1,15.11,101.2,7,21.9
2026-09-16T09:00,node/2927944587,Tapas Tapas!,,,,41.3745104,2.1829399,1,15.11,101.2,7,21.9
2026-09-16T09:00,node/2951499208,El racó d'en Henry,,,,41.4394757,2.2215013,1,15.11,101.2,7,21.9
2026-09-16T09:00,node/2966340931,El Capritx,,,,41.4022886,2.1998883,0,15.11,101.2,7,21.9
2026-09-16T09:00,node/2968119440,Can Tresó,,,,41.4028999,2.1537483,0,15.11,101.2,7,21.9
2026-09-16T09:00,node/2969276727,La Sirena Verde,,,,41.4027605,2.1657128,0,15.11,101.2,7,21.9
2026-09-16T09:00,node/2969277275,Café de l'Eixample,,,,41.4005021,2.1690108,0,15.11,101.2,7,21.9
2026-09-16T09:00,node/2970751844,Taverna El Disbarat,,,,41.4017728,2.1545227,0,15.11,101.2,7,21.9
2026-09-16T09:00,node/3007755352,La Pausa,,,,41.4071883,2.1557816,0,15.11,101.2,7,21.9
2026-09-16T09:00,node/3007803307,Oh La Lá,,,,41.4460123,2.2485803,1,15.11,101.2,7,21.9
2026-09-16T09:00,node/3048077142,L'Aliança del Poblenou,,,,41.3997067,2.2032276,0,15.11,101.2,7,21.9
2026-09-16T09:00,node/3049368344,Clot76,,,,41.4082815,2.1885259,0,15.11,101.2,7,21.9
2026-09-16T09:00,node/3084370508,Marina Bay By Moncho's,,,,41.3863077,2.1975017,1,15.11,101.2,7,21.9
2026-09-16T09:00,node/3084507933,Caravelle,,,,41.3822872,2.1688475,0,15.11,101.2,7,21.9
2026-09-16T09:00,node/3120072573,Bar Restaurant Nàutic,,,,41.3806088,2.1408397,0,15.11,101.2,7,21.9
2026-09-16T09:00,node/3177990194,Mezcal Taco Bar,,,,41.3830563,2.1554872,0,15.11,101.2,7,21.9
2026-09-16T09:00,node/3270120640,Luigi,,,,41.3862659,2.1753788,0,15.11,101.2,7,21.9
2026-09-16T09:00,node/3271554311,Al Sultán,,,,41.4035661,2.1554863,0,15.11,101.2,7,21.9
2026-09-16T09:00,node/3328694987,Nou Candanchú,,,,41.4005128,2.1576475,0,15.11,101.2,7,21.9
2026-09-16T09:00,node/3339670930,Bahia,,,,41.3803265,2.1774842,0,15.11,101.2,7,21.9
2026-09-16T09:00,node/3441700493,Santos Tapas,,,,41.3818417,2.1745121,0,15.11,101.2,7,21.9
2026-09-16T09:00,node/3491476947,Bar del Pla,,,,41.3856036,2.1800221,0,15.11,101.2,7,21.9
2026-09-16T09:00,node/3496970198,Centre Cívic Can Deu,,,,41.3869027,2.1327794,0,15.11,101.2,7,21.9
2026-09-16T09:00,node/3504769719,El Rincón,,,,41.3908977,2.1900669,0,15.11,101.2,7,21.9
2026-09-16T09:00,node/3517276245,Bar Canigó,,,,41.4029724,2.1579186,0,15.11,101.2,7,21.9
2026-09-16T09:00,node/3522552400,Àpat's,,,,41.3757617,2.1419109,0,15.11,101.2,7,21.9
2026-09-16T09:00,node/3548547194,El Bon Menjador - 2,,,,41.4388101,2.2172863,1,15.11,101.2,7,21.9
2026-09-16T09:00,node/3548548998,Bar Morales,,,,41.4395878,2.2165237,1,15.11,101.2,7,21.9
2026-09-16T09:00,node/3548613495,Bar Paula's Tapería,,,,41.4385437,2.2175484,1,15.11,101.2,7,21.9
2026-09-16T09:00,node/3556089494,Delicias Mediterráneas,,,,41.4415079,2.2267435,1,15.11,101.2,7,21.9
2026-09-16T09:00,node/3556089497,Xurreria Rodríguez,,,,41.4416928,2.2264651,1,15.11,101.2,7,21.9
2026-09-16T09:00,node/3556089803,Bar de La Salut,,,,41.4422594,2.2258792,1,15.11,101.2,7,21.9
2026-09-16T09:00,node/3560942698,Sandvitxeria Alhociema,,,,41.4443624,2.2236761,1,15.11,101.2,7,21.9
2026-09-16T09:00,node/3560955995,Centro Cultural Castellano-manchego,,,,41.4390698,2.2176297,1,15.11,101.2,7,21.9
2026-09-16T09:00,node/3595399490,Bar Familiar,,,,41.4359163,2.2182018,1,15.11,101.2,7,21.9
2026-09-16T09:00,node/3595399769,La granja de Casablanca,,,,41.4357671,2.2189395,1,15.11,101.2,7,21.9
2026-09-16T09:00,node/3595401238,Bar Alcázar,,,,41.4365542,2.2183742,1,15.11,101.2,7,21.9
2026-09-16T09:00,node/3596986411,Agrupación Cultural Galega Agarimos,,,,41.4358268,2.2165495,1,15.11,101.2,7,21.9
2026-09-16T09:00,node/3612059306,Nabuco Tiramisú,,,,41.4004523,2.1577244,0,15.11,101.2,7,21.9
2026-09-16T09:00,node/3620986554,Yamane,,,,41.3868061,2.1808426,0,15.11,101.2,7,21.9
2026-09-16T09:00,node/3620991692,Yamaneko-ryouri,,,,41.4016619,2.1447787,0,15.11,101.2,7,21.9
2026-09-16T09:00,node/3624045193,Bar-Granja Maribel,,,,41.4399092,2.2235793,1,15.11,101.2,7,21.9
2026-09-16T09:00,node/3624045293,Bar La Cantonada,,,,41.4396227,2.2242325,1,15.11,101.2,7,21.9
2026-09-16T09:00,node/3713349650,Groin's,,,,41.4108415,2.1637178,0,15.11,101.2,7,21.9
2026-09-16T09:00,node/3718061014,Bar Calders,,,,41.3764788,2.1623937,0,15.11,101.2,7,21.9
2026-09-16T09:00,node/3730796125,Buenas Migas,,,,41.3975542,2.1587856,0,15.11,101.2,7,21.9
2026-09-16T09:00,node/3761312382,La Fonda,,,,41.3793598,2.1762144,0,15.11,101.2,7,21.9
2026-09-16T09:00,node/3777075876,Oaxaca,,,,41.3821041,2.1838988,1,15.11,101.2,7,21.9
2026-09-16T09:00,node/3779149860,EsPan's,,,,41.4349094,2.2194667,1,15.11,101.2,7,21.9
2026-09-16T09:00,node/3794002044,Samurai Ramen,,,,41.3736753,2.1548947,0,15.11,101.2,7,21.9
2026-09-16T09:00,node/3804046057,Robata Sushi & Grill,,,,41.3904886,2.1585836,0,15.11,101.2,7,21.9
2026-09-16T09:00,node/3809169458,Freiduría El Boquerón,,,,41.4400822,2.2264769,1,15.11,101.2,7,21.9
2026-09-16T09:00,node/3809169459,Marisquería Melchor,,,,41.4401715,2.2266602,1,15.11,101.2,7,21.9
2026-09-16T09:00,node/3809169461,Elhotro bar,,,,41.4401247,2.2268506,1,15.11,101.2,7,21.9
2026-09-16T09:00,node/3809169658,Carte d'Or,,,,41.4403068,2.2274065,1,15.11,101.2,7,21.9
2026-09-16T09:00,node/3809169668,Vivari,,,,41.4408122,2.2271125,1,15.11,101.2,7,21.9
2026-09-16T09:00,node/3809169669,Pantaiberic delicatessen,,,,41.4408174,2.2269502,1,15.11,101.2,7,21.9
2026-09-16T09:00,node/3840009426,La Esquinica,,,,41.4304816,2.1712169,1,15.11,101.2,7,21.9
2026-09-16T09:00,node/3874539219,Café del Centre,,,,41.3946111,2.1712059,0,15.11,101.2,7,21.9
2026-09-16T09:00,node/3890922254,Characato,,,,41.4046885,2.1836218,0,15.11,101.2,7,21.9
2026-09-16T09:00,node/3901403358,Les Dues Sicilies,,,,41.3866097,2.1802613,0,15.11,101.2,7,21.9
2026-09-16T09:00,node/3955968257,El racó de les Glòries,,,,41.3986109,2.1978895,0,15.11,101.2,7,21.9
2026-09-16T09:00,node/4060217594,Matt & Marshall,,,,41.3993348,2.1997769,0,15.11,101.2,7,21.9
2026-09-16T09:00,node/4073605889,Mariscco,,,,41.3804885,2.1753271,0,15.11,101.2,7,21.9
2026-09-16T09:00,node/4126257971,Xixbar,,,,41.3758485,2.1576176,0,15.11,101.2,7,21.9
2026-09-16T09:00,node/4127494769,Vapiano,,,,41.3788941,2.1758361,0,15.11,101.2,7,21.9
2026-09-16T09:00,node/4138815989,Nømad Cøffee,,,,41.3889108,2.1771731,0,15.11,101.2,7,21.9
2026-09-16T09:00,node/4150499794,El 68,,,,41.4023622,2.1612062,1,15.11,101.2,7,21.9
2026-09-16T09:00,node/4166496789,Bar Thonet Grill Room,,,,41.3792408,2.1761073,0,15.11,101.2,7,21.9
2026-09-16T09:00,node/4168100800,Cervecería Frankfurt Europa,,,,41.4396191,2.2191504,1,15.11,101.2,7,21.9
2026-09-16T09:00,node/4225209596,Bar El Velodromo,,,,41.3934442,2.1501395,0,15.11,101.2,7,21.9
2026-09-16T09:00,node/4225810298,Bar Nolla,,,,41.3905504,2.1647825,0,15.11,101.2,7,21.9
2026-09-16T09:00,node/4233959493,Pastisseria Granja,,,,41.3795042,2.1792309,0,15.11,101.2,7,21.9
2026-09-16T09:00,node/4239222689,Rekons,,,,41.3806195,2.1610796,0,15.11,101.2,7,21.9
2026-09-16T09:00,node/4244877765,Bar La Peña,,,,41.4404265,2.2170329,1,15.11,101.2,7,21.9
2026-09-16T09:00,node/4247196393,cal mariner,,,,41.3791754,2.1898206,0,15.11,101.2,7,21.9
2026-09-16T09:00,node/4253851490,El Trencadís,,,,41.3937976,2.1655309,0,15.11,101.2,7,21.9
2026-09-16T09:00,node/4253862889,Hummus,,,,41.3912547,2.1611975,0,15.11,101.2,7,21.9
2026-09-16T09:00,node/4254090289,La tasqueta de Blai,,,,41.3733347,2.1652358,0,15.11,101.2,7,21.9
2026-09-16T09:00,node/4254094290,Rosa Negra,,,,41.3819164,2.1687596,0,15.11,101.2,7,21.9
2026-09-16T09:00,node/4254704967,Firebug Brunch,,,,41.3927459,2.1778691,0,15.11,101.2,7,21.9
2026-09-16T09:00,node/4254996890,La Macchina,,,,41.4030005,2.1535966,0,15.11,101.2,7,21.9
2026-09-16T09:00,node/4267035492,Kebabish,,,,41.4409198,2.2217884,1,15.11,101.2,7,21.9
2026-09-16T09:00,node/4267055591,La cantina del tapeo,,,,41.4420999,2.2200224,1,15.11,101.2,7,21.9
2026-09-16T09:00,node/4278033120,Buenas Migas,,,,41.3838044,2.1696233,0,15.11,101.2,7,21.9
2026-09-16T09:00,node/4283188047,Granja Romaní,,,,41.4348618,2.2179712,1,15.11,101.2,7,21.9
2026-09-16T09:00,node/4283194434,Bar La Paradeta,,,,41.4337773,2.2167771,1,15.11,101.2,7,21.9
2026-09-16T09:00,node/4291934189,Fonda Espanya,,,,41.3799009,2.1728032,0,15.11,101.2,7,21.9
2026-09-16T09:00,node/4306440989,Blai 9,,,,41.3730722,2.1658539,0,15.11,101.2,7,21.9
2026-09-16T09:00,node/4314857689,El punt,,,,41.4413807,2.2316251,1,15.11,101.2,7,21.9
2026-09-16T09:00,node/4314859689,Versace,,,,41.4337089,2.2172203,1,15.11,101.2,7,21.9
2026-09-16T09:00,node/4315715092,Petit Comitè,,,,41.3943551,2.1600308,0,15.11,101.2,7,21.9
2026-09-16T09:00,node/4321183403,Brunch & Cake,,,,41.3882834,2.1615596,0,15.11,101.2,7,21.9
2026-09-16T09:00,node/4336933393,Mayura,,,,41.3938992,2.1720914,0,15.11,101.2,7,21.9
2026-09-16T09:00,node/4340119890,VIENA,,,,41.3579934,2.1293918,1,15.11,101.2,7,21.9
2026-09-16T09:00,node/4349925690,Nemrut,,,,41.3810051,2.1772158,0,15.11,101.2,7,21.9
2026-09-16T09:00,node/4350019284,Palosanto,,,,41.3808122,2.1772701,0,15.11,101.2,7,21.9
2026-09-16T09:00,node/4364289794,Faborit Casa Amatller,,,,41.3915836,2.1650592,0,15.11,101.2,7,21.9
2026-09-16T09:00,node/4386702690,Red Ant Noodle Bar,,,,41.3880129,2.1810961,0,15.11,101.2,7,21.9
2026-09-16T09:00,node/4396244190,Fresc Co,,,,41.3891657,2.1969678,1,15.11,101.2,7,21.9
2026-09-16T09:00,node/4401234193,BlackLab Brewhouse & Kitchen,,,,41.3812305,2.1854573,1,15.11,101.2,7,21.9
2026-09-16T09:00,node/4431102493,Forn Puiggròs,,,,41.4102615,2.1741597,0,15.11,101.2,7,21.9
2026-09-16T09:00,node/4439412389,La Vinya del Senyor,,,,41.3832546,2.1818655,0,15.11,101.2,7,21.9
2026-09-16T09:00,node/4440352791,La Gavina,,,,41.3807532,2.1853211,1,15.11,101.2,7,21.9
2026-09-16T09:00,node/4443367289,Pannus,,,,41.3863691,2.1726728,0,15.11,101.2,7,21.9
2026-09-16T09:00,node/4449185678,Il Caffè di Francesco,,,,41.3908733,2.1652201,0,15.11,101.2,7,21.9
2026-09-16T09:00,node/4451904190,Bar Granadino,,,,41.4404153,2.2238276,1,15.11,101.2,7,21.9
2026-09-16T09:00,node/4451904193,La ciudad de oro,,,,41.4408727,2.2240695,1,15.11,101.2,7,21.9
2026-09-16T09:00,node/4451986792,Cafe Bar Florida,,,,41.4403503,2.2236929,1,15.11,101.2,7,21.9
2026-09-16T09:00,node/4451986793,Bar Amigo,,,,41.4411469,2.2238965,1,15.11,101.2,7,21.9
2026-09-16T09:00,node/4451988991,Bar Frankfurt Jaime,,,,41.4408051,2.2241201,1,15.11,101.2,7,21.9
2026-09-16T09:00,node/4451989090,Entre tapes,,,,41.4423118,2.2237245,1,15.11,101.2,7,21.9
2026-09-16T09:00,node/4451992791,Bar Leo,,,,41.4406309,2.2245529,1,15.11,101.2,7,21.9
2026-09-16T09:00,node/4452031691,Bar La Granja,,,,41.4427953,2.2241899,1,15.11,101.2,7,21.9
2026-09-16T09:00,node/4455238130,Anahuac,,,,41.3965161,2.1513989,0,15.11,101.2,7,21.9
2026-09-16T09:00,node/4461595656,Cafeteria de la Biblioteca Jaumer Fuster,,,,41.4075557,2.1493457,1,15.11,101.2,7,21.9
2026-09-16T09:00,node/4470059420,Mesón Gallego,,,,41.3818896,2.0709288,1,15.11,101.2,7,21.9
2026-09-16T09:00,node/4486639527,Boldú,,,,41.3973783,2.1517865,0,15.11,101.2,7,21.9
2026-09-16T09:00,node/4486683966,La Tagliatella,,,,41.3974141,2.1514101,0,15.11,101.2,7,21.9
2026-09-16T09:00,node/4503193765,Bicioci,,,,41.3999229,2.1619101,0,15.11,101.2,7,21.9
2026-09-16T09:00,node/4509411660,Bar Mediterráneo,,,,41.4343007,2.2180868,1,15.11,101.2,7,21.9
2026-09-16T09:00,node/4516538193,Más Que Sushi,,,,41.3774227,2.1527247,0,15.11,101.2,7,21.9
2026-09-16T09:00,node/4516600994,Salambó,,,,41.4044546,2.1576355,0,15.11,101.2,7,21.9
2026-09-16T09:00,node/4520259289,Cachitos,,,,41.3953057,2.1536913,0,15.11,101.2,7,21.9
2026-09-16T09:00,node/4572063790,Cafetería 365,,,,41.3744652,2.1675541,0,15.11,101.2,7,21.9
2026-09-16T09:00,node/4580517495,Cadaqués,,,,41.4004717,2.1574102,0,15.11,101.2,7,21.9
2026-09-16T09:00,node/4591423938,Arabia Cafe,,,,41.3796023,2.1762764,0,15.11,101.2,7,21.9
2026-09-16T09:00,node/4602957463,Otafuku Daifuku,,,,41.3861633,2.1813225,0,15.11,101.2,7,21.9
2026-09-16T09:00,node/4631918790,Casa López,,,,41.4047191,2.1550626,0,15.11,101.2,7,21.9
2026-09-16T09:00,node/4643974106,Kyoka Via Augusta,,,,41.3979693,2.1315017,1,15.11,101.2,7,21.9
2026-09-16T09:00,node/4654613659,afiparc,,,,41.4134414,2.1527296,0,15.11,101.2,7,21.9
2026-09-16T09:00,node/4668687590,Can Vilaró,,,,41.3779004,2.1617005,0,15.11,101.2,7,21.9
2026-09-16T09:00,node/4673198082,Montesquiu,,,,41.4046825,2.1325233,0,15.11,101.2,7,21.9
2026-09-16T09:00,node/4680760648,Sushi Taller,,,,41.4048621,2.1326565,0,15.11,101.2,7,21.9
2026-09-16T09:00,node/4681801089,Orxateria la Valenciana,,,,41.3863413,2.1622578,0,15.11,101.2,7,21.9
2026-09-16T09:00,node/4704972453,majide,,,,41.3849224,2.1674688,0,15.11,101.2,7,21.9
2026-09-16T09:00,node/4709933976,Sottovoce,,,,41.3579226,2.1294974,1,15.11,101.2,7,21.9
2026-09-16T09:00,node/4711659235,Casa Lolea,,,,41.3888056,2.1771897,0,15.11,101.2,7,21.9
2026-09-16T09:00,node/4720526074,El Charrito,,,,41.3896183,2.1662427,0,15.11,101.2,7,21.9
2026-09-16T09:00,node/4721286889,Prodigi,,,,41.3985973,2.1659559,1,15.11,101.2,7,21.9
2026-09-16T09:00,node/4726582894,Catalina Cafe,,,,41.3862071,2.1793039,0,15.11,101.2,7,21.9
2026-09-16T09:00,node/4726583193,Betlem,,,,41.3949258,2.1712207,0,15.11,101.2,7,21.9
2026-09-16T09:00,node/4727975192,La Coruña,,,,41.4083413,2.1851911,0,15.11,101.2,7,21.9
2026-09-16T09:00,node/4728103192,Cafè Arrels,,,,41.4137041,2.1809929,0,15.11,101.2,7,21.9
2026-09-16T09:00,node/4729343193,Cervecería Frankfurt El Molino,,,,41.3746194,2.1669636,0,15.11,101.2,7,21.9
2026-09-16T09:00,node/4735766123,I'll Pomo d'Oro,,,,41.3926987,2.1585151,0,15.11,101.2,7,21.9
2026-09-16T09:00,node/4743830714,Casa Escarré (Joan's),,,,41.3747567,2.1427755,0,15.11,101.2,7,21.9
2026-09-16T09:00,node/4751727952,Bar Ribalda,,,,41.4026552,2.1328307,0,15.11,101.2,7,21.9
2026-09-16T09:00,node/4755496723,Brewdog,,,,41.3857301,2.1581661,0,15.11,101.2,7,21.9
2026-09-16T09:00,node/4756509699,Morro fi,,,,41.3833069,2.1550311,0,15.11,101.2,7,21.9
2026-09-16T09:00,node/4776357929,Tomodachi,,,,41.4053891,2.1644663,0,15.11,101.2,7,21.9
2026-09-16T09:00,node/4778618049,De Gustibus Italiae,,,,41.4027491,2.1330183,0,15.11,101.2,7,21.9
2026-09-16T09:00,node/4784670742,Índigo Café,,,,41.3874831,2.1626443,0,15.11,101.2,7,21.9
2026-09-16T09:00,node/4792724121,Venus Delicatessen Barcelona,,,,41.3807065,2.1779781,0,15.11,101.2,7,21.9
2026-09-16T09:00,node/4802341078,El Quatre,,,,41.4031267,2.1333762,0,15.11,101.2,7,21.9
2026-09-16T09:00,node/4805335780,Madonna Vegan,,,,41.3812162,2.1671279,0,15.11,101.2,7,21.9
2026-09-16T09:00,node/4816093515,Olímpic Bar,,,,41.4422394,2.2177816,1,15.11,101.2,7,21.9
2026-09-16T09:00,node/4822739686,Bar El Racó,,,,41.4417497,2.2212713,1,15.11,101.2,7,21.9
2026-09-16T09:00,node/4838956921,Supra,,,,41.3910798,2.1613999,0,15.11,101.2,7,21.9
2026-09-16T09:00,node/4844565923,Pampa Drugstore,,,,41.3827176,2.1712051,0,15.11,101.2,7,21.9
2026-09-16T09:00,node/4847673021,Usagui,,,,41.4021671,2.1463849,0,15.11,101.2,7,21.9
2026-09-16T09:00,node/4859449960,Restaurant el Magatzem,,,,41.3805096,2.1863595,0,15.11,101.2,7,21.9
2026-09-16T09:00,node/4859450597,Restaurant Cal Pinxo,,,,41.3806265,2.1855795,1,15.11,101.2,7,21.9
2026-09-16T09:00,node/4867833221,Pizzeria El Mundo,,,,41.3751322,2.1231212,0,15.11,101.2,7,21.9
2026-09-16T09:00,node/4881181797,Sierra Nevada,,,,41.4420581,2.1834715,0,15.11,101.2,7,21.9
2026-09-16T09:00,node/4903340658,El Ramblero,,,,41.4219271,2.1969049,0,15.11,101.2,7,21.9
2026-09-16T09:00,node/4906736149,L'Olivera,,,,41.4058547,2.1893093,0,15.11,101.2,7,21.9
2026-09-16T09:00,node/4917663030,Picnic,,,,41.4179648,2.1988442,0,15.11,101.2,7,21.9
2026-09-16T09:00,node/4937772721,Vila's Bar,,,,41.4059086,2.1571314,0,15.11,101.2,7,21.9
2026-09-16T09:00,node/4938104321,Hammock Juice Station,,,,41.3971863,2.1671778,0,15.11,101.2,7,21.9
2026-09-16T09:00,node/4973805221,Brunch & Cake by the sea,,,,41.3809714,2.1872568,0,15.11,101.2,7,21.9
2026-09-16T09:00,node/4973805421,Quinoa Aragó Vegetarià,,,,41.3886233,2.1598684,0,15.11,101.2,7,21.9
2026-09-16T09:00,node/4977546909,Tonkotsu,,,,41.3938467,2.1650368,0,15.11,101.2,7,21.9
2026-09-16T09:00,node/4983764927,Cervecería-Frankfurt,,,,41.4394391,2.2207951,1,15.11,101.2,7,21.9
2026-09-16T09:00,node/4983764935,Max Bar,,,,41.4401476,2.2214687,1,15.11,101.2,7,21.9
2026-09-16T09:00,node/4983764944,Bar Verín,,,,41.4396911,2.2210187,1,15.11,101.2,7,21.9
2026-09-16T09:00,node/4983764949,Bar R'Aurora,,,,41.4400582,2.2213943,1,15.11,101.2,7,21.9
2026-09-16T09:00,node/4983764952,Trocadero,,,,41.4385047,2.2204982,1,15.11,101.2,7,21.9
2026-09-16T09:00,node/4983764957,Bar La Alpujarra,,,,41.4420698,2.2228867,1,15.11,101.2,7,21.9
2026-09-16T09:00,node/4983764958,Sant Mori,,,,41.4390777,2.2210618,1,15.11,101.2,7,21.9
2026-09-16T09:00,node/4983764960,El buen gusto,,,,41.4411919,2.2225719,1,15.11,101.2,7,21.9
2026-09-16T09:00,node/4983764965,Bar Junior Bodega,,,,41.4417139,2.2225318,1,15.11,101.2,7,21.9
2026-09-16T09:00,node/4983764975,Bar Satisfecho,,,,41.4385461,2.2198488,1,15.11,101.2,7,21.9
2026-09-16T09:00,node/4983765002,Bar sushi Salon,,,,41.4425727,2.2233672,1,15.11,101.2,7,21.9
2026-09-16T09:00,node/4983765004,Corre que se acaban,,,,41.4392453,2.2212328,1,15.11,101.2,7,21.9
2026-09-16T09:00,node/4983765005,365,,,,41.4403303,2.2225575,1,15.11,101.2,7,21.9
2026-09-16T09:00,node/4984256695,Pampa Mía,,,,41.4085709,2.2035603,0,15.11,101.2,7,21.9
2026-09-16T09:00,node/4991221422,Salterio,,,,41.3825107,2.1760837,0,15.11,101.2,7,21.9
2026-09-16T09:00,node/5007434606,La Balmesina,,,,41.3970301,2.1522555,0,15.11,101.2,7,21.9
2026-09-16T09:00,node/5010794721,Syra Coffee,,,,41.4014925,2.1595216,0,15.11,101.2,7,21.9
2026-09-16T09:00,node/5010794821,Nomad Frutas Selectas,,,,41.3979292,2.1955517,0,15.11,101.2,7,21.9
2026-09-16T09:00,node/5023905423,Petra,,,,41.4038883,2.1551166,0,15.11,101.2,7,21.9
2026-09-16T09:00,node/5028969022,Guzzo,,,,41.3850929,2.1836594,0,15.11,101.2,7,21.9
2026-09-16T09:00,node/5030247521,La Pantera Rosa,,,,41.4010493,2.1525903,0,15.11,101.2,7,21.9
2026-09-16T09:00,node/5037900607,Orio,,,,41.3819545,2.1763606,0,15.11,101.2,7,21.9
2026-09-16T09:00,node/5048602525,Blau Cel,,,,41.4043091,2.1612896,0,15.11,101.2,7,21.9
2026-09-16T09:00,node/5053669724,La Xula Taperia,,,,41.4023295,2.1586126,0,15.11,101.2,7,21.9
2026-09-16T09:00,node/5081388242,La Raposa,,,,41.3725137,2.1639527,0,15.11,101.2,7,21.9
2026-09-16T09:00,node/5082277825,Vermuteria Puigmartí,,,,41.4013967,2.1590604,0,15.11,101.2,7,21.9
2026-09-16T09:00,node/5082277826,Caracas,,,,41.4020908,2.1601676,0,15.11,101.2,7,21.9
2026-09-16T09:00,node/5082288821,Curuba,,,,41.3999554,2.1574731,0,15.11,101.2,7,21.9
2026-09-16T09:00,node/5086827321,Metric Market,,,,41.3916196,2.1419287,0,15.11,101.2,7,21.9
2026-09-16T09:00,node/5088945722,La Juanola,,,,41.4066765,2.1569377,0,15.11,101.2,7,21.9
2026-09-16T09:00,node/5089333723,Ciuri‘s,,,,41.4052466,2.1565749,0,15.11,101.2,7,21.9
2026-09-16T09:00,node/5105012628,Entre Hores,,,,41.4030943,2.1577829,0,15.11,101.2,7,21.9
2026-09-16T09:00,node/5109943322,Intrèpid,,,,41.4043018,2.1550041,0,15.11,101.2,7,21.9
2026-09-16T09:00,node/5110964523,La Trobada,,,,41.4015625,2.1520155,0,15.11,101.2,7,21.9
2026-09-16T09:00,node/5111094221,El Dorado Chicken,,,,41.3930251,2.1579995,0,15.11,101.2,7,21.9
2026-09-16T09:00,node/5113896626,Granja Fimon's,,,,41.4477805,2.2438919,1,15.11,101.2,7,21.9
2026-09-16T09:00,node/5118124314,Kebab Bocateli,,,,41.4426035,2.2166674,1,15.11,101.2,7,21.9
2026-09-16T09:00,node/5118126421,Bar Frankfurt Polideportivo,,,,41.4429429,2.2162226,1,15.11,101.2,7,21.9
2026-09-16T09:00,node/5118126428,Granja Modesto,,,,41.4343689,2.2158958,1,15.11,101.2,7,21.9
2026-09-16T09:00,node/5118126435,Cafeteria i Forn de pa Grey,,,,41.4332655,2.2174982,1,15.11,101.2,7,21.9
2026-09-16T09:00,node/5118126438,Frankfurt Piscis,,,,41.4360107,2.2158678,1,15.11,101.2,7,21.9
2026-09-16T09:00,node/5118126440,Bar Julio,,,,41.4348299,2.2151483,1,15.11,101.2,7,21.9
2026-09-16T09:00,node/5118126443,Bar Beethoven,,,,41.4328863,2.2181523,1,15.11,101.2,7,21.9
2026-09-16T09:00,node/5118126453,Bar Bondia,,,,41.4342763,2.2160261,1,15.11,101.2,7,21.9
2026-09-16T09:00,node/5128075585,Monkey Factory,,,,41.3927261,2.1544614,0,15.11,101.2,7,21.9
2026-09-16T09:00,node/5137360822,El Jardí,,,,41.4475237,2.2469586,1,15.11,101.2,7,21.9
2026-09-16T09:00,node/5144745888,Bar La Imperial,,,,41.4372451,2.2200669,1,15.11,101.2,7,21.9
2026-09-16T09:00,node/5144745889,Gabi,,,,41.4372105,2.2199582,1,15.11,101.2,7,21.9
2026-09-16T09:00,node/5144745893,Bar India,,,,41.4420657,2.2284253,1,15.11,101.2,7,21.9
2026-09-16T09:00,node/5144745896,Mokka,,,,41.4371063,2.2201689,1,15.11,101.2,7,21.9
2026-09-16T09:00,node/5156690125,Loc,,,,41.4351636,2.2283155,1,15.11,101.2,7,21.9
2026-09-16T09:00,node/5160440326,Les Termes Bdn,,,,41.4520115,2.2476488,1,15.11,101.2,7,21.9
2026-09-16T09:00,node/5167185733,La Sucursal,,,,41.3806502,2.1611889,0,15.11,101.2,7,21.9
2026-09-16T09:00,node/5167569072,El Mercader de L'Eixample,,,,41.3923316,2.1603286,0,15.11,101.2,7,21.9
2026-09-16T09:00,node/5168232324,Colmado,,,,41.3819235,2.1744264,0,15.11,101.2,7,21.9
2026-09-16T09:00,node/5175039621,Green's,,,,41.3959672,2.1496553,0,15.11,101.2,7,21.9
2026-09-16T09:00,node/5176233727,Els Porxos,,,,41.4031581,2.1751611,0,15.11,101.2,7,21.9
2026-09-16T09:00,node/5182260830,Catafal,,,,41.4088089,2.1468574,0,15.11,101.2,7,21.9
2026-09-16T09:00,node/5190930121,Casa Ángel,,,,41.4070235,2.1818566,0,15.11,101.2,7,21.9
2026-09-16T09:00,node/5192085421,Esterri,,,,41.3812805,2.1618108,0,15.11,101.2,7,21.9
2026-09-16T09:00,node/5198200824,Copa d'Or,,,,41.3963876,2.1688461,0,15.11,101.2,7,21.9
2026-09-16T09:00,node/5198200829,Gyoza Bistró,,,,41.3940771,2.1723519,0,15.11,101.2,7,21.9
2026-09-16T09:00,node/5198201036,Nou Can Codina,,,,41.3989586,2.1608728,0,15.11,101.2,7,21.9
2026-09-16T09:00,node/5198201122,La Particcela,,,,41.3961328,2.1697679,0,15.11,101.2,7,21.9
2026-09-16T09:00,node/5198201124,Riko's Braseria - Restaurante,,,,41.3929731,2.1692667,0,15.11,101.2,7,21.9
2026-09-16T09:00,node/5199743028,seven7seven,,,,41.3898868,2.1622344,0,15.11,101.2,7,21.9
2026-09-16T09:00,node/5207046925,Sense Nom,,,,41.3843558,2.1622563,0,15.11,101.2,7,21.9
2026-09-16T09:00,node/5207067522,El Maravillas,,,,41.3868914,2.1323626,0,15.11,101.2,7,21.9
2026-09-16T09:00,node/5208223424,Bonastre,,,,41.3774986,2.1587463,0,15.11,101.2,7,21.9
2026-09-16T09:00,node/5212252535,Tariq,,,,41.4477214,2.2405051,1,15.11,101.2,7,21.9
2026-09-16T09:00,node/5218828496,Conecta,,,,41.4388265,2.2253266,1,15.11,101.2,7,21.9
2026-09-16T09:00,node/5218828499,Sweet dolç,,,,41.4385456,2.2254351,1,15.11,101.2,7,21.9
2026-09-16T09:00,node/5226505321,Bodega E. Marin,,,,41.4025586,2.1609645,0,15.11,101.2,7,21.9
2026-09-16T09:00,node/5228942946,La Pubilla,,,,41.3995748,2.1536674,0,15.11,101.2,7,21.9
2026-09-16T09:00,node/5237627856,Tasmango Dessert,,,,41.3909254,2.1784375,0,15.11,101.2,7,21.9
2026-09-16T09:00,node/5238186123,Lennox,,,,41.3834186,2.1829502,0,15.11,101.2,7,21.9
2026-09-16T09:00,node/5271863048,Rest. Alexandre,,,,41.4322501,2.1835476,0,15.11,101.2,7,21.9
2026-09-16T09:00,node/5286467104,Granja Monsul,,,,41.4437723,2.2239591,1,15.11,101.2,7,21.9
2026-09-16T09:00,node/5298404593,Próspero,,,,41.4382431,2.2237839,1,15.11,101.2,7,21.9
2026-09-16T09:00,node/5298404603,Bar Salamanca,,,,41.4388532,2.2246477,1,15.11,101.2,7,21.9
2026-09-16T09:00,node/5298405327,Bar Benuga,,,,41.4383471,2.2243229,1,15.11,101.2,7,21.9
2026-09-16T09:00,node/5298405384,Bar Rocío Los Cazadores,,,,41.4389682,2.2252641,1,15.11,101.2,7,21.9
2026-09-16T09:00,node/5299921764,Bar Crack,,,,41.4343466,2.2189911,1,15.11,101.2,7,21.9
2026-09-16T09:00,node/5299921811,Can Daura,,,,41.4358077,2.2218721,1,15.11,101.2,7,21.9
2026-09-16T09:00,node/5299922525,Bar La Imperial,,,,41.4354603,2.2205399,1,15.11,101.2,7,21.9
2026-09-16T09:00,node/5299922526,Bar Marta,,,,41.4349148,2.2200469,1,15.11,101.2,7,21.9
2026-09-16T09:00,node/5313632423,365,,,,41.3789307,2.1718613,0,15.11,101.2,7,21.9
2026-09-16T09:00,node/5327570662,Ancestral,,,,41.3977332,2.1656576,0,15.11,101.2,7,21.9
2026-09-16T09:00,node/5347967007,Bar Marín,,,,41.4474106,2.2217195,1,15.11,101.2,7,21.9
2026-09-16T09:00,node/5347967009,Bar La Cantonada,,,,41.4474812,2.2209325,1,15.11,101.2,7,21.9
2026-09-16T09:00,node/5363964402,El gran croissant,,,,41.4359355,2.2167366,1,15.11,101.2,7,21.9
2026-09-16T09:00,node/5395531687,Las Marismas,,,,41.3701297,2.1215161,1,15.11,101.2,7,21.9
2026-09-16T09:00,node/5407919537,El Yate,,,,41.4039787,2.1367463,0,15.11,101.2,7,21.9
2026-09-16T09:00,node/5417517130,Tou Kichi Rou,,,,41.3919953,2.1432267,0,15.11,101.2,7,21.9
2026-09-16T09:00,node/5418243448,La Pampa,,,,41.3793623,2.1879402,0,15.11,101.2,7,21.9
2026-09-16T09:00,node/5418243450,els maians,,,,41.3786757,2.1882219,0,15.11,101.2,7,21.9
2026-09-16T09:00,node/5418243451,no30,,,,41.3791653,2.1879988,0,15.11,101.2,7,21.9
2026-09-16T09:00,node/5418243452,Lolita,,,,41.3783615,2.1882936,0,15.11,101.2,7,21.9
2026-09-16T09:00,node/5418243454,Reina Margherita,,,,41.3792655,2.1879835,0,15.11,101.2,7,21.9
2026-09-16T09:00,node/5434314893,PolkaBarcelona,,,,41.3859057,2.1326565,0,15.11,101.2,7,21.9
2026-09-16T09:00,node/5485540627,Bar Placídia,,,,41.3999472,2.1524915,0,15.11,101.2,7,21.9
2026-09-16T09:00,node/5487473548,Cafè Mos,,,,41.4143487,2.1384116,0,15.11,101.2,7,21.9
2026-09-16T09:00,node/5498351755,365 Cafeteria Forn de Pa,,,,41.3747778,2.1626826,0,15.11,101.2,7,21.9
2026-09-16T09:00,node/5509139428,La Carmanyola,,,,41.4013829,2.2068942,1,15.11,101.2,7,21.9
2026-09-16T09:00,node/5536153362,Cafeteria La Dona,,,,41.4396715,2.2242727,1,15.11,101.2,7,21.9
2026-09-16T09:00,node/5564055763,Panda & Smile,,,,41.3842068,2.1585673,0,15.11,101.2,7,21.9
2026-09-16T09:00,node/5564064431,Atrapatapa,,,,41.3832362,2.1568636,0,15.11,101.2,7,21.9
2026-09-16T09:00,node/5595134220,Cervecería Amoretty's 3,,,,41.4412382,2.2200117,1,15.11,101.2,7,21.9
2026-09-16T09:00,node/5606506169,Sincopa,,,,41.3803881,2.1789886,0,15.11,101.2,7,21.9
2026-09-16T09:00,node/5611733921,Buenas Migas,,,,41.4024253,2.1743326,0,15.11,101.2,7,21.9
2026-09-16T09:00,node/5617465886,Amateur,,,,41.3967536,2.1962847,0,15.11,101.2,7,21.9
2026-09-16T09:00,node/5646412432,Made in Sicily,,,,41.4483394,2.2490191,1,15.11,101.2,7,21.9
2026-09-16T09:00,node/5646415922,La Bella Istambul,,,,41.4479233,2.2494906,1,15.11,101.2,7,21.9
2026-09-16T09:00,node/5658288082,Can Teixidó,,,,41.4491148,2.2483189,1,15.11,101.2,7,21.9
2026-09-16T09:00,node/5663240986,Cafè Escac,,,,41.3837378,2.1695562,0,15.11,101.2,7,21.9
2026-09-16T09:00,node/5676005621,CACHO,,,,41.3931048,2.1910878,1,15.11,101.2,7,21.9
2026-09-16T09:00,node/5718757792,360°,,,,41.3790957,2.1696433,0,15.11,101.2,7,21.9
2026-09-16T09:00,node/5793057257,Bar Granja el Chiquitín,,,,41.4398176,2.2263171,1,15.11,101.2,7,21.9
2026-09-16T09:00,node/5796742218,The Clock,,,,41.3754168,2.1482785,1,15.11,101.2,7,21.9
2026-09-16T09:00,node/5805410453,Morrow Coffee,,,,41.3771392,2.1513283,0,15.11,101.2,7,21.9
2026-09-16T09:00,node/5806521955,Paisano Bistró,,,,41.4048549,2.1759323,0,15.11,101.2,7,21.9
2026-09-16T09:00,node/5856758686,El racó de les tapes,,,,41.4357708,2.1910224,0,15.11,101.2,7,21.9
2026-09-16T09:00,node/5878496985,UDON,,,,41.4051569,2.1921906,0,15.11,101.2,7,21.9
2026-09-16T09:00,node/5916157285,Bar Castells,,,,41.3841472,2.1698121,0,15.11,101.2,7,21.9
2026-09-16T09:00,node/5923867889,,,,,41.4406062,2.2451514,1,15.11,101.2,7,21.9
2026-09-16T09:00,node/5930228787,Mi casa,,,,41.3993608,2.1535771,0,15.11,101.2,7,21.9
2026-09-16T09:00,node/5933808740,Kserol,,,,41.3986236,2.1753141,0,15.11,101.2,7,21.9
2026-09-16T09:00,node/5944781772,Restaurante Burning Rock&Food,,,,41.3746837,2.1311612,0,15.11,101.2,7,21.9
2026-09-16T09:00,node/5951964888,el Fornet,,,,41.3882003,2.1723419,0,15.11,101.2,7,21.9
2026-09-16T09:00,node/5972440521,Feroz,,,,41.3965882,2.1508404,0,15.11,101.2,7,21.9
2026-09-16T09:00,node/5980982393,Pepa Tomate,,,,41.3767661,2.1627826,0,15.11,101.2,7,21.9
2026-09-16T09:00,node/6000108088,La Neura,,,,41.4002093,2.1660134,0,15.11,101.2,7,21.9
2026-09-16T09:00,node/6009236381,Mesón Balouta,,,,41.4384121,2.1649296,0,15.11,101.2,7,21.9
2026-09-16T09:00,node/6010958538,Bar Avenida,,,,41.4371962,2.2238498,1,15.11,101.2,7,21.9
2026-09-16T09:00,node/6010958540,Bar Trébol BCN,,,,41.4352675,2.2193633,1,15.11,101.2,7,21.9
2026-09-16T09:00,node/6027971388,Novell,,,,41.4070495,2.1667319,0,15.11,101.2,7,21.9
2026-09-16T09:00,node/6038827086,Honest Greens,,,,41.3986972,2.1569862,0,15.11,101.2,7,21.9
2026-09-16T09:00,node/6066258257,Bar Roma Sports,,,,41.4449369,2.2223513,1,15.11,101.2,7,21.9
2026-09-16T09:00,node/6089625321,Vivari,,,,41.3973187,2.1676233,0,15.11,101.2,7,21.9
2026-09-16T09:00,node/6093865396,The FRESH POKE,,,,41.3975268,2.1644457,0,15.11,101.2,7,21.9
2026-09-16T09:00,node/6093944886,Nicasso,,,,41.4072456,2.1873211,0,15.11,101.2,7,21.9
2026-09-16T09:00,node/6096656135,Yoi Yoi Gion,,,,41.3965593,2.1606187,0,15.11,101.2,7,21.9
2026-09-16T09:00,node/6104559348,Belles Arts II,,,,41.3872827,2.1361782,0,15.11,101.2,7,21.9
2026-09-16T09:00,node/6104561002,Toyodo,,,,41.3866914,2.1375355,0,15.11,101.2,7,21.9
2026-09-16T09:00,node/6106764321,Il Caffe di Francesco,,,,41.3930707,2.1642758,0,15.11,101.2,7,21.9
2026-09-16T09:00,node/6109526596,El Cuiner de Damasc,,,,41.3814196,2.1776754,0,15.11,101.2,7,21.9
2026-09-16T09:00,node/6110978486,Bonaparte,,,,41.4775805,2.0724847,1,15.11,101.2,7,21.9
2026-09-16T09:00,node/6123253862,Bar Granja Oasis,,,,41.3505068,2.1127043,1,15.11,101.2,7,21.9
2026-09-16T09:00,node/6126749461,Cantero,,,,41.3942111,2.1902433,0,15.11,101.2,7,21.9
2026-09-16T09:00,node/6164234382,Poké Sí,,,,41.4052321,2.1924708,1,15.11,101.2,7,21.9
2026-09-16T09:00,node/6164236104,Palo Verde,,,,41.4047343,2.1968042,0,15.11,101.2,7,21.9
2026-09-16T09:00,node/6166398253,Panet,,,,41.3861845,2.1430687,0,15.11,101.2,7,21.9
2026-09-16T09:00,node/6182404055,Kasa,,,,41.3861348,2.1656868,0,15.11,101.2,7,21.9
2026-09-16T09:00,node/6188914880,Bella Venezia,,,,41.3965502,2.1644865,0,15.11,101.2,7,21.9
2026-09-16T09:00,node/6188922858,Arc iris,,,,41.3998386,2.1715382,0,15.11,101.2,7,21.9
2026-09-16T09:00,node/6193461695,Sun Market,,,,41.3928465,2.1569854,0,15.11,101.2,7,21.9
2026-09-16T09:00,node/6193479448,Akashi Sushi Bar,,,,41.3923045,2.1558108,0,15.11,101.2,7,21.9
2026-09-16T09:00,node/6200571548,La Svolta,,,,41.4061025,2.1515184,0,15.11,101.2,7,21.9
2026-09-16T09:00,node/6202321417,La Tapeta del Coll,,,,41.4179646,2.1467035,1,15.11,101.2,7,21.9
2026-09-16T09:00,node/6204104907,La Papa,,,,41.3898088,2.1577366,0,15.11,101.2,7,21.9
2026-09-16T09:00,node/6216083704,La Coma,,,,41.3401472,2.1265697,1,15.11,101.2,7,21.9
2026-09-16T09:00,node/6216218158,la Zona,,,,41.3460291,2.1439158,0,15.11,101.2,7,21.9
2026-09-16T09:00,node/6216756977,Estrella de Istanbul,,,,41.4098375,2.1751296,0,15.11,101.2,7,21.9
2026-09-16T09:00,node/6230395442,Akelarre,,,,41.3892275,2.1373726,0,15.11,101.2,7,21.9
2026-09-16T09:00,node/6230407068,Starbucks,,,,41.3951351,2.1581903,0,15.11,101.2,7,21.9
2026-09-16T09:00,node/6232752417,El Taller,,,,41.3587511,2.1404908,0,15.11,101.2,7,21.9
2026-09-16T09:00,node/6237797177,Luri,,,,41.3977931,2.1514901,0,15.11,101.2,7,21.9
2026-09-16T09:00,node/6246525924,in blue,,,,41.3877036,2.1368756,0,15.11,101.2,7,21.9
2026-09-16T09:00,node/6250219942,Al sur,,,,41.3941572,2.1586822,0,15.11,101.2,7,21.9
2026-09-16T09:00,node/6258570565,Dino Pan,,,,41.3824376,2.1318622,0,15.11,101.2,7,21.9
2026-09-16T09:00,node/6258570699,Don Sándwich,,,,41.3820321,2.1315862,0,15.11,101.2,7,21.9
2026-09-16T09:00,node/6258715958,La Lluna de Gavà,,,,41.3672801,2.1403759,1,15.11,101.2,7,21.9
2026-09-16T09:00,node/6258718433,La Toscana,,,,41.3805625,2.1323335,0,15.11,101.2,7,21.9
2026-09-16T09:00,node/6258718652,Cafeteria Melody Bar,,,,41.3779464,2.1338934,0,15.11,101.2,7,21.9
2026-09-16T09:00,node/6258719247,Bar Florida,,,,41.3592896,2.1399844,0,15.11,101.2,7,21.9
2026-09-16T09:00,node/6260784864,La Cabaña,,,,41.3699161,2.1341331,0,15.11,101.2,7,21.9
2026-09-16T09:00,node/6260786193,Goiko Grill,,,,41.3656448,2.1357604,0,15.11,101.2,7,21.9
2026-09-16T09:00,node/6264834185,König,,,,41.3862163,2.1827612,0,15.11,101.2,7,21.9
2026-09-16T09:00,node/6298115913,N.A.P.,,,,41.3774834,2.1900137,0,15.11,101.2,7,21.9
2026-09-16T09:00,node/6316025985,L'Esclop,,,,41.3768262,2.1577412,0,15.11,101.2,7,21.9
2026-09-16T09:00,node/6330973943,Don Kilo,,,,41.3998564,2.1639573,0,15.11,101.2,7,21.9
2026-09-16T09:00,node/6333708759,SandwiChez,,,,41.3941488,2.1694356,0,15.11,101.2,7,21.9
2026-09-16T09:00,node/6334053687,Cafè Yafa,,,,41.3997495,2.1643963,0,15.11,101.2,7,21.9
2026-09-16T09:00,node/6334053692,La Mananta,,,,41.3994169,2.1648424,0,15.11,101.2,7,21.9
2026-09-16T09:00,node/6339732807,La Soca 2,,,,41.3912352,2.1594135,0,15.11,101.2,7,21.9
2026-09-16T09:00,node/6339732809,Creps Barcelona,,,,41.3905618,2.1590619,0,15.11,101.2,7,21.9
2026-09-16T09:00,node/6357834156,Les gens que j'aime bar,,,,41.3936947,2.1648505,0,15.11,101.2,7,21.9
2026-09-16T09:00,node/6381462875,Comarca Cuina L’Hocal,,,,41.3609203,2.1295937,1,15.11,101.2,7,21.9
2026-09-16T09:00,node/6424929026,Cafeteria Samy's,,,,41.3637433,2.1369241,0,15.11,101.2,7,21.9
2026-09-16T09:00,node/6424929700,Sakuraya,,,,41.3653001,2.1307952,1,15.11,101.2,7,21.9
2026-09-16T09:00,node/6431480513,Restaurant Bodega de Tapas,,,,41.3772493,2.1371156,0,15.11,101.2,7,21.9
2026-09-16T09:00,node/6431508292,Bodega Salvat,,,,41.3711848,2.1345217,0,15.11,101.2,7,21.9
2026-09-16T09:00,node/6431508293,Jaqueline's,,,,41.3682256,2.1345214,0,15.11,101.2,7,21.9
2026-09-16T09:00,node/6431508485,Japonia Café,,,,41.3806518,2.1387176,1,15.11,101.2,7,21.9
2026-09-16T09:00,node/6431508488,La Bodegueta de Sants,,,,41.3710695,2.1344235,0,15.11,101.2,7,21.9
2026-09-16T09:00,node/6431512182,Bar Montevideo,,,,41.3693939,2.1342386,0,15.11,101.2,7,21.9
2026-09-16T09:00,node/6431558869,Bar Alegría,,,,41.3629394,2.1373301,0,15.11,101.2,7,21.9
2026-09-16T09:00,node/6431559030,Bar El Faro,,,,41.3628529,2.1373795,0,15.11,101.2,7,21.9
2026-09-16T09:00,node/6433259684,Entre Copas,,,,41.3621672,2.0761548,1,15.11,101.2,7,21.9
2026-09-16T09:00,node/6438381289,Vera Café,,,,41.3883674,2.1779512,0,15.11,101.2,7,21.9
2026-09-16T09:00,node/6441451785,Líder de Istanbul,,,,41.3752687,2.1338088,0,15.11,101.2,7,21.9
2026-09-16T09:00,node/6445233216,Gyoza Bar,,,,41.3931059,2.1798949,0,15.11,101.2,7,21.9
2026-09-16T09:00,node/6450380989,Bar But,,,,41.3979648,2.1593688,0,15.11,101.2,7,21.9
2026-09-16T09:00,node/6450381086,La Porxada,,,,41.4030026,2.1637245,0,15.11,101.2,7,21.9
2026-09-16T09:00,node/6462934229,Concordia,,,,41.3864201,2.1321758,0,15.11,101.2,7,21.9
2026-09-16T09:00,node/6475037976,L'Oasi a Consell,,,,41.3830142,2.1547507,0,15.11,101.2,7,21.9
2026-09-16T09:00,node/6477273844,Fandango,,,,41.3982346,2.1423415,0,15.11,101.2,7,21.9
2026-09-16T09:00,node/6506313588,Antigua,,,,41.3980086,2.1492952,0,15.11,101.2,7,21.9
2026-09-16T09:00,node/6507308246,L'Antica Pizzeria Da Michele,,,,41.3928154,2.1682858,0,15.11,101.2,7,21.9
2026-09-16T09:00,node/6532206187,Yü Sushi,,,,41.4032734,2.2032208,0,15.11,101.2,7,21.9
2026-09-16T09:00,node/6532330793,La Xemeneia,,,,41.4016359,2.2048002,1,15.11,101.2,7,21.9
2026-09-16T09:00,node/6535101686,Alma Loca,,,,41.3992845,2.1970974,0,15.11,101.2,7,21.9
2026-09-16T09:00,node/6538194375,Mr. White,,,,41.3761815,2.1601126,0,15.11,101.2,7,21.9
2026-09-16T09:00,node/6568369188,Elpilar,,,,41.4000903,2.1489875,0,15.11,101.2,7,21.9
2026-09-16T09:00,node/6597321587,Welcome,,,,41.4065151,2.1509474,0,15.11,101.2,7,21.9
2026-09-16T09:00,node/6600189447,café bar juli-mac,,,,41.3782625,2.1239845,0,15.11,101.2,7,21.9
2026-09-16T09:00,node/6642989000,El Pa Sencer,,,,41.3835483,2.1341796,0,15.11,101.2,7,21.9
2026-09-16T09:00,node/6642989001,Ateneu Popular de les Corts,,,,41.3826968,2.1329407,0,15.11,101.2,7,21.9
2026-09-16T09:00,node/6680396487,La prorroga,,,,41.4032976,2.1567512,0,15.11,101.2,7,21.9
2026-09-16T09:00,node/6680687871,La Mar Salada,,,,41.3768035,2.1888904,0,15.11,101.2,7,21.9
2026-09-16T09:00,node/6681709948,Kiltro Gràcia,,,,41.4018317,2.1544539,0,15.11,101.2,7,21.9
2026-09-16T09:00,node/6710510485,Catedral 1951,,,,41.3849142,2.1757337,0,15.11,101.2,7,21.9
2026-09-16T09:00,node/6750944404,Brasaña,,,,41.3605721,2.1345777,0,15.11,101.2,7,21.9
2026-09-16T09:00,node/6757307686,Kitsu,,,,41.4017918,2.1543486,0,15.11,101.2,7,21.9
2026-09-16T09:00,node/6757314489,LomoAlto,,,,41.3936053,2.1663935,0,15.11,101.2,7,21.9
2026-09-16T09:00,node/6766273102,inti & chaska,,,,41.3886755,2.1599487,0,15.11,101.2,7,21.9
2026-09-16T09:00,node/6771863086,Montseny,,,,41.4070642,2.1804416,0,15.11,101.2,7,21.9
2026-09-16T09:00,node/6775495571,El Petit,,,,41.3298893,2.0988681,1,15.11,101.2,7,21.9
2026-09-16T09:00,node/6782427526,Híbrid Cafè Restaurant,,,,41.3771219,2.1203336,0,15.11,101.2,7,21.9
2026-09-16T09:00,node/6786006588,365,,,,41.3820297,2.1697221,0,15.11,101.2,7,21.9
2026-09-16T09:00,node/6790695789,El Rincón de la Abuela Venezolana,,,,41.4058359,2.1788147,0,15.11,101.2,7,21.9
2026-09-16T09:00,node/6805613085,Bar la Cabaña,,,,41.4071784,2.1778546,0,15.11,101.2,7,21.9
2026-09-16T09:00,node/6812099686,La Xurreria de Maria,,,,41.4050102,2.1750002,0,15.11,101.2,7,21.9
2026-09-16T09:00,node/6821384885,Blu Bar,,,,41.3983358,2.2045648,1,15.11,101.2,7,21.9
2026-09-16T09:00,node/6835358009,Murivecci,,,,41.3874075,2.1828282,1,15.11,101.2,7,21.9
2026-09-16T09:00,node/6852974547,Garrido,,,,41.3603039,2.1401381,0,15.11,101.2,7,21.9
2026-09-16T09:00,node/6852994516,La Patatona,,,,41.3604651,2.1400108,0,15.11,101.2,7,21.9
2026-09-16T09:00,node/6855027201,Bar Sandwicheria Enka 3,,,,41.3758876,2.1221107,0,15.11,101.2,7,21.9
2026-09-16T09:00,node/6871523347,Cafe Punto 10,,,,41.3805947,2.1364501,0,15.11,101.2,7,21.9
2026-09-16T09:00,node/6914132390,El Nou Ramonet,,,,41.3817315,2.1876268,0,15.11,101.2,7,21.9
2026-09-16T09:00,node/6946328085,Cremat 11,,,,41.3855109,2.1810205,0,15.11,101.2,7,21.9
2026-09-16T09:00,node/6973926711,Syra Coffee,,,,41.3965047,2.1941864,0,15.11,101.2,7,21.9
2026-09-16T09:00,node/6983227455,SNOOKER - Cocteles y Billarea,,,,41.3921561,2.1703663,0,15.11,101.2,7,21.9
2026-09-16T09:00,node/7002869606,Chebú,,,,41.3791162,2.1515085,0,15.11,101.2,7,21.9
2026-09-16T09:00,node/7003296923,Triple Sec,,,,41.3747448,2.1609868,0,15.11,101.2,7,21.9
2026-09-16T09:00,node/7004598841,Orange Coffee,,,,41.4052864,2.1712189,0,15.11,101.2,7,21.9
2026-09-16T09:00,node/7014308129,Bar Bodega Lentejil,,,,41.4429922,2.2175094,1,15.11,101.2,7,21.9
2026-09-16T09:00,node/7017780931,Yoüme,,,,41.3835882,2.1541892,0,15.11,101.2,7,21.9
2026-09-16T09:00,node/7098025886,El Club del Café,,,,41.4340729,2.1892624,1,15.11,101.2,7,21.9
2026-09-16T09:00,node/7124857728,Cabo,,,,41.3964797,2.1851438,0,15.11,101.2,7,21.9
2026-09-16T09:00,node/7132160620,Santagloria,,,,41.3863926,2.1243567,0,15.11,101.2,7,21.9
2026-09-16T09:00,node/7141587085,La Cereria,,,,41.3815426,2.1767152,0,15.11,101.2,7,21.9
2026-09-16T09:00,node/7150994121,Vivari,,,,41.3998419,2.1775677,0,15.11,101.2,7,21.9
2026-09-16T09:00,node/7234692489,Van van var,,,,41.3942304,2.1901096,0,15.11,101.2,7,21.9
2026-09-16T09:00,node/7318977151,,,,,41.3711664,2.1434617,0,15.11,101.2,7,21.9
2026-09-16T09:00,node/7318977155,Bar Joaquim,,,,41.3704145,2.1424922,0,15.11,101.2,7,21.9
2026-09-16T09:00,node/7318977156,Vivari,,,,41.3686165,2.1410874,0,15.11,101.2,7,21.9
2026-09-16T09:00,node/7431790448,Santagloria,,,,41.3896086,2.1200086,0,15.11,101.2,7,21.9
2026-09-16T09:00,node/7438491414,,,,,41.3733479,2.1301506,0,15.11,101.2,7,21.9
2026-09-16T09:00,node/7504941029,Iberic Fusión Platja,,,,41.4380577,2.2431806,1,15.11,101.2,7,21.9
2026-09-16T09:00,node/7504941031,l'Altre Can Mario's,,,,41.4405591,2.2418866,1,15.11,101.2,7,21.9
2026-09-16T09:00,node/7504941033,L'Esmolet,,,,41.4432993,2.2460741,1,15.11,101.2,7,21.9
2026-09-16T09:00,node/7504941035,la Masia de la Xesca,,,,41.4452013,2.2417838,1,15.11,101.2,7,21.9
2026-09-16T09:00,node/7556742593,Menjador del Centre,,,,41.4009756,2.2000272,0,15.11,101.2,7,21.9
2026-09-16T09:00,node/7563962192,Passeig9,,,,41.4014488,2.2009478,0,15.11,101.2,7,21.9
2026-09-16T09:00,node/7600529740,Restaurante La Flama,,,,41.3514861,2.1114722,1,15.11,101.2,7,21.9
2026-09-16T09:00,node/7618205068,El Pellizquito,,,,41.3501292,2.1105817,1,15.11,101.2,7,21.9
2026-09-16T09:00,node/7640514041,Bar Plaça Carles Buïgas,,,,41.3711833,2.1510204,1,15.11,101.2,7,21.9
2026-09-16T09:00,node/7644933199,Almirall,,,,41.4100171,2.1883052,0,15.11,101.2,7,21.9
2026-09-16T09:00,node/7704818539,Bar Granja Rocxi,,,,41.3744206,2.1339573,0,15.11,101.2,7,21.9
2026-09-16T09:00,node/7704818548,Cafès Caracas,,,,41.3748038,2.1328052,0,15.11,101.2,7,21.9
2026-09-16T09:00,node/7706832792,Cru Sants,,,,41.3721342,2.1286919,0,15.11,101.2,7,21.9
2026-09-16T09:00,node/7736420790,Mamma Italia,,,,41.3764642,2.1234304,0,15.11,101.2,7,21.9
2026-09-16T09:00,node/7772770550,Eqvilibrivm Café,,,,41.3973065,2.1697662,0,15.11,101.2,7,21.9
2026-09-16T09:00,node/7838098454,El Caserón,,,,41.3838275,2.1398498,0,15.11,101.2,7,21.9
2026-09-16T09:00,node/7925586104,Delicream,,,,41.4572921,2.2290688,1,15.11,101.2,7,21.9
2026-09-16T09:00,node/7989010587,Castañeiras,,,,41.4100358,2.1760296,0,15.11,101.2,7,21.9
2026-09-16T09:00,node/7999604058,Lilo brunch,,,,41.3873718,2.1627034,0,15.11,101.2,7,21.9
2026-09-16T09:00,node/7999616840,Bellillo,,,,41.3879362,2.1620483,0,15.11,101.2,7,21.9
2026-09-16T09:00,node/8034999886,Costa Dorada,,,,41.3980284,2.1986941,0,15.11,101.2,7,21.9
2026-09-16T09:00,node/8046554489,Sport,,,,41.4001224,2.2000188,0,15.11,101.2,7,21.9
2026-09-16T09:00,node/8049731595,Echegaray,,,,41.4018684,2.2023424,0,15.11,101.2,7,21.9
2026-09-16T09:00,node/8049732292,Doroteo,,,,41.4029636,2.2006718,0,15.11,101.2,7,21.9
2026-09-16T09:00,node/8064873985,Saramar,,,,41.3957712,2.1953013,1,15.11,101.2,7,21.9
2026-09-16T09:00,node/8077128420,Tío Bigotes,,,,41.4013922,2.2028846,0,15.11,101.2,7,21.9
2026-09-16T09:00,manual/488492e9,Bar Viejo Cafe,Bar,yes,"Carrer de la Independència, 306, Sant Martí, 08026 Barcelona",41.4116,2.1794,0,15.11,101.2,7,21.9
2026-09-16T09:00,manual/c52f6190,New 88 Bar-Cafeteria,bar,yes,,41.4094505,2.1789589,0,15.11,101.2,7,21.9
2026-09-16T09:00,manual/5d2ea7ea,Restaurant Papá Nico,bar,yes,,41.4094505,2.1789589,0,15.11,101.2,7,21.9
2026-09-16T09:00,manual/c980e39e,Restaurant El Clot,restaurant,yes,,41.4087697,2.1875592,0,15.11,101.2,7,21.9
2026-09-16T10:00,relation/18317100,,,,,41.42,2.1188352,1,25.87,112.36,4,25.6
2026-09-16T10:00,node/208984374,Central Rambla,,,,41.3782716,2.1761732,0,25.87,112.36,4,25.6
2026-09-16T10:00,way/217583616,Can Fisher,,,,41.3946034,2.2062292,1,25.87,112.36,4,25.6
2026-09-16T10:00,way/245214117,la Caseta del Migdia,,,,41.3596833,2.1607145,1,25.87,112.36,4,25.6
2026-09-16T10:00,way/246717741,Mirablau,,,,41.4160323,2.1319129,1,25.87,112.36,4,25.6
2026-09-16T10:00,way/249404809,PURO,,,,41.3911248,2.1461635,0,25.87,112.36,4,25.6
2026-09-16T10:00,way/268912897,Can Cortada,,,,41.4362503,2.1524833,1,25.87,112.36,4,25.6
2026-09-16T10:00,way/315387188,Temple del Metall,,,,41.4741706,2.1662317,1,25.87,112.36,4,25.6
2026-09-16T10:00,way/392926648,Pacha,,,,41.3857491,2.1970415,1,25.87,112.36,4,25.6
2026-09-16T10:00,way/412702054,Camping,,,,41.3953192,2.2042386,1,25.87,112.36,4,25.6
2026-09-16T10:00,way/443599336,Asador Casa Juaco,,,,41.4476663,2.1426909,1,25.87,112.36,4,25.6
2026-09-16T10:00,way/446002194,La Base by Farré,,,,41.3967358,2.2101884,1,25.87,112.36,4,25.6
2026-09-16T10:00,node/476327681,Can Paixano,,,,41.3817618,2.1834151,0,25.87,112.36,4,25.6
2026-09-16T10:00,node/506202703,Bar Almogávares,,,,41.3962323,2.1890864,0,25.87,112.36,4,25.6
2026-09-16T10:00,way/519771543,Restaurant Can Cases,,,,41.4343885,2.0985276,1,25.87,112.36,4,25.6
2026-09-16T10:00,node/534367691,Sant Bartomeu,,,,41.3755248,2.1346488,1,25.87,112.36,4,25.6
2026-09-16T10:00,node/643022131,Euro Bar-Tapas,,,,41.4342324,2.2161197,1,25.87,112.36,4,25.6
2026-09-16T10:00,node/643429648,Joan Figuera,,,,41.4336545,2.2169391,1,25.87,112.36,4,25.6
2026-09-16T10:00,node/643496696,El rincón de Willy,,,,41.4380246,2.2180623,1,25.87,112.36,4,25.6
2026-09-16T10:00,node/643496704,Bar Somni d'estiu,,,,41.4382361,2.2166687,1,25.87,112.36,4,25.6
2026-09-16T10:00,way/655221168,L'Ovella Negra Marina,,,,41.3960196,2.1901331,0,25.87,112.36,4,25.6
2026-09-16T10:00,node/660004524,Bocatapa Can Manel,,,,41.4413833,2.2212875,1,25.87,112.36,4,25.6
2026-09-16T10:00,node/672140180,Kasparo,,,,41.3844847,2.1690087,0,25.87,112.36,4,25.6
2026-09-16T10:00,node/704031158,Café Zurich,,,,41.3858504,2.1694606,1,25.87,112.36,4,25.6
2026-09-16T10:00,node/704042058,Starbucks,,,,41.3888305,2.1719117,1,25.87,112.36,4,25.6
2026-09-16T10:00,node/704058886,Tapa Tapa,,,,41.3916926,2.1660167,0,25.87,112.36,4,25.6
2026-09-16T10:00,node/704060428,Oassis Natural Cooking,,,,41.3901637,2.1678915,0,25.87,112.36,4,25.6
2026-09-16T10:00,node/704066257,Ciutat Comtal,,,,41.3888272,2.1668833,0,25.87,112.36,4,25.6
2026-09-16T10:00,node/704066614,Taller de Tapas,,,,41.3905645,2.1639038,1,25.87,112.36,4,25.6
2026-09-16T10:00,way/707305723,Bar Frankfurt Cafeteria Fabregada,,,,41.3561748,2.1108239,1,25.87,112.36,4,25.6
2026-09-16T10:00,node/745947750,Bar Geminis,,,,41.3976224,2.1807778,1,25.87,112.36,4,25.6
2026-09-16T10:00,node/765796519,La Cafetera,,,,41.4049767,2.1575215,0,25.87,112.36,4,25.6
2026-09-16T10:00,node/814006271,Les 15 Nits Bar,,,,41.3804529,2.1749778,0,25.87,112.36,4,25.6
2026-09-16T10:00,node/819552792,Bracafe,,,,41.3944249,2.1675209,0,25.87,112.36,4,25.6
2026-09-16T10:00,node/824476551,Caleuche,,,,41.3761526,2.1686172,0,25.87,112.36,4,25.6
2026-09-16T10:00,node/830462039,Bar Restaurant Angela,,,,41.4043015,2.1949428,0,25.87,112.36,4,25.6
2026-09-16T10:00,way/907005766,Chevy's Bar,,,,41.4143731,2.2289499,1,25.87,112.36,4,25.6
2026-09-16T10:00,way/969257968,,,,,41.3793991,2.1073385,1,25.87,112.36,4,25.6
2026-09-16T10:00,way/1063378975,Bar Restaurant Oliver,,,,41.3469215,2.1546999,1,25.87,112.36,4,25.6
2026-09-16T10:00,node/1072798261,Taverna del Bisbe,,,,41.3849254,2.1766628,0,25.87,112.36,4,25.6
2026-09-16T10:00,node/1072800838,El Cafè D'en Victor,,,,41.3847931,2.1767008,0,25.87,112.36,4,25.6
2026-09-16T10:00,node/1083144027,Los Caracoles,,,,41.3796584,2.1765082,0,25.87,112.36,4,25.6
2026-09-16T10:00,node/1092685793,Elche,,,,41.3739754,2.1691488,0,25.87,112.36,4,25.6
2026-09-16T10:00,way/1112240803,ForumStation,,,,41.4096655,2.2221501,1,25.87,112.36,4,25.6
2026-09-16T10:00,node/1177498341,Casa Vall,,,,41.4074238,2.1585521,0,25.87,112.36,4,25.6
2026-09-16T10:00,node/1192698924,Bilbao Berria,,,,41.3841976,2.1748665,0,25.87,112.36,4,25.6
2026-09-16T10:00,node/1192699873,Tapas 24,,,,41.3908686,2.1674705,0,25.87,112.36,4,25.6
2026-09-16T10:00,way/1200964257,Chiringuito Joan Miro,,,,41.3789977,2.1478116,1,25.87,112.36,4,25.6
2026-09-16T10:00,node/1264182304,Tosca del Carme,,,,41.3819482,2.1695795,0,25.87,112.36,4,25.6
2026-09-16T10:00,node/1280416455,Carballeira,,,,41.4442679,2.2217701,1,25.87,112.36,4,25.6
2026-09-16T10:00,way/1300745688,La Casona de Sant Just,,,,41.3833348,2.0735139,1,25.87,112.36,4,25.6
2026-09-16T10:00,node/1310450869,El Filete Ruso,,,,41.3925451,2.1558968,0,25.87,112.36,4,25.6
2026-09-16T10:00,node/1312325106,La Palmera,,,,41.4144229,2.1385123,1,25.87,112.36,4,25.6
2026-09-16T10:00,node/1314943380,Mescladís del Pou,,,,41.3870865,2.1803497,0,25.87,112.36,4,25.6
2026-09-16T10:00,node/1335697982,,,,,41.3608771,2.1101417,1,25.87,112.36,4,25.6
2026-09-16T10:00,way/1368167814,Natura Beach. El Chiringuito,,,,41.4028929,2.2157443,1,25.87,112.36,4,25.6
2026-09-16T10:00,node/1420760625,Tapeo,,,,41.4044988,2.1554811,0,25.87,112.36,4,25.6
2026-09-16T10:00,node/1420760630,Diamant,,,,41.4042174,2.1555899,1,25.87,112.36,4,25.6
2026-09-16T10:00,node/1428867664,Café Berlin,,,,41.3943566,2.1494599,1,25.87,112.36,4,25.6
2026-09-16T10:00,node/1430537485,Oasis Restaurant,,,,41.3827219,2.1847191,1,25.87,112.36,4,25.6
2026-09-16T10:00,node/1445598557,Bracafe,,,,41.3948025,2.1817533,1,25.87,112.36,4,25.6
2026-09-16T10:00,node/1554649942,Torrades,,,,41.4375721,2.1566095,1,25.87,112.36,4,25.6
2026-09-16T10:00,node/1554649988,La Panera,,,,41.4374756,2.1563359,0,25.87,112.36,4,25.6
2026-09-16T10:00,node/1658425572,Rebeka,,,,41.3967185,2.1890325,1,25.87,112.36,4,25.6
2026-09-16T10:00,node/1685949861,Cerveceria Milenium 2,,,,41.3534566,2.0866307,1,25.87,112.36,4,25.6
2026-09-16T10:00,node/1711342192,Calero's Centre,,,,41.3744728,2.1349721,0,25.87,112.36,4,25.6
2026-09-16T10:00,node/1722136431,Cervecería Catalana,,,,41.3924032,2.1609008,0,25.87,112.36,4,25.6
2026-09-16T10:00,node/1739122591,La Tagliatella,,,,41.3943371,2.1521208,0,25.87,112.36,4,25.6
2026-09-16T10:00,node/1813593370,Bar Capricornio,,,,41.4381257,2.2179547,1,25.87,112.36,4,25.6
2026-09-16T10:00,node/1820633320,CASA TEVA,,,,41.3752815,2.1166845,1,25.87,112.36,4,25.6
2026-09-16T10:00,node/1824133931,Carmesí,,,,41.3737373,2.1644452,0,25.87,112.36,4,25.6
2026-09-16T10:00,node/1948986220,Cafeteria UPF Jaume I,,,,41.3900298,2.1901118,1,25.87,112.36,4,25.6
2026-09-16T10:00,node/1948987514,Cafeteria UPF Roger de Lluria,,,,41.3886776,2.1915119,1,25.87,112.36,4,25.6
2026-09-16T10:00,node/1951812612,Casa Pagès,,,,41.3998447,2.1613114,0,25.87,112.36,4,25.6
2026-09-16T10:00,node/1960366982,Casa Amalia,,,,41.3962525,2.1685646,0,25.87,112.36,4,25.6
2026-09-16T10:00,node/1984001407,Bar de la FIB,,,,41.3894239,2.1132363,0,25.87,112.36,4,25.6
2026-09-16T10:00,node/2034780565,Cerbeseria Lesseps,,,,41.4073551,2.1514486,0,25.87,112.36,4,25.6
2026-09-16T10:00,node/2034780569,L'Brasseria,,,,41.4067629,2.1516314,1,25.87,112.36,4,25.6
2026-09-16T10:00,node/2056517879,Caelum,,,,41.3830524,2.1744369,0,25.87,112.36,4,25.6
2026-09-16T10:00,node/2065469522,Restaurant Pipa,,,,41.3997461,2.2003004,1,25.87,112.36,4,25.6
2026-09-16T10:00,node/2087204991,La Sanguchería,,,,41.3954987,2.1484037,0,25.87,112.36,4,25.6
2026-09-16T10:00,node/2091604731,Tapa Tapa,,,,41.3762094,2.1500463,1,25.87,112.36,4,25.6
2026-09-16T10:00,node/2112843062,El Vaixell-2,,,,41.4541291,2.2350201,1,25.87,112.36,4,25.6
2026-09-16T10:00,node/2165154147,Asador de Lugo,,,,41.3797623,2.1376748,0,25.87,112.36,4,25.6
2026-09-16T10:00,node/2184580476,Bar del Pi,,,,41.3824922,2.1739624,0,25.87,112.36,4,25.6
2026-09-16T10:00,node/2187210264,Sopa,,,,41.4023416,2.1952788,1,25.87,112.36,4,25.6
2026-09-16T10:00,node/2197824500,Tierra del fuego,,,,41.4016702,2.2016399,0,25.87,112.36,4,25.6
2026-09-16T10:00,node/2213839299,Pollo Rico,,,,41.3791045,2.1721976,0,25.87,112.36,4,25.6
2026-09-16T10:00,node/2364075421,Chen-Ji,,,,41.3936143,2.1807074,0,25.87,112.36,4,25.6
2026-09-16T10:00,node/2434563732,La Bella Napoli,,,,41.3743686,2.1637621,0,25.87,112.36,4,25.6
2026-09-16T10:00,node/2442785485,El Círcol,,,,41.4501968,2.2474223,1,25.87,112.36,4,25.6
2026-09-16T10:00,node/2468197823,365 Cafeteria Forn de Pa,,,,41.3752071,2.1635151,0,25.87,112.36,4,25.6
2026-09-16T10:00,node/2476332030,Bar Lennon,,,,41.4028901,2.1612576,0,25.87,112.36,4,25.6
2026-09-16T10:00,node/2500906795,Bar Lúdic Queimada Nivell Q,,,,41.4094152,2.1808913,1,25.87,112.36,4,25.6
2026-09-16T10:00,node/2598482930,Con Gracia,,,,41.3990704,2.1600617,0,25.87,112.36,4,25.6
2026-09-16T10:00,node/2609183969,Fukuoka,,,,41.4022587,2.1612976,1,25.87,112.36,4,25.6
2026-09-16T10:00,node/2610750687,Xiringuito Aigua,,,,41.4096717,2.1683236,1,25.87,112.36,4,25.6
2026-09-16T10:00,node/2618447074,Vegetalia,,,,41.3803973,2.1776952,0,25.87,112.36,4,25.6
2026-09-16T10:00,node/2618538581,Veggie Garden,,,,41.3822767,2.1680336,0,25.87,112.36,4,25.6
2026-09-16T10:00,node/2618538595,Biocenter,,,,41.3825765,2.1694364,0,25.87,112.36,4,25.6
2026-09-16T10:00,node/2684052224,Pai Mei,,,,41.4051863,2.1931071,0,25.87,112.36,4,25.6
2026-09-16T10:00,node/2687089274,Dolça Estona,,,,41.4117096,2.1394938,0,25.87,112.36,4,25.6
2026-09-16T10:00,node/2689736934,Bar Bodega Molina,,,,41.4403298,2.1817019,0,25.87,112.36,4,25.6
2026-09-16T10:00,node/2721077740,Bar Veni,,,,41.3848861,2.1667078,0,25.87,112.36,4,25.6
2026-09-16T10:00,node/2727449418,Las Euras,,,,41.3998785,2.1577187,0,25.87,112.36,4,25.6
2026-09-16T10:00,node/2793491051,La bona tapa,,,,41.4368098,2.2166172,1,25.87,112.36,4,25.6
2026-09-16T10:00,node/2892028393,Kino,,,,41.3825992,2.1665452,0,25.87,112.36,4,25.6
2026-09-16T10:00,node/2892037115,23 Robadors,,,,41.3796029,2.1708903,0,25.87,112.36,4,25.6
2026-09-16T10:00,node/2910255826,Shôko,,,,41.3854991,2.1969746,1,25.87,112.36,4,25.6
2026-09-16T10:00,node/2910255827,Opium,,,,41.3852778,2.1967099,1,25.87,112.36,4,25.6
2026-09-16T10:00,node/2927944587,Tapas Tapas!,,,,41.3745104,2.1829399,1,25.87,112.36,4,25.6
2026-09-16T10:00,node/2951499208,El racó d'en Henry,,,,41.4394757,2.2215013,1,25.87,112.36,4,25.6
2026-09-16T10:00,node/2966340931,El Capritx,,,,41.4022886,2.1998883,0,25.87,112.36,4,25.6
2026-09-16T10:00,node/2968119440,Can Tresó,,,,41.4028999,2.1537483,0,25.87,112.36,4,25.6
2026-09-16T10:00,node/2969276727,La Sirena Verde,,,,41.4027605,2.1657128,0,25.87,112.36,4,25.6
2026-09-16T10:00,node/2969277275,Café de l'Eixample,,,,41.4005021,2.1690108,0,25.87,112.36,4,25.6
2026-09-16T10:00,node/2970751844,Taverna El Disbarat,,,,41.4017728,2.1545227,0,25.87,112.36,4,25.6
2026-09-16T10:00,node/3007755352,La Pausa,,,,41.4071883,2.1557816,0,25.87,112.36,4,25.6
2026-09-16T10:00,node/3007803307,Oh La Lá,,,,41.4460123,2.2485803,1,25.87,112.36,4,25.6
2026-09-16T10:00,node/3048077142,L'Aliança del Poblenou,,,,41.3997067,2.2032276,0,25.87,112.36,4,25.6
2026-09-16T10:00,node/3049368344,Clot76,,,,41.4082815,2.1885259,0,25.87,112.36,4,25.6
2026-09-16T10:00,node/3084370508,Marina Bay By Moncho's,,,,41.3863077,2.1975017,1,25.87,112.36,4,25.6
2026-09-16T10:00,node/3084507933,Caravelle,,,,41.3822872,2.1688475,0,25.87,112.36,4,25.6
2026-09-16T10:00,node/3120072573,Bar Restaurant Nàutic,,,,41.3806088,2.1408397,1,25.87,112.36,4,25.6
2026-09-16T10:00,node/3177990194,Mezcal Taco Bar,,,,41.3830563,2.1554872,0,25.87,112.36,4,25.6
2026-09-16T10:00,node/3270120640,Luigi,,,,41.3862659,2.1753788,0,25.87,112.36,4,25.6
2026-09-16T10:00,node/3271554311,Al Sultán,,,,41.4035661,2.1554863,0,25.87,112.36,4,25.6
2026-09-16T10:00,node/3328694987,Nou Candanchú,,,,41.4005128,2.1576475,0,25.87,112.36,4,25.6
2026-09-16T10:00,node/3339670930,Bahia,,,,41.3803265,2.1774842,0,25.87,112.36,4,25.6
2026-09-16T10:00,node/3441700493,Santos Tapas,,,,41.3818417,2.1745121,0,25.87,112.36,4,25.6
2026-09-16T10:00,node/3491476947,Bar del Pla,,,,41.3856036,2.1800221,0,25.87,112.36,4,25.6
2026-09-16T10:00,node/3496970198,Centre Cívic Can Deu,,,,41.3869027,2.1327794,0,25.87,112.36,4,25.6
2026-09-16T10:00,node/3504769719,El Rincón,,,,41.3908977,2.1900669,0,25.87,112.36,4,25.6
2026-09-16T10:00,node/3517276245,Bar Canigó,,,,41.4029724,2.1579186,0,25.87,112.36,4,25.6
2026-09-16T10:00,node/3522552400,Àpat's,,,,41.3757617,2.1419109,0,25.87,112.36,4,25.6
2026-09-16T10:00,node/3548547194,El Bon Menjador - 2,,,,41.4388101,2.2172863,1,25.87,112.36,4,25.6
2026-09-16T10:00,node/3548548998,Bar Morales,,,,41.4395878,2.2165237,1,25.87,112.36,4,25.6
2026-09-16T10:00,node/3548613495,Bar Paula's Tapería,,,,41.4385437,2.2175484,1,25.87,112.36,4,25.6
2026-09-16T10:00,node/3556089494,Delicias Mediterráneas,,,,41.4415079,2.2267435,1,25.87,112.36,4,25.6
2026-09-16T10:00,node/3556089497,Xurreria Rodríguez,,,,41.4416928,2.2264651,1,25.87,112.36,4,25.6
2026-09-16T10:00,node/3556089803,Bar de La Salut,,,,41.4422594,2.2258792,1,25.87,112.36,4,25.6
2026-09-16T10:00,node/3560942698,Sandvitxeria Alhociema,,,,41.4443624,2.2236761,1,25.87,112.36,4,25.6
2026-09-16T10:00,node/3560955995,Centro Cultural Castellano-manchego,,,,41.4390698,2.2176297,1,25.87,112.36,4,25.6
2026-09-16T10:00,node/3595399490,Bar Familiar,,,,41.4359163,2.2182018,1,25.87,112.36,4,25.6
2026-09-16T10:00,node/3595399769,La granja de Casablanca,,,,41.4357671,2.2189395,1,25.87,112.36,4,25.6
2026-09-16T10:00,node/3595401238,Bar Alcázar,,,,41.4365542,2.2183742,1,25.87,112.36,4,25.6
2026-09-16T10:00,node/3596986411,Agrupación Cultural Galega Agarimos,,,,41.4358268,2.2165495,1,25.87,112.36,4,25.6
2026-09-16T10:00,node/3612059306,Nabuco Tiramisú,,,,41.4004523,2.1577244,0,25.87,112.36,4,25.6
2026-09-16T10:00,node/3620986554,Yamane,,,,41.3868061,2.1808426,0,25.87,112.36,4,25.6
2026-09-16T10:00,node/3620991692,Yamaneko-ryouri,,,,41.4016619,2.1447787,0,25.87,112.36,4,25.6
2026-09-16T10:00,node/3624045193,Bar-Granja Maribel,,,,41.4399092,2.2235793,1,25.87,112.36,4,25.6
2026-09-16T10:00,node/3624045293,Bar La Cantonada,,,,41.4396227,2.2242325,1,25.87,112.36,4,25.6
2026-09-16T10:00,node/3713349650,Groin's,,,,41.4108415,2.1637178,0,25.87,112.36,4,25.6
2026-09-16T10:00,node/3718061014,Bar Calders,,,,41.3764788,2.1623937,0,25.87,112.36,4,25.6
2026-09-16T10:00,node/3730796125,Buenas Migas,,,,41.3975542,2.1587856,0,25.87,112.36,4,25.6
2026-09-16T10:00,node/3761312382,La Fonda,,,,41.3793598,2.1762144,0,25.87,112.36,4,25.6
2026-09-16T10:00,node/3777075876,Oaxaca,,,,41.3821041,2.1838988,1,25.87,112.36,4,25.6
2026-09-16T10:00,node/3779149860,EsPan's,,,,41.4349094,2.2194667,1,25.87,112.36,4,25.6
2026-09-16T10:00,node/3794002044,Samurai Ramen,,,,41.3736753,2.1548947,0,25.87,112.36,4,25.6
2026-09-16T10:00,node/3804046057,Robata Sushi & Grill,,,,41.3904886,2.1585836,0,25.87,112.36,4,25.6
2026-09-16T10:00,node/3809169458,Freiduría El Boquerón,,,,41.4400822,2.2264769,1,25.87,112.36,4,25.6
2026-09-16T10:00,node/3809169459,Marisquería Melchor,,,,41.4401715,2.2266602,1,25.87,112.36,4,25.6
2026-09-16T10:00,node/3809169461,Elhotro bar,,,,41.4401247,2.2268506,1,25.87,112.36,4,25.6
2026-09-16T10:00,node/3809169658,Carte d'Or,,,,41.4403068,2.2274065,1,25.87,112.36,4,25.6
2026-09-16T10:00,node/3809169668,Vivari,,,,41.4408122,2.2271125,1,25.87,112.36,4,25.6
2026-09-16T10:00,node/3809169669,Pantaiberic delicatessen,,,,41.4408174,2.2269502,1,25.87,112.36,4,25.6
2026-09-16T10:00,node/3840009426,La Esquinica,,,,41.4304816,2.1712169,1,25.87,112.36,4,25.6
2026-09-16T10:00,node/3874539219,Café del Centre,,,,41.3946111,2.1712059,0,25.87,112.36,4,25.6
2026-09-16T10:00,node/3890922254,Characato,,,,41.4046885,2.1836218,0,25.87,112.36,4,25.6
2026-09-16T10:00,node/3901403358,Les Dues Sicilies,,,,41.3866097,2.1802613,0,25.87,112.36,4,25.6
2026-09-16T10:00,node/3955968257,El racó de les Glòries,,,,41.3986109,2.1978895,0,25.87,112.36,4,25.6
2026-09-16T10:00,node/4060217594,Matt & Marshall,,,,41.3993348,2.1997769,0,25.87,112.36,4,25.6
2026-09-16T10:00,node/4073605889,Mariscco,,,,41.3804885,2.1753271,0,25.87,112.36,4,25.6
2026-09-16T10:00,node/4126257971,Xixbar,,,,41.3758485,2.1576176,0,25.87,112.36,4,25.6
2026-09-16T10:00,node/4127494769,Vapiano,,,,41.3788941,2.1758361,0,25.87,112.36,4,25.6
2026-09-16T10:00,node/4138815989,Nømad Cøffee,,,,41.3889108,2.1771731,0,25.87,112.36,4,25.6
2026-09-16T10:00,node/4150499794,El 68,,,,41.4023622,2.1612062,1,25.87,112.36,4,25.6
2026-09-16T10:00,node/4166496789,Bar Thonet Grill Room,,,,41.3792408,2.1761073,0,25.87,112.36,4,25.6
2026-09-16T10:00,node/4168100800,Cervecería Frankfurt Europa,,,,41.4396191,2.2191504,1,25.87,112.36,4,25.6
2026-09-16T10:00,node/4225209596,Bar El Velodromo,,,,41.3934442,2.1501395,0,25.87,112.36,4,25.6
2026-09-16T10:00,node/4225810298,Bar Nolla,,,,41.3905504,2.1647825,0,25.87,112.36,4,25.6
2026-09-16T10:00,node/4233959493,Pastisseria Granja,,,,41.3795042,2.1792309,0,25.87,112.36,4,25.6
2026-09-16T10:00,node/4239222689,Rekons,,,,41.3806195,2.1610796,0,25.87,112.36,4,25.6
2026-09-16T10:00,node/4244877765,Bar La Peña,,,,41.4404265,2.2170329,1,25.87,112.36,4,25.6
2026-09-16T10:00,node/4247196393,cal mariner,,,,41.3791754,2.1898206,0,25.87,112.36,4,25.6
2026-09-16T10:00,node/4253851490,El Trencadís,,,,41.3937976,2.1655309,0,25.87,112.36,4,25.6
2026-09-16T10:00,node/4253862889,Hummus,,,,41.3912547,2.1611975,0,25.87,112.36,4,25.6
2026-09-16T10:00,node/4254090289,La tasqueta de Blai,,,,41.3733347,2.1652358,0,25.87,112.36,4,25.6
2026-09-16T10:00,node/4254094290,Rosa Negra,,,,41.3819164,2.1687596,0,25.87,112.36,4,25.6
2026-09-16T10:00,node/4254704967,Firebug Brunch,,,,41.3927459,2.1778691,0,25.87,112.36,4,25.6
2026-09-16T10:00,node/4254996890,La Macchina,,,,41.4030005,2.1535966,0,25.87,112.36,4,25.6
2026-09-16T10:00,node/4267035492,Kebabish,,,,41.4409198,2.2217884,1,25.87,112.36,4,25.6
2026-09-16T10:00,node/4267055591,La cantina del tapeo,,,,41.4420999,2.2200224,1,25.87,112.36,4,25.6
2026-09-16T10:00,node/4278033120,Buenas Migas,,,,41.3838044,2.1696233,0,25.87,112.36,4,25.6
2026-09-16T10:00,node/4283188047,Granja Romaní,,,,41.4348618,2.2179712,1,25.87,112.36,4,25.6
2026-09-16T10:00,node/4283194434,Bar La Paradeta,,,,41.4337773,2.2167771,1,25.87,112.36,4,25.6
2026-09-16T10:00,node/4291934189,Fonda Espanya,,,,41.3799009,2.1728032,0,25.87,112.36,4,25.6
2026-09-16T10:00,node/4306440989,Blai 9,,,,41.3730722,2.1658539,0,25.87,112.36,4,25.6
2026-09-16T10:00,node/4314857689,El punt,,,,41.4413807,2.2316251,1,25.87,112.36,4,25.6
2026-09-16T10:00,node/4314859689,Versace,,,,41.4337089,2.2172203,1,25.87,112.36,4,25.6
2026-09-16T10:00,node/4315715092,Petit Comitè,,,,41.3943551,2.1600308,0,25.87,112.36,4,25.6
2026-09-16T10:00,node/4321183403,Brunch & Cake,,,,41.3882834,2.1615596,0,25.87,112.36,4,25.6
2026-09-16T10:00,node/4336933393,Mayura,,,,41.3938992,2.1720914,0,25.87,112.36,4,25.6
2026-09-16T10:00,node/4340119890,VIENA,,,,41.3579934,2.1293918,1,25.87,112.36,4,25.6
2026-09-16T10:00,node/4349925690,Nemrut,,,,41.3810051,2.1772158,0,25.87,112.36,4,25.6
2026-09-16T10:00,node/4350019284,Palosanto,,,,41.3808122,2.1772701,0,25.87,112.36,4,25.6
2026-09-16T10:00,node/4364289794,Faborit Casa Amatller,,,,41.3915836,2.1650592,1,25.87,112.36,4,25.6
2026-09-16T10:00,node/4386702690,Red Ant Noodle Bar,,,,41.3880129,2.1810961,0,25.87,112.36,4,25.6
2026-09-16T10:00,node/4396244190,Fresc Co,,,,41.3891657,2.1969678,1,25.87,112.36,4,25.6
2026-09-16T10:00,node/4401234193,BlackLab Brewhouse & Kitchen,,,,41.3812305,2.1854573,1,25.87,112.36,4,25.6
2026-09-16T10:00,node/4431102493,Forn Puiggròs,,,,41.4102615,2.1741597,0,25.87,112.36,4,25.6
2026-09-16T10:00,node/4439412389,La Vinya del Senyor,,,,41.3832546,2.1818655,0,25.87,112.36,4,25.6
2026-09-16T10:00,node/4440352791,La Gavina,,,,41.3807532,2.1853211,1,25.87,112.36,4,25.6
2026-09-16T10:00,node/4443367289,Pannus,,,,41.3863691,2.1726728,0,25.87,112.36,4,25.6
2026-09-16T10:00,node/4449185678,Il Caffè di Francesco,,,,41.3908733,2.1652201,0,25.87,112.36,4,25.6
2026-09-16T10:00,node/4451904190,Bar Granadino,,,,41.4404153,2.2238276,1,25.87,112.36,4,25.6
2026-09-16T10:00,node/4451904193,La ciudad de oro,,,,41.4408727,2.2240695,1,25.87,112.36,4,25.6
2026-09-16T10:00,node/4451986792,Cafe Bar Florida,,,,41.4403503,2.2236929,1,25.87,112.36,4,25.6
2026-09-16T10:00,node/4451986793,Bar Amigo,,,,41.4411469,2.2238965,1,25.87,112.36,4,25.6
2026-09-16T10:00,node/4451988991,Bar Frankfurt Jaime,,,,41.4408051,2.2241201,1,25.87,112.36,4,25.6
2026-09-16T10:00,node/4451989090,Entre tapes,,,,41.4423118,2.2237245,1,25.87,112.36,4,25.6
2026-09-16T10:00,node/4451992791,Bar Leo,,,,41.4406309,2.2245529,1,25.87,112.36,4,25.6
2026-09-16T10:00,node/4452031691,Bar La Granja,,,,41.4427953,2.2241899,1,25.87,112.36,4,25.6
2026-09-16T10:00,node/4455238130,Anahuac,,,,41.3965161,2.1513989,0,25.87,112.36,4,25.6
2026-09-16T10:00,node/4461595656,Cafeteria de la Biblioteca Jaumer Fuster,,,,41.4075557,2.1493457,1,25.87,112.36,4,25.6
2026-09-16T10:00,node/4470059420,Mesón Gallego,,,,41.3818896,2.0709288,1,25.87,112.36,4,25.6
2026-09-16T10:00,node/4486639527,Boldú,,,,41.3973783,2.1517865,0,25.87,112.36,4,25.6
2026-09-16T10:00,node/4486683966,La Tagliatella,,,,41.3974141,2.1514101,0,25.87,112.36,4,25.6
2026-09-16T10:00,node/4503193765,Bicioci,,,,41.3999229,2.1619101,0,25.87,112.36,4,25.6
2026-09-16T10:00,node/4509411660,Bar Mediterráneo,,,,41.4343007,2.2180868,1,25.87,112.36,4,25.6
2026-09-16T10:00,node/4516538193,Más Que Sushi,,,,41.3774227,2.1527247,0,25.87,112.36,4,25.6
2026-09-16T10:00,node/4516600994,Salambó,,,,41.4044546,2.1576355,0,25.87,112.36,4,25.6
2026-09-16T10:00,node/4520259289,Cachitos,,,,41.3953057,2.1536913,0,25.87,112.36,4,25.6
2026-09-16T10:00,node/4572063790,Cafetería 365,,,,41.3744652,2.1675541,0,25.87,112.36,4,25.6
2026-09-16T10:00,node/4580517495,Cadaqués,,,,41.4004717,2.1574102,0,25.87,112.36,4,25.6
2026-09-16T10:00,node/4591423938,Arabia Cafe,,,,41.3796023,2.1762764,0,25.87,112.36,4,25.6
2026-09-16T10:00,node/4602957463,Otafuku Daifuku,,,,41.3861633,2.1813225,0,25.87,112.36,4,25.6
2026-09-16T10:00,node/4631918790,Casa López,,,,41.4047191,2.1550626,0,25.87,112.36,4,25.6
2026-09-16T10:00,node/4643974106,Kyoka Via Augusta,,,,41.3979693,2.1315017,1,25.87,112.36,4,25.6
2026-09-16T10:00,node/4654613659,afiparc,,,,41.4134414,2.1527296,1,25.87,112.36,4,25.6
2026-09-16T10:00,node/4668687590,Can Vilaró,,,,41.3779004,2.1617005,0,25.87,112.36,4,25.6
2026-09-16T10:00,node/4673198082,Montesquiu,,,,41.4046825,2.1325233,0,25.87,112.36,4,25.6
2026-09-16T10:00,node/4680760648,Sushi Taller,,,,41.4048621,2.1326565,0,25.87,112.36,4,25.6
2026-09-16T10:00,node/4681801089,Orxateria la Valenciana,,,,41.3863413,2.1622578,0,25.87,112.36,4,25.6
2026-09-16T10:00,node/4704972453,majide,,,,41.3849224,2.1674688,0,25.87,112.36,4,25.6
2026-09-16T10:00,node/4709933976,Sottovoce,,,,41.3579226,2.1294974,1,25.87,112.36,4,25.6
2026-09-16T10:00,node/4711659235,Casa Lolea,,,,41.3888056,2.1771897,0,25.87,112.36,4,25.6
2026-09-16T10:00,node/4720526074,El Charrito,,,,41.3896183,2.1662427,0,25.87,112.36,4,25.6
2026-09-16T10:00,node/4721286889,Prodigi,,,,41.3985973,2.1659559,1,25.87,112.36,4,25.6
2026-09-16T10:00,node/4726582894,Catalina Cafe,,,,41.3862071,2.1793039,0,25.87,112.36,4,25.6
2026-09-16T10:00,node/4726583193,Betlem,,,,41.3949258,2.1712207,0,25.87,112.36,4,25.6
2026-09-16T10:00,node/4727975192,La Coruña,,,,41.4083413,2.1851911,0,25.87,112.36,4,25.6
2026-09-16T10:00,node/4728103192,Cafè Arrels,,,,41.4137041,2.1809929,0,25.87,112.36,4,25.6
2026-09-16T10:00,node/4729343193,Cervecería Frankfurt El Molino,,,,41.3746194,2.1669636,0,25.87,112.36,4,25.6
2026-09-16T10:00,node/4735766123,I'll Pomo d'Oro,,,,41.3926987,2.1585151,0,25.87,112.36,4,25.6
2026-09-16T10:00,node/4743830714,Casa Escarré (Joan's),,,,41.3747567,2.1427755,1,25.87,112.36,4,25.6
2026-09-16T10:00,node/4751727952,Bar Ribalda,,,,41.4026552,2.1328307,0,25.87,112.36,4,25.6
2026-09-16T10:00,node/4755496723,Brewdog,,,,41.3857301,2.1581661,0,25.87,112.36,4,25.6
2026-09-16T10:00,node/4756509699,Morro fi,,,,41.3833069,2.1550311,0,25.87,112.36,4,25.6
2026-09-16T10:00,node/4776357929,Tomodachi,,,,41.4053891,2.1644663,0,25.87,112.36,4,25.6
2026-09-16T10:00,node/4778618049,De Gustibus Italiae,,,,41.4027491,2.1330183,0,25.87,112.36,4,25.6
2026-09-16T10:00,node/4784670742,Índigo Café,,,,41.3874831,2.1626443,0,25.87,112.36,4,25.6
2026-09-16T10:00,node/4792724121,Venus Delicatessen Barcelona,,,,41.3807065,2.1779781,0,25.87,112.36,4,25.6
2026-09-16T10:00,node/4802341078,El Quatre,,,,41.4031267,2.1333762,0,25.87,112.36,4,25.6
2026-09-16T10:00,node/4805335780,Madonna Vegan,,,,41.3812162,2.1671279,0,25.87,112.36,4,25.6
2026-09-16T10:00,node/4816093515,Olímpic Bar,,,,41.4422394,2.2177816,1,25.87,112.36,4,25.6
2026-09-16T10:00,node/4822739686,Bar El Racó,,,,41.4417497,2.2212713,1,25.87,112.36,4,25.6
2026-09-16T10:00,node/4838956921,Supra,,,,41.3910798,2.1613999,0,25.87,112.36,4,25.6
2026-09-16T10:00,node/4844565923,Pampa Drugstore,,,,41.3827176,2.1712051,0,25.87,112.36,4,25.6
2026-09-16T10:00,node/4847673021,Usagui,,,,41.4021671,2.1463849,0,25.87,112.36,4,25.6
2026-09-16T10:00,node/4859449960,Restaurant el Magatzem,,,,41.3805096,2.1863595,1,25.87,112.36,4,25.6
2026-09-16T10:00,node/4859450597,Restaurant Cal Pinxo,,,,41.3806265,2.1855795,1,25.87,112.36,4,25.6
2026-09-16T10:00,node/4867833221,Pizzeria El Mundo,,,,41.3751322,2.1231212,0,25.87,112.36,4,25.6
2026-09-16T10:00,node/4881181797,Sierra Nevada,,,,41.4420581,2.1834715,0,25.87,112.36,4,25.6
2026-09-16T10:00,node/4903340658,El Ramblero,,,,41.4219271,2.1969049,0,25.87,112.36,4,25.6
2026-09-16T10:00,node/4906736149,L'Olivera,,,,41.4058547,2.1893093,0,25.87,112.36,4,25.6
2026-09-16T10:00,node/4917663030,Picnic,,,,41.4179648,2.1988442,1,25.87,112.36,4,25.6
2026-09-16T10:00,node/4937772721,Vila's Bar,,,,41.4059086,2.1571314,0,25.87,112.36,4,25.6
2026-09-16T10:00,node/4938104321,Hammock Juice Station,,,,41.3971863,2.1671778,0,25.87,112.36,4,25.6
2026-09-16T10:00,node/4973805221,Brunch & Cake by the sea,,,,41.3809714,2.1872568,0,25.87,112.36,4,25.6
2026-09-16T10:00,node/4973805421,Quinoa Aragó Vegetarià,,,,41.3886233,2.1598684,0,25.87,112.36,4,25.6
2026-09-16T10:00,node/4977546909,Tonkotsu,,,,41.3938467,2.1650368,0,25.87,112.36,4,25.6
2026-09-16T10:00,node/4983764927,Cervecería-Frankfurt,,,,41.4394391,2.2207951,1,25.87,112.36,4,25.6
2026-09-16T10:00,node/4983764935,Max Bar,,,,41.4401476,2.2214687,1,25.87,112.36,4,25.6
2026-09-16T10:00,node/4983764944,Bar Verín,,,,41.4396911,2.2210187,1,25.87,112.36,4,25.6
2026-09-16T10:00,node/4983764949,Bar R'Aurora,,,,41.4400582,2.2213943,1,25.87,112.36,4,25.6
2026-09-16T10:00,node/4983764952,Trocadero,,,,41.4385047,2.2204982,1,25.87,112.36,4,25.6
2026-09-16T10:00,node/4983764957,Bar La Alpujarra,,,,41.4420698,2.2228867,1,25.87,112.36,4,25.6
2026-09-16T10:00,node/4983764958,Sant Mori,,,,41.4390777,2.2210618,1,25.87,112.36,4,25.6
2026-09-16T10:00,node/4983764960,El buen gusto,,,,41.4411919,2.2225719,1,25.87,112.36,4,25.6
2026-09-16T10:00,node/4983764965,Bar Junior Bodega,,,,41.4417139,2.2225318,1,25.87,112.36,4,25.6
2026-09-16T10:00,node/4983764975,Bar Satisfecho,,,,41.4385461,2.2198488,1,25.87,112.36,4,25.6
2026-09-16T10:00,node/4983765002,Bar sushi Salon,,,,41.4425727,2.2233672,1,25.87,112.36,4,25.6
2026-09-16T10:00,node/4983765004,Corre que se acaban,,,,41.4392453,2.2212328,1,25.87,112.36,4,25.6
2026-09-16T10:00,node/4983765005,365,,,,41.4403303,2.2225575,1,25.87,112.36,4,25.6
2026-09-16T10:00,node/4984256695,Pampa Mía,,,,41.4085709,2.2035603,1,25.87,112.36,4,25.6
2026-09-16T10:00,node/4991221422,Salterio,,,,41.3825107,2.1760837,0,25.87,112.36,4,25.6
2026-09-16T10:00,node/5007434606,La Balmesina,,,,41.3970301,2.1522555,0,25.87,112.36,4,25.6
2026-09-16T10:00,node/5010794721,Syra Coffee,,,,41.4014925,2.1595216,0,25.87,112.36,4,25.6
2026-09-16T10:00,node/5010794821,Nomad Frutas Selectas,,,,41.3979292,2.1955517,0,25.87,112.36,4,25.6
2026-09-16T10:00,node/5023905423,Petra,,,,41.4038883,2.1551166,0,25.87,112.36,4,25.6
2026-09-16T10:00,node/5028969022,Guzzo,,,,41.3850929,2.1836594,1,25.87,112.36,4,25.6
2026-09-16T10:00,node/5030247521,La Pantera Rosa,,,,41.4010493,2.1525903,0,25.87,112.36,4,25.6
2026-09-16T10:00,node/5037900607,Orio,,,,41.3819545,2.1763606,0,25.87,112.36,4,25.6
2026-09-16T10:00,node/5048602525,Blau Cel,,,,41.4043091,2.1612896,0,25.87,112.36,4,25.6
2026-09-16T10:00,node/5053669724,La Xula Taperia,,,,41.4023295,2.1586126,0,25.87,112.36,4,25.6
2026-09-16T10:00,node/5081388242,La Raposa,,,,41.3725137,2.1639527,0,25.87,112.36,4,25.6
2026-09-16T10:00,node/5082277825,Vermuteria Puigmartí,,,,41.4013967,2.1590604,0,25.87,112.36,4,25.6
2026-09-16T10:00,node/5082277826,Caracas,,,,41.4020908,2.1601676,0,25.87,112.36,4,25.6
2026-09-16T10:00,node/5082288821,Curuba,,,,41.3999554,2.1574731,0,25.87,112.36,4,25.6
2026-09-16T10:00,node/5086827321,Metric Market,,,,41.3916196,2.1419287,0,25.87,112.36,4,25.6
2026-09-16T10:00,node/5088945722,La Juanola,,,,41.4066765,2.1569377,0,25.87,112.36,4,25.6
2026-09-16T10:00,node/5089333723,Ciuri‘s,,,,41.4052466,2.1565749,0,25.87,112.36,4,25.6
2026-09-16T10:00,node/5105012628,Entre Hores,,,,41.4030943,2.1577829,0,25.87,112.36,4,25.6
2026-09-16T10:00,node/5109943322,Intrèpid,,,,41.4043018,2.1550041,0,25.87,112.36,4,25.6
2026-09-16T10:00,node/5110964523,La Trobada,,,,41.4015625,2.1520155,0,25.87,112.36,4,25.6
2026-09-16T10:00,node/5111094221,El Dorado Chicken,,,,41.3930251,2.1579995,0,25.87,112.36,4,25.6
2026-09-16T10:00,node/5113896626,Granja Fimon's,,,,41.4477805,2.2438919,1,25.87,112.36,4,25.6
2026-09-16T10:00,node/5118124314,Kebab Bocateli,,,,41.4426035,2.2166674,1,25.87,112.36,4,25.6
2026-09-16T10:00,node/5118126421,Bar Frankfurt Polideportivo,,,,41.4429429,2.2162226,1,25.87,112.36,4,25.6
2026-09-16T10:00,node/5118126428,Granja Modesto,,,,41.4343689,2.2158958,1,25.87,112.36,4,25.6
2026-09-16T10:00,node/5118126435,Cafeteria i Forn de pa Grey,,,,41.4332655,2.2174982,1,25.87,112.36,4,25.6
2026-09-16T10:00,node/5118126438,Frankfurt Piscis,,,,41.4360107,2.2158678,1,25.87,112.36,4,25.6
2026-09-16T10:00,node/5118126440,Bar Julio,,,,41.4348299,2.2151483,1,25.87,112.36,4,25.6
2026-09-16T10:00,node/5118126443,Bar Beethoven,,,,41.4328863,2.2181523,1,25.87,112.36,4,25.6
2026-09-16T10:00,node/5118126453,Bar Bondia,,,,41.4342763,2.2160261,1,25.87,112.36,4,25.6
2026-09-16T10:00,node/5128075585,Monkey Factory,,,,41.3927261,2.1544614,0,25.87,112.36,4,25.6
2026-09-16T10:00,node/5137360822,El Jardí,,,,41.4475237,2.2469586,1,25.87,112.36,4,25.6
2026-09-16T10:00,node/5144745888,Bar La Imperial,,,,41.4372451,2.2200669,1,25.87,112.36,4,25.6
2026-09-16T10:00,node/5144745889,Gabi,,,,41.4372105,2.2199582,1,25.87,112.36,4,25.6
2026-09-16T10:00,node/5144745893,Bar India,,,,41.4420657,2.2284253,1,25.87,112.36,4,25.6
2026-09-16T10:00,node/5144745896,Mokka,,,,41.4371063,2.2201689,1,25.87,112.36,4,25.6
2026-09-16T10:00,node/5156690125,Loc,,,,41.4351636,2.2283155,1,25.87,112.36,4,25.6
2026-09-16T10:00,node/5160440326,Les Termes Bdn,,,,41.4520115,2.2476488,1,25.87,112.36,4,25.6
2026-09-16T10:00,node/5167185733,La Sucursal,,,,41.3806502,2.1611889,0,25.87,112.36,4,25.6
2026-09-16T10:00,node/5167569072,El Mercader de L'Eixample,,,,41.3923316,2.1603286,0,25.87,112.36,4,25.6
2026-09-16T10:00,node/5168232324,Colmado,,,,41.3819235,2.1744264,0,25.87,112.36,4,25.6
2026-09-16T10:00,node/5175039621,Green's,,,,41.3959672,2.1496553,0,25.87,112.36,4,25.6
2026-09-16T10:00,node/5176233727,Els Porxos,,,,41.4031581,2.1751611,0,25.87,112.36,4,25.6
2026-09-16T10:00,node/5182260830,Catafal,,,,41.4088089,2.1468574,0,25.87,112.36,4,25.6
2026-09-16T10:00,node/5190930121,Casa Ángel,,,,41.4070235,2.1818566,0,25.87,112.36,4,25.6
2026-09-16T10:00,node/5192085421,Esterri,,,,41.3812805,2.1618108,0,25.87,112.36,4,25.6
2026-09-16T10:00,node/5198200824,Copa d'Or,,,,41.3963876,2.1688461,0,25.87,112.36,4,25.6
2026-09-16T10:00,node/5198200829,Gyoza Bistró,,,,41.3940771,2.1723519,0,25.87,112.36,4,25.6
2026-09-16T10:00,node/5198201036,Nou Can Codina,,,,41.3989586,2.1608728,0,25.87,112.36,4,25.6
2026-09-16T10:00,node/5198201122,La Particcela,,,,41.3961328,2.1697679,0,25.87,112.36,4,25.6
2026-09-16T10:00,node/5198201124,Riko's Braseria - Restaurante,,,,41.3929731,2.1692667,0,25.87,112.36,4,25.6
2026-09-16T10:00,node/5199743028,seven7seven,,,,41.3898868,2.1622344,0,25.87,112.36,4,25.6
2026-09-16T10:00,node/5207046925,Sense Nom,,,,41.3843558,2.1622563,0,25.87,112.36,4,25.6
2026-09-16T10:00,node/5207067522,El Maravillas,,,,41.3868914,2.1323626,0,25.87,112.36,4,25.6
2026-09-16T10:00,node/5208223424,Bonastre,,,,41.3774986,2.1587463,0,25.87,112.36,4,25.6
2026-09-16T10:00,node/5212252535,Tariq,,,,41.4477214,2.2405051,1,25.87,112.36,4,25.6
2026-09-16T10:00,node/5218828496,Conecta,,,,41.4388265,2.2253266,1,25.87,112.36,4,25.6
2026-09-16T10:00,node/5218828499,Sweet dolç,,,,41.4385456,2.2254351,1,25.87,112.36,4,25.6
2026-09-16T10:00,node/5226505321,Bodega E. Marin,,,,41.4025586,2.1609645,0,25.87,112.36,4,25.6
2026-09-16T10:00,node/5228942946,La Pubilla,,,,41.3995748,2.1536674,0,25.87,112.36,4,25.6
2026-09-16T10:00,node/5237627856,Tasmango Dessert,,,,41.3909254,2.1784375,0,25.87,112.36,4,25.6
2026-09-16T10:00,node/5238186123,Lennox,,,,41.3834186,2.1829502,1,25.87,112.36,4,25.6
2026-09-16T10:00,node/5271863048,Rest. Alexandre,,,,41.4322501,2.1835476,0,25.87,112.36,4,25.6
2026-09-16T10:00,node/5286467104,Granja Monsul,,,,41.4437723,2.2239591,1,25.87,112.36,4,25.6
2026-09-16T10:00,node/5298404593,Próspero,,,,41.4382431,2.2237839,1,25.87,112.36,4,25.6
2026-09-16T10:00,node/5298404603,Bar Salamanca,,,,41.4388532,2.2246477,1,25.87,112.36,4,25.6
2026-09-16T10:00,node/5298405327,Bar Benuga,,,,41.4383471,2.2243229,1,25.87,112.36,4,25.6
2026-09-16T10:00,node/5298405384,Bar Rocío Los Cazadores,,,,41.4389682,2.2252641,1,25.87,112.36,4,25.6
2026-09-16T10:00,node/5299921764,Bar Crack,,,,41.4343466,2.2189911,1,25.87,112.36,4,25.6
2026-09-16T10:00,node/5299921811,Can Daura,,,,41.4358077,2.2218721,1,25.87,112.36,4,25.6
2026-09-16T10:00,node/5299922525,Bar La Imperial,,,,41.4354603,2.2205399,1,25.87,112.36,4,25.6
2026-09-16T10:00,node/5299922526,Bar Marta,,,,41.4349148,2.2200469,1,25.87,112.36,4,25.6
2026-09-16T10:00,node/5313632423,365,,,,41.3789307,2.1718613,0,25.87,112.36,4,25.6
2026-09-16T10:00,node/5327570662,Ancestral,,,,41.3977332,2.1656576,0,25.87,112.36,4,25.6
2026-09-16T10:00,node/5347967007,Bar Marín,,,,41.4474106,2.2217195,1,25.87,112.36,4,25.6
2026-09-16T10:00,node/5347967009,Bar La Cantonada,,,,41.4474812,2.2209325,1,25.87,112.36,4,25.6
2026-09-16T10:00,node/5363964402,El gran croissant,,,,41.4359355,2.2167366,1,25.87,112.36,4,25.6
2026-09-16T10:00,node/5395531687,Las Marismas,,,,41.3701297,2.1215161,1,25.87,112.36,4,25.6
2026-09-16T10:00,node/5407919537,El Yate,,,,41.4039787,2.1367463,0,25.87,112.36,4,25.6
2026-09-16T10:00,node/5417517130,Tou Kichi Rou,,,,41.3919953,2.1432267,0,25.87,112.36,4,25.6
2026-09-16T10:00,node/5418243448,La Pampa,,,,41.3793623,2.1879402,0,25.87,112.36,4,25.6
2026-09-16T10:00,node/5418243450,els maians,,,,41.3786757,2.1882219,0,25.87,112.36,4,25.6
2026-09-16T10:00,node/5418243451,no30,,,,41.3791653,2.1879988,0,25.87,112.36,4,25.6
2026-09-16T10:00,node/5418243452,Lolita,,,,41.3783615,2.1882936,0,25.87,112.36,4,25.6
2026-09-16T10:00,node/5418243454,Reina Margherita,,,,41.3792655,2.1879835,0,25.87,112.36,4,25.6
2026-09-16T10:00,node/5434314893,PolkaBarcelona,,,,41.3859057,2.1326565,0,25.87,112.36,4,25.6
2026-09-16T10:00,node/5485540627,Bar Placídia,,,,41.3999472,2.1524915,0,25.87,112.36,4,25.6
2026-09-16T10:00,node/5487473548,Cafè Mos,,,,41.4143487,2.1384116,0,25.87,112.36,4,25.6
2026-09-16T10:00,node/5498351755,365 Cafeteria Forn de Pa,,,,41.3747778,2.1626826,0,25.87,112.36,4,25.6
2026-09-16T10:00,node/5509139428,La Carmanyola,,,,41.4013829,2.2068942,1,25.87,112.36,4,25.6
2026-09-16T10:00,node/5536153362,Cafeteria La Dona,,,,41.4396715,2.2242727,1,25.87,112.36,4,25.6
2026-09-16T10:00,node/5564055763,Panda & Smile,,,,41.3842068,2.1585673,0,25.87,112.36,4,25.6
2026-09-16T10:00,node/5564064431,Atrapatapa,,,,41.3832362,2.1568636,1,25.87,112.36,4,25.6
2026-09-16T10:00,node/5595134220,Cervecería Amoretty's 3,,,,41.4412382,2.2200117,1,25.87,112.36,4,25.6
2026-09-16T10:00,node/5606506169,Sincopa,,,,41.3803881,2.1789886,0,25.87,112.36,4,25.6
2026-09-16T10:00,node/5611733921,Buenas Migas,,,,41.4024253,2.1743326,0,25.87,112.36,4,25.6
2026-09-16T10:00,node/5617465886,Amateur,,,,41.3967536,2.1962847,0,25.87,112.36,4,25.6
2026-09-16T10:00,node/5646412432,Made in Sicily,,,,41.4483394,2.2490191,1,25.87,112.36,4,25.6
2026-09-16T10:00,node/5646415922,La Bella Istambul,,,,41.4479233,2.2494906,1,25.87,112.36,4,25.6
2026-09-16T10:00,node/5658288082,Can Teixidó,,,,41.4491148,2.2483189,1,25.87,112.36,4,25.6
2026-09-16T10:00,node/5663240986,Cafè Escac,,,,41.3837378,2.1695562,0,25.87,112.36,4,25.6
2026-09-16T10:00,node/5676005621,CACHO,,,,41.3931048,2.1910878,1,25.87,112.36,4,25.6
2026-09-16T10:00,node/5718757792,360°,,,,41.3790957,2.1696433,0,25.87,112.36,4,25.6
2026-09-16T10:00,node/5793057257,Bar Granja el Chiquitín,,,,41.4398176,2.2263171,1,25.87,112.36,4,25.6
2026-09-16T10:00,node/5796742218,The Clock,,,,41.3754168,2.1482785,1,25.87,112.36,4,25.6
2026-09-16T10:00,node/5805410453,Morrow Coffee,,,,41.3771392,2.1513283,1,25.87,112.36,4,25.6
2026-09-16T10:00,node/5806521955,Paisano Bistró,,,,41.4048549,2.1759323,0,25.87,112.36,4,25.6
2026-09-16T10:00,node/5856758686,El racó de les tapes,,,,41.4357708,2.1910224,0,25.87,112.36,4,25.6
2026-09-16T10:00,node/5878496985,UDON,,,,41.4051569,2.1921906,0,25.87,112.36,4,25.6
2026-09-16T10:00,node/5916157285,Bar Castells,,,,41.3841472,2.1698121,0,25.87,112.36,4,25.6
2026-09-16T10:00,node/5923867889,,,,,41.4406062,2.2451514,1,25.87,112.36,4,25.6
2026-09-16T10:00,node/5930228787,Mi casa,,,,41.3993608,2.1535771,0,25.87,112.36,4,25.6
2026-09-16T10:00,node/5933808740,Kserol,,,,41.3986236,2.1753141,0,25.87,112.36,4,25.6
2026-09-16T10:00,node/5944781772,Restaurante Burning Rock&Food,,,,41.3746837,2.1311612,0,25.87,112.36,4,25.6
2026-09-16T10:00,node/5951964888,el Fornet,,,,41.3882003,2.1723419,0,25.87,112.36,4,25.6
2026-09-16T10:00,node/5972440521,Feroz,,,,41.3965882,2.1508404,1,25.87,112.36,4,25.6
2026-09-16T10:00,node/5980982393,Pepa Tomate,,,,41.3767661,2.1627826,0,25.87,112.36,4,25.6
2026-09-16T10:00,node/6000108088,La Neura,,,,41.4002093,2.1660134,0,25.87,112.36,4,25.6
2026-09-16T10:00,node/6009236381,Mesón Balouta,,,,41.4384121,2.1649296,0,25.87,112.36,4,25.6
2026-09-16T10:00,node/6010958538,Bar Avenida,,,,41.4371962,2.2238498,1,25.87,112.36,4,25.6
2026-09-16T10:00,node/6010958540,Bar Trébol BCN,,,,41.4352675,2.2193633,1,25.87,112.36,4,25.6
2026-09-16T10:00,node/6027971388,Novell,,,,41.4070495,2.1667319,0,25.87,112.36,4,25.6
2026-09-16T10:00,node/6038827086,Honest Greens,,,,41.3986972,2.1569862,0,25.87,112.36,4,25.6
2026-09-16T10:00,node/6066258257,Bar Roma Sports,,,,41.4449369,2.2223513,1,25.87,112.36,4,25.6
2026-09-16T10:00,node/6089625321,Vivari,,,,41.3973187,2.1676233,0,25.87,112.36,4,25.6
2026-09-16T10:00,node/6093865396,The FRESH POKE,,,,41.3975268,2.1644457,0,25.87,112.36,4,25.6
2026-09-16T10:00,node/6093944886,Nicasso,,,,41.4072456,2.1873211,0,25.87,112.36,4,25.6
2026-09-16T10:00,node/6096656135,Yoi Yoi Gion,,,,41.3965593,2.1606187,0,25.87,112.36,4,25.6
2026-09-16T10:00,node/6104559348,Belles Arts II,,,,41.3872827,2.1361782,0,25.87,112.36,4,25.6
2026-09-16T10:00,node/6104561002,Toyodo,,,,41.3866914,2.1375355,0,25.87,112.36,4,25.6
2026-09-16T10:00,node/6106764321,Il Caffe di Francesco,,,,41.3930707,2.1642758,0,25.87,112.36,4,25.6
2026-09-16T10:00,node/6109526596,El Cuiner de Damasc,,,,41.3814196,2.1776754,0,25.87,112.36,4,25.6
2026-09-16T10:00,node/6110978486,Bonaparte,,,,41.4775805,2.0724847,1,25.87,112.36,4,25.6
2026-09-16T10:00,node/6123253862,Bar Granja Oasis,,,,41.3505068,2.1127043,1,25.87,112.36,4,25.6
2026-09-16T10:00,node/6126749461,Cantero,,,,41.3942111,2.1902433,1,25.87,112.36,4,25.6
2026-09-16T10:00,node/6164234382,Poké Sí,,,,41.4052321,2.1924708,1,25.87,112.36,4,25.6
2026-09-16T10:00,node/6164236104,Palo Verde,,,,41.4047343,2.1968042,0,25.87,112.36,4,25.6
2026-09-16T10:00,node/6166398253,Panet,,,,41.3861845,2.1430687,0,25.87,112.36,4,25.6
2026-09-16T10:00,node/6182404055,Kasa,,,,41.3861348,2.1656868,0,25.87,112.36,4,25.6
2026-09-16T10:00,node/6188914880,Bella Venezia,,,,41.3965502,2.1644865,0,25.87,112.36,4,25.6
2026-09-16T10:00,node/6188922858,Arc iris,,,,41.3998386,2.1715382,0,25.87,112.36,4,25.6
2026-09-16T10:00,node/6193461695,Sun Market,,,,41.3928465,2.1569854,0,25.87,112.36,4,25.6
2026-09-16T10:00,node/6193479448,Akashi Sushi Bar,,,,41.3923045,2.1558108,0,25.87,112.36,4,25.6
2026-09-16T10:00,node/6200571548,La Svolta,,,,41.4061025,2.1515184,0,25.87,112.36,4,25.6
2026-09-16T10:00,node/6202321417,La Tapeta del Coll,,,,41.4179646,2.1467035,1,25.87,112.36,4,25.6
2026-09-16T10:00,node/6204104907,La Papa,,,,41.3898088,2.1577366,0,25.87,112.36,4,25.6
2026-09-16T10:00,node/6216083704,La Coma,,,,41.3401472,2.1265697,1,25.87,112.36,4,25.6
2026-09-16T10:00,node/6216218158,la Zona,,,,41.3460291,2.1439158,1,25.87,112.36,4,25.6
2026-09-16T10:00,node/6216756977,Estrella de Istanbul,,,,41.4098375,2.1751296,0,25.87,112.36,4,25.6
2026-09-16T10:00,node/6230395442,Akelarre,,,,41.3892275,2.1373726,0,25.87,112.36,4,25.6
2026-09-16T10:00,node/6230407068,Starbucks,,,,41.3951351,2.1581903,0,25.87,112.36,4,25.6
2026-09-16T10:00,node/6232752417,El Taller,,,,41.3587511,2.1404908,0,25.87,112.36,4,25.6
2026-09-16T10:00,node/6237797177,Luri,,,,41.3977931,2.1514901,0,25.87,112.36,4,25.6
2026-09-16T10:00,node/6246525924,in blue,,,,41.3877036,2.1368756,0,25.87,112.36,4,25.6
2026-09-16T10:00,node/6250219942,Al sur,,,,41.3941572,2.1586822,0,25.87,112.36,4,25.6
2026-09-16T10:00,node/6258570565,Dino Pan,,,,41.3824376,2.1318622,0,25.87,112.36,4,25.6
2026-09-16T10:00,node/6258570699,Don Sándwich,,,,41.3820321,2.1315862,0,25.87,112.36,4,25.6
2026-09-16T10:00,node/6258715958,La Lluna de Gavà,,,,41.3672801,2.1403759,1,25.87,112.36,4,25.6
2026-09-16T10:00,node/6258718433,La Toscana,,,,41.3805625,2.1323335,0,25.87,112.36,4,25.6
2026-09-16T10:00,node/6258718652,Cafeteria Melody Bar,,,,41.3779464,2.1338934,0,25.87,112.36,4,25.6
2026-09-16T10:00,node/6258719247,Bar Florida,,,,41.3592896,2.1399844,0,25.87,112.36,4,25.6
2026-09-16T10:00,node/6260784864,La Cabaña,,,,41.3699161,2.1341331,0,25.87,112.36,4,25.6
2026-09-16T10:00,node/6260786193,Goiko Grill,,,,41.3656448,2.1357604,1,25.87,112.36,4,25.6
2026-09-16T10:00,node/6264834185,König,,,,41.3862163,2.1827612,0,25.87,112.36,4,25.6
2026-09-16T10:00,node/6298115913,N.A.P.,,,,41.3774834,2.1900137,0,25.87,112.36,4,25.6
2026-09-16T10:00,node/6316025985,L'Esclop,,,,41.3768262,2.1577412,0,25.87,112.36,4,25.6
2026-09-16T10:00,node/6330973943,Don Kilo,,,,41.3998564,2.1639573,0,25.87,112.36,4,25.6
2026-09-16T10:00,node/6333708759,SandwiChez,,,,41.3941488,2.1694356,1,25.87,112.36,4,25.6
2026-09-16T10:00,node/6334053687,Cafè Yafa,,,,41.3997495,2.1643963,0,25.87,112.36,4,25.6
2026-09-16T10:00,node/6334053692,La Mananta,,,,41.3994169,2.1648424,0,25.87,112.36,4,25.6
2026-09-16T10:00,node/6339732807,La Soca 2,,,,41.3912352,2.1594135,0,25.87,112.36,4,25.6
2026-09-16T10:00,node/6339732809,Creps Barcelona,,,,41.3905618,2.1590619,0,25.87,112.36,4,25.6
2026-09-16T10:00,node/6357834156,Les gens que j'aime bar,,,,41.3936947,2.1648505,0,25.87,112.36,4,25.6
2026-09-16T10:00,node/6381462875,Comarca Cuina L’Hocal,,,,41.3609203,2.1295937,1,25.87,112.36,4,25.6
2026-09-16T10:00,node/6424929026,Cafeteria Samy's,,,,41.3637433,2.1369241,0,25.87,112.36,4,25.6
2026-09-16T10:00,node/6424929700,Sakuraya,,,,41.3653001,2.1307952,1,25.87,112.36,4,25.6
2026-09-16T10:00,node/6431480513,Restaurant Bodega de Tapas,,,,41.3772493,2.1371156,0,25.87,112.36,4,25.6
2026-09-16T10:00,node/6431508292,Bodega Salvat,,,,41.3711848,2.1345217,0,25.87,112.36,4,25.6
2026-09-16T10:00,node/6431508293,Jaqueline's,,,,41.3682256,2.1345214,0,25.87,112.36,4,25.6
2026-09-16T10:00,node/6431508485,Japonia Café,,,,41.3806518,2.1387176,1,25.87,112.36,4,25.6
2026-09-16T10:00,node/6431508488,La Bodegueta de Sants,,,,41.3710695,2.1344235,0,25.87,112.36,4,25.6
2026-09-16T10:00,node/6431512182,Bar Montevideo,,,,41.3693939,2.1342386,0,25.87,112.36,4,25.6
2026-09-16T10:00,node/6431558869,Bar Alegría,,,,41.3629394,2.1373301,0,25.87,112.36,4,25.6
2026-09-16T10:00,node/6431559030,Bar El Faro,,,,41.3628529,2.1373795,0,25.87,112.36,4,25.6
2026-09-16T10:00,node/6433259684,Entre Copas,,,,41.3621672,2.0761548,1,25.87,112.36,4,25.6
2026-09-16T10:00,node/6438381289,Vera Café,,,,41.3883674,2.1779512,0,25.87,112.36,4,25.6
2026-09-16T10:00,node/6441451785,Líder de Istanbul,,,,41.3752687,2.1338088,0,25.87,112.36,4,25.6
2026-09-16T10:00,node/6445233216,Gyoza Bar,,,,41.3931059,2.1798949,1,25.87,112.36,4,25.6
2026-09-16T10:00,node/6450380989,Bar But,,,,41.3979648,2.1593688,0,25.87,112.36,4,25.6
2026-09-16T10:00,node/6450381086,La Porxada,,,,41.4030026,2.1637245,0,25.87,112.36,4,25.6
2026-09-16T10:00,node/6462934229,Concordia,,,,41.3864201,2.1321758,0,25.87,112.36,4,25.6
2026-09-16T10:00,node/6475037976,L'Oasi a Consell,,,,41.3830142,2.1547507,1,25.87,112.36,4,25.6
2026-09-16T10:00,node/6477273844,Fandango,,,,41.3982346,2.1423415,0,25.87,112.36,4,25.6
2026-09-16T10:00,node/6506313588,Antigua,,,,41.3980086,2.1492952,0,25.87,112.36,4,25.6
2026-09-16T10:00,node/6507308246,L'Antica Pizzeria Da Michele,,,,41.3928154,2.1682858,0,25.87,112.36,4,25.6
2026-09-16T10:00,node/6532206187,Yü Sushi,,,,41.4032734,2.2032208,0,25.87,112.36,4,25.6
2026-09-16T10:00,node/6532330793,La Xemeneia,,,,41.4016359,2.2048002,1,25.87,112.36,4,25.6
2026-09-16T10:00,node/6535101686,Alma Loca,,,,41.3992845,2.1970974,0,25.87,112.36,4,25.6
2026-09-16T10:00,node/6538194375,Mr. White,,,,41.3761815,2.1601126,0,25.87,112.36,4,25.6
2026-09-16T10:00,node/6568369188,Elpilar,,,,41.4000903,2.1489875,0,25.87,112.36,4,25.6
2026-09-16T10:00,node/6597321587,Welcome,,,,41.4065151,2.1509474,0,25.87,112.36,4,25.6
2026-09-16T10:00,node/6600189447,café bar juli-mac,,,,41.3782625,2.1239845,0,25.87,112.36,4,25.6
2026-09-16T10:00,node/6642989000,El Pa Sencer,,,,41.3835483,2.1341796,0,25.87,112.36,4,25.6
2026-09-16T10:00,node/6642989001,Ateneu Popular de les Corts,,,,41.3826968,2.1329407,0,25.87,112.36,4,25.6
2026-09-16T10:00,node/6680396487,La prorroga,,,,41.4032976,2.1567512,0,25.87,112.36,4,25.6
2026-09-16T10:00,node/6680687871,La Mar Salada,,,,41.3768035,2.1888904,0,25.87,112.36,4,25.6
2026-09-16T10:00,node/6681709948,Kiltro Gràcia,,,,41.4018317,2.1544539,0,25.87,112.36,4,25.6
2026-09-16T10:00,node/6710510485,Catedral 1951,,,,41.3849142,2.1757337,0,25.87,112.36,4,25.6
2026-09-16T10:00,node/6750944404,Brasaña,,,,41.3605721,2.1345777,0,25.87,112.36,4,25.6
2026-09-16T10:00,node/6757307686,Kitsu,,,,41.4017918,2.1543486,0,25.87,112.36,4,25.6
2026-09-16T10:00,node/6757314489,LomoAlto,,,,41.3936053,2.1663935,0,25.87,112.36,4,25.6
2026-09-16T10:00,node/6766273102,inti & chaska,,,,41.3886755,2.1599487,0,25.87,112.36,4,25.6
2026-09-16T10:00,node/6771863086,Montseny,,,,41.4070642,2.1804416,0,25.87,112.36,4,25.6
2026-09-16T10:00,node/6775495571,El Petit,,,,41.3298893,2.0988681,1,25.87,112.36,4,25.6
2026-09-16T10:00,node/6782427526,Híbrid Cafè Restaurant,,,,41.3771219,2.1203336,1,25.87,112.36,4,25.6
2026-09-16T10:00,node/6786006588,365,,,,41.3820297,2.1697221,0,25.87,112.36,4,25.6
2026-09-16T10:00,node/6790695789,El Rincón de la Abuela Venezolana,,,,41.4058359,2.1788147,0,25.87,112.36,4,25.6
2026-09-16T10:00,node/6805613085,Bar la Cabaña,,,,41.4071784,2.1778546,0,25.87,112.36,4,25.6
2026-09-16T10:00,node/6812099686,La Xurreria de Maria,,,,41.4050102,2.1750002,1,25.87,112.36,4,25.6
2026-09-16T10:00,node/6821384885,Blu Bar,,,,41.3983358,2.2045648,1,25.87,112.36,4,25.6
2026-09-16T10:00,node/6835358009,Murivecci,,,,41.3874075,2.1828282,0,25.87,112.36,4,25.6
2026-09-16T10:00,node/6852974547,Garrido,,,,41.3603039,2.1401381,0,25.87,112.36,4,25.6
2026-09-16T10:00,node/6852994516,La Patatona,,,,41.3604651,2.1400108,0,25.87,112.36,4,25.6
2026-09-16T10:00,node/6855027201,Bar Sandwicheria Enka 3,,,,41.3758876,2.1221107,0,25.87,112.36,4,25.6
2026-09-16T10:00,node/6871523347,Cafe Punto 10,,,,41.3805947,2.1364501,0,25.87,112.36,4,25.6
2026-09-16T10:00,node/6914132390,El Nou Ramonet,,,,41.3817315,2.1876268,0,25.87,112.36,4,25.6
2026-09-16T10:00,node/6946328085,Cremat 11,,,,41.3855109,2.1810205,0,25.87,112.36,4,25.6
2026-09-16T10:00,node/6973926711,Syra Coffee,,,,41.3965047,2.1941864,0,25.87,112.36,4,25.6
2026-09-16T10:00,node/6983227455,SNOOKER - Cocteles y Billarea,,,,41.3921561,2.1703663,0,25.87,112.36,4,25.6
2026-09-16T10:00,node/7002869606,Chebú,,,,41.3791162,2.1515085,0,25.87,112.36,4,25.6
2026-09-16T10:00,node/7003296923,Triple Sec,,,,41.3747448,2.1609868,0,25.87,112.36,4,25.6
2026-09-16T10:00,node/7004598841,Orange Coffee,,,,41.4052864,2.1712189,0,25.87,112.36,4,25.6
2026-09-16T10:00,node/7014308129,Bar Bodega Lentejil,,,,41.4429922,2.2175094,1,25.87,112.36,4,25.6
2026-09-16T10:00,node/7017780931,Yoüme,,,,41.3835882,2.1541892,0,25.87,112.36,4,25.6
2026-09-16T10:00,node/7098025886,El Club del Café,,,,41.4340729,2.1892624,0,25.87,112.36,4,25.6
2026-09-16T10:00,node/7124857728,Cabo,,,,41.3964797,2.1851438,0,25.87,112.36,4,25.6
2026-09-16T10:00,node/7132160620,Santagloria,,,,41.3863926,2.1243567,0,25.87,112.36,4,25.6
2026-09-16T10:00,node/7141587085,La Cereria,,,,41.3815426,2.1767152,0,25.87,112.36,4,25.6
2026-09-16T10:00,node/7150994121,Vivari,,,,41.3998419,2.1775677,0,25.87,112.36,4,25.6
2026-09-16T10:00,node/7234692489,Van van var,,,,41.3942304,2.1901096,0,25.87,112.36,4,25.6
2026-09-16T10:00,node/7318977151,,,,,41.3711664,2.1434617,0,25.87,112.36,4,25.6
2026-09-16T10:00,node/7318977155,Bar Joaquim,,,,41.3704145,2.1424922,0,25.87,112.36,4,25.6
2026-09-16T10:00,node/7318977156,Vivari,,,,41.3686165,2.1410874,1,25.87,112.36,4,25.6
2026-09-16T10:00,node/7431790448,Santagloria,,,,41.3896086,2.1200086,0,25.87,112.36,4,25.6
2026-09-16T10:00,node/7438491414,,,,,41.3733479,2.1301506,0,25.87,112.36,4,25.6
2026-09-16T10:00,node/7504941029,Iberic Fusión Platja,,,,41.4380577,2.2431806,1,25.87,112.36,4,25.6
2026-09-16T10:00,node/7504941031,l'Altre Can Mario's,,,,41.4405591,2.2418866,1,25.87,112.36,4,25.6
2026-09-16T10:00,node/7504941033,L'Esmolet,,,,41.4432993,2.2460741,1,25.87,112.36,4,25.6
2026-09-16T10:00,node/7504941035,la Masia de la Xesca,,,,41.4452013,2.2417838,1,25.87,112.36,4,25.6
2026-09-16T10:00,node/7556742593,Menjador del Centre,,,,41.4009756,2.2000272,0,25.87,112.36,4,25.6
2026-09-16T10:00,node/7563962192,Passeig9,,,,41.4014488,2.2009478,0,25.87,112.36,4,25.6
2026-09-16T10:00,node/7600529740,Restaurante La Flama,,,,41.3514861,2.1114722,1,25.87,112.36,4,25.6
2026-09-16T10:00,node/7618205068,El Pellizquito,,,,41.3501292,2.1105817,1,25.87,112.36,4,25.6
2026-09-16T10:00,node/7640514041,Bar Plaça Carles Buïgas,,,,41.3711833,2.1510204,1,25.87,112.36,4,25.6
2026-09-16T10:00,node/7644933199,Almirall,,,,41.4100171,2.1883052,1,25.87,112.36,4,25.6
2026-09-16T10:00,node/7704818539,Bar Granja Rocxi,,,,41.3744206,2.1339573,1,25.87,112.36,4,25.6
2026-09-16T10:00,node/7704818548,Cafès Caracas,,,,41.3748038,2.1328052,0,25.87,112.36,4,25.6
2026-09-16T10:00,node/7706832792,Cru Sants,,,,41.3721342,2.1286919,0,25.87,112.36,4,25.6
2026-09-16T10:00,node/7736420790,Mamma Italia,,,,41.3764642,2.1234304,0,25.87,112.36,4,25.6
2026-09-16T10:00,node/7772770550,Eqvilibrivm Café,,,,41.3973065,2.1697662,0,25.87,112.36,4,25.6
2026-09-16T10:00,node/7838098454,El Caserón,,,,41.3838275,2.1398498,0,25.87,112.36,4,25.6
2026-09-16T10:00,node/7925586104,Delicream,,,,41.4572921,2.2290688,1,25.87,112.36,4,25.6
2026-09-16T10:00,node/7989010587,Castañeiras,,,,41.4100358,2.1760296,0,25.87,112.36,4,25.6
2026-09-16T10:00,node/7999604058,Lilo brunch,,,,41.3873718,2.1627034,0,25.87,112.36,4,25.6
2026-09-16T10:00,node/7999616840,Bellillo,,,,41.3879362,2.1620483,1,25.87,112.36,4,25.6
2026-09-16T10:00,node/8034999886,Costa Dorada,,,,41.3980284,2.1986941,0,25.87,112.36,4,25.6
2026-09-16T10:00,node/8046554489,Sport,,,,41.4001224,2.2000188,0,25.87,112.36,4,25.6
2026-09-16T10:00,node/8049731595,Echegaray,,,,41.4018684,2.2023424,0,25.87,112.36,4,25.6
2026-09-16T10:00,node/8049732292,Doroteo,,,,41.4029636,2.2006718,0,25.87,112.36,4,25.6
2026-09-16T10:00,node/8064873985,Saramar,,,,41.3957712,2.1953013,1,25.87,112.36,4,25.6
2026-09-16T10:00,node/8077128420,Tío Bigotes,,,,41.4013922,2.2028846,0,25.87,112.36,4,25.6
2026-09-16T10:00,manual/488492e9,Bar Viejo Cafe,Bar,yes,"Carrer de la Independència, 306, Sant Martí, 08026 Barcelona",41.4116,2.1794,0,25.87,112.36,4,25.6
2026-09-16T10:00,manual/c52f6190,New 88 Bar-Cafeteria,bar,yes,,41.4094505,2.1789589,0,25.87,112.36,4,25.6
2026-09-16T10:00,manual/5d2ea7ea,Restaurant Papá Nico,bar,yes,,41.4094505,2.1789589,0,25.87,112.36,4,25.6
2026-09-16T10:00,manual/c980e39e,Restaurant El Clot,restaurant,yes,,41.4087697,2.1875592,0,25.87,112.36,4,25.6
2026-09-16T11:00,relation/18317100,,,,,41.42,2.1188352,1,35.72,125.56,0,28.5
2026-09-16T11:00,node/208984374,Central Rambla,,,,41.3782716,2.1761732,0,35.72,125.56,0,28.5
2026-09-16T11:00,way/217583616,Can Fisher,,,,41.3946034,2.2062292,1,35.72,125.56,0,28.5
2026-09-16T11:00,way/245214117,la Caseta del Migdia,,,,41.3596833,2.1607145,1,35.72,125.56,0,28.5
2026-09-16T11:00,way/246717741,Mirablau,,,,41.4160323,2.1319129,1,35.72,125.56,0,28.5
2026-09-16T11:00,way/249404809,PURO,,,,41.3911248,2.1461635,0,35.72,125.56,0,28.5
2026-09-16T11:00,way/268912897,Can Cortada,,,,41.4362503,2.1524833,1,35.72,125.56,0,28.5
2026-09-16T11:00,way/315387188,Temple del Metall,,,,41.4741706,2.1662317,1,35.72,125.56,0,28.5
2026-09-16T11:00,way/392926648,Pacha,,,,41.3857491,2.1970415,1,35.72,125.56,0,28.5
2026-09-16T11:00,way/412702054,Camping,,,,41.3953192,2.2042386,1,35.72,125.56,0,28.5
2026-09-16T11:00,way/443599336,Asador Casa Juaco,,,,41.4476663,2.1426909,1,35.72,125.56,0,28.5
2026-09-16T11:00,way/446002194,La Base by Farré,,,,41.3967358,2.2101884,1,35.72,125.56,0,28.5
2026-09-16T11:00,node/476327681,Can Paixano,,,,41.3817618,2.1834151,0,35.72,125.56,0,28.5
2026-09-16T11:00,node/506202703,Bar Almogávares,,,,41.3962323,2.1890864,0,35.72,125.56,0,28.5
2026-09-16T11:00,way/519771543,Restaurant Can Cases,,,,41.4343885,2.0985276,1,35.72,125.56,0,28.5
2026-09-16T11:00,node/534367691,Sant Bartomeu,,,,41.3755248,2.1346488,1,35.72,125.56,0,28.5
2026-09-16T11:00,node/643022131,Euro Bar-Tapas,,,,41.4342324,2.2161197,1,35.72,125.56,0,28.5
2026-09-16T11:00,node/643429648,Joan Figuera,,,,41.4336545,2.2169391,1,35.72,125.56,0,28.5
2026-09-16T11:00,node/643496696,El rincón de Willy,,,,41.4380246,2.2180623,1,35.72,125.56,0,28.5
2026-09-16T11:00,node/643496704,Bar Somni d'estiu,,,,41.4382361,2.2166687,1,35.72,125.56,0,28.5
2026-09-16T11:00,way/655221168,L'Ovella Negra Marina,,,,41.3960196,2.1901331,1,35.72,125.56,0,28.5
2026-09-16T11:00,node/660004524,Bocatapa Can Manel,,,,41.4413833,2.2212875,1,35.72,125.56,0,28.5
2026-09-16T11:00,node/672140180,Kasparo,,,,41.3844847,2.1690087,0,35.72,125.56,0,28.5
2026-09-16T11:00,node/704031158,Café Zurich,,,,41.3858504,2.1694606,1,35.72,125.56,0,28.5
2026-09-16T11:00,node/704042058,Starbucks,,,,41.3888305,2.1719117,0,35.72,125.56,0,28.5
2026-09-16T11:00,node/704058886,Tapa Tapa,,,,41.3916926,2.1660167,0,35.72,125.56,0,28.5
2026-09-16T11:00,node/704060428,Oassis Natural Cooking,,,,41.3901637,2.1678915,0,35.72,125.56,0,28.5
2026-09-16T11:00,node/704066257,Ciutat Comtal,,,,41.3888272,2.1668833,1,35.72,125.56,0,28.5
2026-09-16T11:00,node/704066614,Taller de Tapas,,,,41.3905645,2.1639038,1,35.72,125.56,0,28.5
2026-09-16T11:00,way/707305723,Bar Frankfurt Cafeteria Fabregada,,,,41.3561748,2.1108239,1,35.72,125.56,0,28.5
2026-09-16T11:00,node/745947750,Bar Geminis,,,,41.3976224,2.1807778,1,35.72,125.56,0,28.5
2026-09-16T11:00,node/765796519,La Cafetera,,,,41.4049767,2.1575215,0,35.72,125.56,0,28.5
2026-09-16T11:00,node/814006271,Les 15 Nits Bar,,,,41.3804529,2.1749778,1,35.72,125.56,0,28.5
2026-09-16T11:00,node/819552792,Bracafe,,,,41.3944249,2.1675209,0,35.72,125.56,0,28.5
2026-09-16T11:00,node/824476551,Caleuche,,,,41.3761526,2.1686172,1,35.72,125.56,0,28.5
2026-09-16T11:00,node/830462039,Bar Restaurant Angela,,,,41.4043015,2.1949428,0,35.72,125.56,0,28.5
2026-09-16T11:00,way/907005766,Chevy's Bar,,,,41.4143731,2.2289499,1,35.72,125.56,0,28.5
2026-09-16T11:00,way/969257968,,,,,41.3793991,2.1073385,1,35.72,125.56,0,28.5
2026-09-16T11:00,way/1063378975,Bar Restaurant Oliver,,,,41.3469215,2.1546999,1,35.72,125.56,0,28.5
2026-09-16T11:00,node/1072798261,Taverna del Bisbe,,,,41.3849254,2.1766628,0,35.72,125.56,0,28.5
2026-09-16T11:00,node/1072800838,El Cafè D'en Victor,,,,41.3847931,2.1767008,0,35.72,125.56,0,28.5
2026-09-16T11:00,node/1083144027,Los Caracoles,,,,41.3796584,2.1765082,0,35.72,125.56,0,28.5
2026-09-16T11:00,node/1092685793,Elche,,,,41.3739754,2.1691488,0,35.72,125.56,0,28.5
2026-09-16T11:00,way/1112240803,ForumStation,,,,41.4096655,2.2221501,1,35.72,125.56,0,28.5
2026-09-16T11:00,node/1177498341,Casa Vall,,,,41.4074238,2.1585521,0,35.72,125.56,0,28.5
2026-09-16T11:00,node/1192698924,Bilbao Berria,,,,41.3841976,2.1748665,0,35.72,125.56,0,28.5
2026-09-16T11:00,node/1192699873,Tapas 24,,,,41.3908686,2.1674705,0,35.72,125.56,0,28.5
2026-09-16T11:00,way/1200964257,Chiringuito Joan Miro,,,,41.3789977,2.1478116,1,35.72,125.56,0,28.5
2026-09-16T11:00,node/1264182304,Tosca del Carme,,,,41.3819482,2.1695795,1,35.72,125.56,0,28.5
2026-09-16T11:00,node/1280416455,Carballeira,,,,41.4442679,2.2217701,1,35.72,125.56,0,28.5
2026-09-16T11:00,way/1300745688,La Casona de Sant Just,,,,41.3833348,2.0735139,1,35.72,125.56,0,28.5
2026-09-16T11:00,node/1310450869,El Filete Ruso,,,,41.3925451,2.1558968,1,35.72,125.56,0,28.5
2026-09-16T11:00,node/1312325106,La Palmera,,,,41.4144229,2.1385123,1,35.72,125.56,0,28.5
2026-09-16T11:00,node/1314943380,Mescladís del Pou,,,,41.3870865,2.1803497,0,35.72,125.56,0,28.5
2026-09-16T11:00,node/1335697982,,,,,41.3608771,2.1101417,1,35.72,125.56,0,28.5
2026-09-16T11:00,way/1368167814,Natura Beach. El Chiringuito,,,,41.4028929,2.2157443,1,35.72,125.56,0,28.5
2026-09-16T11:00,node/1420760625,Tapeo,,,,41.4044988,2.1554811,0,35.72,125.56,0,28.5
2026-09-16T11:00,node/1420760630,Diamant,,,,41.4042174,2.1555899,1,35.72,125.56,0,28.5
2026-09-16T11:00,node/1428867664,Café Berlin,,,,41.3943566,2.1494599,1,35.72,125.56,0,28.5
2026-09-16T11:00,node/1430537485,Oasis Restaurant,,,,41.3827219,2.1847191,1,35.72,125.56,0,28.5
2026-09-16T11:00,node/1445598557,Bracafe,,,,41.3948025,2.1817533,1,35.72,125.56,0,28.5
2026-09-16T11:00,node/1554649942,Torrades,,,,41.4375721,2.1566095,0,35.72,125.56,0,28.5
2026-09-16T11:00,node/1554649988,La Panera,,,,41.4374756,2.1563359,0,35.72,125.56,0,28.5
2026-09-16T11:00,node/1658425572,Rebeka,,,,41.3967185,2.1890325,1,35.72,125.56,0,28.5
2026-09-16T11:00,node/1685949861,Cerveceria Milenium 2,,,,41.3534566,2.0866307,1,35.72,125.56,0,28.5
2026-09-16T11:00,node/1711342192,Calero's Centre,,,,41.3744728,2.1349721,0,35.72,125.56,0,28.5
2026-09-16T11:00,node/1722136431,Cervecería Catalana,,,,41.3924032,2.1609008,0,35.72,125.56,0,28.5
2026-09-16T11:00,node/1739122591,La Tagliatella,,,,41.3943371,2.1521208,0,35.72,125.56,0,28.5
2026-09-16T11:00,node/1813593370,Bar Capricornio,,,,41.4381257,2.2179547,1,35.72,125.56,0,28.5
2026-09-16T11:00,node/1820633320,CASA TEVA,,,,41.3752815,2.1166845,1,35.72,125.56,0,28.5
2026-09-16T11:00,node/1824133931,Carmesí,,,,41.3737373,2.1644452,1,35.72,125.56,0,28.5
2026-09-16T11:00,node/1948986220,Cafeteria UPF Jaume I,,,,41.3900298,2.1901118,0,35.72,125.56,0,28.5
2026-09-16T11:00,node/1948987514,Cafeteria UPF Roger de Lluria,,,,41.3886776,2.1915119,1,35.72,125.56,0,28.5
2026-09-16T11:00,node/1951812612,Casa Pagès,,,,41.3998447,2.1613114,0,35.72,125.56,0,28.5
2026-09-16T11:00,node/1960366982,Casa Amalia,,,,41.3962525,2.1685646,0,35.72,125.56,0,28.5
2026-09-16T11:00,node/1984001407,Bar de la FIB,,,,41.3894239,2.1132363,0,35.72,125.56,0,28.5
2026-09-16T11:00,node/2034780565,Cerbeseria Lesseps,,,,41.4073551,2.1514486,0,35.72,125.56,0,28.5
2026-09-16T11:00,node/2034780569,L'Brasseria,,,,41.4067629,2.1516314,1,35.72,125.56,0,28.5
2026-09-16T11:00,node/2056517879,Caelum,,,,41.3830524,2.1744369,0,35.72,125.56,0,28.5
2026-09-16T11:00,node/2065469522,Restaurant Pipa,,,,41.3997461,2.2003004,1,35.72,125.56,0,28.5
2026-09-16T11:00,node/2087204991,La Sanguchería,,,,41.3954987,2.1484037,0,35.72,125.56,0,28.5
2026-09-16T11:00,node/2091604731,Tapa Tapa,,,,41.3762094,2.1500463,1,35.72,125.56,0,28.5
2026-09-16T11:00,node/2112843062,El Vaixell-2,,,,41.4541291,2.2350201,1,35.72,125.56,0,28.5
2026-09-16T11:00,node/2165154147,Asador de Lugo,,,,41.3797623,2.1376748,0,35.72,125.56,0,28.5
2026-09-16T11:00,node/2184580476,Bar del Pi,,,,41.3824922,2.1739624,1,35.72,125.56,0,28.5
2026-09-16T11:00,node/2187210264,Sopa,,,,41.4023416,2.1952788,1,35.72,125.56,0,28.5
2026-09-16T11:00,node/2197824500,Tierra del fuego,,,,41.4016702,2.2016399,0,35.72,125.56,0,28.5
2026-09-16T11:00,node/2213839299,Pollo Rico,,,,41.3791045,2.1721976,0,35.72,125.56,0,28.5
2026-09-16T11:00,node/2364075421,Chen-Ji,,,,41.3936143,2.1807074,0,35.72,125.56,0,28.5
2026-09-16T11:00,node/2434563732,La Bella Napoli,,,,41.3743686,2.1637621,0,35.72,125.56,0,28.5
2026-09-16T11:00,node/2442785485,El Círcol,,,,41.4501968,2.2474223,1,35.72,125.56,0,28.5
2026-09-16T11:00,node/2468197823,365 Cafeteria Forn de Pa,,,,41.3752071,2.1635151,1,35.72,125.56,0,28.5
2026-09-16T11:00,node/2476332030,Bar Lennon,,,,41.4028901,2.1612576,1,35.72,125.56,0,28.5
2026-09-16T11:00,node/2500906795,Bar Lúdic Queimada Nivell Q,,,,41.4094152,2.1808913,0,35.72,125.56,0,28.5
2026-09-16T11:00,node/2598482930,Con Gracia,,,,41.3990704,2.1600617,0,35.72,125.56,0,28.5
2026-09-16T11:00,node/2609183969,Fukuoka,,,,41.4022587,2.1612976,1,35.72,125.56,0,28.5
2026-09-16T11:00,node/2610750687,Xiringuito Aigua,,,,41.4096717,2.1683236,1,35.72,125.56,0,28.5
2026-09-16T11:00,node/2618447074,Vegetalia,,,,41.3803973,2.1776952,0,35.72,125.56,0,28.5
2026-09-16T11:00,node/2618538581,Veggie Garden,,,,41.3822767,2.1680336,1,35.72,125.56,0,28.5
2026-09-16T11:00,node/2618538595,Biocenter,,,,41.3825765,2.1694364,0,35.72,125.56,0,28.5
2026-09-16T11:00,node/2684052224,Pai Mei,,,,41.4051863,2.1931071,1,35.72,125.56,0,28.5
2026-09-16T11:00,node/2687089274,Dolça Estona,,,,41.4117096,2.1394938,1,35.72,125.56,0,28.5
2026-09-16T11:00,node/2689736934,Bar Bodega Molina,,,,41.4403298,2.1817019,0,35.72,125.56,0,28.5
2026-09-16T11:00,node/2721077740,Bar Veni,,,,41.3848861,2.1667078,0,35.72,125.56,0,28.5
2026-09-16T11:00,node/2727449418,Las Euras,,,,41.3998785,2.1577187,0,35.72,125.56,0,28.5
2026-09-16T11:00,node/2793491051,La bona tapa,,,,41.4368098,2.2166172,1,35.72,125.56,0,28.5
2026-09-16T11:00,node/2892028393,Kino,,,,41.3825992,2.1665452,0,35.72,125.56,0,28.5
2026-09-16T11:00,node/2892037115,23 Robadors,,,,41.3796029,2.1708903,0,35.72,125.56,0,28.5
2026-09-16T11:00,node/2910255826,Shôko,,,,41.3854991,2.1969746,1,35.72,125.56,0,28.5
2026-09-16T11:00,node/2910255827,Opium,,,,41.3852778,2.1967099,1,35.72,125.56,0,28.5
2026-09-16T11:00,node/2927944587,Tapas Tapas!,,,,41.3745104,2.1829399,1,35.72,125.56,0,28.5
2026-09-16T11:00,node/2951499208,El racó d'en Henry,,,,41.4394757,2.2215013,1,35.72,125.56,0,28.5
2026-09-16T11:00,node/2966340931,El Capritx,,,,41.4022886,2.1998883,0,35.72,125.56,0,28.5
2026-09-16T11:00,node/2968119440,Can Tresó,,,,41.4028999,2.1537483,0,35.72,125.56,0,28.5
2026-09-16T11:00,node/2969276727,La Sirena Verde,,,,41.4027605,2.1657128,0,35.72,125.56,0,28.5
2026-09-16T11:00,node/2969277275,Café de l'Eixample,,,,41.4005021,2.1690108,0,35.72,125.56,0,28.5
2026-09-16T11:00,node/2970751844,Taverna El Disbarat,,,,41.4017728,2.1545227,0,35.72,125.56,0,28.5
2026-09-16T11:00,node/3007755352,La Pausa,,,,41.4071883,2.1557816,0,35.72,125.56,0,28.5
2026-09-16T11:00,node/3007803307,Oh La Lá,,,,41.4460123,2.2485803,1,35.72,125.56,0,28.5
2026-09-16T11:00,node/3048077142,L'Aliança del Poblenou,,,,41.3997067,2.2032276,0,35.72,125.56,0,28.5
2026-09-16T11:00,node/3049368344,Clot76,,,,41.4082815,2.1885259,0,35.72,125.56,0,28.5
2026-09-16T11:00,node/3084370508,Marina Bay By Moncho's,,,,41.3863077,2.1975017,1,35.72,125.56,0,28.5
2026-09-16T11:00,node/3084507933,Caravelle,,,,41.3822872,2.1688475,0,35.72,125.56,0,28.5
2026-09-16T11:00,node/3120072573,Bar Restaurant Nàutic,,,,41.3806088,2.1408397,1,35.72,125.56,0,28.5
2026-09-16T11:00,node/3177990194,Mezcal Taco Bar,,,,41.3830563,2.1554872,0,35.72,125.56,0,28.5
2026-09-16T11:00,node/3270120640,Luigi,,,,41.3862659,2.1753788,0,35.72,125.56,0,28.5
2026-09-16T11:00,node/3271554311,Al Sultán,,,,41.4035661,2.1554863,0,35.72,125.56,0,28.5
2026-09-16T11:00,node/3328694987,Nou Candanchú,,,,41.4005128,2.1576475,0,35.72,125.56,0,28.5
2026-09-16T11:00,node/3339670930,Bahia,,,,41.3803265,2.1774842,0,35.72,125.56,0,28.5
2026-09-16T11:00,node/3441700493,Santos Tapas,,,,41.3818417,2.1745121,0,35.72,125.56,0,28.5
2026-09-16T11:00,node/3491476947,Bar del Pla,,,,41.3856036,2.1800221,0,35.72,125.56,0,28.5
2026-09-16T11:00,node/3496970198,Centre Cívic Can Deu,,,,41.3869027,2.1327794,0,35.72,125.56,0,28.5
2026-09-16T11:00,node/3504769719,El Rincón,,,,41.3908977,2.1900669,1,35.72,125.56,0,28.5
2026-09-16T11:00,node/3517276245,Bar Canigó,,,,41.4029724,2.1579186,0,35.72,125.56,0,28.5
2026-09-16T11:00,node/3522552400,Àpat's,,,,41.3757617,2.1419109,0,35.72,125.56,0,28.5
2026-09-16T11:00,node/3548547194,El Bon Menjador - 2,,,,41.4388101,2.2172863,1,35.72,125.56,0,28.5
2026-09-16T11:00,node/3548548998,Bar Morales,,,,41.4395878,2.2165237,1,35.72,125.56,0,28.5
2026-09-16T11:00,node/3548613495,Bar Paula's Tapería,,,,41.4385437,2.2175484,1,35.72,125.56,0,28.5
2026-09-16T11:00,node/3556089494,Delicias Mediterráneas,,,,41.4415079,2.2267435,1,35.72,125.56,0,28.5
2026-09-16T11:00,node/3556089497,Xurreria Rodríguez,,,,41.4416928,2.2264651,1,35.72,125.56,0,28.5
2026-09-16T11:00,node/3556089803,Bar de La Salut,,,,41.4422594,2.2258792,1,35.72,125.56,0,28.5
2026-09-16T11:00,node/3560942698,Sandvitxeria Alhociema,,,,41.4443624,2.2236761,1,35.72,125.56,0,28.5
2026-09-16T11:00,node/3560955995,Centro Cultural Castellano-manchego,,,,41.4390698,2.2176297,1,35.72,125.56,0,28.5
2026-09-16T11:00,node/3595399490,Bar Familiar,,,,41.4359163,2.2182018,1,35.72,125.56,0,28.5
2026-09-16T11:00,node/3595399769,La granja de Casablanca,,,,41.4357671,2.2189395,1,35.72,125.56,0,28.5
2026-09-16T11:00,node/3595401238,Bar Alcázar,,,,41.4365542,2.2183742,1,35.72,125.56,0,28.5
2026-09-16T11:00,node/3596986411,Agrupación Cultural Galega Agarimos,,,,41.4358268,2.2165495,1,35.72,125.56,0,28.5
2026-09-16T11:00,node/3612059306,Nabuco Tiramisú,,,,41.4004523,2.1577244,0,35.72,125.56,0,28.5
2026-09-16T11:00,node/3620986554,Yamane,,,,41.3868061,2.1808426,0,35.72,125.56,0,28.5
2026-09-16T11:00,node/3620991692,Yamaneko-ryouri,,,,41.4016619,2.1447787,1,35.72,125.56,0,28.5
2026-09-16T11:00,node/3624045193,Bar-Granja Maribel,,,,41.4399092,2.2235793,1,35.72,125.56,0,28.5
2026-09-16T11:00,node/3624045293,Bar La Cantonada,,,,41.4396227,2.2242325,1,35.72,125.56,0,28.5
2026-09-16T11:00,node/3713349650,Groin's,,,,41.4108415,2.1637178,0,35.72,125.56,0,28.5
2026-09-16T11:00,node/3718061014,Bar Calders,,,,41.3764788,2.1623937,0,35.72,125.56,0,28.5
2026-09-16T11:00,node/3730796125,Buenas Migas,,,,41.3975542,2.1587856,0,35.72,125.56,0,28.5
2026-09-16T11:00,node/3761312382,La Fonda,,,,41.3793598,2.1762144,0,35.72,125.56,0,28.5
2026-09-16T11:00,node/3777075876,Oaxaca,,,,41.3821041,2.1838988,1,35.72,125.56,0,28.5
2026-09-16T11:00,node/3779149860,EsPan's,,,,41.4349094,2.2194667,1,35.72,125.56,0,28.5
2026-09-16T11:00,node/3794002044,Samurai Ramen,,,,41.3736753,2.1548947,0,35.72,125.56,0,28.5
2026-09-16T11:00,node/3804046057,Robata Sushi & Grill,,,,41.3904886,2.1585836,0,35.72,125.56,0,28.5
2026-09-16T11:00,node/3809169458,Freiduría El Boquerón,,,,41.4400822,2.2264769,1,35.72,125.56,0,28.5
2026-09-16T11:00,node/3809169459,Marisquería Melchor,,,,41.4401715,2.2266602,1,35.72,125.56,0,28.5
2026-09-16T11:00,node/3809169461,Elhotro bar,,,,41.4401247,2.2268506,1,35.72,125.56,0,28.5
2026-09-16T11:00,node/3809169658,Carte d'Or,,,,41.4403068,2.2274065,1,35.72,125.56,0,28.5
2026-09-16T11:00,node/3809169668,Vivari,,,,41.4408122,2.2271125,1,35.72,125.56,0,28.5
2026-09-16T11:00,node/3809169669,Pantaiberic delicatessen,,,,41.4408174,2.2269502,1,35.72,125.56,0,28.5
2026-09-16T11:00,node/3840009426,La Esquinica,,,,41.4304816,2.1712169,1,35.72,125.56,0,28.5
2026-09-16T11:00,node/3874539219,Café del Centre,,,,41.3946111,2.1712059,0,35.72,125.56,0,28.5
2026-09-16T11:00,node/3890922254,Characato,,,,41.4046885,2.1836218,1,35.72,125.56,0,28.5
2026-09-16T11:00,node/3901403358,Les Dues Sicilies,,,,41.3866097,2.1802613,0,35.72,125.56,0,28.5
2026-09-16T11:00,node/3955968257,El racó de les Glòries,,,,41.3986109,2.1978895,0,35.72,125.56,0,28.5
2026-09-16T11:00,node/4060217594,Matt & Marshall,,,,41.3993348,2.1997769,1,35.72,125.56,0,28.5
2026-09-16T11:00,node/4073605889,Mariscco,,,,41.3804885,2.1753271,0,35.72,125.56,0,28.5
2026-09-16T11:00,node/4126257971,Xixbar,,,,41.3758485,2.1576176,0,35.72,125.56,0,28.5
2026-09-16T11:00,node/4127494769,Vapiano,,,,41.3788941,2.1758361,0,35.72,125.56,0,28.5
2026-09-16T11:00,node/4138815989,Nømad Cøffee,,,,41.3889108,2.1771731,0,35.72,125.56,0,28.5
2026-09-16T11:00,node/4150499794,El 68,,,,41.4023622,2.1612062,1,35.72,125.56,0,28.5
2026-09-16T11:00,node/4166496789,Bar Thonet Grill Room,,,,41.3792408,2.1761073,0,35.72,125.56,0,28.5
2026-09-16T11:00,node/4168100800,Cervecería Frankfurt Europa,,,,41.4396191,2.2191504,1,35.72,125.56,0,28.5
2026-09-16T11:00,node/4225209596,Bar El Velodromo,,,,41.3934442,2.1501395,0,35.72,125.56,0,28.5
2026-09-16T11:00,node/4225810298,Bar Nolla,,,,41.3905504,2.1647825,0,35.72,125.56,0,28.5
2026-09-16T11:00,node/4233959493,Pastisseria Granja,,,,41.3795042,2.1792309,1,35.72,125.56,0,28.5
2026-09-16T11:00,node/4239222689,Rekons,,,,41.3806195,2.1610796,0,35.72,125.56,0,28.5
2026-09-16T11:00,node/4244877765,Bar La Peña,,,,41.4404265,2.2170329,1,35.72,125.56,0,28.5
2026-09-16T11:00,node/4247196393,cal mariner,,,,41.3791754,2.1898206,0,35.72,125.56,0,28.5
2026-09-16T11:00,node/4253851490,El Trencadís,,,,41.3937976,2.1655309,1,35.72,125.56,0,28.5
2026-09-16T11:00,node/4253862889,Hummus,,,,41.3912547,2.1611975,0,35.72,125.56,0,28.5
2026-09-16T11:00,node/4254090289,La tasqueta de Blai,,,,41.3733347,2.1652358,0,35.72,125.56,0,28.5
2026-09-16T11:00,node/4254094290,Rosa Negra,,,,41.3819164,2.1687596,0,35.72,125.56,0,28.5
2026-09-16T11:00,node/4254704967,Firebug Brunch,,,,41.3927459,2.1778691,0,35.72,125.56,0,28.5
2026-09-16T11:00,node/4254996890,La Macchina,,,,41.4030005,2.1535966,0,35.72,125.56,0,28.5
2026-09-16T11:00,node/4267035492,Kebabish,,,,41.4409198,2.2217884,1,35.72,125.56,0,28.5
2026-09-16T11:00,node/4267055591,La cantina del tapeo,,,,41.4420999,2.2200224,1,35.72,125.56,0,28.5
2026-09-16T11:00,node/4278033120,Buenas Migas,,,,41.3838044,2.1696233,0,35.72,125.56,0,28.5
2026-09-16T11:00,node/4283188047,Granja Romaní,,,,41.4348618,2.2179712,1,35.72,125.56,0,28.5
2026-09-16T11:00,node/4283194434,Bar La Paradeta,,,,41.4337773,2.2167771,1,35.72,125.56,0,28.5
2026-09-16T11:00,node/4291934189,Fonda Espanya,,,,41.3799009,2.1728032,1,35.72,125.56,0,28.5
2026-09-16T11:00,node/4306440989,Blai 9,,,,41.3730722,2.1658539,0,35.72,125.56,0,28.5
2026-09-16T11:00,node/4314857689,El punt,,,,41.4413807,2.2316251,1,35.72,125.56,0,28.5
2026-09-16T11:00,node/4314859689,Versace,,,,41.4337089,2.2172203,1,35.72,125.56,0,28.5
2026-09-16T11:00,node/4315715092,Petit Comitè,,,,41.3943551,2.1600308,0,35.72,125.56,0,28.5
2026-09-16T11:00,node/4321183403,Brunch & Cake,,,,41.3882834,2.1615596,1,35.72,125.56,0,28.5
2026-09-16T11:00,node/4336933393,Mayura,,,,41.3938992,2.1720914,0,35.72,125.56,0,28.5
2026-09-16T11:00,node/4340119890,VIENA,,,,41.3579934,2.1293918,1,35.72,125.56,0,28.5
2026-09-16T11:00,node/4349925690,Nemrut,,,,41.3810051,2.1772158,0,35.72,125.56,0,28.5
2026-09-16T11:00,node/4350019284,Palosanto,,,,41.3808122,2.1772701,0,35.72,125.56,0,28.5
2026-09-16T11:00,node/4364289794,Faborit Casa Amatller,,,,41.3915836,2.1650592,0,35.72,125.56,0,28.5
2026-09-16T11:00,node/4386702690,Red Ant Noodle Bar,,,,41.3880129,2.1810961,0,35.72,125.56,0,28.5
2026-09-16T11:00,node/4396244190,Fresc Co,,,,41.3891657,2.1969678,1,35.72,125.56,0,28.5
2026-09-16T11:00,node/4401234193,BlackLab Brewhouse & Kitchen,,,,41.3812305,2.1854573,1,35.72,125.56,0,28.5
2026-09-16T11:00,node/4431102493,Forn Puiggròs,,,,41.4102615,2.1741597,0,35.72,125.56,0,28.5
2026-09-16T11:00,node/4439412389,La Vinya del Senyor,,,,41.3832546,2.1818655,0,35.72,125.56,0,28.5
2026-09-16T11:00,node/4440352791,La Gavina,,,,41.3807532,2.1853211,1,35.72,125.56,0,28.5
2026-09-16T11:00,node/4443367289,Pannus,,,,41.3863691,2.1726728,0,35.72,125.56,0,28.5
2026-09-16T11:00,node/4449185678,Il Caffè di Francesco,,,,41.3908733,2.1652201,0,35.72,125.56,0,28.5
2026-09-16T11:00,node/4451904190,Bar Granadino,,,,41.4404153,2.2238276,1,35.72,125.56,0,28.5
2026-09-16T11:00,node/4451904193,La ciudad de oro,,,,41.4408727,2.2240695,1,35.72,125.56,0,28.5
2026-09-16T11:00,node/4451986792,Cafe Bar Florida,,,,41.4403503,2.2236929,1,35.72,125.56,0,28.5
2026-09-16T11:00,node/4451986793,Bar Amigo,,,,41.4411469,2.2238965,1,35.72,125.56,0,28.5
2026-09-16T11:00,node/4451988991,Bar Frankfurt Jaime,,,,41.4408051,2.2241201,1,35.72,125.56,0,28.5
2026-09-16T11:00,node/4451989090,Entre tapes,,,,41.4423118,2.2237245,1,35.72,125.56,0,28.5
2026-09-16T11:00,node/4451992791,Bar Leo,,,,41.4406309,2.2245529,1,35.72,125.56,0,28.5
2026-09-16T11:00,node/4452031691,Bar La Granja,,,,41.4427953,2.2241899,1,35.72,125.56,0,28.5
2026-09-16T11:00,node/4455238130,Anahuac,,,,41.3965161,2.1513989,0,35.72,125.56,0,28.5
2026-09-16T11:00,node/4461595656,Cafeteria de la Biblioteca Jaumer Fuster,,,,41.4075557,2.1493457,1,35.72,125.56,0,28.5
2026-09-16T11:00,node/4470059420,Mesón Gallego,,,,41.3818896,2.0709288,1,35.72,125.56,0,28.5
2026-09-16T11:00,node/4486639527,Boldú,,,,41.3973783,2.1517865,0,35.72,125.56,0,28.5
2026-09-16T11:00,node/4486683966,La Tagliatella,,,,41.3974141,2.1514101,0,35.72,125.56,0,28.5
2026-09-16T11:00,node/4503193765,Bicioci,,,,41.3999229,2.1619101,0,35.72,125.56,0,28.5
2026-09-16T11:00,node/4509411660,Bar Mediterráneo,,,,41.4343007,2.2180868,1,35.72,125.56,0,28.5
2026-09-16T11:00,node/4516538193,Más Que Sushi,,,,41.3774227,2.1527247,0,35.72,125.56,0,28.5
2026-09-16T11:00,node/4516600994,Salambó,,,,41.4044546,2.1576355,0,35.72,125.56,0,28.5
2026-09-16T11:00,node/4520259289,Cachitos,,,,41.3953057,2.1536913,1,35.72,125.56,0,28.5
2026-09-16T11:00,node/4572063790,Cafetería 365,,,,41.3744652,2.1675541,0,35.72,125.56,0,28.5
2026-09-16T11:00,node/4580517495,Cadaqués,,,,41.4004717,2.1574102,1,35.72,125.56,0,28.5
2026-09-16T11:00,node/4591423938,Arabia Cafe,,,,41.3796023,2.1762764,0,35.72,125.56,0,28.5
2026-09-16T11:00,node/4602957463,Otafuku Daifuku,,,,41.3861633,2.1813225,0,35.72,125.56,0,28.5
2026-09-16T11:00,node/4631918790,Casa López,,,,41.4047191,2.1550626,1,35.72,125.56,0,28.5
2026-09-16T11:00,node/4643974106,Kyoka Via Augusta,,,,41.3979693,2.1315017,1,35.72,125.56,0,28.5
2026-09-16T11:00,node/4654613659,afiparc,,,,41.4134414,2.1527296,1,35.72,125.56,0,28.5
2026-09-16T11:00,node/4668687590,Can Vilaró,,,,41.3779004,2.1617005,0,35.72,125.56,0,28.5
2026-09-16T11:00,node/4673198082,Montesquiu,,,,41.4046825,2.1325233,0,35.72,125.56,0,28.5
2026-09-16T11:00,node/4680760648,Sushi Taller,,,,41.4048621,2.1326565,0,35.72,125.56,0,28.5
2026-09-16T11:00,node/4681801089,Orxateria la Valenciana,,,,41.3863413,2.1622578,0,35.72,125.56,0,28.5
2026-09-16T11:00,node/4704972453,majide,,,,41.3849224,2.1674688,0,35.72,125.56,0,28.5
2026-09-16T11:00,node/4709933976,Sottovoce,,,,41.3579226,2.1294974,1,35.72,125.56,0,28.5
2026-09-16T11:00,node/4711659235,Casa Lolea,,,,41.3888056,2.1771897,0,35.72,125.56,0,28.5
2026-09-16T11:00,node/4720526074,El Charrito,,,,41.3896183,2.1662427,0,35.72,125.56,0,28.5
2026-09-16T11:00,node/4721286889,Prodigi,,,,41.3985973,2.1659559,0,35.72,125.56,0,28.5
2026-09-16T11:00,node/4726582894,Catalina Cafe,,,,41.3862071,2.1793039,0,35.72,125.56,0,28.5
2026-09-16T11:00,node/4726583193,Betlem,,,,41.3949258,2.1712207,0,35.72,125.56,0,28.5
2026-09-16T11:00,node/4727975192,La Coruña,,,,41.4083413,2.1851911,0,35.72,125.56,0,28.5
2026-09-16T11:00,node/4728103192,Cafè Arrels,,,,41.4137041,2.1809929,1,35.72,125.56,0,28.5
2026-09-16T11:00,node/4729343193,Cervecería Frankfurt El Molino,,,,41.3746194,2.1669636,0,35.72,125.56,0,28.5
2026-09-16T11:00,node/4735766123,I'll Pomo d'Oro,,,,41.3926987,2.1585151,0,35.72,125.56,0,28.5
2026-09-16T11:00,node/4743830714,Casa Escarré (Joan's),,,,41.3747567,2.1427755,1,35.72,125.56,0,28.5
2026-09-16T11:00,node/4751727952,Bar Ribalda,,,,41.4026552,2.1328307,0,35.72,125.56,0,28.5
2026-09-16T11:00,node/4755496723,Brewdog,,,,41.3857301,2.1581661,1,35.72,125.56,0,28.5
2026-09-16T11:00,node/4756509699,Morro fi,,,,41.3833069,2.1550311,0,35.72,125.56,0,28.5
2026-09-16T11:00,node/4776357929,Tomodachi,,,,41.4053891,2.1644663,0,35.72,125.56,0,28.5
2026-09-16T11:00,node/4778618049,De Gustibus Italiae,,,,41.4027491,2.1330183,1,35.72,125.56,0,28.5
2026-09-16T11:00,node/4784670742,Índigo Café,,,,41.3874831,2.1626443,1,35.72,125.56,0,28.5
2026-09-16T11:00,node/4792724121,Venus Delicatessen Barcelona,,,,41.3807065,2.1779781,0,35.72,125.56,0,28.5
2026-09-16T11:00,node/4802341078,El Quatre,,,,41.4031267,2.1333762,0,35.72,125.56,0,28.5
2026-09-16T11:00,node/4805335780,Madonna Vegan,,,,41.3812162,2.1671279,0,35.72,125.56,0,28.5
2026-09-16T11:00,node/4816093515,Olímpic Bar,,,,41.4422394,2.2177816,1,35.72,125.56,0,28.5
2026-09-16T11:00,node/4822739686,Bar El Racó,,,,41.4417497,2.2212713,1,35.72,125.56,0,28.5
2026-09-16T11:00,node/4838956921,Supra,,,,41.3910798,2.1613999,0,35.72,125.56,0,28.5
2026-09-16T11:00,node/4844565923,Pampa Drugstore,,,,41.3827176,2.1712051,0,35.72,125.56,0,28.5
2026-09-16T11:00,node/4847673021,Usagui,,,,41.4021671,2.1463849,0,35.72,125.56,0,28.5
2026-09-16T11:00,node/4859449960,Restaurant el Magatzem,,,,41.3805096,2.1863595,1,35.72,125.56,0,28.5
2026-09-16T11:00,node/4859450597,Restaurant Cal Pinxo,,,,41.3806265,2.1855795,1,35.72,125.56,0,28.5
2026-09-16T11:00,node/4867833221,Pizzeria El Mundo,,,,41.3751322,2.1231212,0,35.72,125.56,0,28.5
2026-09-16T11:00,node/4881181797,Sierra Nevada,,,,41.4420581,2.1834715,1,35.72,125.56,0,28.5
2026-09-16T11:00,node/4903340658,El Ramblero,,,,41.4219271,2.1969049,0,35.72,125.56,0,28.5
2026-09-16T11:00,node/4906736149,L'Olivera,,,,41.4058547,2.1893093,1,35.72,125.56,0,28.5
2026-09-16T11:00,node/4917663030,Picnic,,,,41.4179648,2.1988442,1,35.72,125.56,0,28.5
2026-09-16T11:00,node/4937772721,Vila's Bar,,,,41.4059086,2.1571314,1,35.72,125.56,0,28.5
2026-09-16T11:00,node/4938104321,Hammock Juice Station,,,,41.3971863,2.1671778,0,35.72,125.56,0,28.5
2026-09-16T11:00,node/4973805221,Brunch & Cake by the sea,,,,41.3809714,2.1872568,0,35.72,125.56,0,28.5
2026-09-16T11:00,node/4973805421,Quinoa Aragó Vegetarià,,,,41.3886233,2.1598684,0,35.72,125.56,0,28.5
2026-09-16T11:00,node/4977546909,Tonkotsu,,,,41.3938467,2.1650368,0,35.72,125.56,0,28.5
2026-09-16T11:00,node/4983764927,Cervecería-Frankfurt,,,,41.4394391,2.2207951,1,35.72,125.56,0,28.5
2026-09-16T11:00,node/4983764935,Max Bar,,,,41.4401476,2.2214687,1,35.72,125.56,0,28.5
2026-09-16T11:00,node/4983764944,Bar Verín,,,,41.4396911,2.2210187,1,35.72,125.56,0,28.5
2026-09-16T11:00,node/4983764949,Bar R'Aurora,,,,41.4400582,2.2213943,1,35.72,125.56,0,28.5
2026-09-16T11:00,node/4983764952,Trocadero,,,,41.4385047,2.2204982,1,35.72,125.56,0,28.5
2026-09-16T11:00,node/4983764957,Bar La Alpujarra,,,,41.4420698,2.2228867,1,35.72,125.56,0,28.5
2026-09-16T11:00,node/4983764958,Sant Mori,,,,41.4390777,2.2210618,1,35.72,125.56,0,28.5
2026-09-16T11:00,node/4983764960,El buen gusto,,,,41.4411919,2.2225719,1,35.72,125.56,0,28.5
2026-09-16T11:00,node/4983764965,Bar Junior Bodega,,,,41.4417139,2.2225318,1,35.72,125.56,0,28.5
2026-09-16T11:00,node/4983764975,Bar Satisfecho,,,,41.4385461,2.2198488,1,35.72,125.56,0,28.5
2026-09-16T11:00,node/4983765002,Bar sushi Salon,,,,41.4425727,2.2233672,1,35.72,125.56,0,28.5
2026-09-16T11:00,node/4983765004,Corre que se acaban,,,,41.4392453,2.2212328,1,35.72,125.56,0,28.5
2026-09-16T11:00,node/4983765005,365,,,,41.4403303,2.2225575,1,35.72,125.56,0,28.5
2026-09-16T11:00,node/4984256695,Pampa Mía,,,,41.4085709,2.2035603,1,35.72,125.56,0,28.5
2026-09-16T11:00,node/4991221422,Salterio,,,,41.3825107,2.1760837,0,35.72,125.56,0,28.5
2026-09-16T11:00,node/5007434606,La Balmesina,,,,41.3970301,2.1522555,1,35.72,125.56,0,28.5
2026-09-16T11:00,node/5010794721,Syra Coffee,,,,41.4014925,2.1595216,0,35.72,125.56,0,28.5
2026-09-16T11:00,node/5010794821,Nomad Frutas Selectas,,,,41.3979292,2.1955517,0,35.72,125.56,0,28.5
2026-09-16T11:00,node/5023905423,Petra,,,,41.4038883,2.1551166,0,35.72,125.56,0,28.5
2026-09-16T11:00,node/5028969022,Guzzo,,,,41.3850929,2.1836594,0,35.72,125.56,0,28.5
2026-09-16T11:00,node/5030247521,La Pantera Rosa,,,,41.4010493,2.1525903,0,35.72,125.56,0,28.5
2026-09-16T11:00,node/5037900607,Orio,,,,41.3819545,2.1763606,0,35.72,125.56,0,28.5
2026-09-16T11:00,node/5048602525,Blau Cel,,,,41.4043091,2.1612896,0,35.72,125.56,0,28.5
2026-09-16T11:00,node/5053669724,La Xula Taperia,,,,41.4023295,2.1586126,0,35.72,125.56,0,28.5
2026-09-16T11:00,node/5081388242,La Raposa,,,,41.3725137,2.1639527,0,35.72,125.56,0,28.5
2026-09-16T11:00,node/5082277825,Vermuteria Puigmartí,,,,41.4013967,2.1590604,0,35.72,125.56,0,28.5
2026-09-16T11:00,node/5082277826,Caracas,,,,41.4020908,2.1601676,1,35.72,125.56,0,28.5
2026-09-16T11:00,node/5082288821,Curuba,,,,41.3999554,2.1574731,0,35.72,125.56,0,28.5
2026-09-16T11:00,node/5086827321,Metric Market,,,,41.3916196,2.1419287,0,35.72,125.56,0,28.5
2026-09-16T11:00,node/5088945722,La Juanola,,,,41.4066765,2.1569377,0,35.72,125.56,0,28.5
2026-09-16T11:00,node/5089333723,Ciuri‘s,,,,41.4052466,2.1565749,0,35.72,125.56,0,28.5
2026-09-16T11:00,node/5105012628,Entre Hores,,,,41.4030943,2.1577829,0,35.72,125.56,0,28.5
2026-09-16T11:00,node/5109943322,Intrèpid,,,,41.4043018,2.1550041,1,35.72,125.56,0,28.5
2026-09-16T11:00,node/5110964523,La Trobada,,,,41.4015625,2.1520155,0,35.72,125.56,0,28.5
2026-09-16T11:00,node/5111094221,El Dorado Chicken,,,,41.3930251,2.1579995,0,35.72,125.56,0,28.5
2026-09-16T11:00,node/5113896626,Granja Fimon's,,,,41.4477805,2.2438919,1,35.72,125.56,0,28.5
2026-09-16T11:00,node/5118124314,Kebab Bocateli,,,,41.4426035,2.2166674,1,35.72,125.56,0,28.5
2026-09-16T11:00,node/5118126421,Bar Frankfurt Polideportivo,,,,41.4429429,2.2162226,1,35.72,125.56,0,28.5
2026-09-16T11:00,node/5118126428,Granja Modesto,,,,41.4343689,2.2158958,1,35.72,125.56,0,28.5
2026-09-16T11:00,node/5118126435,Cafeteria i Forn de pa Grey,,,,41.4332655,2.2174982,1,35.72,125.56,0,28.5
2026-09-16T11:00,node/5118126438,Frankfurt Piscis,,,,41.4360107,2.2158678,1,35.72,125.56,0,28.5
2026-09-16T11:00,node/5118126440,Bar Julio,,,,41.4348299,2.2151483,1,35.72,125.56,0,28.5
2026-09-16T11:00,node/5118126443,Bar Beethoven,,,,41.4328863,2.2181523,1,35.72,125.56,0,28.5
2026-09-16T11:00,node/5118126453,Bar Bondia,,,,41.4342763,2.2160261,1,35.72,125.56,0,28.5
2026-09-16T11:00,node/5128075585,Monkey Factory,,,,41.3927261,2.1544614,0,35.72,125.56,0,28.5
2026-09-16T11:00,node/5137360822,El Jardí,,,,41.4475237,2.2469586,1,35.72,125.56,0,28.5
2026-09-16T11:00,node/5144745888,Bar La Imperial,,,,41.4372451,2.2200669,1,35.72,125.56,0,28.5
2026-09-16T11:00,node/5144745889,Gabi,,,,41.4372105,2.2199582,1,35.72,125.56,0,28.5
2026-09-16T11:00,node/5144745893,Bar India,,,,41.4420657,2.2284253,1,35.72,125.56,0,28.5
2026-09-16T11:00,node/5144745896,Mokka,,,,41.4371063,2.2201689,1,35.72,125.56,0,28.5
2026-09-16T11:00,node/5156690125,Loc,,,,41.4351636,2.2283155,1,35.72,125.56,0,28.5
2026-09-16T11:00,node/5160440326,Les Termes Bdn,,,,41.4520115,2.2476488,1,35.72,125.56,0,28.5
2026-09-16T11:00,node/5167185733,La Sucursal,,,,41.3806502,2.1611889,0,35.72,125.56,0,28.5
2026-09-16T11:00,node/5167569072,El Mercader de L'Eixample,,,,41.3923316,2.1603286,1,35.72,125.56,0,28.5
2026-09-16T11:00,node/5168232324,Colmado,,,,41.3819235,2.1744264,0,35.72,125.56,0,28.5
2026-09-16T11:00,node/5175039621,Green's,,,,41.3959672,2.1496553,0,35.72,125.56,0,28.5
2026-09-16T11:00,node/5176233727,Els Porxos,,,,41.4031581,2.1751611,0,35.72,125.56,0,28.5
2026-09-16T11:00,node/5182260830,Catafal,,,,41.4088089,2.1468574,0,35.72,125.56,0,28.5
2026-09-16T11:00,node/5190930121,Casa Ángel,,,,41.4070235,2.1818566,1,35.72,125.56,0,28.5
2026-09-16T11:00,node/5192085421,Esterri,,,,41.3812805,2.1618108,1,35.72,125.56,0,28.5
2026-09-16T11:00,node/5198200824,Copa d'Or,,,,41.3963876,2.1688461,0,35.72,125.56,0,28.5
2026-09-16T11:00,node/5198200829,Gyoza Bistró,,,,41.3940771,2.1723519,0,35.72,125.56,0,28.5
2026-09-16T11:00,node/5198201036,Nou Can Codina,,,,41.3989586,2.1608728,0,35.72,125.56,0,28.5
2026-09-16T11:00,node/5198201122,La Particcela,,,,41.3961328,2.1697679,0,35.72,125.56,0,28.5
2026-09-16T11:00,node/5198201124,Riko's Braseria - Restaurante,,,,41.3929731,2.1692667,0,35.72,125.56,0,28.5
2026-09-16T11:00,node/5199743028,seven7seven,,,,41.3898868,2.1622344,0,35.72,125.56,0,28.5
2026-09-16T11:00,node/5207046925,Sense Nom,,,,41.3843558,2.1622563,1,35.72,125.56,0,28.5
2026-09-16T11:00,node/5207067522,El Maravillas,,,,41.3868914,2.1323626,0,35.72,125.56,0,28.5
2026-09-16T11:00,node/5208223424,Bonastre,,,,41.3774986,2.1587463,0,35.72,125.56,0,28.5
2026-09-16T11:00,node/5212252535,Tariq,,,,41.4477214,2.2405051,1,35.72,125.56,0,28.5
2026-09-16T11:00,node/5218828496,Conecta,,,,41.4388265,2.2253266,1,35.72,125.56,0,28.5
2026-09-16T11:00,node/5218828499,Sweet dolç,,,,41.4385456,2.2254351,1,35.72,125.56,0,28.5
2026-09-16T11:00,node/5226505321,Bodega E. Marin,,,,41.4025586,2.1609645,0,35.72,125.56,0,28.5
2026-09-16T11:00,node/5228942946,La Pubilla,,,,41.3995748,2.1536674,0,35.72,125.56,0,28.5
2026-09-16T11:00,node/5237627856,Tasmango Dessert,,,,41.3909254,2.1784375,0,35.72,125.56,0,28.5
2026-09-16T11:00,node/5238186123,Lennox,,,,41.3834186,2.1829502,1,35.72,125.56,0,28.5
2026-09-16T11:00,node/5271863048,Rest. Alexandre,,,,41.4322501,2.1835476,0,35.72,125.56,0,28.5
2026-09-16T11:00,node/5286467104,Granja Monsul,,,,41.4437723,2.2239591,1,35.72,125.56,0,28.5
2026-09-16T11:00,node/5298404593,Próspero,,,,41.4382431,2.2237839,1,35.72,125.56,0,28.5
2026-09-16T11:00,node/5298404603,Bar Salamanca,,,,41.4388532,2.2246477,1,35.72,125.56,0,28.5
2026-09-16T11:00,node/5298405327,Bar Benuga,,,,41.4383471,2.2243229,1,35.72,125.56,0,28.5
2026-09-16T11:00,node/5298405384,Bar Rocío Los Cazadores,,,,41.4389682,2.2252641,1,35.72,125.56,0,28.5
2026-09-16T11:00,node/5299921764,Bar Crack,,,,41.4343466,2.2189911,1,35.72,125.56,0,28.5
2026-09-16T11:00,node/5299921811,Can Daura,,,,41.4358077,2.2218721,1,35.72,125.56,0,28.5
2026-09-16T11:00,node/5299922525,Bar La Imperial,,,,41.4354603,2.2205399,1,35.72,125.56,0,28.5
2026-09-16T11:00,node/5299922526,Bar Marta,,,,41.4349148,2.2200469,1,35.72,125.56,0,28.5
2026-09-16T11:00,node/5313632423,365,,,,41.3789307,2.1718613,0,35.72,125.56,0,28.5
2026-09-16T11:00,node/5327570662,Ancestral,,,,41.3977332,2.1656576,0,35.72,125.56,0,28.5
2026-09-16T11:00,node/5347967007,Bar Marín,,,,41.4474106,2.2217195,1,35.72,125.56,0,28.5
2026-09-16T11:00,node/5347967009,Bar La Cantonada,,,,41.4474812,2.2209325,1,35.72,125.56,0,28.5
2026-09-16T11:00,node/5363964402,El gran croissant,,,,41.4359355,2.2167366,1,35.72,125.56,0,28.5
2026-09-16T11:00,node/5395531687,Las Marismas,,,,41.3701297,2.1215161,1,35.72,125.56,0,28.5
2026-09-16T11:00,node/5407919537,El Yate,,,,41.4039787,2.1367463,0,35.72,125.56,0,28.5
2026-09-16T11:00,node/5417517130,Tou Kichi Rou,,,,41.3919953,2.1432267,0,35.72,125.56,0,28.5
2026-09-16T11:00,node/5418243448,La Pampa,,,,41.3793623,2.1879402,0,35.72,125.56,0,28.5
2026-09-16T11:00,node/5418243450,els maians,,,,41.3786757,2.1882219,0,35.72,125.56,0,28.5
2026-09-16T11:00,node/5418243451,no30,,,,41.3791653,2.1879988,0,35.72,125.56,0,28.5
2026-09-16T11:00,node/5418243452,Lolita,,,,41.3783615,2.1882936,0,35.72,125.56,0,28.5
2026-09-16T11:00,node/5418243454,Reina Margherita,,,,41.3792655,2.1879835,0,35.72,125.56,0,28.5
2026-09-16T11:00,node/5434314893,PolkaBarcelona,,,,41.3859057,2.1326565,0,35.72,125.56,0,28.5
2026-09-16T11:00,node/5485540627,Bar Placídia,,,,41.3999472,2.1524915,0,35.72,125.56,0,28.5
2026-09-16T11:00,node/5487473548,Cafè Mos,,,,41.4143487,2.1384116,0,35.72,125.56,0,28.5
2026-09-16T11:00,node/5498351755,365 Cafeteria Forn de Pa,,,,41.3747778,2.1626826,0,35.72,125.56,0,28.5
2026-09-16T11:00,node/5509139428,La Carmanyola,,,,41.4013829,2.2068942,1,35.72,125.56,0,28.5
2026-09-16T11:00,node/5536153362,Cafeteria La Dona,,,,41.4396715,2.2242727,1,35.72,125.56,0,28.5
2026-09-16T11:00,node/5564055763,Panda & Smile,,,,41.3842068,2.1585673,0,35.72,125.56,0,28.5
2026-09-16T11:00,node/5564064431,Atrapatapa,,,,41.3832362,2.1568636,1,35.72,125.56,0,28.5
2026-09-16T11:00,node/5595134220,Cervecería Amoretty's 3,,,,41.4412382,2.2200117,1,35.72,125.56,0,28.5
2026-09-16T11:00,node/5606506169,Sincopa,,,,41.3803881,2.1789886,0,35.72,125.56,0,28.5
2026-09-16T11:00,node/5611733921,Buenas Migas,,,,41.4024253,2.1743326,0,35.72,125.56,0,28.5
2026-09-16T11:00,node/5617465886,Amateur,,,,41.3967536,2.1962847,0,35.72,125.56,0,28.5
2026-09-16T11:00,node/5646412432,Made in Sicily,,,,41.4483394,2.2490191,1,35.72,125.56,0,28.5
2026-09-16T11:00,node/5646415922,La Bella Istambul,,,,41.4479233,2.2494906,1,35.72,125.56,0,28.5
2026-09-16T11:00,node/5658288082,Can Teixidó,,,,41.4491148,2.2483189,1,35.72,125.56,0,28.5
2026-09-16T11:00,node/5663240986,Cafè Escac,,,,41.3837378,2.1695562,0,35.72,125.56,0,28.5
2026-09-16T11:00,node/5676005621,CACHO,,,,41.3931048,2.1910878,1,35.72,125.56,0,28.5
2026-09-16T11:00,node/5718757792,360°,,,,41.3790957,2.1696433,0,35.72,125.56,0,28.5
2026-09-16T11:00,node/5793057257,Bar Granja el Chiquitín,,,,41.4398176,2.2263171,1,35.72,125.56,0,28.5
2026-09-16T11:00,node/5796742218,The Clock,,,,41.3754168,2.1482785,1,35.72,125.56,0,28.5
2026-09-16T11:00,node/5805410453,Morrow Coffee,,,,41.3771392,2.1513283,1,35.72,125.56,0,28.5
2026-09-16T11:00,node/5806521955,Paisano Bistró,,,,41.4048549,2.1759323,0,35.72,125.56,0,28.5
2026-09-16T11:00,node/5856758686,El racó de les tapes,,,,41.4357708,2.1910224,0,35.72,125.56,0,28.5
2026-09-16T11:00,node/5878496985,UDON,,,,41.4051569,2.1921906,0,35.72,125.56,0,28.5
2026-09-16T11:00,node/5916157285,Bar Castells,,,,41.3841472,2.1698121,0,35.72,125.56,0,28.5
2026-09-16T11:00,node/5923867889,,,,,41.4406062,2.2451514,1,35.72,125.56,0,28.5
2026-09-16T11:00,node/5930228787,Mi casa,,,,41.3993608,2.1535771,0,35.72,125.56,0,28.5
2026-09-16T11:00,node/5933808740,Kserol,,,,41.3986236,2.1753141,0,35.72,125.56,0,28.5
2026-09-16T11:00,node/5944781772,Restaurante Burning Rock&Food,,,,41.3746837,2.1311612,0,35.72,125.56,0,28.5
2026-09-16T11:00,node/5951964888,el Fornet,,,,41.3882003,2.1723419,0,35.72,125.56,0,28.5
2026-09-16T11:00,node/5972440521,Feroz,,,,41.3965882,2.1508404,0,35.72,125.56,0,28.5
2026-09-16T11:00,node/5980982393,Pepa Tomate,,,,41.3767661,2.1627826,0,35.72,125.56,0,28.5
2026-09-16T11:00,node/6000108088,La Neura,,,,41.4002093,2.1660134,1,35.72,125.56,0,28.5
2026-09-16T11:00,node/6009236381,Mesón Balouta,,,,41.4384121,2.1649296,0,35.72,125.56,0,28.5
2026-09-16T11:00,node/6010958538,Bar Avenida,,,,41.4371962,2.2238498,1,35.72,125.56,0,28.5
2026-09-16T11:00,node/6010958540,Bar Trébol BCN,,,,41.4352675,2.2193633,1,35.72,125.56,0,28.5
2026-09-16T11:00,node/6027971388,Novell,,,,41.4070495,2.1667319,0,35.72,125.56,0,28.5
2026-09-16T11:00,node/6038827086,Honest Greens,,,,41.3986972,2.1569862,0,35.72,125.56,0,28.5
2026-09-16T11:00,node/6066258257,Bar Roma Sports,,,,41.4449369,2.2223513,1,35.72,125.56,0,28.5
2026-09-16T11:00,node/6089625321,Vivari,,,,41.3973187,2.1676233,0,35.72,125.56,0,28.5
2026-09-16T11:00,node/6093865396,The FRESH POKE,,,,41.3975268,2.1644457,1,35.72,125.56,0,28.5
2026-09-16T11:00,node/6093944886,Nicasso,,,,41.4072456,2.1873211,0,35.72,125.56,0,28.5
2026-09-16T11:00,node/6096656135,Yoi Yoi Gion,,,,41.3965593,2.1606187,0,35.72,125.56,0,28.5
2026-09-16T11:00,node/6104559348,Belles Arts II,,,,41.3872827,2.1361782,1,35.72,125.56,0,28.5
2026-09-16T11:00,node/6104561002,Toyodo,,,,41.3866914,2.1375355,0,35.72,125.56,0,28.5
2026-09-16T11:00,node/6106764321,Il Caffe di Francesco,,,,41.3930707,2.1642758,0,35.72,125.56,0,28.5
2026-09-16T11:00,node/6109526596,El Cuiner de Damasc,,,,41.3814196,2.1776754,0,35.72,125.56,0,28.5
2026-09-16T11:00,node/6110978486,Bonaparte,,,,41.4775805,2.0724847,1,35.72,125.56,0,28.5
2026-09-16T11:00,node/6123253862,Bar Granja Oasis,,,,41.3505068,2.1127043,1,35.72,125.56,0,28.5
2026-09-16T11:00,node/6126749461,Cantero,,,,41.3942111,2.1902433,1,35.72,125.56,0,28.5
2026-09-16T11:00,node/6164234382,Poké Sí,,,,41.4052321,2.1924708,0,35.72,125.56,0,28.5
2026-09-16T11:00,node/6164236104,Palo Verde,,,,41.4047343,2.1968042,1,35.72,125.56,0,28.5
2026-09-16T11:00,node/6166398253,Panet,,,,41.3861845,2.1430687,0,35.72,125.56,0,28.5
2026-09-16T11:00,node/6182404055,Kasa,,,,41.3861348,2.1656868,0,35.72,125.56,0,28.5
2026-09-16T11:00,node/6188914880,Bella Venezia,,,,41.3965502,2.1644865,0,35.72,125.56,0,28.5
2026-09-16T11:00,node/6188922858,Arc iris,,,,41.3998386,2.1715382,0,35.72,125.56,0,28.5
2026-09-16T11:00,node/6193461695,Sun Market,,,,41.3928465,2.1569854,0,35.72,125.56,0,28.5
2026-09-16T11:00,node/6193479448,Akashi Sushi Bar,,,,41.3923045,2.1558108,0,35.72,125.56,0,28.5
2026-09-16T11:00,node/6200571548,La Svolta,,,,41.4061025,2.1515184,0,35.72,125.56,0,28.5
2026-09-16T11:00,node/6202321417,La Tapeta del Coll,,,,41.4179646,2.1467035,0,35.72,125.56,0,28.5
2026-09-16T11:00,node/6204104907,La Papa,,,,41.3898088,2.1577366,0,35.72,125.56,0,28.5
2026-09-16T11:00,node/6216083704,La Coma,,,,41.3401472,2.1265697,1,35.72,125.56,0,28.5
2026-09-16T11:00,node/6216218158,la Zona,,,,41.3460291,2.1439158,1,35.72,125.56,0,28.5
2026-09-16T11:00,node/6216756977,Estrella de Istanbul,,,,41.4098375,2.1751296,0,35.72,125.56,0,28.5
2026-09-16T11:00,node/6230395442,Akelarre,,,,41.3892275,2.1373726,0,35.72,125.56,0,28.5
2026-09-16T11:00,node/6230407068,Starbucks,,,,41.3951351,2.1581903,0,35.72,125.56,0,28.5
2026-09-16T11:00,node/6232752417,El Taller,,,,41.3587511,2.1404908,0,35.72,125.56,0,28.5
2026-09-16T11:00,node/6237797177,Luri,,,,41.3977931,2.1514901,1,35.72,125.56,0,28.5
2026-09-16T11:00,node/6246525924,in blue,,,,41.3877036,2.1368756,0,35.72,125.56,0,28.5
2026-09-16T11:00,node/6250219942,Al sur,,,,41.3941572,2.1586822,0,35.72,125.56,0,28.5
2026-09-16T11:00,node/6258570565,Dino Pan,,,,41.3824376,2.1318622,0,35.72,125.56,0,28.5
2026-09-16T11:00,node/6258570699,Don Sándwich,,,,41.3820321,2.1315862,0,35.72,125.56,0,28.5
2026-09-16T11:00,node/6258715958,La Lluna de Gavà,,,,41.3672801,2.1403759,1,35.72,125.56,0,28.5
2026-09-16T11:00,node/6258718433,La Toscana,,,,41.3805625,2.1323335,0,35.72,125.56,0,28.5
2026-09-16T11:00,node/6258718652,Cafeteria Melody Bar,,,,41.3779464,2.1338934,0,35.72,125.56,0,28.5
2026-09-16T11:00,node/6258719247,Bar Florida,,,,41.3592896,2.1399844,0,35.72,125.56,0,28.5
2026-09-16T11:00,node/6260784864,La Cabaña,,,,41.3699161,2.1341331,0,35.72,125.56,0,28.5
2026-09-16T11:00,node/6260786193,Goiko Grill,,,,41.3656448,2.1357604,0,35.72,125.56,0,28.5
2026-09-16T11:00,node/6264834185,König,,,,41.3862163,2.1827612,0,35.72,125.56,0,28.5
2026-09-16T11:00,node/6298115913,N.A.P.,,,,41.3774834,2.1900137,0,35.72,125.56,0,28.5
2026-09-16T11:00,node/6316025985,L'Esclop,,,,41.3768262,2.1577412,0,35.72,125.56,0,28.5
2026-09-16T11:00,node/6330973943,Don Kilo,,,,41.3998564,2.1639573,0,35.72,125.56,0,28.5
2026-09-16T11:00,node/6333708759,SandwiChez,,,,41.3941488,2.1694356,0,35.72,125.56,0,28.5
2026-09-16T11:00,node/6334053687,Cafè Yafa,,,,41.3997495,2.1643963,0,35.72,125.56,0,28.5
2026-09-16T11:00,node/6334053692,La Mananta,,,,41.3994169,2.1648424,1,35.72,125.56,0,28.5
2026-09-16T11:00,node/6339732807,La Soca 2,,,,41.3912352,2.1594135,0,35.72,125.56,0,28.5
2026-09-16T11:00,node/6339732809,Creps Barcelona,,,,41.3905618,2.1590619,0,35.72,125.56,0,28.5
2026-09-16T11:00,node/6357834156,Les gens que j'aime bar,,,,41.3936947,2.1648505,1,35.72,125.56,0,28.5
2026-09-16T11:00,node/6381462875,Comarca Cuina L’Hocal,,,,41.3609203,2.1295937,1,35.72,125.56,0,28.5
2026-09-16T11:00,node/6424929026,Cafeteria Samy's,,,,41.3637433,2.1369241,0,35.72,125.56,0,28.5
2026-09-16T11:00,node/6424929700,Sakuraya,,,,41.3653001,2.1307952,1,35.72,125.56,0,28.5
2026-09-16T11:00,node/6431480513,Restaurant Bodega de Tapas,,,,41.3772493,2.1371156,1,35.72,125.56,0,28.5
2026-09-16T11:00,node/6431508292,Bodega Salvat,,,,41.3711848,2.1345217,0,35.72,125.56,0,28.5
2026-09-16T11:00,node/6431508293,Jaqueline's,,,,41.3682256,2.1345214,0,35.72,125.56,0,28.5
2026-09-16T11:00,node/6431508485,Japonia Café,,,,41.3806518,2.1387176,0,35.72,125.56,0,28.5
2026-09-16T11:00,node/6431508488,La Bodegueta de Sants,,,,41.3710695,2.1344235,0,35.72,125.56,0,28.5
2026-09-16T11:00,node/6431512182,Bar Montevideo,,,,41.3693939,2.1342386,1,35.72,125.56,0,28.5
2026-09-16T11:00,node/6431558869,Bar Alegría,,,,41.3629394,2.1373301,0,35.72,125.56,0,28.5
2026-09-16T11:00,node/6431559030,Bar El Faro,,,,41.3628529,2.1373795,0,35.72,125.56,0,28.5
2026-09-16T11:00,node/6433259684,Entre Copas,,,,41.3621672,2.0761548,1,35.72,125.56,0,28.5
2026-09-16T11:00,node/6438381289,Vera Café,,,,41.3883674,2.1779512,0,35.72,125.56,0,28.5
2026-09-16T11:00,node/6441451785,Líder de Istanbul,,,,41.3752687,2.1338088,0,35.72,125.56,0,28.5
2026-09-16T11:00,node/6445233216,Gyoza Bar,,,,41.3931059,2.1798949,1,35.72,125.56,0,28.5
2026-09-16T11:00,node/6450380989,Bar But,,,,41.3979648,2.1593688,0,35.72,125.56,0,28.5
2026-09-16T11:00,node/6450381086,La Porxada,,,,41.4030026,2.1637245,0,35.72,125.56,0,28.5
2026-09-16T11:00,node/6462934229,Concordia,,,,41.3864201,2.1321758,0,35.72,125.56,0,28.5
2026-09-16T11:00,node/6475037976,L'Oasi a Consell,,,,41.3830142,2.1547507,0,35.72,125.56,0,28.5
2026-09-16T11:00,node/6477273844,Fandango,,,,41.3982346,2.1423415,0,35.72,125.56,0,28.5
2026-09-16T11:00,node/6506313588,Antigua,,,,41.3980086,2.1492952,0,35.72,125.56,0,28.5
2026-09-16T11:00,node/6507308246,L'Antica Pizzeria Da Michele,,,,41.3928154,2.1682858,0,35.72,125.56,0,28.5
2026-09-16T11:00,node/6532206187,Yü Sushi,,,,41.4032734,2.2032208,0,35.72,125.56,0,28.5
2026-09-16T11:00,node/6532330793,La Xemeneia,,,,41.4016359,2.2048002,1,35.72,125.56,0,28.5
2026-09-16T11:00,node/6535101686,Alma Loca,,,,41.3992845,2.1970974,0,35.72,125.56,0,28.5
2026-09-16T11:00,node/6538194375,Mr. White,,,,41.3761815,2.1601126,0,35.72,125.56,0,28.5
2026-09-16T11:00,node/6568369188,Elpilar,,,,41.4000903,2.1489875,1,35.72,125.56,0,28.5
2026-09-16T11:00,node/6597321587,Welcome,,,,41.4065151,2.1509474,0,35.72,125.56,0,28.5
2026-09-16T11:00,node/6600189447,café bar juli-mac,,,,41.3782625,2.1239845,0,35.72,125.56,0,28.5
2026-09-16T11:00,node/6642989000,El Pa Sencer,,,,41.3835483,2.1341796,0,35.72,125.56,0,28.5
2026-09-16T11:00,node/6642989001,Ateneu Popular de les Corts,,,,41.3826968,2.1329407,0,35.72,125.56,0,28.5
2026-09-16T11:00,node/6680396487,La prorroga,,,,41.4032976,2.1567512,0,35.72,125.56,0,28.5
2026-09-16T11:00,node/6680687871,La Mar Salada,,,,41.3768035,2.1888904,0,35.72,125.56,0,28.5
2026-09-16T11:00,node/6681709948,Kiltro Gràcia,,,,41.4018317,2.1544539,0,35.72,125.56,0,28.5
2026-09-16T11:00,node/6710510485,Catedral 1951,,,,41.3849142,2.1757337,1,35.72,125.56,0,28.5
2026-09-16T11:00,node/6750944404,Brasaña,,,,41.3605721,2.1345777,1,35.72,125.56,0,28.5
2026-09-16T11:00,node/6757307686,Kitsu,,,,41.4017918,2.1543486,0,35.72,125.56,0,28.5
2026-09-16T11:00,node/6757314489,LomoAlto,,,,41.3936053,2.1663935,0,35.72,125.56,0,28.5
2026-09-16T11:00,node/6766273102,inti & chaska,,,,41.3886755,2.1599487,0,35.72,125.56,0,28.5
2026-09-16T11:00,node/6771863086,Montseny,,,,41.4070642,2.1804416,0,35.72,125.56,0,28.5
2026-09-16T11:00,node/6775495571,El Petit,,,,41.3298893,2.0988681,1,35.72,125.56,0,28.5
2026-09-16T11:00,node/6782427526,Híbrid Cafè Restaurant,,,,41.3771219,2.1203336,1,35.72,125.56,0,28.5
2026-09-16T11:00,node/6786006588,365,,,,41.3820297,2.1697221,0,35.72,125.56,0,28.5
2026-09-16T11:00,node/6790695789,El Rincón de la Abuela Venezolana,,,,41.4058359,2.1788147,0,35.72,125.56,0,28.5
2026-09-16T11:00,node/6805613085,Bar la Cabaña,,,,41.4071784,2.1778546,1,35.72,125.56,0,28.5
2026-09-16T11:00,node/6812099686,La Xurreria de Maria,,,,41.4050102,2.1750002,1,35.72,125.56,0,28.5
2026-09-16T11:00,node/6821384885,Blu Bar,,,,41.3983358,2.2045648,1,35.72,125.56,0,28.5
2026-09-16T11:00,node/6835358009,Murivecci,,,,41.3874075,2.1828282,0,35.72,125.56,0,28.5
2026-09-16T11:00,node/6852974547,Garrido,,,,41.3603039,2.1401381,0,35.72,125.56,0,28.5
2026-09-16T11:00,node/6852994516,La Patatona,,,,41.3604651,2.1400108,1,35.72,125.56,0,28.5
2026-09-16T11:00,node/6855027201,Bar Sandwicheria Enka 3,,,,41.3758876,2.1221107,0,35.72,125.56,0,28.5
2026-09-16T11:00,node/6871523347,Cafe Punto 10,,,,41.3805947,2.1364501,0,35.72,125.56,0,28.5
2026-09-16T11:00,node/6914132390,El Nou Ramonet,,,,41.3817315,2.1876268,0,35.72,125.56,0,28.5
2026-09-16T11:00,node/6946328085,Cremat 11,,,,41.3855109,2.1810205,0,35.72,125.56,0,28.5
2026-09-16T11:00,node/6973926711,Syra Coffee,,,,41.3965047,2.1941864,0,35.72,125.56,0,28.5
2026-09-16T11:00,node/6983227455,SNOOKER - Cocteles y Billarea,,,,41.3921561,2.1703663,0,35.72,125.56,0,28.5
2026-09-16T11:00,node/7002869606,Chebú,,,,41.3791162,2.1515085,0,35.72,125.56,0,28.5
2026-09-16T11:00,node/7003296923,Triple Sec,,,,41.3747448,2.1609868,1,35.72,125.56,0,28.5
2026-09-16T11:00,node/7004598841,Orange Coffee,,,,41.4052864,2.1712189,0,35.72,125.56,0,28.5
2026-09-16T11:00,node/7014308129,Bar Bodega Lentejil,,,,41.4429922,2.2175094,1,35.72,125.56,0,28.5
2026-09-16T11:00,node/7017780931,Yoüme,,,,41.3835882,2.1541892,0,35.72,125.56,0,28.5
2026-09-16T11:00,node/7098025886,El Club del Café,,,,41.4340729,2.1892624,1,35.72,125.56,0,28.5
2026-09-16T11:00,node/7124857728,Cabo,,,,41.3964797,2.1851438,0,35.72,125.56,0,28.5
2026-09-16T11:00,node/7132160620,Santagloria,,,,41.3863926,2.1243567,0,35.72,125.56,0,28.5
2026-09-16T11:00,node/7141587085,La Cereria,,,,41.3815426,2.1767152,0,35.72,125.56,0,28.5
2026-09-16T11:00,node/7150994121,Vivari,,,,41.3998419,2.1775677,0,35.72,125.56,0,28.5
2026-09-16T11:00,node/7234692489,Van van var,,,,41.3942304,2.1901096,0,35.72,125.56,0,28.5
2026-09-16T11:00,node/7318977151,,,,,41.3711664,2.1434617,1,35.72,125.56,0,28.5
2026-09-16T11:00,node/7318977155,Bar Joaquim,,,,41.3704145,2.1424922,1,35.72,125.56,0,28.5
2026-09-16T11:00,node/7318977156,Vivari,,,,41.3686165,2.1410874,0,35.72,125.56,0,28.5
2026-09-16T11:00,node/7431790448,Santagloria,,,,41.3896086,2.1200086,0,35.72,125.56,0,28.5
2026-09-16T11:00,node/7438491414,,,,,41.3733479,2.1301506,0,35.72,125.56,0,28.5
2026-09-16T11:00,node/7504941029,Iberic Fusión Platja,,,,41.4380577,2.2431806,1,35.72,125.56,0,28.5
2026-09-16T11:00,node/7504941031,l'Altre Can Mario's,,,,41.4405591,2.2418866,1,35.72,125.56,0,28.5
2026-09-16T11:00,node/7504941033,L'Esmolet,,,,41.4432993,2.2460741,1,35.72,125.56,0,28.5
2026-09-16T11:00,node/7504941035,la Masia de la Xesca,,,,41.4452013,2.2417838,1,35.72,125.56,0,28.5
2026-09-16T11:00,node/7556742593,Menjador del Centre,,,,41.4009756,2.2000272,0,35.72,125.56,0,28.5
2026-09-16T11:00,node/7563962192,Passeig9,,,,41.4014488,2.2009478,0,35.72,125.56,0,28.5
2026-09-16T11:00,node/7600529740,Restaurante La Flama,,,,41.3514861,2.1114722,1,35.72,125.56,0,28.5
2026-09-16T11:00,node/7618205068,El Pellizquito,,,,41.3501292,2.1105817,1,35.72,125.56,0,28.5
2026-09-16T11:00,node/7640514041,Bar Plaça Carles Buïgas,,,,41.3711833,2.1510204,1,35.72,125.56,0,28.5
2026-09-16T11:00,node/7644933199,Almirall,,,,41.4100171,2.1883052,1,35.72,125.56,0,28.5
2026-09-16T11:00,node/7704818539,Bar Granja Rocxi,,,,41.3744206,2.1339573,1,35.72,125.56,0,28.5
2026-09-16T11:00,node/7704818548,Cafès Caracas,,,,41.3748038,2.1328052,0,35.72,125.56,0,28.5
2026-09-16T11:00,node/7706832792,Cru Sants,,,,41.3721342,2.1286919,0,35.72,125.56,0,28.5
2026-09-16T11:00,node/7736420790,Mamma Italia,,,,41.3764642,2.1234304,0,35.72,125.56,0,28.5
2026-09-16T11:00,node/7772770550,Eqvilibrivm Café,,,,41.3973065,2.1697662,0,35.72,125.56,0,28.5
2026-09-16T11:00,node/7838098454,El Caserón,,,,41.3838275,2.1398498,0,35.72,125.56,0,28.5
2026-09-16T11:00,node/7925586104,Delicream,,,,41.4572921,2.2290688,1,35.72,125.56,0,28.5
2026-09-16T11:00,node/7989010587,Castañeiras,,,,41.4100358,2.1760296,0,35.72,125.56,0,28.5
2026-09-16T11:00,node/7999604058,Lilo brunch,,,,41.3873718,2.1627034,1,35.72,125.56,0,28.5
2026-09-16T11:00,node/7999616840,Bellillo,,,,41.3879362,2.1620483,1,35.72,125.56,0,28.5
2026-09-16T11:00,node/8034999886,Costa Dorada,,,,41.3980284,2.1986941,0,35.72,125.56,0,28.5
2026-09-16T11:00,node/8046554489,Sport,,,,41.4001224,2.2000188,0,35.72,125.56,0,28.5
2026-09-16T11:00,node/8049731595,Echegaray,,,,41.4018684,2.2023424,0,35.72,125.56,0,28.5
2026-09-16T11:00,node/8049732292,Doroteo,,,,41.4029636,2.2006718,0,35.72,125.56,0,28.5
2026-09-16T11:00,node/8064873985,Saramar,,,,41.3957712,2.1953013,1,35.72,125.56,0,28.5
2026-09-16T11:00,node/8077128420,Tío Bigotes,,,,41.4013922,2.2028846,0,35.72,125.56,0,28.5
2026-09-16T11:00,manual/488492e9,Bar Viejo Cafe,Bar,yes,"Carrer de la Independència, 306, Sant Martí, 08026 Barcelona",41.4116,2.1794,0,35.72,125.56,0,28.5
2026-09-16T11:00,manual/c52f6190,New 88 Bar-Cafeteria,bar,yes,,41.4094505,2.1789589,0,35.72,125.56,0,28.5
2026-09-16T11:00,manual/5d2ea7ea,Restaurant Papá Nico,bar,yes,,41.4094505,2.1789589,0,35.72,125.56,0,28.5
2026-09-16T11:00,manual/c980e39e,Restaurant El Clot,restaurant,yes,,41.4087697,2.1875592,0,35.72,125.56,0,28.5
2026-09-16T12:00,relation/18317100,,,,,41.42,2.1188352,1,43.86,142.02,26,29.9
2026-09-16T12:00,node/208984374,Central Rambla,,,,41.3782716,2.1761732,0,43.86,142.02,26,29.9
2026-09-16T12:00,way/217583616,Can Fisher,,,,41.3946034,2.2062292,1,43.86,142.02,26,29.9
2026-09-16T12:00,way/245214117,la Caseta del Migdia,,,,41.3596833,2.1607145,1,43.86,142.02,26,29.9
2026-09-16T12:00,way/246717741,Mirablau,,,,41.4160323,2.1319129,1,43.86,142.02,26,29.9
2026-09-16T12:00,way/249404809,PURO,,,,41.3911248,2.1461635,0,43.86,142.02,26,29.9
2026-09-16T12:00,way/268912897,Can Cortada,,,,41.4362503,2.1524833,1,43.86,142.02,26,29.9
2026-09-16T12:00,way/315387188,Temple del Metall,,,,41.4741706,2.1662317,1,43.86,142.02,26,29.9
2026-09-16T12:00,way/392926648,Pacha,,,,41.3857491,2.1970415,1,43.86,142.02,26,29.9
2026-09-16T12:00,way/412702054,Camping,,,,41.3953192,2.2042386,1,43.86,142.02,26,29.9
2026-09-16T12:00,way/443599336,Asador Casa Juaco,,,,41.4476663,2.1426909,1,43.86,142.02,26,29.9
2026-09-16T12:00,way/446002194,La Base by Farré,,,,41.3967358,2.2101884,1,43.86,142.02,26,29.9
2026-09-16T12:00,node/476327681,Can Paixano,,,,41.3817618,2.1834151,0,43.86,142.02,26,29.9
2026-09-16T12:00,node/506202703,Bar Almogávares,,,,41.3962323,2.1890864,0,43.86,142.02,26,29.9
2026-09-16T12:00,way/519771543,Restaurant Can Cases,,,,41.4343885,2.0985276,1,43.86,142.02,26,29.9
2026-09-16T12:00,node/534367691,Sant Bartomeu,,,,41.3755248,2.1346488,0,43.86,142.02,26,29.9
2026-09-16T12:00,node/643022131,Euro Bar-Tapas,,,,41.4342324,2.2161197,1,43.86,142.02,26,29.9
2026-09-16T12:00,node/643429648,Joan Figuera,,,,41.4336545,2.2169391,1,43.86,142.02,26,29.9
2026-09-16T12:00,node/643496696,El rincón de Willy,,,,41.4380246,2.2180623,1,43.86,142.02,26,29.9
2026-09-16T12:00,node/643496704,Bar Somni d'estiu,,,,41.4382361,2.2166687,1,43.86,142.02,26,29.9
2026-09-16T12:00,way/655221168,L'Ovella Negra Marina,,,,41.3960196,2.1901331,1,43.86,142.02,26,29.9
2026-09-16T12:00,node/660004524,Bocatapa Can Manel,,,,41.4413833,2.2212875,1,43.86,142.02,26,29.9
2026-09-16T12:00,node/672140180,Kasparo,,,,41.3844847,2.1690087,1,43.86,142.02,26,29.9
2026-09-16T12:00,node/704031158,Café Zurich,,,,41.3858504,2.1694606,1,43.86,142.02,26,29.9
2026-09-16T12:00,node/704042058,Starbucks,,,,41.3888305,2.1719117,1,43.86,142.02,26,29.9
2026-09-16T12:00,node/704058886,Tapa Tapa,,,,41.3916926,2.1660167,1,43.86,142.02,26,29.9
2026-09-16T12:00,node/704060428,Oassis Natural Cooking,,,,41.3901637,2.1678915,1,43.86,142.02,26,29.9
2026-09-16T12:00,node/704066257,Ciutat Comtal,,,,41.3888272,2.1668833,1,43.86,142.02,26,29.9
2026-09-16T12:00,node/704066614,Taller de Tapas,,,,41.3905645,2.1639038,0,43.86,142.02,26,29.9
2026-09-16T12:00,way/707305723,Bar Frankfurt Cafeteria Fabregada,,,,41.3561748,2.1108239,1,43.86,142.02,26,29.9
2026-09-16T12:00,node/745947750,Bar Geminis,,,,41.3976224,2.1807778,0,43.86,142.02,26,29.9
2026-09-16T12:00,node/765796519,La Cafetera,,,,41.4049767,2.1575215,0,43.86,142.02,26,29.9
2026-09-16T12:00,node/814006271,Les 15 Nits Bar,,,,41.3804529,2.1749778,1,43.86,142.02,26,29.9
2026-09-16T12:00,node/819552792,Bracafe,,,,41.3944249,2.1675209,1,43.86,142.02,26,29.9
2026-09-16T12:00,node/824476551,Caleuche,,,,41.3761526,2.1686172,1,43.86,142.02,26,29.9
2026-09-16T12:00,node/830462039,Bar Restaurant Angela,,,,41.4043015,2.1949428,1,43.86,142.02,26,29.9
2026-09-16T12:00,way/907005766,Chevy's Bar,,,,41.4143731,2.2289499,1,43.86,142.02,26,29.9
2026-09-16T12:00,way/969257968,,,,,41.3793991,2.1073385,1,43.86,142.02,26,29.9
2026-09-16T12:00,way/1063378975,Bar Restaurant Oliver,,,,41.3469215,2.1546999,1,43.86,142.02,26,29.9
2026-09-16T12:00,node/1072798261,Taverna del Bisbe,,,,41.3849254,2.1766628,0,43.86,142.02,26,29.9
2026-09-16T12:00,node/1072800838,El Cafè D'en Victor,,,,41.3847931,2.1767008,0,43.86,142.02,26,29.9
2026-09-16T12:00,node/1083144027,Los Caracoles,,,,41.3796584,2.1765082,0,43.86,142.02,26,29.9
2026-09-16T12:00,node/1092685793,Elche,,,,41.3739754,2.1691488,0,43.86,142.02,26,29.9
2026-09-16T12:00,way/1112240803,ForumStation,,,,41.4096655,2.2221501,1,43.86,142.02,26,29.9
2026-09-16T12:00,node/1177498341,Casa Vall,,,,41.4074238,2.1585521,0,43.86,142.02,26,29.9
2026-09-16T12:00,node/1192698924,Bilbao Berria,,,,41.3841976,2.1748665,0,43.86,142.02,26,29.9
2026-09-16T12:00,node/1192699873,Tapas 24,,,,41.3908686,2.1674705,0,43.86,142.02,26,29.9
2026-09-16T12:00,way/1200964257,Chiringuito Joan Miro,,,,41.3789977,2.1478116,1,43.86,142.02,26,29.9
2026-09-16T12:00,node/1264182304,Tosca del Carme,,,,41.3819482,2.1695795,1,43.86,142.02,26,29.9
2026-09-16T12:00,node/1280416455,Carballeira,,,,41.4442679,2.2217701,1,43.86,142.02,26,29.9
2026-09-16T12:00,way/1300745688,La Casona de Sant Just,,,,41.3833348,2.0735139,1,43.86,142.02,26,29.9
2026-09-16T12:00,node/1310450869,El Filete Ruso,,,,41.3925451,2.1558968,1,43.86,142.02,26,29.9
2026-09-16T12:00,node/1312325106,La Palmera,,,,41.4144229,2.1385123,0,43.86,142.02,26,29.9
2026-09-16T12:00,node/1314943380,Mescladís del Pou,,,,41.3870865,2.1803497,0,43.86,142.02,26,29.9
2026-09-16T12:00,node/1335697982,,,,,41.3608771,2.1101417,1,43.86,142.02,26,29.9
2026-09-16T12:00,way/1368167814,Natura Beach. El Chiringuito,,,,41.4028929,2.2157443,1,43.86,142.02,26,29.9
2026-09-16T12:00,node/1420760625,Tapeo,,,,41.4044988,2.1554811,0,43.86,142.02,26,29.9
2026-09-16T12:00,node/1420760630,Diamant,,,,41.4042174,2.1555899,1,43.86,142.02,26,29.9
2026-09-16T12:00,node/1428867664,Café Berlin,,,,41.3943566,2.1494599,1,43.86,142.02,26,29.9
2026-09-16T12:00,node/1430537485,Oasis Restaurant,,,,41.3827219,2.1847191,1,43.86,142.02,26,29.9
2026-09-16T12:00,node/1445598557,Bracafe,,,,41.3948025,2.1817533,1,43.86,142.02,26,29.9
2026-09-16T12:00,node/1554649942,Torrades,,,,41.4375721,2.1566095,0,43.86,142.02,26,29.9
2026-09-16T12:00,node/1554649988,La Panera,,,,41.4374756,2.1563359,0,43.86,142.02,26,29.9
2026-09-16T12:00,node/1658425572,Rebeka,,,,41.3967185,2.1890325,1,43.86,142.02,26,29.9
2026-09-16T12:00,node/1685949861,Cerveceria Milenium 2,,,,41.3534566,2.0866307,1,43.86,142.02,26,29.9
2026-09-16T12:00,node/1711342192,Calero's Centre,,,,41.3744728,2.1349721,0,43.86,142.02,26,29.9
2026-09-16T12:00,node/1722136431,Cervecería Catalana,,,,41.3924032,2.1609008,0,43.86,142.02,26,29.9
2026-09-16T12:00,node/1739122591,La Tagliatella,,,,41.3943371,2.1521208,0,43.86,142.02,26,29.9
2026-09-16T12:00,node/1813593370,Bar Capricornio,,,,41.4381257,2.2179547,1,43.86,142.02,26,29.9
2026-09-16T12:00,node/1820633320,CASA TEVA,,,,41.3752815,2.1166845,1,43.86,142.02,26,29.9
2026-09-16T12:00,node/1824133931,Carmesí,,,,41.3737373,2.1644452,0,43.86,142.02,26,29.9
2026-09-16T12:00,node/1948986220,Cafeteria UPF Jaume I,,,,41.3900298,2.1901118,0,43.86,142.02,26,29.9
2026-09-16T12:00,node/1948987514,Cafeteria UPF Roger de Lluria,,,,41.3886776,2.1915119,1,43.86,142.02,26,29.9
2026-09-16T12:00,node/1951812612,Casa Pagès,,,,41.3998447,2.1613114,0,43.86,142.02,26,29.9
2026-09-16T12:00,node/1960366982,Casa Amalia,,,,41.3962525,2.1685646,0,43.86,142.02,26,29.9
2026-09-16T12:00,node/1984001407,Bar de la FIB,,,,41.3894239,2.1132363,0,43.86,142.02,26,29.9
2026-09-16T12:00,node/2034780565,Cerbeseria Lesseps,,,,41.4073551,2.1514486,0,43.86,142.02,26,29.9
2026-09-16T12:00,node/2034780569,L'Brasseria,,,,41.4067629,2.1516314,1,43.86,142.02,26,29.9
2026-09-16T12:00,node/2056517879,Caelum,,,,41.3830524,2.1744369,0,43.86,142.02,26,29.9
2026-09-16T12:00,node/2065469522,Restaurant Pipa,,,,41.3997461,2.2003004,0,43.86,142.02,26,29.9
2026-09-16T12:00,node/2087204991,La Sanguchería,,,,41.3954987,2.1484037,0,43.86,142.02,26,29.9
2026-09-16T12:00,node/2091604731,Tapa Tapa,,,,41.3762094,2.1500463,1,43.86,142.02,26,29.9
2026-09-16T12:00,node/2112843062,El Vaixell-2,,,,41.4541291,2.2350201,1,43.86,142.02,26,29.9
2026-09-16T12:00,node/2165154147,Asador de Lugo,,,,41.3797623,2.1376748,0,43.86,142.02,26,29.9
2026-09-16T12:00,node/2184580476,Bar del Pi,,,,41.3824922,2.1739624,1,43.86,142.02,26,29.9
2026-09-16T12:00,node/2187210264,Sopa,,,,41.4023416,2.1952788,1,43.86,142.02,26,29.9
2026-09-16T12:00,node/2197824500,Tierra del fuego,,,,41.4016702,2.2016399,0,43.86,142.02,26,29.9
2026-09-16T12:00,node/2213839299,Pollo Rico,,,,41.3791045,2.1721976,0,43.86,142.02,26,29.9
2026-09-16T12:00,node/2364075421,Chen-Ji,,,,41.3936143,2.1807074,0,43.86,142.02,26,29.9
2026-09-16T12:00,node/2434563732,La Bella Napoli,,,,41.3743686,2.1637621,0,43.86,142.02,26,29.9
2026-09-16T12:00,node/2442785485,El Círcol,,,,41.4501968,2.2474223,1,43.86,142.02,26,29.9
2026-09-16T12:00,node/2468197823,365 Cafeteria Forn de Pa,,,,41.3752071,2.1635151,1,43.86,142.02,26,29.9
2026-09-16T12:00,node/2476332030,Bar Lennon,,,,41.4028901,2.1612576,1,43.86,142.02,26,29.9
2026-09-16T12:00,node/2500906795,Bar Lúdic Queimada Nivell Q,,,,41.4094152,2.1808913,0,43.86,142.02,26,29.9
2026-09-16T12:00,node/2598482930,Con Gracia,,,,41.3990704,2.1600617,0,43.86,142.02,26,29.9
2026-09-16T12:00,node/2609183969,Fukuoka,,,,41.4022587,2.1612976,1,43.86,142.02,26,29.9
2026-09-16T12:00,node/2610750687,Xiringuito Aigua,,,,41.4096717,2.1683236,1,43.86,142.02,26,29.9
2026-09-16T12:00,node/2618447074,Vegetalia,,,,41.3803973,2.1776952,0,43.86,142.02,26,29.9
2026-09-16T12:00,node/2618538581,Veggie Garden,,,,41.3822767,2.1680336,0,43.86,142.02,26,29.9
2026-09-16T12:00,node/2618538595,Biocenter,,,,41.3825765,2.1694364,1,43.86,142.02,26,29.9
2026-09-16T12:00,node/2684052224,Pai Mei,,,,41.4051863,2.1931071,0,43.86,142.02,26,29.9
2026-09-16T12:00,node/2687089274,Dolça Estona,,,,41.4117096,2.1394938,0,43.86,142.02,26,29.9
2026-09-16T12:00,node/2689736934,Bar Bodega Molina,,,,41.4403298,2.1817019,1,43.86,142.02,26,29.9
2026-09-16T12:00,node/2721077740,Bar Veni,,,,41.3848861,2.1667078,0,43.86,142.02,26,29.9
2026-09-16T12:00,node/2727449418,Las Euras,,,,41.3998785,2.1577187,0,43.86,142.02,26,29.9
2026-09-16T12:00,node/2793491051,La bona tapa,,,,41.4368098,2.2166172,1,43.86,142.02,26,29.9
2026-09-16T12:00,node/2892028393,Kino,,,,41.3825992,2.1665452,0,43.86,142.02,26,29.9
2026-09-16T12:00,node/2892037115,23 Robadors,,,,41.3796029,2.1708903,0,43.86,142.02,26,29.9
2026-09-16T12:00,node/2910255826,Shôko,,,,41.3854991,2.1969746,1,43.86,142.02,26,29.9
2026-09-16T12:00,node/2910255827,Opium,,,,41.3852778,2.1967099,1,43.86,142.02,26,29.9
2026-09-16T12:00,node/2927944587,Tapas Tapas!,,,,41.3745104,2.1829399,1,43.86,142.02,26,29.9
2026-09-16T12:00,node/2951499208,El racó d'en Henry,,,,41.4394757,2.2215013,1,43.86,142.02,26,29.9
2026-09-16T12:00,node/2966340931,El Capritx,,,,41.4022886,2.1998883,0,43.86,142.02,26,29.9
2026-09-16T12:00,node/2968119440,Can Tresó,,,,41.4028999,2.1537483,1,43.86,142.02,26,29.9
2026-09-16T12:00,node/2969276727,La Sirena Verde,,,,41.4027605,2.1657128,0,43.86,142.02,26,29.9
2026-09-16T12:00,node/2969277275,Café de l'Eixample,,,,41.4005021,2.1690108,0,43.86,142.02,26,29.9
2026-09-16T12:00,node/2970751844,Taverna El Disbarat,,,,41.4017728,2.1545227,1,43.86,142.02,26,29.9
2026-09-16T12:00,node/3007755352,La Pausa,,,,41.4071883,2.1557816,0,43.86,142.02,26,29.9
2026-09-16T12:00,node/3007803307,Oh La Lá,,,,41.4460123,2.2485803,1,43.86,142.02,26,29.9
2026-09-16T12:00,node/3048077142,L'Aliança del Poblenou,,,,41.3997067,2.2032276,1,43.86,142.02,26,29.9
2026-09-16T12:00,node/3049368344,Clot76,,,,41.4082815,2.1885259,0,43.86,142.02,26,29.9
2026-09-16T12:00,node/3084370508,Marina Bay By Moncho's,,,,41.3863077,2.1975017,1,43.86,142.02,26,29.9
2026-09-16T12:00,node/3084507933,Caravelle,,,,41.3822872,2.1688475,0,43.86,142.02,26,29.9
2026-09-16T12:00,node/3120072573,Bar Restaurant Nàutic,,,,41.3806088,2.1408397,1,43.86,142.02,26,29.9
2026-09-16T12:00,node/3177990194,Mezcal Taco Bar,,,,41.3830563,2.1554872,0,43.86,142.02,26,29.9
2026-09-16T12:00,node/3270120640,Luigi,,,,41.3862659,2.1753788,0,43.86,142.02,26,29.9
2026-09-16T12:00,node/3271554311,Al Sultán,,,,41.4035661,2.1554863,0,43.86,142.02,26,29.9
2026-09-16T12:00,node/3328694987,Nou Candanchú,,,,41.4005128,2.1576475,0,43.86,142.02,26,29.9
2026-09-16T12:00,node/3339670930,Bahia,,,,41.3803265,2.1774842,0,43.86,142.02,26,29.9
2026-09-16T12:00,node/3441700493,Santos Tapas,,,,41.3818417,2.1745121,0,43.86,142.02,26,29.9
2026-09-16T12:00,node/3491476947,Bar del Pla,,,,41.3856036,2.1800221,0,43.86,142.02,26,29.9
2026-09-16T12:00,node/3496970198,Centre Cívic Can Deu,,,,41.3869027,2.1327794,0,43.86,142.02,26,29.9
2026-09-16T12:00,node/3504769719,El Rincón,,,,41.3908977,2.1900669,1,43.86,142.02,26,29.9
2026-09-16T12:00,node/3517276245,Bar Canigó,,,,41.4029724,2.1579186,1,43.86,142.02,26,29.9
2026-09-16T12:00,node/3522552400,Àpat's,,,,41.3757617,2.1419109,0,43.86,142.02,26,29.9
2026-09-16T12:00,node/3548547194,El Bon Menjador - 2,,,,41.4388101,2.2172863,1,43.86,142.02,26,29.9
2026-09-16T12:00,node/3548548998,Bar Morales,,,,41.4395878,2.2165237,1,43.86,142.02,26,29.9
2026-09-16T12:00,node/3548613495,Bar Paula's Tapería,,,,41.4385437,2.2175484,1,43.86,142.02,26,29.9
2026-09-16T12:00,node/3556089494,Delicias Mediterráneas,,,,41.4415079,2.2267435,1,43.86,142.02,26,29.9
2026-09-16T12:00,node/3556089497,Xurreria Rodríguez,,,,41.4416928,2.2264651,1,43.86,142.02,26,29.9
2026-09-16T12:00,node/3556089803,Bar de La Salut,,,,41.4422594,2.2258792,1,43.86,142.02,26,29.9
2026-09-16T12:00,node/3560942698,Sandvitxeria Alhociema,,,,41.4443624,2.2236761,1,43.86,142.02,26,29.9
2026-09-16T12:00,node/3560955995,Centro Cultural Castellano-manchego,,,,41.4390698,2.2176297,1,43.86,142.02,26,29.9
2026-09-16T12:00,node/3595399490,Bar Familiar,,,,41.4359163,2.2182018,1,43.86,142.02,26,29.9
2026-09-16T12:00,node/3595399769,La granja de Casablanca,,,,41.4357671,2.2189395,1,43.86,142.02,26,29.9
2026-09-16T12:00,node/3595401238,Bar Alcázar,,,,41.4365542,2.2183742,1,43.86,142.02,26,29.9
2026-09-16T12:00,node/3596986411,Agrupación Cultural Galega Agarimos,,,,41.4358268,2.2165495,1,43.86,142.02,26,29.9
2026-09-16T12:00,node/3612059306,Nabuco Tiramisú,,,,41.4004523,2.1577244,0,43.86,142.02,26,29.9
2026-09-16T12:00,node/3620986554,Yamane,,,,41.3868061,2.1808426,0,43.86,142.02,26,29.9
2026-09-16T12:00,node/3620991692,Yamaneko-ryouri,,,,41.4016619,2.1447787,1,43.86,142.02,26,29.9
2026-09-16T12:00,node/3624045193,Bar-Granja Maribel,,,,41.4399092,2.2235793,1,43.86,142.02,26,29.9
2026-09-16T12:00,node/3624045293,Bar La Cantonada,,,,41.4396227,2.2242325,1,43.86,142.02,26,29.9
2026-09-16T12:00,node/3713349650,Groin's,,,,41.4108415,2.1637178,0,43.86,142.02,26,29.9
2026-09-16T12:00,node/3718061014,Bar Calders,,,,41.3764788,2.1623937,1,43.86,142.02,26,29.9
2026-09-16T12:00,node/3730796125,Buenas Migas,,,,41.3975542,2.1587856,0,43.86,142.02,26,29.9
2026-09-16T12:00,node/3761312382,La Fonda,,,,41.3793598,2.1762144,0,43.86,142.02,26,29.9
2026-09-16T12:00,node/3777075876,Oaxaca,,,,41.3821041,2.1838988,1,43.86,142.02,26,29.9
2026-09-16T12:00,node/3779149860,EsPan's,,,,41.4349094,2.2194667,1,43.86,142.02,26,29.9
2026-09-16T12:00,node/3794002044,Samurai Ramen,,,,41.3736753,2.1548947,0,43.86,142.02,26,29.9
2026-09-16T12:00,node/3804046057,Robata Sushi & Grill,,,,41.3904886,2.1585836,0,43.86,142.02,26,29.9
2026-09-16T12:00,node/3809169458,Freiduría El Boquerón,,,,41.4400822,2.2264769,1,43.86,142.02,26,29.9
2026-09-16T12:00,node/3809169459,Marisquería Melchor,,,,41.4401715,2.2266602,1,43.86,142.02,26,29.9
2026-09-16T12:00,node/3809169461,Elhotro bar,,,,41.4401247,2.2268506,1,43.86,142.02,26,29.9
2026-09-16T12:00,node/3809169658,Carte d'Or,,,,41.4403068,2.2274065,1,43.86,142.02,26,29.9
2026-09-16T12:00,node/3809169668,Vivari,,,,41.4408122,2.2271125,1,43.86,142.02,26,29.9
2026-09-16T12:00,node/3809169669,Pantaiberic delicatessen,,,,41.4408174,2.2269502,1,43.86,142.02,26,29.9
2026-09-16T12:00,node/3840009426,La Esquinica,,,,41.4304816,2.1712169,0,43.86,142.02,26,29.9
2026-09-16T12:00,node/3874539219,Café del Centre,,,,41.3946111,2.1712059,0,43.86,142.02,26,29.9
2026-09-16T12:00,node/3890922254,Characato,,,,41.4046885,2.1836218,1,43.86,142.02,26,29.9
2026-09-16T12:00,node/3901403358,Les Dues Sicilies,,,,41.3866097,2.1802613,0,43.86,142.02,26,29.9
2026-09-16T12:00,node/3955968257,El racó de les Glòries,,,,41.3986109,2.1978895,1,43.86,142.02,26,29.9
2026-09-16T12:00,node/4060217594,Matt & Marshall,,,,41.3993348,2.1997769,1,43.86,142.02,26,29.9
2026-09-16T12:00,node/4073605889,Mariscco,,,,41.3804885,2.1753271,0,43.86,142.02,26,29.9
2026-09-16T12:00,node/4126257971,Xixbar,,,,41.3758485,2.1576176,0,43.86,142.02,26,29.9
2026-09-16T12:00,node/4127494769,Vapiano,,,,41.3788941,2.1758361,0,43.86,142.02,26,29.9
2026-09-16T12:00,node/4138815989,Nømad Cøffee,,,,41.3889108,2.1771731,1,43.86,142.02,26,29.9
2026-09-16T12:00,node/4150499794,El 68,,,,41.4023622,2.1612062,1,43.86,142.02,26,29.9
2026-09-16T12:00,node/4166496789,Bar Thonet Grill Room,,,,41.3792408,2.1761073,1,43.86,142.02,26,29.9
2026-09-16T12:00,node/4168100800,Cervecería Frankfurt Europa,,,,41.4396191,2.2191504,1,43.86,142.02,26,29.9
2026-09-16T12:00,node/4225209596,Bar El Velodromo,,,,41.3934442,2.1501395,0,43.86,142.02,26,29.9
2026-09-16T12:00,node/4225810298,Bar Nolla,,,,41.3905504,2.1647825,0,43.86,142.02,26,29.9
2026-09-16T12:00,node/4233959493,Pastisseria Granja,,,,41.3795042,2.1792309,1,43.86,142.02,26,29.9
2026-09-16T12:00,node/4239222689,Rekons,,,,41.3806195,2.1610796,0,43.86,142.02,26,29.9
2026-09-16T12:00,node/4244877765,Bar La Peña,,,,41.4404265,2.2170329,1,43.86,142.02,26,29.9
2026-09-16T12:00,node/4247196393,cal mariner,,,,41.3791754,2.1898206,0,43.86,142.02,26,29.9
2026-09-16T12:00,node/4253851490,El Trencadís,,,,41.3937976,2.1655309,0,43.86,142.02,26,29.9
2026-09-16T12:00,node/4253862889,Hummus,,,,41.3912547,2.1611975,0,43.86,142.02,26,29.9
2026-09-16T12:00,node/4254090289,La tasqueta de Blai,,,,41.3733347,2.1652358,0,43.86,142.02,26,29.9
2026-09-16T12:00,node/4254094290,Rosa Negra,,,,41.3819164,2.1687596,0,43.86,142.02,26,29.9
2026-09-16T12:00,node/4254704967,Firebug Brunch,,,,41.3927459,2.1778691,0,43.86,142.02,26,29.9
2026-09-16T12:00,node/4254996890,La Macchina,,,,41.4030005,2.1535966,0,43.86,142.02,26,29.9
2026-09-16T12:00,node/4267035492,Kebabish,,,,41.4409198,2.2217884,1,43.86,142.02,26,29.9
2026-09-16T12:00,node/4267055591,La cantina del tapeo,,,,41.4420999,2.2200224,1,43.86,142.02,26,29.9
2026-09-16T12:00,node/4278033120,Buenas Migas,,,,41.3838044,2.1696233,0,43.86,142.02,26,29.9
2026-09-16T12:00,node/4283188047,Granja Romaní,,,,41.4348618,2.2179712,1,43.86,142.02,26,29.9
2026-09-16T12:00,node/4283194434,Bar La Paradeta,,,,41.4337773,2.2167771,1,43.86,142.02,26,29.9
2026-09-16T12:00,node/4291934189,Fonda Espanya,,,,41.3799009,2.1728032,0,43.86,142.02,26,29.9
2026-09-16T12:00,node/4306440989,Blai 9,,,,41.3730722,2.1658539,0,43.86,142.02,26,29.9
2026-09-16T12:00,node/4314857689,El punt,,,,41.4413807,2.2316251,1,43.86,142.02,26,29.9
2026-09-16T12:00,node/4314859689,Versace,,,,41.4337089,2.2172203,1,43.86,142.02,26,29.9
2026-09-16T12:00,node/4315715092,Petit Comitè,,,,41.3943551,2.1600308,0,43.86,142.02,26,29.9
2026-09-16T12:00,node/4321183403,Brunch & Cake,,,,41.3882834,2.1615596,1,43.86,142.02,26,29.9
2026-09-16T12:00,node/4336933393,Mayura,,,,41.3938992,2.1720914,0,43.86,142.02,26,29.9
2026-09-16T12:00,node/4340119890,VIENA,,,,41.3579934,2.1293918,1,43.86,142.02,26,29.9
2026-09-16T12:00,node/4349925690,Nemrut,,,,41.3810051,2.1772158,0,43.86,142.02,26,29.9
2026-09-16T12:00,node/4350019284,Palosanto,,,,41.3808122,2.1772701,0,43.86,142.02,26,29.9
2026-09-16T12:00,node/4364289794,Faborit Casa Amatller,,,,41.3915836,2.1650592,0,43.86,142.02,26,29.9
2026-09-16T12:00,node/4386702690,Red Ant Noodle Bar,,,,41.3880129,2.1810961,0,43.86,142.02,26,29.9
2026-09-16T12:00,node/4396244190,Fresc Co,,,,41.3891657,2.1969678,0,43.86,142.02,26,29.9
2026-09-16T12:00,node/4401234193,BlackLab Brewhouse & Kitchen,,,,41.3812305,2.1854573,1,43.86,142.02,26,29.9
2026-09-16T12:00,node/4431102493,Forn Puiggròs,,,,41.4102615,2.1741597,1,43.86,142.02,26,29.9
2026-09-16T12:00,node/4439412389,La Vinya del Senyor,,,,41.3832546,2.1818655,0,43.86,142.02,26,29.9
2026-09-16T12:00,node/4440352791,La Gavina,,,,41.3807532,2.1853211,1,43.86,142.02,26,29.9
2026-09-16T12:00,node/4443367289,Pannus,,,,41.3863691,2.1726728,0,43.86,142.02,26,29.9
2026-09-16T12:00,node/4449185678,Il Caffè di Francesco,,,,41.3908733,2.1652201,0,43.86,142.02,26,29.9
2026-09-16T12:00,node/4451904190,Bar Granadino,,,,41.4404153,2.2238276,1,43.86,142.02,26,29.9
2026-09-16T12:00,node/4451904193,La ciudad de oro,,,,41.4408727,2.2240695,1,43.86,142.02,26,29.9
2026-09-16T12:00,node/4451986792,Cafe Bar Florida,,,,41.4403503,2.2236929,1,43.86,142.02,26,29.9
2026-09-16T12:00,node/4451986793,Bar Amigo,,,,41.4411469,2.2238965,1,43.86,142.02,26,29.9
2026-09-16T12:00,node/4451988991,Bar Frankfurt Jaime,,,,41.4408051,2.2241201,1,43.86,142.02,26,29.9
2026-09-16T12:00,node/4451989090,Entre tapes,,,,41.4423118,2.2237245,1,43.86,142.02,26,29.9
2026-09-16T12:00,node/4451992791,Bar Leo,,,,41.4406309,2.2245529,1,43.86,142.02,26,29.9
2026-09-16T12:00,node/4452031691,Bar La Granja,,,,41.4427953,2.2241899,1,43.86,142.02,26,29.9
2026-09-16T12:00,node/4455238130,Anahuac,,,,41.3965161,2.1513989,0,43.86,142.02,26,29.9
2026-09-16T12:00,node/4461595656,Cafeteria de la Biblioteca Jaumer Fuster,,,,41.4075557,2.1493457,1,43.86,142.02,26,29.9
2026-09-16T12:00,node/4470059420,Mesón Gallego,,,,41.3818896,2.0709288,1,43.86,142.02,26,29.9
2026-09-16T12:00,node/4486639527,Boldú,,,,41.3973783,2.1517865,0,43.86,142.02,26,29.9
2026-09-16T12:00,node/4486683966,La Tagliatella,,,,41.3974141,2.1514101,0,43.86,142.02,26,29.9
2026-09-16T12:00,node/4503193765,Bicioci,,,,41.3999229,2.1619101,1,43.86,142.02,26,29.9
2026-09-16T12:00,node/4509411660,Bar Mediterráneo,,,,41.4343007,2.2180868,1,43.86,142.02,26,29.9
2026-09-16T12:00,node/4516538193,Más Que Sushi,,,,41.3774227,2.1527247,0,43.86,142.02,26,29.9
2026-09-16T12:00,node/4516600994,Salambó,,,,41.4044546,2.1576355,1,43.86,142.02,26,29.9
2026-09-16T12:00,node/4520259289,Cachitos,,,,41.3953057,2.1536913,1,43.86,142.02,26,29.9
2026-09-16T12:00,node/4572063790,Cafetería 365,,,,41.3744652,2.1675541,0,43.86,142.02,26,29.9
2026-09-16T12:00,node/4580517495,Cadaqués,,,,41.4004717,2.1574102,1,43.86,142.02,26,29.9
2026-09-16T12:00,node/4591423938,Arabia Cafe,,,,41.3796023,2.1762764,0,43.86,142.02,26,29.9
2026-09-16T12:00,node/4602957463,Otafuku Daifuku,,,,41.3861633,2.1813225,0,43.86,142.02,26,29.9
2026-09-16T12:00,node/4631918790,Casa López,,,,41.4047191,2.1550626,0,43.86,142.02,26,29.9
2026-09-16T12:00,node/4643974106,Kyoka Via Augusta,,,,41.3979693,2.1315017,1,43.86,142.02,26,29.9
2026-09-16T12:00,node/4654613659,afiparc,,,,41.4134414,2.1527296,1,43.86,142.02,26,29.9
2026-09-16T12:00,node/4668687590,Can Vilaró,,,,41.3779004,2.1617005,0,43.86,142.02,26,29.9
2026-09-16T12:00,node/4673198082,Montesquiu,,,,41.4046825,2.1325233,0,43.86,142.02,26,29.9
2026-09-16T12:00,node/4680760648,Sushi Taller,,,,41.4048621,2.1326565,0,43.86,142.02,26,29.9
2026-09-16T12:00,node/4681801089,Orxateria la Valenciana,,,,41.3863413,2.1622578,0,43.86,142.02,26,29.9
2026-09-16T12:00,node/4704972453,majide,,,,41.3849224,2.1674688,0,43.86,142.02,26,29.9
2026-09-16T12:00,node/4709933976,Sottovoce,,,,41.3579226,2.1294974,1,43.86,142.02,26,29.9
2026-09-16T12:00,node/4711659235,Casa Lolea,,,,41.3888056,2.1771897,0,43.86,142.02,26,29.9
2026-09-16T12:00,node/4720526074,El Charrito,,,,41.3896183,2.1662427,1,43.86,142.02,26,29.9
2026-09-16T12:00,node/4721286889,Prodigi,,,,41.3985973,2.1659559,0,43.86,142.02,26,29.9
2026-09-16T12:00,node/4726582894,Catalina Cafe,,,,41.3862071,2.1793039,0,43.86,142.02,26,29.9
2026-09-16T12:00,node/4726583193,Betlem,,,,41.3949258,2.1712207,0,43.86,142.02,26,29.9
2026-09-16T12:00,node/4727975192,La Coruña,,,,41.4083413,2.1851911,1,43.86,142.02,26,29.9
2026-09-16T12:00,node/4728103192,Cafè Arrels,,,,41.4137041,2.1809929,1,43.86,142.02,26,29.9
2026-09-16T12:00,node/4729343193,Cervecería Frankfurt El Molino,,,,41.3746194,2.1669636,0,43.86,142.02,26,29.9
2026-09-16T12:00,node/4735766123,I'll Pomo d'Oro,,,,41.3926987,2.1585151,0,43.86,142.02,26,29.9
2026-09-16T12:00,node/4743830714,Casa Escarré (Joan's),,,,41.3747567,2.1427755,1,43.86,142.02,26,29.9
2026-09-16T12:00,node/4751727952,Bar Ribalda,,,,41.4026552,2.1328307,0,43.86,142.02,26,29.9
2026-09-16T12:00,node/4755496723,Brewdog,,,,41.3857301,2.1581661,0,43.86,142.02,26,29.9
2026-09-16T12:00,node/4756509699,Morro fi,,,,41.3833069,2.1550311,1,43.86,142.02,26,29.9
2026-09-16T12:00,node/4776357929,Tomodachi,,,,41.4053891,2.1644663,0,43.86,142.02,26,29.9
2026-09-16T12:00,node/4778618049,De Gustibus Italiae,,,,41.4027491,2.1330183,0,43.86,142.02,26,29.9
2026-09-16T12:00,node/4784670742,Índigo Café,,,,41.3874831,2.1626443,1,43.86,142.02,26,29.9
2026-09-16T12:00,node/4792724121,Venus Delicatessen Barcelona,,,,41.3807065,2.1779781,0,43.86,142.02,26,29.9
2026-09-16T12:00,node/4802341078,El Quatre,,,,41.4031267,2.1333762,0,43.86,142.02,26,29.9
2026-09-16T12:00,node/4805335780,Madonna Vegan,,,,41.3812162,2.1671279,0,43.86,142.02,26,29.9
2026-09-16T12:00,node/4816093515,Olímpic Bar,,,,41.4422394,2.2177816,1,43.86,142.02,26,29.9
2026-09-16T12:00,node/4822739686,Bar El Racó,,,,41.4417497,2.2212713,1,43.86,142.02,26,29.9
2026-09-16T12:00,node/4838956921,Supra,,,,41.3910798,2.1613999,0,43.86,142.02,26,29.9
2026-09-16T12:00,node/4844565923,Pampa Drugstore,,,,41.3827176,2.1712051,0,43.86,142.02,26,29.9
2026-09-16T12:00,node/4847673021,Usagui,,,,41.4021671,2.1463849,0,43.86,142.02,26,29.9
2026-09-16T12:00,node/4859449960,Restaurant el Magatzem,,,,41.3805096,2.1863595,1,43.86,142.02,26,29.9
2026-09-16T12:00,node/4859450597,Restaurant Cal Pinxo,,,,41.3806265,2.1855795,1,43.86,142.02,26,29.9
2026-09-16T12:00,node/4867833221,Pizzeria El Mundo,,,,41.3751322,2.1231212,0,43.86,142.02,26,29.9
2026-09-16T12:00,node/4881181797,Sierra Nevada,,,,41.4420581,2.1834715,1,43.86,142.02,26,29.9
2026-09-16T12:00,node/4903340658,El Ramblero,,,,41.4219271,2.1969049,1,43.86,142.02,26,29.9
2026-09-16T12:00,node/4906736149,L'Olivera,,,,41.4058547,2.1893093,1,43.86,142.02,26,29.9
2026-09-16T12:00,node/4917663030,Picnic,,,,41.4179648,2.1988442,1,43.86,142.02,26,29.9
2026-09-16T12:00,node/4937772721,Vila's Bar,,,,41.4059086,2.1571314,0,43.86,142.02,26,29.9
2026-09-16T12:00,node/4938104321,Hammock Juice Station,,,,41.3971863,2.1671778,0,43.86,142.02,26,29.9
2026-09-16T12:00,node/4973805221,Brunch & Cake by the sea,,,,41.3809714,2.1872568,0,43.86,142.02,26,29.9
2026-09-16T12:00,node/4973805421,Quinoa Aragó Vegetarià,,,,41.3886233,2.1598684,1,43.86,142.02,26,29.9
2026-09-16T12:00,node/4977546909,Tonkotsu,,,,41.3938467,2.1650368,0,43.86,142.02,26,29.9
2026-09-16T12:00,node/4983764927,Cervecería-Frankfurt,,,,41.4394391,2.2207951,1,43.86,142.02,26,29.9
2026-09-16T12:00,node/4983764935,Max Bar,,,,41.4401476,2.2214687,1,43.86,142.02,26,29.9
2026-09-16T12:00,node/4983764944,Bar Verín,,,,41.4396911,2.2210187,1,43.86,142.02,26,29.9
2026-09-16T12:00,node/4983764949,Bar R'Aurora,,,,41.4400582,2.2213943,1,43.86,142.02,26,29.9
2026-09-16T12:00,node/4983764952,Trocadero,,,,41.4385047,2.2204982,1,43.86,142.02,26,29.9
2026-09-16T12:00,node/4983764957,Bar La Alpujarra,,,,41.4420698,2.2228867,1,43.86,142.02,26,29.9
2026-09-16T12:00,node/4983764958,Sant Mori,,,,41.4390777,2.2210618,1,43.86,142.02,26,29.9
2026-09-16T12:00,node/4983764960,El buen gusto,,,,41.4411919,2.2225719,1,43.86,142.02,26,29.9
2026-09-16T12:00,node/4983764965,Bar Junior Bodega,,,,41.4417139,2.2225318,1,43.86,142.02,26,29.9
2026-09-16T12:00,node/4983764975,Bar Satisfecho,,,,41.4385461,2.2198488,1,43.86,142.02,26,29.9
2026-09-16T12:00,node/4983765002,Bar sushi Salon,,,,41.4425727,2.2233672,1,43.86,142.02,26,29.9
2026-09-16T12:00,node/4983765004,Corre que se acaban,,,,41.4392453,2.2212328,1,43.86,142.02,26,29.9
2026-09-16T12:00,node/4983765005,365,,,,41.4403303,2.2225575,1,43.86,142.02,26,29.9
2026-09-16T12:00,node/4984256695,Pampa Mía,,,,41.4085709,2.2035603,1,43.86,142.02,26,29.9
2026-09-16T12:00,node/4991221422,Salterio,,,,41.3825107,2.1760837,0,43.86,142.02,26,29.9
2026-09-16T12:00,node/5007434606,La Balmesina,,,,41.3970301,2.1522555,0,43.86,142.02,26,29.9
2026-09-16T12:00,node/5010794721,Syra Coffee,,,,41.4014925,2.1595216,0,43.86,142.02,26,29.9
2026-09-16T12:00,node/5010794821,Nomad Frutas Selectas,,,,41.3979292,2.1955517,0,43.86,142.02,26,29.9
2026-09-16T12:00,node/5023905423,Petra,,,,41.4038883,2.1551166,0,43.86,142.02,26,29.9
2026-09-16T12:00,node/5028969022,Guzzo,,,,41.3850929,2.1836594,0,43.86,142.02,26,29.9
2026-09-16T12:00,node/5030247521,La Pantera Rosa,,,,41.4010493,2.1525903,0,43.86,142.02,26,29.9
2026-09-16T12:00,node/5037900607,Orio,,,,41.3819545,2.1763606,1,43.86,142.02,26,29.9
2026-09-16T12:00,node/5048602525,Blau Cel,,,,41.4043091,2.1612896,1,43.86,142.02,26,29.9
2026-09-16T12:00,node/5053669724,La Xula Taperia,,,,41.4023295,2.1586126,0,43.86,142.02,26,29.9
2026-09-16T12:00,node/5081388242,La Raposa,,,,41.3725137,2.1639527,0,43.86,142.02,26,29.9
2026-09-16T12:00,node/5082277825,Vermuteria Puigmartí,,,,41.4013967,2.1590604,0,43.86,142.02,26,29.9
2026-09-16T12:00,node/5082277826,Caracas,,,,41.4020908,2.1601676,1,43.86,142.02,26,29.9
2026-09-16T12:00,node/5082288821,Curuba,,,,41.3999554,2.1574731,0,43.86,142.02,26,29.9
2026-09-16T12:00,node/5086827321,Metric Market,,,,41.3916196,2.1419287,0,43.86,142.02,26,29.9
2026-09-16T12:00,node/5088945722,La Juanola,,,,41.4066765,2.1569377,0,43.86,142.02,26,29.9
2026-09-16T12:00,node/5089333723,Ciuri‘s,,,,41.4052466,2.1565749,0,43.86,142.02,26,29.9
2026-09-16T12:00,node/5105012628,Entre Hores,,,,41.4030943,2.1577829,0,43.86,142.02,26,29.9
2026-09-16T12:00,node/5109943322,Intrèpid,,,,41.4043018,2.1550041,0,43.86,142.02,26,29.9
2026-09-16T12:00,node/5110964523,La Trobada,,,,41.4015625,2.1520155,0,43.86,142.02,26,29.9
2026-09-16T12:00,node/5111094221,El Dorado Chicken,,,,41.3930251,2.1579995,0,43.86,142.02,26,29.9
2026-09-16T12:00,node/5113896626,Granja Fimon's,,,,41.4477805,2.2438919,1,43.86,142.02,26,29.9
2026-09-16T12:00,node/5118124314,Kebab Bocateli,,,,41.4426035,2.2166674,1,43.86,142.02,26,29.9
2026-09-16T12:00,node/5118126421,Bar Frankfurt Polideportivo,,,,41.4429429,2.2162226,1,43.86,142.02,26,29.9
2026-09-16T12:00,node/5118126428,Granja Modesto,,,,41.4343689,2.2158958,1,43.86,142.02,26,29.9
2026-09-16T12:00,node/5118126435,Cafeteria i Forn de pa Grey,,,,41.4332655,2.2174982,1,43.86,142.02,26,29.9
2026-09-16T12:00,node/5118126438,Frankfurt Piscis,,,,41.4360107,2.2158678,1,43.86,142.02,26,29.9
2026-09-16T12:00,node/5118126440,Bar Julio,,,,41.4348299,2.2151483,1,43.86,142.02,26,29.9
2026-09-16T12:00,node/5118126443,Bar Beethoven,,,,41.4328863,2.2181523,1,43.86,142.02,26,29.9
2026-09-16T12:00,node/5118126453,Bar Bondia,,,,41.4342763,2.2160261,1,43.86,142.02,26,29.9
2026-09-16T12:00,node/5128075585,Monkey Factory,,,,41.3927261,2.1544614,0,43.86,142.02,26,29.9
2026-09-16T12:00,node/5137360822,El Jardí,,,,41.4475237,2.2469586,1,43.86,142.02,26,29.9
2026-09-16T12:00,node/5144745888,Bar La Imperial,,,,41.4372451,2.2200669,1,43.86,142.02,26,29.9
2026-09-16T12:00,node/5144745889,Gabi,,,,41.4372105,2.2199582,1,43.86,142.02,26,29.9
2026-09-16T12:00,node/5144745893,Bar India,,,,41.4420657,2.2284253,1,43.86,142.02,26,29.9
2026-09-16T12:00,node/5144745896,Mokka,,,,41.4371063,2.2201689,1,43.86,142.02,26,29.9
2026-09-16T12:00,node/5156690125,Loc,,,,41.4351636,2.2283155,1,43.86,142.02,26,29.9
2026-09-16T12:00,node/5160440326,Les Termes Bdn,,,,41.4520115,2.2476488,1,43.86,142.02,26,29.9
2026-09-16T12:00,node/5167185733,La Sucursal,,,,41.3806502,2.1611889,0,43.86,142.02,26,29.9
2026-09-16T12:00,node/5167569072,El Mercader de L'Eixample,,,,41.3923316,2.1603286,1,43.86,142.02,26,29.9
2026-09-16T12:00,node/5168232324,Colmado,,,,41.3819235,2.1744264,0,43.86,142.02,26,29.9
2026-09-16T12:00,node/5175039621,Green's,,,,41.3959672,2.1496553,0,43.86,142.02,26,29.9
2026-09-16T12:00,node/5176233727,Els Porxos,,,,41.4031581,2.1751611,0,43.86,142.02,26,29.9
2026-09-16T12:00,node/5182260830,Catafal,,,,41.4088089,2.1468574,0,43.86,142.02,26,29.9
2026-09-16T12:00,node/5190930121,Casa Ángel,,,,41.4070235,2.1818566,1,43.86,142.02,26,29.9
2026-09-16T12:00,node/5192085421,Esterri,,,,41.3812805,2.1618108,1,43.86,142.02,26,29.9
2026-09-16T12:00,node/5198200824,Copa d'Or,,,,41.3963876,2.1688461,0,43.86,142.02,26,29.9
2026-09-16T12:00,node/5198200829,Gyoza Bistró,,,,41.3940771,2.1723519,0,43.86,142.02,26,29.9
2026-09-16T12:00,node/5198201036,Nou Can Codina,,,,41.3989586,2.1608728,1,43.86,142.02,26,29.9
2026-09-16T12:00,node/5198201122,La Particcela,,,,41.3961328,2.1697679,1,43.86,142.02,26,29.9
2026-09-16T12:00,node/5198201124,Riko's Braseria - Restaurante,,,,41.3929731,2.1692667,0,43.86,142.02,26,29.9
2026-09-16T12:00,node/5199743028,seven7seven,,,,41.3898868,2.1622344,0,43.86,142.02,26,29.9
2026-09-16T12:00,node/5207046925,Sense Nom,,,,41.3843558,2.1622563,0,43.86,142.02,26,29.9
2026-09-16T12:00,node/5207067522,El Maravillas,,,,41.3868914,2.1323626,0,43.86,142.02,26,29.9
2026-09-16T12:00,node/5208223424,Bonastre,,,,41.3774986,2.1587463,1,43.86,142.02,26,29.9
2026-09-16T12:00,node/5212252535,Tariq,,,,41.4477214,2.2405051,1,43.86,142.02,26,29.9
2026-09-16T12:00,node/5218828496,Conecta,,,,41.4388265,2.2253266,1,43.86,142.02,26,29.9
2026-09-16T12:00,node/5218828499,Sweet dolç,,,,41.4385456,2.2254351,1,43.86,142.02,26,29.9
2026-09-16T12:00,node/5226505321,Bodega E. Marin,,,,41.4025586,2.1609645,0,43.86,142.02,26,29.9
2026-09-16T12:00,node/5228942946,La Pubilla,,,,41.3995748,2.1536674,0,43.86,142.02,26,29.9
2026-09-16T12:00,node/5237627856,Tasmango Dessert,,,,41.3909254,2.1784375,0,43.86,142.02,26,29.9
2026-09-16T12:00,node/5238186123,Lennox,,,,41.3834186,2.1829502,1,43.86,142.02,26,29.9
2026-09-16T12:00,node/5271863048,Rest. Alexandre,,,,41.4322501,2.1835476,0,43.86,142.02,26,29.9
2026-09-16T12:00,node/5286467104,Granja Monsul,,,,41.4437723,2.2239591,1,43.86,142.02,26,29.9
2026-09-16T12:00,node/5298404593,Próspero,,,,41.4382431,2.2237839,1,43.86,142.02,26,29.9
2026-09-16T12:00,node/5298404603,Bar Salamanca,,,,41.4388532,2.2246477,1,43.86,142.02,26,29.9
2026-09-16T12:00,node/5298405327,Bar Benuga,,,,41.4383471,2.2243229,1,43.86,142.02,26,29.9
2026-09-16T12:00,node/5298405384,Bar Rocío Los Cazadores,,,,41.4389682,2.2252641,1,43.86,142.02,26,29.9
2026-09-16T12:00,node/5299921764,Bar Crack,,,,41.4343466,2.2189911,1,43.86,142.02,26,29.9
2026-09-16T12:00,node/5299921811,Can Daura,,,,41.4358077,2.2218721,1,43.86,142.02,26,29.9
2026-09-16T12:00,node/5299922525,Bar La Imperial,,,,41.4354603,2.2205399,1,43.86,142.02,26,29.9
2026-09-16T12:00,node/5299922526,Bar Marta,,,,41.4349148,2.2200469,1,43.86,142.02,26,29.9
2026-09-16T12:00,node/5313632423,365,,,,41.3789307,2.1718613,0,43.86,142.02,26,29.9
2026-09-16T12:00,node/5327570662,Ancestral,,,,41.3977332,2.1656576,0,43.86,142.02,26,29.9
2026-09-16T12:00,node/5347967007,Bar Marín,,,,41.4474106,2.2217195,1,43.86,142.02,26,29.9
2026-09-16T12:00,node/5347967009,Bar La Cantonada,,,,41.4474812,2.2209325,1,43.86,142.02,26,29.9
2026-09-16T12:00,node/5363964402,El gran croissant,,,,41.4359355,2.2167366,1,43.86,142.02,26,29.9
2026-09-16T12:00,node/5395531687,Las Marismas,,,,41.3701297,2.1215161,1,43.86,142.02,26,29.9
2026-09-16T12:00,node/5407919537,El Yate,,,,41.4039787,2.1367463,1,43.86,142.02,26,29.9
2026-09-16T12:00,node/5417517130,Tou Kichi Rou,,,,41.3919953,2.1432267,0,43.86,142.02,26,29.9
2026-09-16T12:00,node/5418243448,La Pampa,,,,41.3793623,2.1879402,0,43.86,142.02,26,29.9
2026-09-16T12:00,node/5418243450,els maians,,,,41.3786757,2.1882219,0,43.86,142.02,26,29.9
2026-09-16T12:00,node/5418243451,no30,,,,41.3791653,2.1879988,0,43.86,142.02,26,29.9
2026-09-16T12:00,node/5418243452,Lolita,,,,41.3783615,2.1882936,0,43.86,142.02,26,29.9
2026-09-16T12:00,node/5418243454,Reina Margherita,,,,41.3792655,2.1879835,0,43.86,142.02,26,29.9
2026-09-16T12:00,node/5434314893,PolkaBarcelona,,,,41.3859057,2.1326565,0,43.86,142.02,26,29.9
2026-09-16T12:00,node/5485540627,Bar Placídia,,,,41.3999472,2.1524915,0,43.86,142.02,26,29.9
2026-09-16T12:00,node/5487473548,Cafè Mos,,,,41.4143487,2.1384116,0,43.86,142.02,26,29.9
2026-09-16T12:00,node/5498351755,365 Cafeteria Forn de Pa,,,,41.3747778,2.1626826,0,43.86,142.02,26,29.9
2026-09-16T12:00,node/5509139428,La Carmanyola,,,,41.4013829,2.2068942,1,43.86,142.02,26,29.9
2026-09-16T12:00,node/5536153362,Cafeteria La Dona,,,,41.4396715,2.2242727,1,43.86,142.02,26,29.9
2026-09-16T12:00,node/5564055763,Panda & Smile,,,,41.3842068,2.1585673,0,43.86,142.02,26,29.9
2026-09-16T12:00,node/5564064431,Atrapatapa,,,,41.3832362,2.1568636,0,43.86,142.02,26,29.9
2026-09-16T12:00,node/5595134220,Cervecería Amoretty's 3,,,,41.4412382,2.2200117,1,43.86,142.02,26,29.9
2026-09-16T12:00,node/5606506169,Sincopa,,,,41.3803881,2.1789886,0,43.86,142.02,26,29.9
2026-09-16T12:00,node/5611733921,Buenas Migas,,,,41.4024253,2.1743326,0,43.86,142.02,26,29.9
2026-09-16T12:00,node/5617465886,Amateur,,,,41.3967536,2.1962847,0,43.86,142.02,26,29.9
2026-09-16T12:00,node/5646412432,Made in Sicily,,,,41.4483394,2.2490191,1,43.86,142.02,26,29.9
2026-09-16T12:00,node/5646415922,La Bella Istambul,,,,41.4479233,2.2494906,1,43.86,142.02,26,29.9
2026-09-16T12:00,node/5658288082,Can Teixidó,,,,41.4491148,2.2483189,1,43.86,142.02,26,29.9
2026-09-16T12:00,node/5663240986,Cafè Escac,,,,41.3837378,2.1695562,0,43.86,142.02,26,29.9
2026-09-16T12:00,node/5676005621,CACHO,,,,41.3931048,2.1910878,1,43.86,142.02,26,29.9
2026-09-16T12:00,node/5718757792,360°,,,,41.3790957,2.1696433,0,43.86,142.02,26,29.9
2026-09-16T12:00,node/5793057257,Bar Granja el Chiquitín,,,,41.4398176,2.2263171,1,43.86,142.02,26,29.9
2026-09-16T12:00,node/5796742218,The Clock,,,,41.3754168,2.1482785,1,43.86,142.02,26,29.9
2026-09-16T12:00,node/5805410453,Morrow Coffee,,,,41.3771392,2.1513283,1,43.86,142.02,26,29.9
2026-09-16T12:00,node/5806521955,Paisano Bistró,,,,41.4048549,2.1759323,0,43.86,142.02,26,29.9
2026-09-16T12:00,node/5856758686,El racó de les tapes,,,,41.4357708,2.1910224,1,43.86,142.02,26,29.9
2026-09-16T12:00,node/5878496985,UDON,,,,41.4051569,2.1921906,1,43.86,142.02,26,29.9
2026-09-16T12:00,node/5916157285,Bar Castells,,,,41.3841472,2.1698121,0,43.86,142.02,26,29.9
2026-09-16T12:00,node/5923867889,,,,,41.4406062,2.2451514,1,43.86,142.02,26,29.9
2026-09-16T12:00,node/5930228787,Mi casa,,,,41.3993608,2.1535771,0,43.86,142.02,26,29.9
2026-09-16T12:00,node/5933808740,Kserol,,,,41.3986236,2.1753141,1,43.86,142.02,26,29.9
2026-09-16T12:00,node/5944781772,Restaurante Burning Rock&Food,,,,41.3746837,2.1311612,0,43.86,142.02,26,29.9
2026-09-16T12:00,node/5951964888,el Fornet,,,,41.3882003,2.1723419,0,43.86,142.02,26,29.9
2026-09-16T12:00,node/5972440521,Feroz,,,,41.3965882,2.1508404,0,43.86,142.02,26,29.9
2026-09-16T12:00,node/5980982393,Pepa Tomate,,,,41.3767661,2.1627826,0,43.86,142.02,26,29.9
2026-09-16T12:00,node/6000108088,La Neura,,,,41.4002093,2.1660134,1,43.86,142.02,26,29.9
2026-09-16T12:00,node/6009236381,Mesón Balouta,,,,41.4384121,2.1649296,1,43.86,142.02,26,29.9
2026-09-16T12:00,node/6010958538,Bar Avenida,,,,41.4371962,2.2238498,1,43.86,142.02,26,29.9
2026-09-16T12:00,node/6010958540,Bar Trébol BCN,,,,41.4352675,2.2193633,1,43.86,142.02,26,29.9
2026-09-16T12:00,node/6027971388,Novell,,,,41.4070495,2.1667319,0,43.86,142.02,26,29.9
2026-09-16T12:00,node/6038827086,Honest Greens,,,,41.3986972,2.1569862,0,43.86,142.02,26,29.9
2026-09-16T12:00,node/6066258257,Bar Roma Sports,,,,41.4449369,2.2223513,1,43.86,142.02,26,29.9
2026-09-16T12:00,node/6089625321,Vivari,,,,41.3973187,2.1676233,0,43.86,142.02,26,29.9
2026-09-16T12:00,node/6093865396,The FRESH POKE,,,,41.3975268,2.1644457,1,43.86,142.02,26,29.9
2026-09-16T12:00,node/6093944886,Nicasso,,,,41.4072456,2.1873211,0,43.86,142.02,26,29.9
2026-09-16T12:00,node/6096656135,Yoi Yoi Gion,,,,41.3965593,2.1606187,0,43.86,142.02,26,29.9
2026-09-16T12:00,node/6104559348,Belles Arts II,,,,41.3872827,2.1361782,1,43.86,142.02,26,29.9
2026-09-16T12:00,node/6104561002,Toyodo,,,,41.3866914,2.1375355,1,43.86,142.02,26,29.9
2026-09-16T12:00,node/6106764321,Il Caffe di Francesco,,,,41.3930707,2.1642758,1,43.86,142.02,26,29.9
2026-09-16T12:00,node/6109526596,El Cuiner de Damasc,,,,41.3814196,2.1776754,0,43.86,142.02,26,29.9
2026-09-16T12:00,node/6110978486,Bonaparte,,,,41.4775805,2.0724847,1,43.86,142.02,26,29.9
2026-09-16T12:00,node/6123253862,Bar Granja Oasis,,,,41.3505068,2.1127043,1,43.86,142.02,26,29.9
2026-09-16T12:00,node/6126749461,Cantero,,,,41.3942111,2.1902433,1,43.86,142.02,26,29.9
2026-09-16T12:00,node/6164234382,Poké Sí,,,,41.4052321,2.1924708,1,43.86,142.02,26,29.9
2026-09-16T12:00,node/6164236104,Palo Verde,,,,41.4047343,2.1968042,1,43.86,142.02,26,29.9
2026-09-16T12:00,node/6166398253,Panet,,,,41.3861845,2.1430687,0,43.86,142.02,26,29.9
2026-09-16T12:00,node/6182404055,Kasa,,,,41.3861348,2.1656868,0,43.86,142.02,26,29.9
2026-09-16T12:00,node/6188914880,Bella Venezia,,,,41.3965502,2.1644865,1,43.86,142.02,26,29.9
2026-09-16T12:00,node/6188922858,Arc iris,,,,41.3998386,2.1715382,1,43.86,142.02,26,29.9
2026-09-16T12:00,node/6193461695,Sun Market,,,,41.3928465,2.1569854,1,43.86,142.02,26,29.9
2026-09-16T12:00,node/6193479448,Akashi Sushi Bar,,,,41.3923045,2.1558108,0,43.86,142.02,26,29.9
2026-09-16T12:00,node/6200571548,La Svolta,,,,41.4061025,2.1515184,0,43.86,142.02,26,29.9
2026-09-16T12:00,node/6202321417,La Tapeta del Coll,,,,41.4179646,2.1467035,1,43.86,142.02,26,29.9
2026-09-16T12:00,node/6204104907,La Papa,,,,41.3898088,2.1577366,0,43.86,142.02,26,29.9
2026-09-16T12:00,node/6216083704,La Coma,,,,41.3401472,2.1265697,1,43.86,142.02,26,29.9
2026-09-16T12:00,node/6216218158,la Zona,,,,41.3460291,2.1439158,1,43.86,142.02,26,29.9
2026-09-16T12:00,node/6216756977,Estrella de Istanbul,,,,41.4098375,2.1751296,0,43.86,142.02,26,29.9
2026-09-16T12:00,node/6230395442,Akelarre,,,,41.3892275,2.1373726,0,43.86,142.02,26,29.9
2026-09-16T12:00,node/6230407068,Starbucks,,,,41.3951351,2.1581903,0,43.86,142.02,26,29.9
2026-09-16T12:00,node/6232752417,El Taller,,,,41.3587511,2.1404908,0,43.86,142.02,26,29.9
2026-09-16T12:00,node/6237797177,Luri,,,,41.3977931,2.1514901,0,43.86,142.02,26,29.9
2026-09-16T12:00,node/6246525924,in blue,,,,41.3877036,2.1368756,0,43.86,142.02,26,29.9
2026-09-16T12:00,node/6250219942,Al sur,,,,41.3941572,2.1586822,0,43.86,142.02,26,29.9
2026-09-16T12:00,node/6258570565,Dino Pan,,,,41.3824376,2.1318622,0,43.86,142.02,26,29.9
2026-09-16T12:00,node/6258570699,Don Sándwich,,,,41.3820321,2.1315862,0,43.86,142.02,26,29.9
2026-09-16T12:00,node/6258715958,La Lluna de Gavà,,,,41.3672801,2.1403759,1,43.86,142.02,26,29.9
2026-09-16T12:00,node/6258718433,La Toscana,,,,41.3805625,2.1323335,0,43.86,142.02,26,29.9
2026-09-16T12:00,node/6258718652,Cafeteria Melody Bar,,,,41.3779464,2.1338934,0,43.86,142.02,26,29.9
2026-09-16T12:00,node/6258719247,Bar Florida,,,,41.3592896,2.1399844,0,43.86,142.02,26,29.9
2026-09-16T12:00,node/6260784864,La Cabaña,,,,41.3699161,2.1341331,0,43.86,142.02,26,29.9
2026-09-16T12:00,node/6260786193,Goiko Grill,,,,41.3656448,2.1357604,1,43.86,142.02,26,29.9
2026-09-16T12:00,node/6264834185,König,,,,41.3862163,2.1827612,1,43.86,142.02,26,29.9
2026-09-16T12:00,node/6298115913,N.A.P.,,,,41.3774834,2.1900137,0,43.86,142.02,26,29.9
2026-09-16T12:00,node/6316025985,L'Esclop,,,,41.3768262,2.1577412,0,43.86,142.02,26,29.9
2026-09-16T12:00,node/6330973943,Don Kilo,,,,41.3998564,2.1639573,0,43.86,142.02,26,29.9
2026-09-16T12:00,node/6333708759,SandwiChez,,,,41.3941488,2.1694356,1,43.86,142.02,26,29.9
2026-09-16T12:00,node/6334053687,Cafè Yafa,,,,41.3997495,2.1643963,0,43.86,142.02,26,29.9
2026-09-16T12:00,node/6334053692,La Mananta,,,,41.3994169,2.1648424,1,43.86,142.02,26,29.9
2026-09-16T12:00,node/6339732807,La Soca 2,,,,41.3912352,2.1594135,1,43.86,142.02,26,29.9
2026-09-16T12:00,node/6339732809,Creps Barcelona,,,,41.3905618,2.1590619,0,43.86,142.02,26,29.9
2026-09-16T12:00,node/6357834156,Les gens que j'aime bar,,,,41.3936947,2.1648505,0,43.86,142.02,26,29.9
2026-09-16T12:00,node/6381462875,Comarca Cuina L’Hocal,,,,41.3609203,2.1295937,1,43.86,142.02,26,29.9
2026-09-16T12:00,node/6424929026,Cafeteria Samy's,,,,41.3637433,2.1369241,0,43.86,142.02,26,29.9
2026-09-16T12:00,node/6424929700,Sakuraya,,,,41.3653001,2.1307952,1,43.86,142.02,26,29.9
2026-09-16T12:00,node/6431480513,Restaurant Bodega de Tapas,,,,41.3772493,2.1371156,1,43.86,142.02,26,29.9
2026-09-16T12:00,node/6431508292,Bodega Salvat,,,,41.3711848,2.1345217,1,43.86,142.02,26,29.9
2026-09-16T12:00,node/6431508293,Jaqueline's,,,,41.3682256,2.1345214,0,43.86,142.02,26,29.9
2026-09-16T12:00,node/6431508485,Japonia Café,,,,41.3806518,2.1387176,0,43.86,142.02,26,29.9
2026-09-16T12:00,node/6431508488,La Bodegueta de Sants,,,,41.3710695,2.1344235,0,43.86,142.02,26,29.9
2026-09-16T12:00,node/6431512182,Bar Montevideo,,,,41.3693939,2.1342386,1,43.86,142.02,26,29.9
2026-09-16T12:00,node/6431558869,Bar Alegría,,,,41.3629394,2.1373301,0,43.86,142.02,26,29.9
2026-09-16T12:00,node/6431559030,Bar El Faro,,,,41.3628529,2.1373795,0,43.86,142.02,26,29.9
2026-09-16T12:00,node/6433259684,Entre Copas,,,,41.3621672,2.0761548,1,43.86,142.02,26,29.9
2026-09-16T12:00,node/6438381289,Vera Café,,,,41.3883674,2.1779512,1,43.86,142.02,26,29.9
2026-09-16T12:00,node/6441451785,Líder de Istanbul,,,,41.3752687,2.1338088,0,43.86,142.02,26,29.9
2026-09-16T12:00,node/6445233216,Gyoza Bar,,,,41.3931059,2.1798949,1,43.86,142.02,26,29.9
2026-09-16T12:00,node/6450380989,Bar But,,,,41.3979648,2.1593688,1,43.86,142.02,26,29.9
2026-09-16T12:00,node/6450381086,La Porxada,,,,41.4030026,2.1637245,0,43.86,142.02,26,29.9
2026-09-16T12:00,node/6462934229,Concordia,,,,41.3864201,2.1321758,0,43.86,142.02,26,29.9
2026-09-16T12:00,node/6475037976,L'Oasi a Consell,,,,41.3830142,2.1547507,0,43.86,142.02,26,29.9
2026-09-16T12:00,node/6477273844,Fandango,,,,41.3982346,2.1423415,0,43.86,142.02,26,29.9
2026-09-16T12:00,node/6506313588,Antigua,,,,41.3980086,2.1492952,1,43.86,142.02,26,29.9
2026-09-16T12:00,node/6507308246,L'Antica Pizzeria Da Michele,,,,41.3928154,2.1682858,1,43.86,142.02,26,29.9
2026-09-16T12:00,node/6532206187,Yü Sushi,,,,41.4032734,2.2032208,0,43.86,142.02,26,29.9
2026-09-16T12:00,node/6532330793,La Xemeneia,,,,41.4016359,2.2048002,1,43.86,142.02,26,29.9
2026-09-16T12:00,node/6535101686,Alma Loca,,,,41.3992845,2.1970974,1,43.86,142.02,26,29.9
2026-09-16T12:00,node/6538194375,Mr. White,,,,41.3761815,2.1601126,0,43.86,142.02,26,29.9
2026-09-16T12:00,node/6568369188,Elpilar,,,,41.4000903,2.1489875,0,43.86,142.02,26,29.9
2026-09-16T12:00,node/6597321587,Welcome,,,,41.4065151,2.1509474,0,43.86,142.02,26,29.9
2026-09-16T12:00,node/6600189447,café bar juli-mac,,,,41.3782625,2.1239845,0,43.86,142.02,26,29.9
2026-09-16T12:00,node/6642989000,El Pa Sencer,,,,41.3835483,2.1341796,1,43.86,142.02,26,29.9
2026-09-16T12:00,node/6642989001,Ateneu Popular de les Corts,,,,41.3826968,2.1329407,0,43.86,142.02,26,29.9
2026-09-16T12:00,node/6680396487,La prorroga,,,,41.4032976,2.1567512,1,43.86,142.02,26,29.9
2026-09-16T12:00,node/6680687871,La Mar Salada,,,,41.3768035,2.1888904,0,43.86,142.02,26,29.9
2026-09-16T12:00,node/6681709948,Kiltro Gràcia,,,,41.4018317,2.1544539,0,43.86,142.02,26,29.9
2026-09-16T12:00,node/6710510485,Catedral 1951,,,,41.3849142,2.1757337,1,43.86,142.02,26,29.9
2026-09-16T12:00,node/6750944404,Brasaña,,,,41.3605721,2.1345777,1,43.86,142.02,26,29.9
2026-09-16T12:00,node/6757307686,Kitsu,,,,41.4017918,2.1543486,0,43.86,142.02,26,29.9
2026-09-16T12:00,node/6757314489,LomoAlto,,,,41.3936053,2.1663935,0,43.86,142.02,26,29.9
2026-09-16T12:00,node/6766273102,inti & chaska,,,,41.3886755,2.1599487,1,43.86,142.02,26,29.9
2026-09-16T12:00,node/6771863086,Montseny,,,,41.4070642,2.1804416,0,43.86,142.02,26,29.9
2026-09-16T12:00,node/6775495571,El Petit,,,,41.3298893,2.0988681,1,43.86,142.02,26,29.9
2026-09-16T12:00,node/6782427526,Híbrid Cafè Restaurant,,,,41.3771219,2.1203336,1,43.86,142.02,26,29.9
2026-09-16T12:00,node/6786006588,365,,,,41.3820297,2.1697221,1,43.86,142.02,26,29.9
2026-09-16T12:00,node/6790695789,El Rincón de la Abuela Venezolana,,,,41.4058359,2.1788147,0,43.86,142.02,26,29.9
2026-09-16T12:00,node/6805613085,Bar la Cabaña,,,,41.4071784,2.1778546,0,43.86,142.02,26,29.9
2026-09-16T12:00,node/6812099686,La Xurreria de Maria,,,,41.4050102,2.1750002,1,43.86,142.02,26,29.9
2026-09-16T12:00,node/6821384885,Blu Bar,,,,41.3983358,2.2045648,0,43.86,142.02,26,29.9
2026-09-16T12:00,node/6835358009,Murivecci,,,,41.3874075,2.1828282,0,43.86,142.02,26,29.9
2026-09-16T12:00,node/6852974547,Garrido,,,,41.3603039,2.1401381,1,43.86,142.02,26,29.9
2026-09-16T12:00,node/6852994516,La Patatona,,,,41.3604651,2.1400108,1,43.86,142.02,26,29.9
2026-09-16T12:00,node/6855027201,Bar Sandwicheria Enka 3,,,,41.3758876,2.1221107,0,43.86,142.02,26,29.9
2026-09-16T12:00,node/6871523347,Cafe Punto 10,,,,41.3805947,2.1364501,0,43.86,142.02,26,29.9
2026-09-16T12:00,node/6914132390,El Nou Ramonet,,,,41.3817315,2.1876268,0,43.86,142.02,26,29.9
2026-09-16T12:00,node/6946328085,Cremat 11,,,,41.3855109,2.1810205,0,43.86,142.02,26,29.9
2026-09-16T12:00,node/6973926711,Syra Coffee,,,,41.3965047,2.1941864,0,43.86,142.02,26,29.9
2026-09-16T12:00,node/6983227455,SNOOKER - Cocteles y Billarea,,,,41.3921561,2.1703663,0,43.86,142.02,26,29.9
2026-09-16T12:00,node/7002869606,Chebú,,,,41.3791162,2.1515085,0,43.86,142.02,26,29.9
2026-09-16T12:00,node/7003296923,Triple Sec,,,,41.3747448,2.1609868,1,43.86,142.02,26,29.9
2026-09-16T12:00,node/7004598841,Orange Coffee,,,,41.4052864,2.1712189,0,43.86,142.02,26,29.9
2026-09-16T12:00,node/7014308129,Bar Bodega Lentejil,,,,41.4429922,2.2175094,1,43.86,142.02,26,29.9
2026-09-16T12:00,node/7017780931,Yoüme,,,,41.3835882,2.1541892,0,43.86,142.02,26,29.9
2026-09-16T12:00,node/7098025886,El Club del Café,,,,41.4340729,2.1892624,1,43.86,142.02,26,29.9
2026-09-16T12:00,node/7124857728,Cabo,,,,41.3964797,2.1851438,0,43.86,142.02,26,29.9
2026-09-16T12:00,node/7132160620,Santagloria,,,,41.3863926,2.1243567,0,43.86,142.02,26,29.9
2026-09-16T12:00,node/7141587085,La Cereria,,,,41.3815426,2.1767152,0,43.86,142.02,26,29.9
2026-09-16T12:00,node/7150994121,Vivari,,,,41.3998419,2.1775677,0,43.86,142.02,26,29.9
2026-09-16T12:00,node/7234692489,Van van var,,,,41.3942304,2.1901096,1,43.86,142.02,26,29.9
2026-09-16T12:00,node/7318977151,,,,,41.3711664,2.1434617,1,43.86,142.02,26,29.9
2026-09-16T12:00,node/7318977155,Bar Joaquim,,,,41.3704145,2.1424922,1,43.86,142.02,26,29.9
2026-09-16T12:00,node/7318977156,Vivari,,,,41.3686165,2.1410874,1,43.86,142.02,26,29.9
2026-09-16T12:00,node/7431790448,Santagloria,,,,41.3896086,2.1200086,1,43.86,142.02,26,29.9
2026-09-16T12:00,node/7438491414,,,,,41.3733479,2.1301506,0,43.86,142.02,26,29.9
2026-09-16T12:00,node/7504941029,Iberic Fusión Platja,,,,41.4380577,2.2431806,1,43.86,142.02,26,29.9
2026-09-16T12:00,node/7504941031,l'Altre Can Mario's,,,,41.4405591,2.2418866,1,43.86,142.02,26,29.9
2026-09-16T12:00,node/7504941033,L'Esmolet,,,,41.4432993,2.2460741,1,43.86,142.02,26,29.9
2026-09-16T12:00,node/7504941035,la Masia de la Xesca,,,,41.4452013,2.2417838,1,43.86,142.02,26,29.9
2026-09-16T12:00,node/7556742593,Menjador del Centre,,,,41.4009756,2.2000272,0,43.86,142.02,26,29.9
2026-09-16T12:00,node/7563962192,Passeig9,,,,41.4014488,2.2009478,1,43.86,142.02,26,29.9
2026-09-16T12:00,node/7600529740,Restaurante La Flama,,,,41.3514861,2.1114722,1,43.86,142.02,26,29.9
2026-09-16T12:00,node/7618205068,El Pellizquito,,,,41.3501292,2.1105817,1,43.86,142.02,26,29.9
2026-09-16T12:00,node/7640514041,Bar Plaça Carles Buïgas,,,,41.3711833,2.1510204,1,43.86,142.02,26,29.9
2026-09-16T12:00,node/7644933199,Almirall,,,,41.4100171,2.1883052,1,43.86,142.02,26,29.9
2026-09-16T12:00,node/7704818539,Bar Granja Rocxi,,,,41.3744206,2.1339573,1,43.86,142.02,26,29.9
2026-09-16T12:00,node/7704818548,Cafès Caracas,,,,41.3748038,2.1328052,0,43.86,142.02,26,29.9
2026-09-16T12:00,node/7706832792,Cru Sants,,,,41.3721342,2.1286919,1,43.86,142.02,26,29.9
2026-09-16T12:00,node/7736420790,Mamma Italia,,,,41.3764642,2.1234304,1,43.86,142.02,26,29.9
2026-09-16T12:00,node/7772770550,Eqvilibrivm Café,,,,41.3973065,2.1697662,0,43.86,142.02,26,29.9
2026-09-16T12:00,node/7838098454,El Caserón,,,,41.3838275,2.1398498,0,43.86,142.02,26,29.9
2026-09-16T12:00,node/7925586104,Delicream,,,,41.4572921,2.2290688,1,43.86,142.02,26,29.9
2026-09-16T12:00,node/7989010587,Castañeiras,,,,41.4100358,2.1760296,0,43.86,142.02,26,29.9
2026-09-16T12:00,node/7999604058,Lilo brunch,,,,41.3873718,2.1627034,1,43.86,142.02,26,29.9
2026-09-16T12:00,node/7999616840,Bellillo,,,,41.3879362,2.1620483,0,43.86,142.02,26,29.9
2026-09-16T12:00,node/8034999886,Costa Dorada,,,,41.3980284,2.1986941,0,43.86,142.02,26,29.9
2026-09-16T12:00,node/8046554489,Sport,,,,41.4001224,2.2000188,0,43.86,142.02,26,29.9
2026-09-16T12:00,node/8049731595,Echegaray,,,,41.4018684,2.2023424,0,43.86,142.02,26,29.9
2026-09-16T12:00,node/8049732292,Doroteo,,,,41.4029636,2.2006718,0,43.86,142.02,26,29.9
2026-09-16T12:00,node/8064873985,Saramar,,,,41.3957712,2.1953013,1,43.86,142.02,26,29.9
2026-09-16T12:00,node/8077128420,Tío Bigotes,,,,41.4013922,2.2028846,0,43.86,142.02,26,29.9
2026-09-16T12:00,manual/488492e9,Bar Viejo Cafe,Bar,yes,"Carrer de la Independència, 306, Sant Martí, 08026 Barcelona",41.4116,2.1794,0,43.86,142.02,26,29.9
2026-09-16T12:00,manual/c52f6190,New 88 Bar-Cafeteria,bar,yes,,41.4094505,2.1789589,1,43.86,142.02,26,29.9
2026-09-16T12:00,manual/5d2ea7ea,Restaurant Papá Nico,bar,yes,,41.4094505,2.1789589,1,43.86,142.02,26,29.9
2026-09-16T12:00,manual/c980e39e,Restaurant El Clot,restaurant,yes,,41.4087697,2.1875592,0,43.86,142.02,26,29.9
2026-09-16T13:00,relation/18317100,,,,,41.42,2.1188352,1,49.13,162.49,53,30.5
2026-09-16T13:00,node/208984374,Central Rambla,,,,41.3782716,2.1761732,0,49.13,162.49,53,30.5
2026-09-16T13:00,way/217583616,Can Fisher,,,,41.3946034,2.2062292,1,49.13,162.49,53,30.5
2026-09-16T13:00,way/245214117,la Caseta del Migdia,,,,41.3596833,2.1607145,1,49.13,162.49,53,30.5
2026-09-16T13:00,way/246717741,Mirablau,,,,41.4160323,2.1319129,1,49.13,162.49,53,30.5
2026-09-16T13:00,way/249404809,PURO,,,,41.3911248,2.1461635,0,49.13,162.49,53,30.5
2026-09-16T13:00,way/268912897,Can Cortada,,,,41.4362503,2.1524833,1,49.13,162.49,53,30.5
2026-09-16T13:00,way/315387188,Temple del Metall,,,,41.4741706,2.1662317,1,49.13,162.49,53,30.5
2026-09-16T13:00,way/392926648,Pacha,,,,41.3857491,2.1970415,1,49.13,162.49,53,30.5
2026-09-16T13:00,way/412702054,Camping,,,,41.3953192,2.2042386,1,49.13,162.49,53,30.5
2026-09-16T13:00,way/443599336,Asador Casa Juaco,,,,41.4476663,2.1426909,1,49.13,162.49,53,30.5
2026-09-16T13:00,way/446002194,La Base by Farré,,,,41.3967358,2.2101884,1,49.13,162.49,53,30.5
2026-09-16T13:00,node/476327681,Can Paixano,,,,41.3817618,2.1834151,0,49.13,162.49,53,30.5
2026-09-16T13:00,node/506202703,Bar Almogávares,,,,41.3962323,2.1890864,0,49.13,162.49,53,30.5
2026-09-16T13:00,way/519771543,Restaurant Can Cases,,,,41.4343885,2.0985276,1,49.13,162.49,53,30.5
2026-09-16T13:00,node/534367691,Sant Bartomeu,,,,41.3755248,2.1346488,0,49.13,162.49,53,30.5
2026-09-16T13:00,node/643022131,Euro Bar-Tapas,,,,41.4342324,2.2161197,1,49.13,162.49,53,30.5
2026-09-16T13:00,node/643429648,Joan Figuera,,,,41.4336545,2.2169391,1,49.13,162.49,53,30.5
2026-09-16T13:00,node/643496696,El rincón de Willy,,,,41.4380246,2.2180623,1,49.13,162.49,53,30.5
2026-09-16T13:00,node/643496704,Bar Somni d'estiu,,,,41.4382361,2.2166687,1,49.13,162.49,53,30.5
2026-09-16T13:00,way/655221168,L'Ovella Negra Marina,,,,41.3960196,2.1901331,1,49.13,162.49,53,30.5
2026-09-16T13:00,node/660004524,Bocatapa Can Manel,,,,41.4413833,2.2212875,1,49.13,162.49,53,30.5
2026-09-16T13:00,node/672140180,Kasparo,,,,41.3844847,2.1690087,1,49.13,162.49,53,30.5
2026-09-16T13:00,node/704031158,Café Zurich,,,,41.3858504,2.1694606,1,49.13,162.49,53,30.5
2026-09-16T13:00,node/704042058,Starbucks,,,,41.3888305,2.1719117,1,49.13,162.49,53,30.5
2026-09-16T13:00,node/704058886,Tapa Tapa,,,,41.3916926,2.1660167,1,49.13,162.49,53,30.5
2026-09-16T13:00,node/704060428,Oassis Natural Cooking,,,,41.3901637,2.1678915,1,49.13,162.49,53,30.5
2026-09-16T13:00,node/704066257,Ciutat Comtal,,,,41.3888272,2.1668833,1,49.13,162.49,53,30.5
2026-09-16T13:00,node/704066614,Taller de Tapas,,,,41.3905645,2.1639038,0,49.13,162.49,53,30.5
2026-09-16T13:00,way/707305723,Bar Frankfurt Cafeteria Fabregada,,,,41.3561748,2.1108239,1,49.13,162.49,53,30.5
2026-09-16T13:00,node/745947750,Bar Geminis,,,,41.3976224,2.1807778,0,49.13,162.49,53,30.5
2026-09-16T13:00,node/765796519,La Cafetera,,,,41.4049767,2.1575215,0,49.13,162.49,53,30.5
2026-09-16T13:00,node/814006271,Les 15 Nits Bar,,,,41.3804529,2.1749778,1,49.13,162.49,53,30.5
2026-09-16T13:00,node/819552792,Bracafe,,,,41.3944249,2.1675209,1,49.13,162.49,53,30.5
2026-09-16T13:00,node/824476551,Caleuche,,,,41.3761526,2.1686172,1,49.13,162.49,53,30.5
2026-09-16T13:00,node/830462039,Bar Restaurant Angela,,,,41.4043015,2.1949428,1,49.13,162.49,53,30.5
2026-09-16T13:00,way/907005766,Chevy's Bar,,,,41.4143731,2.2289499,1,49.13,162.49,53,30.5
2026-09-16T13:00,way/969257968,,,,,41.3793991,2.1073385,1,49.13,162.49,53,30.5
2026-09-16T13:00,way/1063378975,Bar Restaurant Oliver,,,,41.3469215,2.1546999,1,49.13,162.49,53,30.5
2026-09-16T13:00,node/1072798261,Taverna del Bisbe,,,,41.3849254,2.1766628,1,49.13,162.49,53,30.5
2026-09-16T13:00,node/1072800838,El Cafè D'en Victor,,,,41.3847931,2.1767008,0,49.13,162.49,53,30.5
2026-09-16T13:00,node/1083144027,Los Caracoles,,,,41.3796584,2.1765082,0,49.13,162.49,53,30.5
2026-09-16T13:00,node/1092685793,Elche,,,,41.3739754,2.1691488,0,49.13,162.49,53,30.5
2026-09-16T13:00,way/1112240803,ForumStation,,,,41.4096655,2.2221501,1,49.13,162.49,53,30.5
2026-09-16T13:00,node/1177498341,Casa Vall,,,,41.4074238,2.1585521,0,49.13,162.49,53,30.5
2026-09-16T13:00,node/1192698924,Bilbao Berria,,,,41.3841976,2.1748665,0,49.13,162.49,53,30.5
2026-09-16T13:00,node/1192699873,Tapas 24,,,,41.3908686,2.1674705,0,49.13,162.49,53,30.5
2026-09-16T13:00,way/1200964257,Chiringuito Joan Miro,,,,41.3789977,2.1478116,1,49.13,162.49,53,30.5
2026-09-16T13:00,node/1264182304,Tosca del Carme,,,,41.3819482,2.1695795,1,49.13,162.49,53,30.5
2026-09-16T13:00,node/1280416455,Carballeira,,,,41.4442679,2.2217701,1,49.13,162.49,53,30.5
2026-09-16T13:00,way/1300745688,La Casona de Sant Just,,,,41.3833348,2.0735139,1,49.13,162.49,53,30.5
2026-09-16T13:00,node/1310450869,El Filete Ruso,,,,41.3925451,2.1558968,1,49.13,162.49,53,30.5
2026-09-16T13:00,node/1312325106,La Palmera,,,,41.4144229,2.1385123,0,49.13,162.49,53,30.5
2026-09-16T13:00,node/1314943380,Mescladís del Pou,,,,41.3870865,2.1803497,0,49.13,162.49,53,30.5
2026-09-16T13:00,node/1335697982,,,,,41.3608771,2.1101417,1,49.13,162.49,53,30.5
2026-09-16T13:00,way/1368167814,Natura Beach. El Chiringuito,,,,41.4028929,2.2157443,1,49.13,162.49,53,30.5
2026-09-16T13:00,node/1420760625,Tapeo,,,,41.4044988,2.1554811,0,49.13,162.49,53,30.5
2026-09-16T13:00,node/1420760630,Diamant,,,,41.4042174,2.1555899,1,49.13,162.49,53,30.5
2026-09-16T13:00,node/1428867664,Café Berlin,,,,41.3943566,2.1494599,1,49.13,162.49,53,30.5
2026-09-16T13:00,node/1430537485,Oasis Restaurant,,,,41.3827219,2.1847191,1,49.13,162.49,53,30.5
2026-09-16T13:00,node/1445598557,Bracafe,,,,41.3948025,2.1817533,1,49.13,162.49,53,30.5
2026-09-16T13:00,node/1554649942,Torrades,,,,41.4375721,2.1566095,0,49.13,162.49,53,30.5
2026-09-16T13:00,node/1554649988,La Panera,,,,41.4374756,2.1563359,0,49.13,162.49,53,30.5
2026-09-16T13:00,node/1658425572,Rebeka,,,,41.3967185,2.1890325,1,49.13,162.49,53,30.5
2026-09-16T13:00,node/1685949861,Cerveceria Milenium 2,,,,41.3534566,2.0866307,1,49.13,162.49,53,30.5
2026-09-16T13:00,node/1711342192,Calero's Centre,,,,41.3744728,2.1349721,1,49.13,162.49,53,30.5
2026-09-16T13:00,node/1722136431,Cervecería Catalana,,,,41.3924032,2.1609008,0,49.13,162.49,53,30.5
2026-09-16T13:00,node/1739122591,La Tagliatella,,,,41.3943371,2.1521208,0,49.13,162.49,53,30.5
2026-09-16T13:00,node/1813593370,Bar Capricornio,,,,41.4381257,2.2179547,1,49.13,162.49,53,30.5
2026-09-16T13:00,node/1820633320,CASA TEVA,,,,41.3752815,2.1166845,1,49.13,162.49,53,30.5
2026-09-16T13:00,node/1824133931,Carmesí,,,,41.3737373,2.1644452,0,49.13,162.49,53,30.5
2026-09-16T13:00,node/1948986220,Cafeteria UPF Jaume I,,,,41.3900298,2.1901118,1,49.13,162.49,53,30.5
2026-09-16T13:00,node/1948987514,Cafeteria UPF Roger de Lluria,,,,41.3886776,2.1915119,0,49.13,162.49,53,30.5
2026-09-16T13:00,node/1951812612,Casa Pagès,,,,41.3998447,2.1613114,0,49.13,162.49,53,30.5
2026-09-16T13:00,node/1960366982,Casa Amalia,,,,41.3962525,2.1685646,0,49.13,162.49,53,30.5
2026-09-16T13:00,node/1984001407,Bar de la FIB,,,,41.3894239,2.1132363,1,49.13,162.49,53,30.5
2026-09-16T13:00,node/2034780565,Cerbeseria Lesseps,,,,41.4073551,2.1514486,1,49.13,162.49,53,30.5
2026-09-16T13:00,node/2034780569,L'Brasseria,,,,41.4067629,2.1516314,1,49.13,162.49,53,30.5
2026-09-16T13:00,node/2056517879,Caelum,,,,41.3830524,2.1744369,0,49.13,162.49,53,30.5
2026-09-16T13:00,node/2065469522,Restaurant Pipa,,,,41.3997461,2.2003004,1,49.13,162.49,53,30.5
2026-09-16T13:00,node/2087204991,La Sanguchería,,,,41.3954987,2.1484037,0,49.13,162.49,53,30.5
2026-09-16T13:00,node/2091604731,Tapa Tapa,,,,41.3762094,2.1500463,1,49.13,162.49,53,30.5
2026-09-16T13:00,node/2112843062,El Vaixell-2,,,,41.4541291,2.2350201,1,49.13,162.49,53,30.5
2026-09-16T13:00,node/2165154147,Asador de Lugo,,,,41.3797623,2.1376748,0,49.13,162.49,53,30.5
2026-09-16T13:00,node/2184580476,Bar del Pi,,,,41.3824922,2.1739624,0,49.13,162.49,53,30.5
2026-09-16T13:00,node/2187210264,Sopa,,,,41.4023416,2.1952788,1,49.13,162.49,53,30.5
2026-09-16T13:00,node/2197824500,Tierra del fuego,,,,41.4016702,2.2016399,0,49.13,162.49,53,30.5
2026-09-16T13:00,node/2213839299,Pollo Rico,,,,41.3791045,2.1721976,0,49.13,162.49,53,30.5
2026-09-16T13:00,node/2364075421,Chen-Ji,,,,41.3936143,2.1807074,0,49.13,162.49,53,30.5
2026-09-16T13:00,node/2434563732,La Bella Napoli,,,,41.3743686,2.1637621,0,49.13,162.49,53,30.5
2026-09-16T13:00,node/2442785485,El Círcol,,,,41.4501968,2.2474223,1,49.13,162.49,53,30.5
2026-09-16T13:00,node/2468197823,365 Cafeteria Forn de Pa,,,,41.3752071,2.1635151,1,49.13,162.49,53,30.5
2026-09-16T13:00,node/2476332030,Bar Lennon,,,,41.4028901,2.1612576,0,49.13,162.49,53,30.5
2026-09-16T13:00,node/2500906795,Bar Lúdic Queimada Nivell Q,,,,41.4094152,2.1808913,0,49.13,162.49,53,30.5
2026-09-16T13:00,node/2598482930,Con Gracia,,,,41.3990704,2.1600617,0,49.13,162.49,53,30.5
2026-09-16T13:00,node/2609183969,Fukuoka,,,,41.4022587,2.1612976,1,49.13,162.49,53,30.5
2026-09-16T13:00,node/2610750687,Xiringuito Aigua,,,,41.4096717,2.1683236,1,49.13,162.49,53,30.5
2026-09-16T13:00,node/2618447074,Vegetalia,,,,41.3803973,2.1776952,0,49.13,162.49,53,30.5
2026-09-16T13:00,node/2618538581,Veggie Garden,,,,41.3822767,2.1680336,0,49.13,162.49,53,30.5
2026-09-16T13:00,node/2618538595,Biocenter,,,,41.3825765,2.1694364,0,49.13,162.49,53,30.5
2026-09-16T13:00,node/2684052224,Pai Mei,,,,41.4051863,2.1931071,0,49.13,162.49,53,30.5
2026-09-16T13:00,node/2687089274,Dolça Estona,,,,41.4117096,2.1394938,0,49.13,162.49,53,30.5
2026-09-16T13:00,node/2689736934,Bar Bodega Molina,,,,41.4403298,2.1817019,0,49.13,162.49,53,30.5
2026-09-16T13:00,node/2721077740,Bar Veni,,,,41.3848861,2.1667078,0,49.13,162.49,53,30.5
2026-09-16T13:00,node/2727449418,Las Euras,,,,41.3998785,2.1577187,0,49.13,162.49,53,30.5
2026-09-16T13:00,node/2793491051,La bona tapa,,,,41.4368098,2.2166172,1,49.13,162.49,53,30.5
2026-09-16T13:00,node/2892028393,Kino,,,,41.3825992,2.1665452,0,49.13,162.49,53,30.5
2026-09-16T13:00,node/2892037115,23 Robadors,,,,41.3796029,2.1708903,0,49.13,162.49,53,30.5
2026-09-16T13:00,node/2910255826,Shôko,,,,41.3854991,2.1969746,1,49.13,162.49,53,30.5
2026-09-16T13:00,node/2910255827,Opium,,,,41.3852778,2.1967099,1,49.13,162.49,53,30.5
2026-09-16T13:00,node/2927944587,Tapas Tapas!,,,,41.3745104,2.1829399,1,49.13,162.49,53,30.5
2026-09-16T13:00,node/2951499208,El racó d'en Henry,,,,41.4394757,2.2215013,1,49.13,162.49,53,30.5
2026-09-16T13:00,node/2966340931,El Capritx,,,,41.4022886,2.1998883,0,49.13,162.49,53,30.5
2026-09-16T13:00,node/2968119440,Can Tresó,,,,41.4028999,2.1537483,0,49.13,162.49,53,30.5
2026-09-16T13:00,node/2969276727,La Sirena Verde,,,,41.4027605,2.1657128,0,49.13,162.49,53,30.5
2026-09-16T13:00,node/2969277275,Café de l'Eixample,,,,41.4005021,2.1690108,0,49.13,162.49,53,30.5
2026-09-16T13:00,node/2970751844,Taverna El Disbarat,,,,41.4017728,2.1545227,0,49.13,162.49,53,30.5
2026-09-16T13:00,node/3007755352,La Pausa,,,,41.4071883,2.1557816,1,49.13,162.49,53,30.5
2026-09-16T13:00,node/3007803307,Oh La Lá,,,,41.4460123,2.2485803,1,49.13,162.49,53,30.5
2026-09-16T13:00,node/3048077142,L'Aliança del Poblenou,,,,41.3997067,2.2032276,1,49.13,162.49,53,30.5
2026-09-16T13:00,node/3049368344,Clot76,,,,41.4082815,2.1885259,0,49.13,162.49,53,30.5
2026-09-16T13:00,node/3084370508,Marina Bay By Moncho's,,,,41.3863077,2.1975017,1,49.13,162.49,53,30.5
2026-09-16T13:00,node/3084507933,Caravelle,,,,41.3822872,2.1688475,0,49.13,162.49,53,30.5
2026-09-16T13:00,node/3120072573,Bar Restaurant Nàutic,,,,41.3806088,2.1408397,1,49.13,162.49,53,30.5
2026-09-16T13:00,node/3177990194,Mezcal Taco Bar,,,,41.3830563,2.1554872,0,49.13,162.49,53,30.5
2026-09-16T13:00,node/3270120640,Luigi,,,,41.3862659,2.1753788,0,49.13,162.49,53,30.5
2026-09-16T13:00,node/3271554311,Al Sultán,,,,41.4035661,2.1554863,0,49.13,162.49,53,30.5
2026-09-16T13:00,node/3328694987,Nou Candanchú,,,,41.4005128,2.1576475,1,49.13,162.49,53,30.5
2026-09-16T13:00,node/3339670930,Bahia,,,,41.3803265,2.1774842,0,49.13,162.49,53,30.5
2026-09-16T13:00,node/3441700493,Santos Tapas,,,,41.3818417,2.1745121,0,49.13,162.49,53,30.5
2026-09-16T13:00,node/3491476947,Bar del Pla,,,,41.3856036,2.1800221,0,49.13,162.49,53,30.5
2026-09-16T13:00,node/3496970198,Centre Cívic Can Deu,,,,41.3869027,2.1327794,0,49.13,162.49,53,30.5
2026-09-16T13:00,node/3504769719,El Rincón,,,,41.3908977,2.1900669,1,49.13,162.49,53,30.5
2026-09-16T13:00,node/3517276245,Bar Canigó,,,,41.4029724,2.1579186,1,49.13,162.49,53,30.5
2026-09-16T13:00,node/3522552400,Àpat's,,,,41.3757617,2.1419109,1,49.13,162.49,53,30.5
2026-09-16T13:00,node/3548547194,El Bon Menjador - 2,,,,41.4388101,2.2172863,1,49.13,162.49,53,30.5
2026-09-16T13:00,node/3548548998,Bar Morales,,,,41.4395878,2.2165237,1,49.13,162.49,53,30.5
2026-09-16T13:00,node/3548613495,Bar Paula's Tapería,,,,41.4385437,2.2175484,1,49.13,162.49,53,30.5
2026-09-16T13:00,node/3556089494,Delicias Mediterráneas,,,,41.4415079,2.2267435,1,49.13,162.49,53,30.5
2026-09-16T13:00,node/3556089497,Xurreria Rodríguez,,,,41.4416928,2.2264651,1,49.13,162.49,53,30.5
2026-09-16T13:00,node/3556089803,Bar de La Salut,,,,41.4422594,2.2258792,1,49.13,162.49,53,30.5
2026-09-16T13:00,node/3560942698,Sandvitxeria Alhociema,,,,41.4443624,2.2236761,1,49.13,162.49,53,30.5
2026-09-16T13:00,node/3560955995,Centro Cultural Castellano-manchego,,,,41.4390698,2.2176297,1,49.13,162.49,53,30.5
2026-09-16T13:00,node/3595399490,Bar Familiar,,,,41.4359163,2.2182018,1,49.13,162.49,53,30.5
2026-09-16T13:00,node/3595399769,La granja de Casablanca,,,,41.4357671,2.2189395,1,49.13,162.49,53,30.5
2026-09-16T13:00,node/3595401238,Bar Alcázar,,,,41.4365542,2.2183742,1,49.13,162.49,53,30.5
2026-09-16T13:00,node/3596986411,Agrupación Cultural Galega Agarimos,,,,41.4358268,2.2165495,1,49.13,162.49,53,30.5
2026-09-16T13:00,node/3612059306,Nabuco Tiramisú,,,,41.4004523,2.1577244,0,49.13,162.49,53,30.5
2026-09-16T13:00,node/3620986554,Yamane,,,,41.3868061,2.1808426,0,49.13,162.49,53,30.5
2026-09-16T13:00,node/3620991692,Yamaneko-ryouri,,,,41.4016619,2.1447787,0,49.13,162.49,53,30.5
2026-09-16T13:00,node/3624045193,Bar-Granja Maribel,,,,41.4399092,2.2235793,1,49.13,162.49,53,30.5
2026-09-16T13:00,node/3624045293,Bar La Cantonada,,,,41.4396227,2.2242325,1,49.13,162.49,53,30.5
2026-09-16T13:00,node/3713349650,Groin's,,,,41.4108415,2.1637178,1,49.13,162.49,53,30.5
2026-09-16T13:00,node/3718061014,Bar Calders,,,,41.3764788,2.1623937,1,49.13,162.49,53,30.5
2026-09-16T13:00,node/3730796125,Buenas Migas,,,,41.3975542,2.1587856,1,49.13,162.49,53,30.5
2026-09-16T13:00,node/3761312382,La Fonda,,,,41.3793598,2.1762144,0,49.13,162.49,53,30.5
2026-09-16T13:00,node/3777075876,Oaxaca,,,,41.3821041,2.1838988,0,49.13,162.49,53,30.5
2026-09-16T13:00,node/3779149860,EsPan's,,,,41.4349094,2.2194667,1,49.13,162.49,53,30.5
2026-09-16T13:00,node/3794002044,Samurai Ramen,,,,41.3736753,2.1548947,1,49.13,162.49,53,30.5
2026-09-16T13:00,node/3804046057,Robata Sushi & Grill,,,,41.3904886,2.1585836,0,49.13,162.49,53,30.5
2026-09-16T13:00,node/3809169458,Freiduría El Boquerón,,,,41.4400822,2.2264769,1,49.13,162.49,53,30.5
2026-09-16T13:00,node/3809169459,Marisquería Melchor,,,,41.4401715,2.2266602,1,49.13,162.49,53,30.5
2026-09-16T13:00,node/3809169461,Elhotro bar,,,,41.4401247,2.2268506,1,49.13,162.49,53,30.5
2026-09-16T13:00,node/3809169658,Carte d'Or,,,,41.4403068,2.2274065,1,49.13,162.49,53,30.5
2026-09-16T13:00,node/3809169668,Vivari,,,,41.4408122,2.2271125,1,49.13,162.49,53,30.5
2026-09-16T13:00,node/3809169669,Pantaiberic delicatessen,,,,41.4408174,2.2269502,1,49.13,162.49,53,30.5
2026-09-16T13:00,node/3840009426,La Esquinica,,,,41.4304816,2.1712169,1,49.13,162.49,53,30.5
2026-09-16T13:00,node/3874539219,Café del Centre,,,,41.3946111,2.1712059,0,49.13,162.49,53,30.5
2026-09-16T13:00,node/3890922254,Characato,,,,41.4046885,2.1836218,1,49.13,162.49,53,30.5
2026-09-16T13:00,node/3901403358,Les Dues Sicilies,,,,41.3866097,2.1802613,0,49.13,162.49,53,30.5
2026-09-16T13:00,node/3955968257,El racó de les Glòries,,,,41.3986109,2.1978895,1,49.13,162.49,53,30.5
2026-09-16T13:00,node/4060217594,Matt & Marshall,,,,41.3993348,2.1997769,1,49.13,162.49,53,30.5
2026-09-16T13:00,node/4073605889,Mariscco,,,,41.3804885,2.1753271,0,49.13,162.49,53,30.5
2026-09-16T13:00,node/4126257971,Xixbar,,,,41.3758485,2.1576176,0,49.13,162.49,53,30.5
2026-09-16T13:00,node/4127494769,Vapiano,,,,41.3788941,2.1758361,1,49.13,162.49,53,30.5
2026-09-16T13:00,node/4138815989,Nømad Cøffee,,,,41.3889108,2.1771731,0,49.13,162.49,53,30.5
2026-09-16T13:00,node/4150499794,El 68,,,,41.4023622,2.1612062,0,49.13,162.49,53,30.5
2026-09-16T13:00,node/4166496789,Bar Thonet Grill Room,,,,41.3792408,2.1761073,0,49.13,162.49,53,30.5
2026-09-16T13:00,node/4168100800,Cervecería Frankfurt Europa,,,,41.4396191,2.2191504,1,49.13,162.49,53,30.5
2026-09-16T13:00,node/4225209596,Bar El Velodromo,,,,41.3934442,2.1501395,0,49.13,162.49,53,30.5
2026-09-16T13:00,node/4225810298,Bar Nolla,,,,41.3905504,2.1647825,0,49.13,162.49,53,30.5
2026-09-16T13:00,node/4233959493,Pastisseria Granja,,,,41.3795042,2.1792309,1,49.13,162.49,53,30.5
2026-09-16T13:00,node/4239222689,Rekons,,,,41.3806195,2.1610796,1,49.13,162.49,53,30.5
2026-09-16T13:00,node/4244877765,Bar La Peña,,,,41.4404265,2.2170329,1,49.13,162.49,53,30.5
2026-09-16T13:00,node/4247196393,cal mariner,,,,41.3791754,2.1898206,0,49.13,162.49,53,30.5
2026-09-16T13:00,node/4253851490,El Trencadís,,,,41.3937976,2.1655309,0,49.13,162.49,53,30.5
2026-09-16T13:00,node/4253862889,Hummus,,,,41.3912547,2.1611975,0,49.13,162.49,53,30.5
2026-09-16T13:00,node/4254090289,La tasqueta de Blai,,,,41.3733347,2.1652358,0,49.13,162.49,53,30.5
2026-09-16T13:00,node/4254094290,Rosa Negra,,,,41.3819164,2.1687596,1,49.13,162.49,53,30.5
2026-09-16T13:00,node/4254704967,Firebug Brunch,,,,41.3927459,2.1778691,0,49.13,162.49,53,30.5
2026-09-16T13:00,node/4254996890,La Macchina,,,,41.4030005,2.1535966,0,49.13,162.49,53,30.5
2026-09-16T13:00,node/4267035492,Kebabish,,,,41.4409198,2.2217884,1,49.13,162.49,53,30.5
2026-09-16T13:00,node/4267055591,La cantina del tapeo,,,,41.4420999,2.2200224,1,49.13,162.49,53,30.5
2026-09-16T13:00,node/4278033120,Buenas Migas,,,,41.3838044,2.1696233,0,49.13,162.49,53,30.5
2026-09-16T13:00,node/4283188047,Granja Romaní,,,,41.4348618,2.2179712,1,49.13,162.49,53,30.5
2026-09-16T13:00,node/4283194434,Bar La Paradeta,,,,41.4337773,2.2167771,1,49.13,162.49,53,30.5
2026-09-16T13:00,node/4291934189,Fonda Espanya,,,,41.3799009,2.1728032,0,49.13,162.49,53,30.5
2026-09-16T13:00,node/4306440989,Blai 9,,,,41.3730722,2.1658539,0,49.13,162.49,53,30.5
2026-09-16T13:00,node/4314857689,El punt,,,,41.4413807,2.2316251,1,49.13,162.49,53,30.5
2026-09-16T13:00,node/4314859689,Versace,,,,41.4337089,2.2172203,1,49.13,162.49,53,30.5
2026-09-16T13:00,node/4315715092,Petit Comitè,,,,41.3943551,2.1600308,0,49.13,162.49,53,30.5
2026-09-16T13:00,node/4321183403,Brunch & Cake,,,,41.3882834,2.1615596,1,49.13,162.49,53,30.5
2026-09-16T13:00,node/4336933393,Mayura,,,,41.3938992,2.1720914,0,49.13,162.49,53,30.5
2026-09-16T13:00,node/4340119890,VIENA,,,,41.3579934,2.1293918,1,49.13,162.49,53,30.5
2026-09-16T13:00,node/4349925690,Nemrut,,,,41.3810051,2.1772158,0,49.13,162.49,53,30.5
2026-09-16T13:00,node/4350019284,Palosanto,,,,41.3808122,2.1772701,1,49.13,162.49,53,30.5
2026-09-16T13:00,node/4364289794,Faborit Casa Amatller,,,,41.3915836,2.1650592,0,49.13,162.49,53,30.5
2026-09-16T13:00,node/4386702690,Red Ant Noodle Bar,,,,41.3880129,2.1810961,0,49.13,162.49,53,30.5
2026-09-16T13:00,node/4396244190,Fresc Co,,,,41.3891657,2.1969678,0,49.13,162.49,53,30.5
2026-09-16T13:00,node/4401234193,BlackLab Brewhouse & Kitchen,,,,41.3812305,2.1854573,1,49.13,162.49,53,30.5
2026-09-16T13:00,node/4431102493,Forn Puiggròs,,,,41.4102615,2.1741597,0,49.13,162.49,53,30.5
2026-09-16T13:00,node/4439412389,La Vinya del Senyor,,,,41.3832546,2.1818655,0,49.13,162.49,53,30.5
2026-09-16T13:00,node/4440352791,La Gavina,,,,41.3807532,2.1853211,1,49.13,162.49,53,30.5
2026-09-16T13:00,node/4443367289,Pannus,,,,41.3863691,2.1726728,0,49.13,162.49,53,30.5
2026-09-16T13:00,node/4449185678,Il Caffè di Francesco,,,,41.3908733,2.1652201,0,49.13,162.49,53,30.5
2026-09-16T13:00,node/4451904190,Bar Granadino,,,,41.4404153,2.2238276,1,49.13,162.49,53,30.5
2026-09-16T13:00,node/4451904193,La ciudad de oro,,,,41.4408727,2.2240695,1,49.13,162.49,53,30.5
2026-09-16T13:00,node/4451986792,Cafe Bar Florida,,,,41.4403503,2.2236929,1,49.13,162.49,53,30.5
2026-09-16T13:00,node/4451986793,Bar Amigo,,,,41.4411469,2.2238965,1,49.13,162.49,53,30.5
2026-09-16T13:00,node/4451988991,Bar Frankfurt Jaime,,,,41.4408051,2.2241201,1,49.13,162.49,53,30.5
2026-09-16T13:00,node/4451989090,Entre tapes,,,,41.4423118,2.2237245,1,49.13,162.49,53,30.5
2026-09-16T13:00,node/4451992791,Bar Leo,,,,41.4406309,2.2245529,1,49.13,162.49,53,30.5
2026-09-16T13:00,node/4452031691,Bar La Granja,,,,41.4427953,2.2241899,1,49.13,162.49,53,30.5
2026-09-16T13:00,node/4455238130,Anahuac,,,,41.3965161,2.1513989,1,49.13,162.49,53,30.5
2026-09-16T13:00,node/4461595656,Cafeteria de la Biblioteca Jaumer Fuster,,,,41.4075557,2.1493457,1,49.13,162.49,53,30.5
2026-09-16T13:00,node/4470059420,Mesón Gallego,,,,41.3818896,2.0709288,1,49.13,162.49,53,30.5
2026-09-16T13:00,node/4486639527,Boldú,,,,41.3973783,2.1517865,0,49.13,162.49,53,30.5
2026-09-16T13:00,node/4486683966,La Tagliatella,,,,41.3974141,2.1514101,0,49.13,162.49,53,30.5
2026-09-16T13:00,node/4503193765,Bicioci,,,,41.3999229,2.1619101,0,49.13,162.49,53,30.5
2026-09-16T13:00,node/4509411660,Bar Mediterráneo,,,,41.4343007,2.2180868,1,49.13,162.49,53,30.5
2026-09-16T13:00,node/4516538193,Más Que Sushi,,,,41.3774227,2.1527247,0,49.13,162.49,53,30.5
2026-09-16T13:00,node/4516600994,Salambó,,,,41.4044546,2.1576355,1,49.13,162.49,53,30.5
2026-09-16T13:00,node/4520259289,Cachitos,,,,41.3953057,2.1536913,1,49.13,162.49,53,30.5
2026-09-16T13:00,node/4572063790,Cafetería 365,,,,41.3744652,2.1675541,0,49.13,162.49,53,30.5
2026-09-16T13:00,node/4580517495,Cadaqués,,,,41.4004717,2.1574102,1,49.13,162.49,53,30.5
2026-09-16T13:00,node/4591423938,Arabia Cafe,,,,41.3796023,2.1762764,0,49.13,162.49,53,30.5
2026-09-16T13:00,node/4602957463,Otafuku Daifuku,,,,41.3861633,2.1813225,0,49.13,162.49,53,30.5
2026-09-16T13:00,node/4631918790,Casa López,,,,41.4047191,2.1550626,0,49.13,162.49,53,30.5
2026-09-16T13:00,node/4643974106,Kyoka Via Augusta,,,,41.3979693,2.1315017,1,49.13,162.49,53,30.5
2026-09-16T13:00,node/4654613659,afiparc,,,,41.4134414,2.1527296,1,49.13,162.49,53,30.5
2026-09-16T13:00,node/4668687590,Can Vilaró,,,,41.3779004,2.1617005,0,49.13,162.49,53,30.5
2026-09-16T13:00,node/4673198082,Montesquiu,,,,41.4046825,2.1325233,1,49.13,162.49,53,30.5
2026-09-16T13:00,node/4680760648,Sushi Taller,,,,41.4048621,2.1326565,0,49.13,162.49,53,30.5
2026-09-16T13:00,node/4681801089,Orxateria la Valenciana,,,,41.3863413,2.1622578,1,49.13,162.49,53,30.5
2026-09-16T13:00,node/4704972453,majide,,,,41.3849224,2.1674688,0,49.13,162.49,53,30.5
2026-09-16T13:00,node/4709933976,Sottovoce,,,,41.3579226,2.1294974,1,49.13,162.49,53,30.5
2026-09-16T13:00,node/4711659235,Casa Lolea,,,,41.3888056,2.1771897,0,49.13,162.49,53,30.5
2026-09-16T13:00,node/4720526074,El Charrito,,,,41.3896183,2.1662427,1,49.13,162.49,53,30.5
2026-09-16T13:00,node/4721286889,Prodigi,,,,41.3985973,2.1659559,0,49.13,162.49,53,30.5
2026-09-16T13:00,node/4726582894,Catalina Cafe,,,,41.3862071,2.1793039,1,49.13,162.49,53,30.5
2026-09-16T13:00,node/4726583193,Betlem,,,,41.3949258,2.1712207,0,49.13,162.49,53,30.5
2026-09-16T13:00,node/4727975192,La Coruña,,,,41.4083413,2.1851911,1,49.13,162.49,53,30.5
2026-09-16T13:00,node/4728103192,Cafè Arrels,,,,41.4137041,2.1809929,1,49.13,162.49,53,30.5
2026-09-16T13:00,node/4729343193,Cervecería Frankfurt El Molino,,,,41.3746194,2.1669636,0,49.13,162.49,53,30.5
2026-09-16T13:00,node/4735766123,I'll Pomo d'Oro,,,,41.3926987,2.1585151,1,49.13,162.49,53,30.5
2026-09-16T13:00,node/4743830714,Casa Escarré (Joan's),,,,41.3747567,2.1427755,1,49.13,162.49,53,30.5
2026-09-16T13:00,node/4751727952,Bar Ribalda,,,,41.4026552,2.1328307,1,49.13,162.49,53,30.5
2026-09-16T13:00,node/4755496723,Brewdog,,,,41.3857301,2.1581661,1,49.13,162.49,53,30.5
2026-09-16T13:00,node/4756509699,Morro fi,,,,41.3833069,2.1550311,1,49.13,162.49,53,30.5
2026-09-16T13:00,node/4776357929,Tomodachi,,,,41.4053891,2.1644663,0,49.13,162.49,53,30.5
2026-09-16T13:00,node/4778618049,De Gustibus Italiae,,,,41.4027491,2.1330183,1,49.13,162.49,53,30.5
2026-09-16T13:00,node/4784670742,Índigo Café,,,,41.3874831,2.1626443,0,49.13,162.49,53,30.5
2026-09-16T13:00,node/4792724121,Venus Delicatessen Barcelona,,,,41.3807065,2.1779781,0,49.13,162.49,53,30.5
2026-09-16T13:00,node/4802341078,El Quatre,,,,41.4031267,2.1333762,0,49.13,162.49,53,30.5
2026-09-16T13:00,node/4805335780,Madonna Vegan,,,,41.3812162,2.1671279,0,49.13,162.49,53,30.5
2026-09-16T13:00,node/4816093515,Olímpic Bar,,,,41.4422394,2.2177816,1,49.13,162.49,53,30.5
2026-09-16T13:00,node/4822739686,Bar El Racó,,,,41.4417497,2.2212713,1,49.13,162.49,53,30.5
2026-09-16T13:00,node/4838956921,Supra,,,,41.3910798,2.1613999,0,49.13,162.49,53,30.5
2026-09-16T13:00,node/4844565923,Pampa Drugstore,,,,41.3827176,2.1712051,0,49.13,162.49,53,30.5
2026-09-16T13:00,node/4847673021,Usagui,,,,41.4021671,2.1463849,0,49.13,162.49,53,30.5
2026-09-16T13:00,node/4859449960,Restaurant el Magatzem,,,,41.3805096,2.1863595,1,49.13,162.49,53,30.5
2026-09-16T13:00,node/4859450597,Restaurant Cal Pinxo,,,,41.3806265,2.1855795,1,49.13,162.49,53,30.5
2026-09-16T13:00,node/4867833221,Pizzeria El Mundo,,,,41.3751322,2.1231212,1,49.13,162.49,53,30.5
2026-09-16T13:00,node/4881181797,Sierra Nevada,,,,41.4420581,2.1834715,1,49.13,162.49,53,30.5
2026-09-16T13:00,node/4903340658,El Ramblero,,,,41.4219271,2.1969049,1,49.13,162.49,53,30.5
2026-09-16T13:00,node/4906736149,L'Olivera,,,,41.4058547,2.1893093,1,49.13,162.49,53,30.5
2026-09-16T13:00,node/4917663030,Picnic,,,,41.4179648,2.1988442,1,49.13,162.49,53,30.5
2026-09-16T13:00,node/4937772721,Vila's Bar,,,,41.4059086,2.1571314,0,49.13,162.49,53,30.5
2026-09-16T13:00,node/4938104321,Hammock Juice Station,,,,41.3971863,2.1671778,0,49.13,162.49,53,30.5
2026-09-16T13:00,node/4973805221,Brunch & Cake by the sea,,,,41.3809714,2.1872568,0,49.13,162.49,53,30.5
2026-09-16T13:00,node/4973805421,Quinoa Aragó Vegetarià,,,,41.3886233,2.1598684,0,49.13,162.49,53,30.5
2026-09-16T13:00,node/4977546909,Tonkotsu,,,,41.3938467,2.1650368,0,49.13,162.49,53,30.5
2026-09-16T13:00,node/4983764927,Cervecería-Frankfurt,,,,41.4394391,2.2207951,1,49.13,162.49,53,30.5
2026-09-16T13:00,node/4983764935,Max Bar,,,,41.4401476,2.2214687,1,49.13,162.49,53,30.5
2026-09-16T13:00,node/4983764944,Bar Verín,,,,41.4396911,2.2210187,1,49.13,162.49,53,30.5
2026-09-16T13:00,node/4983764949,Bar R'Aurora,,,,41.4400582,2.2213943,1,49.13,162.49,53,30.5
2026-09-16T13:00,node/4983764952,Trocadero,,,,41.4385047,2.2204982,1,49.13,162.49,53,30.5
2026-09-16T13:00,node/4983764957,Bar La Alpujarra,,,,41.4420698,2.2228867,1,49.13,162.49,53,30.5
2026-09-16T13:00,node/4983764958,Sant Mori,,,,41.4390777,2.2210618,1,49.13,162.49,53,30.5
2026-09-16T13:00,node/4983764960,El buen gusto,,,,41.4411919,2.2225719,1,49.13,162.49,53,30.5
2026-09-16T13:00,node/4983764965,Bar Junior Bodega,,,,41.4417139,2.2225318,1,49.13,162.49,53,30.5
2026-09-16T13:00,node/4983764975,Bar Satisfecho,,,,41.4385461,2.2198488,1,49.13,162.49,53,30.5
2026-09-16T13:00,node/4983765002,Bar sushi Salon,,,,41.4425727,2.2233672,1,49.13,162.49,53,30.5
2026-09-16T13:00,node/4983765004,Corre que se acaban,,,,41.4392453,2.2212328,1,49.13,162.49,53,30.5
2026-09-16T13:00,node/4983765005,365,,,,41.4403303,2.2225575,1,49.13,162.49,53,30.5
2026-09-16T13:00,node/4984256695,Pampa Mía,,,,41.4085709,2.2035603,0,49.13,162.49,53,30.5
2026-09-16T13:00,node/4991221422,Salterio,,,,41.3825107,2.1760837,0,49.13,162.49,53,30.5
2026-09-16T13:00,node/5007434606,La Balmesina,,,,41.3970301,2.1522555,0,49.13,162.49,53,30.5
2026-09-16T13:00,node/5010794721,Syra Coffee,,,,41.4014925,2.1595216,1,49.13,162.49,53,30.5
2026-09-16T13:00,node/5010794821,Nomad Frutas Selectas,,,,41.3979292,2.1955517,0,49.13,162.49,53,30.5
2026-09-16T13:00,node/5023905423,Petra,,,,41.4038883,2.1551166,0,49.13,162.49,53,30.5
2026-09-16T13:00,node/5028969022,Guzzo,,,,41.3850929,2.1836594,0,49.13,162.49,53,30.5
2026-09-16T13:00,node/5030247521,La Pantera Rosa,,,,41.4010493,2.1525903,0,49.13,162.49,53,30.5
2026-09-16T13:00,node/5037900607,Orio,,,,41.3819545,2.1763606,0,49.13,162.49,53,30.5
2026-09-16T13:00,node/5048602525,Blau Cel,,,,41.4043091,2.1612896,0,49.13,162.49,53,30.5
2026-09-16T13:00,node/5053669724,La Xula Taperia,,,,41.4023295,2.1586126,0,49.13,162.49,53,30.5
2026-09-16T13:00,node/5081388242,La Raposa,,,,41.3725137,2.1639527,0,49.13,162.49,53,30.5
2026-09-16T13:00,node/5082277825,Vermuteria Puigmartí,,,,41.4013967,2.1590604,0,49.13,162.49,53,30.5
2026-09-16T13:00,node/5082277826,Caracas,,,,41.4020908,2.1601676,0,49.13,162.49,53,30.5
2026-09-16T13:00,node/5082288821,Curuba,,,,41.3999554,2.1574731,0,49.13,162.49,53,30.5
2026-09-16T13:00,node/5086827321,Metric Market,,,,41.3916196,2.1419287,0,49.13,162.49,53,30.5
2026-09-16T13:00,node/5088945722,La Juanola,,,,41.4066765,2.1569377,0,49.13,162.49,53,30.5
2026-09-16T13:00,node/5089333723,Ciuri‘s,,,,41.4052466,2.1565749,0,49.13,162.49,53,30.5
2026-09-16T13:00,node/5105012628,Entre Hores,,,,41.4030943,2.1577829,1,49.13,162.49,53,30.5
2026-09-16T13:00,node/5109943322,Intrèpid,,,,41.4043018,2.1550041,0,49.13,162.49,53,30.5
2026-09-16T13:00,node/5110964523,La Trobada,,,,41.4015625,2.1520155,0,49.13,162.49,53,30.5
2026-09-16T13:00,node/5111094221,El Dorado Chicken,,,,41.3930251,2.1579995,0,49.13,162.49,53,30.5
2026-09-16T13:00,node/5113896626,Granja Fimon's,,,,41.4477805,2.2438919,1,49.13,162.49,53,30.5
2026-09-16T13:00,node/5118124314,Kebab Bocateli,,,,41.4426035,2.2166674,1,49.13,162.49,53,30.5
2026-09-16T13:00,node/5118126421,Bar Frankfurt Polideportivo,,,,41.4429429,2.2162226,1,49.13,162.49,53,30.5
2026-09-16T13:00,node/5118126428,Granja Modesto,,,,41.4343689,2.2158958,1,49.13,162.49,53,30.5
2026-09-16T13:00,node/5118126435,Cafeteria i Forn de pa Grey,,,,41.4332655,2.2174982,1,49.13,162.49,53,30.5
2026-09-16T13:00,node/5118126438,Frankfurt Piscis,,,,41.4360107,2.2158678,1,49.13,162.49,53,30.5
2026-09-16T13:00,node/5118126440,Bar Julio,,,,41.4348299,2.2151483,1,49.13,162.49,53,30.5
2026-09-16T13:00,node/5118126443,Bar Beethoven,,,,41.4328863,2.2181523,1,49.13,162.49,53,30.5
2026-09-16T13:00,node/5118126453,Bar Bondia,,,,41.4342763,2.2160261,1,49.13,162.49,53,30.5
2026-09-16T13:00,node/5128075585,Monkey Factory,,,,41.3927261,2.1544614,0,49.13,162.49,53,30.5
2026-09-16T13:00,node/5137360822,El Jardí,,,,41.4475237,2.2469586,1,49.13,162.49,53,30.5
2026-09-16T13:00,node/5144745888,Bar La Imperial,,,,41.4372451,2.2200669,1,49.13,162.49,53,30.5
2026-09-16T13:00,node/5144745889,Gabi,,,,41.4372105,2.2199582,1,49.13,162.49,53,30.5
2026-09-16T13:00,node/5144745893,Bar India,,,,41.4420657,2.2284253,1,49.13,162.49,53,30.5
2026-09-16T13:00,node/5144745896,Mokka,,,,41.4371063,2.2201689,1,49.13,162.49,53,30.5
2026-09-16T13:00,node/5156690125,Loc,,,,41.4351636,2.2283155,1,49.13,162.49,53,30.5
2026-09-16T13:00,node/5160440326,Les Termes Bdn,,,,41.4520115,2.2476488,1,49.13,162.49,53,30.5
2026-09-16T13:00,node/5167185733,La Sucursal,,,,41.3806502,2.1611889,0,49.13,162.49,53,30.5
2026-09-16T13:00,node/5167569072,El Mercader de L'Eixample,,,,41.3923316,2.1603286,1,49.13,162.49,53,30.5
2026-09-16T13:00,node/5168232324,Colmado,,,,41.3819235,2.1744264,1,49.13,162.49,53,30.5
2026-09-16T13:00,node/5175039621,Green's,,,,41.3959672,2.1496553,1,49.13,162.49,53,30.5
2026-09-16T13:00,node/5176233727,Els Porxos,,,,41.4031581,2.1751611,0,49.13,162.49,53,30.5
2026-09-16T13:00,node/5182260830,Catafal,,,,41.4088089,2.1468574,0,49.13,162.49,53,30.5
2026-09-16T13:00,node/5190930121,Casa Ángel,,,,41.4070235,2.1818566,0,49.13,162.49,53,30.5
2026-09-16T13:00,node/5192085421,Esterri,,,,41.3812805,2.1618108,1,49.13,162.49,53,30.5
2026-09-16T13:00,node/5198200824,Copa d'Or,,,,41.3963876,2.1688461,0,49.13,162.49,53,30.5
2026-09-16T13:00,node/5198200829,Gyoza Bistró,,,,41.3940771,2.1723519,0,49.13,162.49,53,30.5
2026-09-16T13:00,node/5198201036,Nou Can Codina,,,,41.3989586,2.1608728,0,49.13,162.49,53,30.5
2026-09-16T13:00,node/5198201122,La Particcela,,,,41.3961328,2.1697679,1,49.13,162.49,53,30.5
2026-09-16T13:00,node/5198201124,Riko's Braseria - Restaurante,,,,41.3929731,2.1692667,0,49.13,162.49,53,30.5
2026-09-16T13:00,node/5199743028,seven7seven,,,,41.3898868,2.1622344,0,49.13,162.49,53,30.5
2026-09-16T13:00,node/5207046925,Sense Nom,,,,41.3843558,2.1622563,0,49.13,162.49,53,30.5
2026-09-16T13:00,node/5207067522,El Maravillas,,,,41.3868914,2.1323626,1,49.13,162.49,53,30.5
2026-09-16T13:00,node/5208223424,Bonastre,,,,41.3774986,2.1587463,1,49.13,162.49,53,30.5
2026-09-16T13:00,node/5212252535,Tariq,,,,41.4477214,2.2405051,1,49.13,162.49,53,30.5
2026-09-16T13:00,node/5218828496,Conecta,,,,41.4388265,2.2253266,1,49.13,162.49,53,30.5
2026-09-16T13:00,node/5218828499,Sweet dolç,,,,41.4385456,2.2254351,1,49.13,162.49,53,30.5
2026-09-16T13:00,node/5226505321,Bodega E. Marin,,,,41.4025586,2.1609645,1,49.13,162.49,53,30.5
2026-09-16T13:00,node/5228942946,La Pubilla,,,,41.3995748,2.1536674,0,49.13,162.49,53,30.5
2026-09-16T13:00,node/5237627856,Tasmango Dessert,,,,41.3909254,2.1784375,1,49.13,162.49,53,30.5
2026-09-16T13:00,node/5238186123,Lennox,,,,41.3834186,2.1829502,1,49.13,162.49,53,30.5
2026-09-16T13:00,node/5271863048,Rest. Alexandre,,,,41.4322501,2.1835476,1,49.13,162.49,53,30.5
2026-09-16T13:00,node/5286467104,Granja Monsul,,,,41.4437723,2.2239591,1,49.13,162.49,53,30.5
2026-09-16T13:00,node/5298404593,Próspero,,,,41.4382431,2.2237839,1,49.13,162.49,53,30.5
2026-09-16T13:00,node/5298404603,Bar Salamanca,,,,41.4388532,2.2246477,1,49.13,162.49,53,30.5
2026-09-16T13:00,node/5298405327,Bar Benuga,,,,41.4383471,2.2243229,1,49.13,162.49,53,30.5
2026-09-16T13:00,node/5298405384,Bar Rocío Los Cazadores,,,,41.4389682,2.2252641,1,49.13,162.49,53,30.5
2026-09-16T13:00,node/5299921764,Bar Crack,,,,41.4343466,2.2189911,1,49.13,162.49,53,30.5
2026-09-16T13:00,node/5299921811,Can Daura,,,,41.4358077,2.2218721,1,49.13,162.49,53,30.5
2026-09-16T13:00,node/5299922525,Bar La Imperial,,,,41.4354603,2.2205399,1,49.13,162.49,53,30.5
2026-09-16T13:00,node/5299922526,Bar Marta,,,,41.4349148,2.2200469,1,49.13,162.49,53,30.5
2026-09-16T13:00,node/5313632423,365,,,,41.3789307,2.1718613,0,49.13,162.49,53,30.5
2026-09-16T13:00,node/5327570662,Ancestral,,,,41.3977332,2.1656576,0,49.13,162.49,53,30.5
2026-09-16T13:00,node/5347967007,Bar Marín,,,,41.4474106,2.2217195,1,49.13,162.49,53,30.5
2026-09-16T13:00,node/5347967009,Bar La Cantonada,,,,41.4474812,2.2209325,1,49.13,162.49,53,30.5
2026-09-16T13:00,node/5363964402,El gran croissant,,,,41.4359355,2.2167366,1,49.13,162.49,53,30.5
2026-09-16T13:00,node/5395531687,Las Marismas,,,,41.3701297,2.1215161,1,49.13,162.49,53,30.5
2026-09-16T13:00,node/5407919537,El Yate,,,,41.4039787,2.1367463,1,49.13,162.49,53,30.5
2026-09-16T13:00,node/5417517130,Tou Kichi Rou,,,,41.3919953,2.1432267,0,49.13,162.49,53,30.5
2026-09-16T13:00,node/5418243448,La Pampa,,,,41.3793623,2.1879402,0,49.13,162.49,53,30.5
2026-09-16T13:00,node/5418243450,els maians,,,,41.3786757,2.1882219,0,49.13,162.49,53,30.5
2026-09-16T13:00,node/5418243451,no30,,,,41.3791653,2.1879988,0,49.13,162.49,53,30.5
2026-09-16T13:00,node/5418243452,Lolita,,,,41.3783615,2.1882936,0,49.13,162.49,53,30.5
2026-09-16T13:00,node/5418243454,Reina Margherita,,,,41.3792655,2.1879835,0,49.13,162.49,53,30.5
2026-09-16T13:00,node/5434314893,PolkaBarcelona,,,,41.3859057,2.1326565,0,49.13,162.49,53,30.5
2026-09-16T13:00,node/5485540627,Bar Placídia,,,,41.3999472,2.1524915,1,49.13,162.49,53,30.5
2026-09-16T13:00,node/5487473548,Cafè Mos,,,,41.4143487,2.1384116,0,49.13,162.49,53,30.5
2026-09-16T13:00,node/5498351755,365 Cafeteria Forn de Pa,,,,41.3747778,2.1626826,0,49.13,162.49,53,30.5
2026-09-16T13:00,node/5509139428,La Carmanyola,,,,41.4013829,2.2068942,1,49.13,162.49,53,30.5
2026-09-16T13:00,node/5536153362,Cafeteria La Dona,,,,41.4396715,2.2242727,1,49.13,162.49,53,30.5
2026-09-16T13:00,node/5564055763,Panda & Smile,,,,41.3842068,2.1585673,1,49.13,162.49,53,30.5
2026-09-16T13:00,node/5564064431,Atrapatapa,,,,41.3832362,2.1568636,0,49.13,162.49,53,30.5
2026-09-16T13:00,node/5595134220,Cervecería Amoretty's 3,,,,41.4412382,2.2200117,1,49.13,162.49,53,30.5
2026-09-16T13:00,node/5606506169,Sincopa,,,,41.3803881,2.1789886,0,49.13,162.49,53,30.5
2026-09-16T13:00,node/5611733921,Buenas Migas,,,,41.4024253,2.1743326,0,49.13,162.49,53,30.5
2026-09-16T13:00,node/5617465886,Amateur,,,,41.3967536,2.1962847,0,49.13,162.49,53,30.5
2026-09-16T13:00,node/5646412432,Made in Sicily,,,,41.4483394,2.2490191,1,49.13,162.49,53,30.5
2026-09-16T13:00,node/5646415922,La Bella Istambul,,,,41.4479233,2.2494906,1,49.13,162.49,53,30.5
2026-09-16T13:00,node/5658288082,Can Teixidó,,,,41.4491148,2.2483189,1,49.13,162.49,53,30.5
2026-09-16T13:00,node/5663240986,Cafè Escac,,,,41.3837378,2.1695562,0,49.13,162.49,53,30.5
2026-09-16T13:00,node/5676005621,CACHO,,,,41.3931048,2.1910878,1,49.13,162.49,53,30.5
2026-09-16T13:00,node/5718757792,360°,,,,41.3790957,2.1696433,1,49.13,162.49,53,30.5
2026-09-16T13:00,node/5793057257,Bar Granja el Chiquitín,,,,41.4398176,2.2263171,1,49.13,162.49,53,30.5
2026-09-16T13:00,node/5796742218,The Clock,,,,41.3754168,2.1482785,1,49.13,162.49,53,30.5
2026-09-16T13:00,node/5805410453,Morrow Coffee,,,,41.3771392,2.1513283,1,49.13,162.49,53,30.5
2026-09-16T13:00,node/5806521955,Paisano Bistró,,,,41.4048549,2.1759323,0,49.13,162.49,53,30.5
2026-09-16T13:00,node/5856758686,El racó de les tapes,,,,41.4357708,2.1910224,1,49.13,162.49,53,30.5
2026-09-16T13:00,node/5878496985,UDON,,,,41.4051569,2.1921906,1,49.13,162.49,53,30.5
2026-09-16T13:00,node/5916157285,Bar Castells,,,,41.3841472,2.1698121,0,49.13,162.49,53,30.5
2026-09-16T13:00,node/5923867889,,,,,41.4406062,2.2451514,1,49.13,162.49,53,30.5
2026-09-16T13:00,node/5930228787,Mi casa,,,,41.3993608,2.1535771,0,49.13,162.49,53,30.5
2026-09-16T13:00,node/5933808740,Kserol,,,,41.3986236,2.1753141,1,49.13,162.49,53,30.5
2026-09-16T13:00,node/5944781772,Restaurante Burning Rock&Food,,,,41.3746837,2.1311612,0,49.13,162.49,53,30.5
2026-09-16T13:00,node/5951964888,el Fornet,,,,41.3882003,2.1723419,1,49.13,162.49,53,30.5
2026-09-16T13:00,node/5972440521,Feroz,,,,41.3965882,2.1508404,0,49.13,162.49,53,30.5
2026-09-16T13:00,node/5980982393,Pepa Tomate,,,,41.3767661,2.1627826,0,49.13,162.49,53,30.5
2026-09-16T13:00,node/6000108088,La Neura,,,,41.4002093,2.1660134,1,49.13,162.49,53,30.5
2026-09-16T13:00,node/6009236381,Mesón Balouta,,,,41.4384121,2.1649296,1,49.13,162.49,53,30.5
2026-09-16T13:00,node/6010958538,Bar Avenida,,,,41.4371962,2.2238498,1,49.13,162.49,53,30.5
2026-09-16T13:00,node/6010958540,Bar Trébol BCN,,,,41.4352675,2.2193633,1,49.13,162.49,53,30.5
2026-09-16T13:00,node/6027971388,Novell,,,,41.4070495,2.1667319,0,49.13,162.49,53,30.5
2026-09-16T13:00,node/6038827086,Honest Greens,,,,41.3986972,2.1569862,1,49.13,162.49,53,30.5
2026-09-16T13:00,node/6066258257,Bar Roma Sports,,,,41.4449369,2.2223513,1,49.13,162.49,53,30.5
2026-09-16T13:00,node/6089625321,Vivari,,,,41.3973187,2.1676233,0,49.13,162.49,53,30.5
2026-09-16T13:00,node/6093865396,The FRESH POKE,,,,41.3975268,2.1644457,0,49.13,162.49,53,30.5
2026-09-16T13:00,node/6093944886,Nicasso,,,,41.4072456,2.1873211,0,49.13,162.49,53,30.5
2026-09-16T13:00,node/6096656135,Yoi Yoi Gion,,,,41.3965593,2.1606187,0,49.13,162.49,53,30.5
2026-09-16T13:00,node/6104559348,Belles Arts II,,,,41.3872827,2.1361782,1,49.13,162.49,53,30.5
2026-09-16T13:00,node/6104561002,Toyodo,,,,41.3866914,2.1375355,1,49.13,162.49,53,30.5
2026-09-16T13:00,node/6106764321,Il Caffe di Francesco,,,,41.3930707,2.1642758,1,49.13,162.49,53,30.5
2026-09-16T13:00,node/6109526596,El Cuiner de Damasc,,,,41.3814196,2.1776754,0,49.13,162.49,53,30.5
2026-09-16T13:00,node/6110978486,Bonaparte,,,,41.4775805,2.0724847,1,49.13,162.49,53,30.5
2026-09-16T13:00,node/6123253862,Bar Granja Oasis,,,,41.3505068,2.1127043,1,49.13,162.49,53,30.5
2026-09-16T13:00,node/6126749461,Cantero,,,,41.3942111,2.1902433,1,49.13,162.49,53,30.5
2026-09-16T13:00,node/6164234382,Poké Sí,,,,41.4052321,2.1924708,1,49.13,162.49,53,30.5
2026-09-16T13:00,node/6164236104,Palo Verde,,,,41.4047343,2.1968042,1,49.13,162.49,53,30.5
2026-09-16T13:00,node/6166398253,Panet,,,,41.3861845,2.1430687,0,49.13,162.49,53,30.5
2026-09-16T13:00,node/6182404055,Kasa,,,,41.3861348,2.1656868,1,49.13,162.49,53,30.5
2026-09-16T13:00,node/6188914880,Bella Venezia,,,,41.3965502,2.1644865,1,49.13,162.49,53,30.5
2026-09-16T13:00,node/6188922858,Arc iris,,,,41.3998386,2.1715382,1,49.13,162.49,53,30.5
2026-09-16T13:00,node/6193461695,Sun Market,,,,41.3928465,2.1569854,0,49.13,162.49,53,30.5
2026-09-16T13:00,node/6193479448,Akashi Sushi Bar,,,,41.3923045,2.1558108,0,49.13,162.49,53,30.5
2026-09-16T13:00,node/6200571548,La Svolta,,,,41.4061025,2.1515184,0,49.13,162.49,53,30.5
2026-09-16T13:00,node/6202321417,La Tapeta del Coll,,,,41.4179646,2.1467035,1,49.13,162.49,53,30.5
2026-09-16T13:00,node/6204104907,La Papa,,,,41.3898088,2.1577366,0,49.13,162.49,53,30.5
2026-09-16T13:00,node/6216083704,La Coma,,,,41.3401472,2.1265697,1,49.13,162.49,53,30.5
2026-09-16T13:00,node/6216218158,la Zona,,,,41.3460291,2.1439158,1,49.13,162.49,53,30.5
2026-09-16T13:00,node/6216756977,Estrella de Istanbul,,,,41.4098375,2.1751296,0,49.13,162.49,53,30.5
2026-09-16T13:00,node/6230395442,Akelarre,,,,41.3892275,2.1373726,0,49.13,162.49,53,30.5
2026-09-16T13:00,node/6230407068,Starbucks,,,,41.3951351,2.1581903,1,49.13,162.49,53,30.5
2026-09-16T13:00,node/6232752417,El Taller,,,,41.3587511,2.1404908,0,49.13,162.49,53,30.5
2026-09-16T13:00,node/6237797177,Luri,,,,41.3977931,2.1514901,0,49.13,162.49,53,30.5
2026-09-16T13:00,node/6246525924,in blue,,,,41.3877036,2.1368756,0,49.13,162.49,53,30.5
2026-09-16T13:00,node/6250219942,Al sur,,,,41.3941572,2.1586822,0,49.13,162.49,53,30.5
2026-09-16T13:00,node/6258570565,Dino Pan,,,,41.3824376,2.1318622,1,49.13,162.49,53,30.5
2026-09-16T13:00,node/6258570699,Don Sándwich,,,,41.3820321,2.1315862,0,49.13,162.49,53,30.5
2026-09-16T13:00,node/6258715958,La Lluna de Gavà,,,,41.3672801,2.1403759,1,49.13,162.49,53,30.5
2026-09-16T13:00,node/6258718433,La Toscana,,,,41.3805625,2.1323335,0,49.13,162.49,53,30.5
2026-09-16T13:00,node/6258718652,Cafeteria Melody Bar,,,,41.3779464,2.1338934,0,49.13,162.49,53,30.5
2026-09-16T13:00,node/6258719247,Bar Florida,,,,41.3592896,2.1399844,0,49.13,162.49,53,30.5
2026-09-16T13:00,node/6260784864,La Cabaña,,,,41.3699161,2.1341331,0,49.13,162.49,53,30.5
2026-09-16T13:00,node/6260786193,Goiko Grill,,,,41.3656448,2.1357604,1,49.13,162.49,53,30.5
2026-09-16T13:00,node/6264834185,König,,,,41.3862163,2.1827612,1,49.13,162.49,53,30.5
2026-09-16T13:00,node/6298115913,N.A.P.,,,,41.3774834,2.1900137,0,49.13,162.49,53,30.5
2026-09-16T13:00,node/6316025985,L'Esclop,,,,41.3768262,2.1577412,0,49.13,162.49,53,30.5
2026-09-16T13:00,node/6330973943,Don Kilo,,,,41.3998564,2.1639573,0,49.13,162.49,53,30.5
2026-09-16T13:00,node/6333708759,SandwiChez,,,,41.3941488,2.1694356,0,49.13,162.49,53,30.5
2026-09-16T13:00,node/6334053687,Cafè Yafa,,,,41.3997495,2.1643963,0,49.13,162.49,53,30.5
2026-09-16T13:00,node/6334053692,La Mananta,,,,41.3994169,2.1648424,0,49.13,162.49,53,30.5
2026-09-16T13:00,node/6339732807,La Soca 2,,,,41.3912352,2.1594135,0,49.13,162.49,53,30.5
2026-09-16T13:00,node/6339732809,Creps Barcelona,,,,41.3905618,2.1590619,0,49.13,162.49,53,30.5
2026-09-16T13:00,node/6357834156,Les gens que j'aime bar,,,,41.3936947,2.1648505,0,49.13,162.49,53,30.5
2026-09-16T13:00,node/6381462875,Comarca Cuina L’Hocal,,,,41.3609203,2.1295937,1,49.13,162.49,53,30.5
2026-09-16T13:00,node/6424929026,Cafeteria Samy's,,,,41.3637433,2.1369241,0,49.13,162.49,53,30.5
2026-09-16T13:00,node/6424929700,Sakuraya,,,,41.3653001,2.1307952,1,49.13,162.49,53,30.5
2026-09-16T13:00,node/6431480513,Restaurant Bodega de Tapas,,,,41.3772493,2.1371156,1,49.13,162.49,53,30.5
2026-09-16T13:00,node/6431508292,Bodega Salvat,,,,41.3711848,2.1345217,1,49.13,162.49,53,30.5
2026-09-16T13:00,node/6431508293,Jaqueline's,,,,41.3682256,2.1345214,0,49.13,162.49,53,30.5
2026-09-16T13:00,node/6431508485,Japonia Café,,,,41.3806518,2.1387176,0,49.13,162.49,53,30.5
2026-09-16T13:00,node/6431508488,La Bodegueta de Sants,,,,41.3710695,2.1344235,1,49.13,162.49,53,30.5
2026-09-16T13:00,node/6431512182,Bar Montevideo,,,,41.3693939,2.1342386,1,49.13,162.49,53,30.5
2026-09-16T13:00,node/6431558869,Bar Alegría,,,,41.3629394,2.1373301,0,49.13,162.49,53,30.5
2026-09-16T13:00,node/6431559030,Bar El Faro,,,,41.3628529,2.1373795,0,49.13,162.49,53,30.5
2026-09-16T13:00,node/6433259684,Entre Copas,,,,41.3621672,2.0761548,1,49.13,162.49,53,30.5
2026-09-16T13:00,node/6438381289,Vera Café,,,,41.3883674,2.1779512,0,49.13,162.49,53,30.5
2026-09-16T13:00,node/6441451785,Líder de Istanbul,,,,41.3752687,2.1338088,0,49.13,162.49,53,30.5
2026-09-16T13:00,node/6445233216,Gyoza Bar,,,,41.3931059,2.1798949,1,49.13,162.49,53,30.5
2026-09-16T13:00,node/6450380989,Bar But,,,,41.3979648,2.1593688,0,49.13,162.49,53,30.5
2026-09-16T13:00,node/6450381086,La Porxada,,,,41.4030026,2.1637245,0,49.13,162.49,53,30.5
2026-09-16T13:00,node/6462934229,Concordia,,,,41.3864201,2.1321758,0,49.13,162.49,53,30.5
2026-09-16T13:00,node/6475037976,L'Oasi a Consell,,,,41.3830142,2.1547507,1,49.13,162.49,53,30.5
2026-09-16T13:00,node/6477273844,Fandango,,,,41.3982346,2.1423415,0,49.13,162.49,53,30.5
2026-09-16T13:00,node/6506313588,Antigua,,,,41.3980086,2.1492952,0,49.13,162.49,53,30.5
2026-09-16T13:00,node/6507308246,L'Antica Pizzeria Da Michele,,,,41.3928154,2.1682858,1,49.13,162.49,53,30.5
2026-09-16T13:00,node/6532206187,Yü Sushi,,,,41.4032734,2.2032208,0,49.13,162.49,53,30.5
2026-09-16T13:00,node/6532330793,La Xemeneia,,,,41.4016359,2.2048002,1,49.13,162.49,53,30.5
2026-09-16T13:00,node/6535101686,Alma Loca,,,,41.3992845,2.1970974,1,49.13,162.49,53,30.5
2026-09-16T13:00,node/6538194375,Mr. White,,,,41.3761815,2.1601126,1,49.13,162.49,53,30.5
2026-09-16T13:00,node/6568369188,Elpilar,,,,41.4000903,2.1489875,0,49.13,162.49,53,30.5
2026-09-16T13:00,node/6597321587,Welcome,,,,41.4065151,2.1509474,0,49.13,162.49,53,30.5
2026-09-16T13:00,node/6600189447,café bar juli-mac,,,,41.3782625,2.1239845,1,49.13,162.49,53,30.5
2026-09-16T13:00,node/6642989000,El Pa Sencer,,,,41.3835483,2.1341796,0,49.13,162.49,53,30.5
2026-09-16T13:00,node/6642989001,Ateneu Popular de les Corts,,,,41.3826968,2.1329407,0,49.13,162.49,53,30.5
2026-09-16T13:00,node/6680396487,La prorroga,,,,41.4032976,2.1567512,1,49.13,162.49,53,30.5
2026-09-16T13:00,node/6680687871,La Mar Salada,,,,41.3768035,2.1888904,0,49.13,162.49,53,30.5
2026-09-16T13:00,node/6681709948,Kiltro Gràcia,,,,41.4018317,2.1544539,0,49.13,162.49,53,30.5
2026-09-16T13:00,node/6710510485,Catedral 1951,,,,41.3849142,2.1757337,1,49.13,162.49,53,30.5
2026-09-16T13:00,node/6750944404,Brasaña,,,,41.3605721,2.1345777,1,49.13,162.49,53,30.5
2026-09-16T13:00,node/6757307686,Kitsu,,,,41.4017918,2.1543486,0,49.13,162.49,53,30.5
2026-09-16T13:00,node/6757314489,LomoAlto,,,,41.3936053,2.1663935,1,49.13,162.49,53,30.5
2026-09-16T13:00,node/6766273102,inti & chaska,,,,41.3886755,2.1599487,1,49.13,162.49,53,30.5
2026-09-16T13:00,node/6771863086,Montseny,,,,41.4070642,2.1804416,0,49.13,162.49,53,30.5
2026-09-16T13:00,node/6775495571,El Petit,,,,41.3298893,2.0988681,1,49.13,162.49,53,30.5
2026-09-16T13:00,node/6782427526,Híbrid Cafè Restaurant,,,,41.3771219,2.1203336,1,49.13,162.49,53,30.5
2026-09-16T13:00,node/6786006588,365,,,,41.3820297,2.1697221,1,49.13,162.49,53,30.5
2026-09-16T13:00,node/6790695789,El Rincón de la Abuela Venezolana,,,,41.4058359,2.1788147,0,49.13,162.49,53,30.5
2026-09-16T13:00,node/6805613085,Bar la Cabaña,,,,41.4071784,2.1778546,1,49.13,162.49,53,30.5
2026-09-16T13:00,node/6812099686,La Xurreria de Maria,,,,41.4050102,2.1750002,1,49.13,162.49,53,30.5
2026-09-16T13:00,node/6821384885,Blu Bar,,,,41.3983358,2.2045648,1,49.13,162.49,53,30.5
2026-09-16T13:00,node/6835358009,Murivecci,,,,41.3874075,2.1828282,1,49.13,162.49,53,30.5
2026-09-16T13:00,node/6852974547,Garrido,,,,41.3603039,2.1401381,1,49.13,162.49,53,30.5
2026-09-16T13:00,node/6852994516,La Patatona,,,,41.3604651,2.1400108,1,49.13,162.49,53,30.5
2026-09-16T13:00,node/6855027201,Bar Sandwicheria Enka 3,,,,41.3758876,2.1221107,1,49.13,162.49,53,30.5
2026-09-16T13:00,node/6871523347,Cafe Punto 10,,,,41.3805947,2.1364501,0,49.13,162.49,53,30.5
2026-09-16T13:00,node/6914132390,El Nou Ramonet,,,,41.3817315,2.1876268,0,49.13,162.49,53,30.5
2026-09-16T13:00,node/6946328085,Cremat 11,,,,41.3855109,2.1810205,0,49.13,162.49,53,30.5
2026-09-16T13:00,node/6973926711,Syra Coffee,,,,41.3965047,2.1941864,1,49.13,162.49,53,30.5
2026-09-16T13:00,node/6983227455,SNOOKER - Cocteles y Billarea,,,,41.3921561,2.1703663,1,49.13,162.49,53,30.5
2026-09-16T13:00,node/7002869606,Chebú,,,,41.3791162,2.1515085,0,49.13,162.49,53,30.5
2026-09-16T13:00,node/7003296923,Triple Sec,,,,41.3747448,2.1609868,0,49.13,162.49,53,30.5
2026-09-16T13:00,node/7004598841,Orange Coffee,,,,41.4052864,2.1712189,0,49.13,162.49,53,30.5
2026-09-16T13:00,node/7014308129,Bar Bodega Lentejil,,,,41.4429922,2.2175094,1,49.13,162.49,53,30.5
2026-09-16T13:00,node/7017780931,Yoüme,,,,41.3835882,2.1541892,0,49.13,162.49,53,30.5
2026-09-16T13:00,node/7098025886,El Club del Café,,,,41.4340729,2.1892624,1,49.13,162.49,53,30.5
2026-09-16T13:00,node/7124857728,Cabo,,,,41.3964797,2.1851438,1,49.13,162.49,53,30.5
2026-09-16T13:00,node/7132160620,Santagloria,,,,41.3863926,2.1243567,0,49.13,162.49,53,30.5
2026-09-16T13:00,node/7141587085,La Cereria,,,,41.3815426,2.1767152,0,49.13,162.49,53,30.5
2026-09-16T13:00,node/7150994121,Vivari,,,,41.3998419,2.1775677,0,49.13,162.49,53,30.5
2026-09-16T13:00,node/7234692489,Van van var,,,,41.3942304,2.1901096,1,49.13,162.49,53,30.5
2026-09-16T13:00,node/7318977151,,,,,41.3711664,2.1434617,1,49.13,162.49,53,30.5
2026-09-16T13:00,node/7318977155,Bar Joaquim,,,,41.3704145,2.1424922,1,49.13,162.49,53,30.5
2026-09-16T13:00,node/7318977156,Vivari,,,,41.3686165,2.1410874,1,49.13,162.49,53,30.5
2026-09-16T13:00,node/7431790448,Santagloria,,,,41.3896086,2.1200086,1,49.13,162.49,53,30.5
2026-09-16T13:00,node/7438491414,,,,,41.3733479,2.1301506,0,49.13,162.49,53,30.5
2026-09-16T13:00,node/7504941029,Iberic Fusión Platja,,,,41.4380577,2.2431806,1,49.13,162.49,53,30.5
2026-09-16T13:00,node/7504941031,l'Altre Can Mario's,,,,41.4405591,2.2418866,1,49.13,162.49,53,30.5
2026-09-16T13:00,node/7504941033,L'Esmolet,,,,41.4432993,2.2460741,1,49.13,162.49,53,30.5
2026-09-16T13:00,node/7504941035,la Masia de la Xesca,,,,41.4452013,2.2417838,1,49.13,162.49,53,30.5
2026-09-16T13:00,node/7556742593,Menjador del Centre,,,,41.4009756,2.2000272,0,49.13,162.49,53,30.5
2026-09-16T13:00,node/7563962192,Passeig9,,,,41.4014488,2.2009478,1,49.13,162.49,53,30.5
2026-09-16T13:00,node/7600529740,Restaurante La Flama,,,,41.3514861,2.1114722,1,49.13,162.49,53,30.5
2026-09-16T13:00,node/7618205068,El Pellizquito,,,,41.3501292,2.1105817,1,49.13,162.49,53,30.5
2026-09-16T13:00,node/7640514041,Bar Plaça Carles Buïgas,,,,41.3711833,2.1510204,1,49.13,162.49,53,30.5
2026-09-16T13:00,node/7644933199,Almirall,,,,41.4100171,2.1883052,1,49.13,162.49,53,30.5
2026-09-16T13:00,node/7704818539,Bar Granja Rocxi,,,,41.3744206,2.1339573,1,49.13,162.49,53,30.5
2026-09-16T13:00,node/7704818548,Cafès Caracas,,,,41.3748038,2.1328052,0,49.13,162.49,53,30.5
2026-09-16T13:00,node/7706832792,Cru Sants,,,,41.3721342,2.1286919,1,49.13,162.49,53,30.5
2026-09-16T13:00,node/7736420790,Mamma Italia,,,,41.3764642,2.1234304,1,49.13,162.49,53,30.5
2026-09-16T13:00,node/7772770550,Eqvilibrivm Café,,,,41.3973065,2.1697662,0,49.13,162.49,53,30.5
2026-09-16T13:00,node/7838098454,El Caserón,,,,41.3838275,2.1398498,0,49.13,162.49,53,30.5
2026-09-16T13:00,node/7925586104,Delicream,,,,41.4572921,2.2290688,1,49.13,162.49,53,30.5
2026-09-16T13:00,node/7989010587,Castañeiras,,,,41.4100358,2.1760296,0,49.13,162.49,53,30.5
2026-09-16T13:00,node/7999604058,Lilo brunch,,,,41.3873718,2.1627034,1,49.13,162.49,53,30.5
2026-09-16T13:00,node/7999616840,Bellillo,,,,41.3879362,2.1620483,0,49.13,162.49,53,30.5
2026-09-16T13:00,node/8034999886,Costa Dorada,,,,41.3980284,2.1986941,1,49.13,162.49,53,30.5
2026-09-16T13:00,node/8046554489,Sport,,,,41.4001224,2.2000188,0,49.13,162.49,53,30.5
2026-09-16T13:00,node/8049731595,Echegaray,,,,41.4018684,2.2023424,0,49.13,162.49,53,30.5
2026-09-16T13:00,node/8049732292,Doroteo,,,,41.4029636,2.2006718,0,49.13,162.49,53,30.5
2026-09-16T13:00,node/8064873985,Saramar,,,,41.3957712,2.1953013,1,49.13,162.49,53,30.5
2026-09-16T13:00,node/8077128420,Tío Bigotes,,,,41.4013922,2.2028846,0,49.13,162.49,53,30.5
2026-09-16T13:00,manual/488492e9,Bar Viejo Cafe,Bar,yes,"Carrer de la Independència, 306, Sant Martí, 08026 Barcelona",41.4116,2.1794,0,49.13,162.49,53,30.5
2026-09-16T13:00,manual/c52f6190,New 88 Bar-Cafeteria,bar,yes,,41.4094505,2.1789589,0,49.13,162.49,53,30.5
2026-09-16T13:00,manual/5d2ea7ea,Restaurant Papá Nico,bar,yes,,41.4094505,2.1789589,0,49.13,162.49,53,30.5
2026-09-16T13:00,manual/c980e39e,Restaurant El Clot,restaurant,yes,,41.4087697,2.1875592,0,49.13,162.49,53,30.5
2026-09-16T14:00,relation/18317100,,,,,41.42,2.1188352,1,50.29,185.7,79,30.8
2026-09-16T14:00,node/208984374,Central Rambla,,,,41.3782716,2.1761732,0,50.29,185.7,79,30.8
2026-09-16T14:00,way/217583616,Can Fisher,,,,41.3946034,2.2062292,1,50.29,185.7,79,30.8
2026-09-16T14:00,way/245214117,la Caseta del Migdia,,,,41.3596833,2.1607145,1,50.29,185.7,79,30.8
2026-09-16T14:00,way/246717741,Mirablau,,,,41.4160323,2.1319129,1,50.29,185.7,79,30.8
2026-09-16T14:00,way/249404809,PURO,,,,41.3911248,2.1461635,0,50.29,185.7,79,30.8
2026-09-16T14:00,way/268912897,Can Cortada,,,,41.4362503,2.1524833,1,50.29,185.7,79,30.8
2026-09-16T14:00,way/315387188,Temple del Metall,,,,41.4741706,2.1662317,1,50.29,185.7,79,30.8
2026-09-16T14:00,way/392926648,Pacha,,,,41.3857491,2.1970415,1,50.29,185.7,79,30.8
2026-09-16T14:00,way/412702054,Camping,,,,41.3953192,2.2042386,1,50.29,185.7,79,30.8
2026-09-16T14:00,way/443599336,Asador Casa Juaco,,,,41.4476663,2.1426909,1,50.29,185.7,79,30.8
2026-09-16T14:00,way/446002194,La Base by Farré,,,,41.3967358,2.2101884,1,50.29,185.7,79,30.8
2026-09-16T14:00,node/476327681,Can Paixano,,,,41.3817618,2.1834151,0,50.29,185.7,79,30.8
2026-09-16T14:00,node/506202703,Bar Almogávares,,,,41.3962323,2.1890864,1,50.29,185.7,79,30.8
2026-09-16T14:00,way/519771543,Restaurant Can Cases,,,,41.4343885,2.0985276,1,50.29,185.7,79,30.8
2026-09-16T14:00,node/534367691,Sant Bartomeu,,,,41.3755248,2.1346488,0,50.29,185.7,79,30.8
2026-09-16T14:00,node/643022131,Euro Bar-Tapas,,,,41.4342324,2.2161197,1,50.29,185.7,79,30.8
2026-09-16T14:00,node/643429648,Joan Figuera,,,,41.4336545,2.2169391,1,50.29,185.7,79,30.8
2026-09-16T14:00,node/643496696,El rincón de Willy,,,,41.4380246,2.2180623,1,50.29,185.7,79,30.8
2026-09-16T14:00,node/643496704,Bar Somni d'estiu,,,,41.4382361,2.2166687,1,50.29,185.7,79,30.8
2026-09-16T14:00,way/655221168,L'Ovella Negra Marina,,,,41.3960196,2.1901331,1,50.29,185.7,79,30.8
2026-09-16T14:00,node/660004524,Bocatapa Can Manel,,,,41.4413833,2.2212875,1,50.29,185.7,79,30.8
2026-09-16T14:00,node/672140180,Kasparo,,,,41.3844847,2.1690087,1,50.29,185.7,79,30.8
2026-09-16T14:00,node/704031158,Café Zurich,,,,41.3858504,2.1694606,1,50.29,185.7,79,30.8
2026-09-16T14:00,node/704042058,Starbucks,,,,41.3888305,2.1719117,1,50.29,185.7,79,30.8
2026-09-16T14:00,node/704058886,Tapa Tapa,,,,41.3916926,2.1660167,1,50.29,185.7,79,30.8
2026-09-16T14:00,node/704060428,Oassis Natural Cooking,,,,41.3901637,2.1678915,1,50.29,185.7,79,30.8
2026-09-16T14:00,node/704066257,Ciutat Comtal,,,,41.3888272,2.1668833,1,50.29,185.7,79,30.8
2026-09-16T14:00,node/704066614,Taller de Tapas,,,,41.3905645,2.1639038,0,50.29,185.7,79,30.8
2026-09-16T14:00,way/707305723,Bar Frankfurt Cafeteria Fabregada,,,,41.3561748,2.1108239,1,50.29,185.7,79,30.8
2026-09-16T14:00,node/745947750,Bar Geminis,,,,41.3976224,2.1807778,0,50.29,185.7,79,30.8
2026-09-16T14:00,node/765796519,La Cafetera,,,,41.4049767,2.1575215,0,50.29,185.7,79,30.8
2026-09-16T14:00,node/814006271,Les 15 Nits Bar,,,,41.3804529,2.1749778,1,50.29,185.7,79,30.8
2026-09-16T14:00,node/819552792,Bracafe,,,,41.3944249,2.1675209,1,50.29,185.7,79,30.8
2026-09-16T14:00,node/824476551,Caleuche,,,,41.3761526,2.1686172,0,50.29,185.7,79,30.8
2026-09-16T14:00,node/830462039,Bar Restaurant Angela,,,,41.4043015,2.1949428,1,50.29,185.7,79,30.8
2026-09-16T14:00,way/907005766,Chevy's Bar,,,,41.4143731,2.2289499,1,50.29,185.7,79,30.8
2026-09-16T14:00,way/969257968,,,,,41.3793991,2.1073385,1,50.29,185.7,79,30.8
2026-09-16T14:00,way/1063378975,Bar Restaurant Oliver,,,,41.3469215,2.1546999,1,50.29,185.7,79,30.8
2026-09-16T14:00,node/1072798261,Taverna del Bisbe,,,,41.3849254,2.1766628,1,50.29,185.7,79,30.8
2026-09-16T14:00,node/1072800838,El Cafè D'en Victor,,,,41.3847931,2.1767008,0,50.29,185.7,79,30.8
2026-09-16T14:00,node/1083144027,Los Caracoles,,,,41.3796584,2.1765082,0,50.29,185.7,79,30.8
2026-09-16T14:00,node/1092685793,Elche,,,,41.3739754,2.1691488,0,50.29,185.7,79,30.8
2026-09-16T14:00,way/1112240803,ForumStation,,,,41.4096655,2.2221501,1,50.29,185.7,79,30.8
2026-09-16T14:00,node/1177498341,Casa Vall,,,,41.4074238,2.1585521,0,50.29,185.7,79,30.8
2026-09-16T14:00,node/1192698924,Bilbao Berria,,,,41.3841976,2.1748665,0,50.29,185.7,79,30.8
2026-09-16T14:00,node/1192699873,Tapas 24,,,,41.3908686,2.1674705,1,50.29,185.7,79,30.8
2026-09-16T14:00,way/1200964257,Chiringuito Joan Miro,,,,41.3789977,2.1478116,1,50.29,185.7,79,30.8
2026-09-16T14:00,node/1264182304,Tosca del Carme,,,,41.3819482,2.1695795,0,50.29,185.7,79,30.8
2026-09-16T14:00,node/1280416455,Carballeira,,,,41.4442679,2.2217701,1,50.29,185.7,79,30.8
2026-09-16T14:00,way/1300745688,La Casona de Sant Just,,,,41.3833348,2.0735139,1,50.29,185.7,79,30.8
2026-09-16T14:00,node/1310450869,El Filete Ruso,,,,41.3925451,2.1558968,0,50.29,185.7,79,30.8
2026-09-16T14:00,node/1312325106,La Palmera,,,,41.4144229,2.1385123,0,50.29,185.7,79,30.8
2026-09-16T14:00,node/1314943380,Mescladís del Pou,,,,41.3870865,2.1803497,1,50.29,185.7,79,30.8
2026-09-16T14:00,node/1335697982,,,,,41.3608771,2.1101417,1,50.29,185.7,79,30.8
2026-09-16T14:00,way/1368167814,Natura Beach. El Chiringuito,,,,41.4028929,2.2157443,1,50.29,185.7,79,30.8
2026-09-16T14:00,node/1420760625,Tapeo,,,,41.4044988,2.1554811,0,50.29,185.7,79,30.8
2026-09-16T14:00,node/1420760630,Diamant,,,,41.4042174,2.1555899,0,50.29,185.7,79,30.8
2026-09-16T14:00,node/1428867664,Café Berlin,,,,41.3943566,2.1494599,1,50.29,185.7,79,30.8
2026-09-16T14:00,node/1430537485,Oasis Restaurant,,,,41.3827219,2.1847191,1,50.29,185.7,79,30.8
2026-09-16T14:00,node/1445598557,Bracafe,,,,41.3948025,2.1817533,1,50.29,185.7,79,30.8
2026-09-16T14:00,node/1554649942,Torrades,,,,41.4375721,2.1566095,1,50.29,185.7,79,30.8
2026-09-16T14:00,node/1554649988,La Panera,,,,41.4374756,2.1563359,0,50.29,185.7,79,30.8
2026-09-16T14:00,node/1658425572,Rebeka,,,,41.3967185,2.1890325,1,50.29,185.7,79,30.8
2026-09-16T14:00,node/1685949861,Cerveceria Milenium 2,,,,41.3534566,2.0866307,1,50.29,185.7,79,30.8
2026-09-16T14:00,node/1711342192,Calero's Centre,,,,41.3744728,2.1349721,1,50.29,185.7,79,30.8
2026-09-16T14:00,node/1722136431,Cervecería Catalana,,,,41.3924032,2.1609008,1,50.29,185.7,79,30.8
2026-09-16T14:00,node/1739122591,La Tagliatella,,,,41.3943371,2.1521208,0,50.29,185.7,79,30.8
2026-09-16T14:00,node/1813593370,Bar Capricornio,,,,41.4381257,2.2179547,1,50.29,185.7,79,30.8
2026-09-16T14:00,node/1820633320,CASA TEVA,,,,41.3752815,2.1166845,1,50.29,185.7,79,30.8
2026-09-16T14:00,node/1824133931,Carmesí,,,,41.3737373,2.1644452,1,50.29,185.7,79,30.8
2026-09-16T14:00,node/1948986220,Cafeteria UPF Jaume I,,,,41.3900298,2.1901118,1,50.29,185.7,79,30.8
2026-09-16T14:00,node/1948987514,Cafeteria UPF Roger de Lluria,,,,41.3886776,2.1915119,0,50.29,185.7,79,30.8
2026-09-16T14:00,node/1951812612,Casa Pagès,,,,41.3998447,2.1613114,0,50.29,185.7,79,30.8
2026-09-16T14:00,node/1960366982,Casa Amalia,,,,41.3962525,2.1685646,0,50.29,185.7,79,30.8
2026-09-16T14:00,node/1984001407,Bar de la FIB,,,,41.3894239,2.1132363,1,50.29,185.7,79,30.8
2026-09-16T14:00,node/2034780565,Cerbeseria Lesseps,,,,41.4073551,2.1514486,1,50.29,185.7,79,30.8
2026-09-16T14:00,node/2034780569,L'Brasseria,,,,41.4067629,2.1516314,0,50.29,185.7,79,30.8
2026-09-16T14:00,node/2056517879,Caelum,,,,41.3830524,2.1744369,0,50.29,185.7,79,30.8
2026-09-16T14:00,node/2065469522,Restaurant Pipa,,,,41.3997461,2.2003004,1,50.29,185.7,79,30.8
2026-09-16T14:00,node/2087204991,La Sanguchería,,,,41.3954987,2.1484037,0,50.29,185.7,79,30.8
2026-09-16T14:00,node/2091604731,Tapa Tapa,,,,41.3762094,2.1500463,1,50.29,185.7,79,30.8
2026-09-16T14:00,node/2112843062,El Vaixell-2,,,,41.4541291,2.2350201,1,50.29,185.7,79,30.8
2026-09-16T14:00,node/2165154147,Asador de Lugo,,,,41.3797623,2.1376748,0,50.29,185.7,79,30.8
2026-09-16T14:00,node/2184580476,Bar del Pi,,,,41.3824922,2.1739624,0,50.29,185.7,79,30.8
2026-09-16T14:00,node/2187210264,Sopa,,,,41.4023416,2.1952788,1,50.29,185.7,79,30.8
2026-09-16T14:00,node/2197824500,Tierra del fuego,,,,41.4016702,2.2016399,1,50.29,185.7,79,30.8
2026-09-16T14:00,node/2213839299,Pollo Rico,,,,41.3791045,2.1721976,0,50.29,185.7,79,30.8
2026-09-16T14:00,node/2364075421,Chen-Ji,,,,41.3936143,2.1807074,1,50.29,185.7,79,30.8
2026-09-16T14:00,node/2434563732,La Bella Napoli,,,,41.3743686,2.1637621,0,50.29,185.7,79,30.8
2026-09-16T14:00,node/2442785485,El Círcol,,,,41.4501968,2.2474223,1,50.29,185.7,79,30.8
2026-09-16T14:00,node/2468197823,365 Cafeteria Forn de Pa,,,,41.3752071,2.1635151,1,50.29,185.7,79,30.8
2026-09-16T14:00,node/2476332030,Bar Lennon,,,,41.4028901,2.1612576,0,50.29,185.7,79,30.8
2026-09-16T14:00,node/2500906795,Bar Lúdic Queimada Nivell Q,,,,41.4094152,2.1808913,0,50.29,185.7,79,30.8
2026-09-16T14:00,node/2598482930,Con Gracia,,,,41.3990704,2.1600617,0,50.29,185.7,79,30.8
2026-09-16T14:00,node/2609183969,Fukuoka,,,,41.4022587,2.1612976,0,50.29,185.7,79,30.8
2026-09-16T14:00,node/2610750687,Xiringuito Aigua,,,,41.4096717,2.1683236,1,50.29,185.7,79,30.8
2026-09-16T14:00,node/2618447074,Vegetalia,,,,41.3803973,2.1776952,0,50.29,185.7,79,30.8
2026-09-16T14:00,node/2618538581,Veggie Garden,,,,41.3822767,2.1680336,0,50.29,185.7,79,30.8
2026-09-16T14:00,node/2618538595,Biocenter,,,,41.3825765,2.1694364,0,50.29,185.7,79,30.8
2026-09-16T14:00,node/2684052224,Pai Mei,,,,41.4051863,2.1931071,0,50.29,185.7,79,30.8
2026-09-16T14:00,node/2687089274,Dolça Estona,,,,41.4117096,2.1394938,0,50.29,185.7,79,30.8
2026-09-16T14:00,node/2689736934,Bar Bodega Molina,,,,41.4403298,2.1817019,0,50.29,185.7,79,30.8
2026-09-16T14:00,node/2721077740,Bar Veni,,,,41.3848861,2.1667078,0,50.29,185.7,79,30.8
2026-09-16T14:00,node/2727449418,Las Euras,,,,41.3998785,2.1577187,0,50.29,185.7,79,30.8
2026-09-16T14:00,node/2793491051,La bona tapa,,,,41.4368098,2.2166172,1,50.29,185.7,79,30.8
2026-09-16T14:00,node/2892028393,Kino,,,,41.3825992,2.1665452,0,50.29,185.7,79,30.8
2026-09-16T14:00,node/2892037115,23 Robadors,,,,41.3796029,2.1708903,0,50.29,185.7,79,30.8
2026-09-16T14:00,node/2910255826,Shôko,,,,41.3854991,2.1969746,1,50.29,185.7,79,30.8
2026-09-16T14:00,node/2910255827,Opium,,,,41.3852778,2.1967099,1,50.29,185.7,79,30.8
2026-09-16T14:00,node/2927944587,Tapas Tapas!,,,,41.3745104,2.1829399,1,50.29,185.7,79,30.8
2026-09-16T14:00,node/2951499208,El racó d'en Henry,,,,41.4394757,2.2215013,1,50.29,185.7,79,30.8
2026-09-16T14:00,node/2966340931,El Capritx,,,,41.4022886,2.1998883,0,50.29,185.7,79,30.8
2026-09-16T14:00,node/2968119440,Can Tresó,,,,41.4028999,2.1537483,0,50.29,185.7,79,30.8
2026-09-16T14:00,node/2969276727,La Sirena Verde,,,,41.4027605,2.1657128,1,50.29,185.7,79,30.8
2026-09-16T14:00,node/2969277275,Café de l'Eixample,,,,41.4005021,2.1690108,1,50.29,185.7,79,30.8
2026-09-16T14:00,node/2970751844,Taverna El Disbarat,,,,41.4017728,2.1545227,0,50.29,185.7,79,30.8
2026-09-16T14:00,node/3007755352,La Pausa,,,,41.4071883,2.1557816,1,50.29,185.7,79,30.8
2026-09-16T14:00,node/3007803307,Oh La Lá,,,,41.4460123,2.2485803,1,50.29,185.7,79,30.8
2026-09-16T14:00,node/3048077142,L'Aliança del Poblenou,,,,41.3997067,2.2032276,0,50.29,185.7,79,30.8
2026-09-16T14:00,node/3049368344,Clot76,,,,41.4082815,2.1885259,0,50.29,185.7,79,30.8
2026-09-16T14:00,node/3084370508,Marina Bay By Moncho's,,,,41.3863077,2.1975017,1,50.29,185.7,79,30.8
2026-09-16T14:00,node/3084507933,Caravelle,,,,41.3822872,2.1688475,0,50.29,185.7,79,30.8
2026-09-16T14:00,node/3120072573,Bar Restaurant Nàutic,,,,41.3806088,2.1408397,1,50.29,185.7,79,30.8
2026-09-16T14:00,node/3177990194,Mezcal Taco Bar,,,,41.3830563,2.1554872,1,50.29,185.7,79,30.8
2026-09-16T14:00,node/3270120640,Luigi,,,,41.3862659,2.1753788,0,50.29,185.7,79,30.8
2026-09-16T14:00,node/3271554311,Al Sultán,,,,41.4035661,2.1554863,0,50.29,185.7,79,30.8
2026-09-16T14:00,node/3328694987,Nou Candanchú,,,,41.4005128,2.1576475,1,50.29,185.7,79,30.8
2026-09-16T14:00,node/3339670930,Bahia,,,,41.3803265,2.1774842,0,50.29,185.7,79,30.8
2026-09-16T14:00,node/3441700493,Santos Tapas,,,,41.3818417,2.1745121,0,50.29,185.7,79,30.8
2026-09-16T14:00,node/3491476947,Bar del Pla,,,,41.3856036,2.1800221,0,50.29,185.7,79,30.8
2026-09-16T14:00,node/3496970198,Centre Cívic Can Deu,,,,41.3869027,2.1327794,0,50.29,185.7,79,30.8
2026-09-16T14:00,node/3504769719,El Rincón,,,,41.3908977,2.1900669,1,50.29,185.7,79,30.8
2026-09-16T14:00,node/3517276245,Bar Canigó,,,,41.4029724,2.1579186,1,50.29,185.7,79,30.8
2026-09-16T14:00,node/3522552400,Àpat's,,,,41.3757617,2.1419109,0,50.29,185.7,79,30.8
2026-09-16T14:00,node/3548547194,El Bon Menjador - 2,,,,41.4388101,2.2172863,1,50.29,185.7,79,30.8
2026-09-16T14:00,node/3548548998,Bar Morales,,,,41.4395878,2.2165237,1,50.29,185.7,79,30.8
2026-09-16T14:00,node/3548613495,Bar Paula's Tapería,,,,41.4385437,2.2175484,1,50.29,185.7,79,30.8
2026-09-16T14:00,node/3556089494,Delicias Mediterráneas,,,,41.4415079,2.2267435,1,50.29,185.7,79,30.8
2026-09-16T14:00,node/3556089497,Xurreria Rodríguez,,,,41.4416928,2.2264651,1,50.29,185.7,79,30.8
2026-09-16T14:00,node/3556089803,Bar de La Salut,,,,41.4422594,2.2258792,1,50.29,185.7,79,30.8
2026-09-16T14:00,node/3560942698,Sandvitxeria Alhociema,,,,41.4443624,2.2236761,1,50.29,185.7,79,30.8
2026-09-16T14:00,node/3560955995,Centro Cultural Castellano-manchego,,,,41.4390698,2.2176297,1,50.29,185.7,79,30.8
2026-09-16T14:00,node/3595399490,Bar Familiar,,,,41.4359163,2.2182018,1,50.29,185.7,79,30.8
2026-09-16T14:00,node/3595399769,La granja de Casablanca,,,,41.4357671,2.2189395,1,50.29,185.7,79,30.8
2026-09-16T14:00,node/3595401238,Bar Alcázar,,,,41.4365542,2.2183742,1,50.29,185.7,79,30.8
2026-09-16T14:00,node/3596986411,Agrupación Cultural Galega Agarimos,,,,41.4358268,2.2165495,1,50.29,185.7,79,30.8
2026-09-16T14:00,node/3612059306,Nabuco Tiramisú,,,,41.4004523,2.1577244,1,50.29,185.7,79,30.8
2026-09-16T14:00,node/3620986554,Yamane,,,,41.3868061,2.1808426,0,50.29,185.7,79,30.8
2026-09-16T14:00,node/3620991692,Yamaneko-ryouri,,,,41.4016619,2.1447787,0,50.29,185.7,79,30.8
2026-09-16T14:00,node/3624045193,Bar-Granja Maribel,,,,41.4399092,2.2235793,1,50.29,185.7,79,30.8
2026-09-16T14:00,node/3624045293,Bar La Cantonada,,,,41.4396227,2.2242325,1,50.29,185.7,79,30.8
2026-09-16T14:00,node/3713349650,Groin's,,,,41.4108415,2.1637178,1,50.29,185.7,79,30.8
2026-09-16T14:00,node/3718061014,Bar Calders,,,,41.3764788,2.1623937,1,50.29,185.7,79,30.8
2026-09-16T14:00,node/3730796125,Buenas Migas,,,,41.3975542,2.1587856,1,50.29,185.7,79,30.8
2026-09-16T14:00,node/3761312382,La Fonda,,,,41.3793598,2.1762144,0,50.29,185.7,79,30.8
2026-09-16T14:00,node/3777075876,Oaxaca,,,,41.3821041,2.1838988,0,50.29,185.7,79,30.8
2026-09-16T14:00,node/3779149860,EsPan's,,,,41.4349094,2.2194667,1,50.29,185.7,79,30.8
2026-09-16T14:00,node/3794002044,Samurai Ramen,,,,41.3736753,2.1548947,1,50.29,185.7,79,30.8
2026-09-16T14:00,node/3804046057,Robata Sushi & Grill,,,,41.3904886,2.1585836,0,50.29,185.7,79,30.8
2026-09-16T14:00,node/3809169458,Freiduría El Boquerón,,,,41.4400822,2.2264769,1,50.29,185.7,79,30.8
2026-09-16T14:00,node/3809169459,Marisquería Melchor,,,,41.4401715,2.2266602,1,50.29,185.7,79,30.8
2026-09-16T14:00,node/3809169461,Elhotro bar,,,,41.4401247,2.2268506,1,50.29,185.7,79,30.8
2026-09-16T14:00,node/3809169658,Carte d'Or,,,,41.4403068,2.2274065,1,50.29,185.7,79,30.8
2026-09-16T14:00,node/3809169668,Vivari,,,,41.4408122,2.2271125,1,50.29,185.7,79,30.8
2026-09-16T14:00,node/3809169669,Pantaiberic delicatessen,,,,41.4408174,2.2269502,1,50.29,185.7,79,30.8
2026-09-16T14:00,node/3840009426,La Esquinica,,,,41.4304816,2.1712169,1,50.29,185.7,79,30.8
2026-09-16T14:00,node/3874539219,Café del Centre,,,,41.3946111,2.1712059,0,50.29,185.7,79,30.8
2026-09-16T14:00,node/3890922254,Characato,,,,41.4046885,2.1836218,0,50.29,185.7,79,30.8
2026-09-16T14:00,node/3901403358,Les Dues Sicilies,,,,41.3866097,2.1802613,0,50.29,185.7,79,30.8
2026-09-16T14:00,node/3955968257,El racó de les Glòries,,,,41.3986109,2.1978895,1,50.29,185.7,79,30.8
2026-09-16T14:00,node/4060217594,Matt & Marshall,,,,41.3993348,2.1997769,1,50.29,185.7,79,30.8
2026-09-16T14:00,node/4073605889,Mariscco,,,,41.3804885,2.1753271,1,50.29,185.7,79,30.8
2026-09-16T14:00,node/4126257971,Xixbar,,,,41.3758485,2.1576176,0,50.29,185.7,79,30.8
2026-09-16T14:00,node/4127494769,Vapiano,,,,41.3788941,2.1758361,1,50.29,185.7,79,30.8
2026-09-16T14:00,node/4138815989,Nømad Cøffee,,,,41.3889108,2.1771731,0,50.29,185.7,79,30.8
2026-09-16T14:00,node/4150499794,El 68,,,,41.4023622,2.1612062,0,50.29,185.7,79,30.8
2026-09-16T14:00,node/4166496789,Bar Thonet Grill Room,,,,41.3792408,2.1761073,0,50.29,185.7,79,30.8
2026-09-16T14:00,node/4168100800,Cervecería Frankfurt Europa,,,,41.4396191,2.2191504,1,50.29,185.7,79,30.8
2026-09-16T14:00,node/4225209596,Bar El Velodromo,,,,41.3934442,2.1501395,0,50.29,185.7,79,30.8
2026-09-16T14:00,node/4225810298,Bar Nolla,,,,41.3905504,2.1647825,1,50.29,185.7,79,30.8
2026-09-16T14:00,node/4233959493,Pastisseria Granja,,,,41.3795042,2.1792309,0,50.29,185.7,79,30.8
2026-09-16T14:00,node/4239222689,Rekons,,,,41.3806195,2.1610796,1,50.29,185.7,79,30.8
2026-09-16T14:00,node/4244877765,Bar La Peña,,,,41.4404265,2.2170329,1,50.29,185.7,79,30.8
2026-09-16T14:00,node/4247196393,cal mariner,,,,41.3791754,2.1898206,0,50.29,185.7,79,30.8
2026-09-16T14:00,node/4253851490,El Trencadís,,,,41.3937976,2.1655309,0,50.29,185.7,79,30.8
2026-09-16T14:00,node/4253862889,Hummus,,,,41.3912547,2.1611975,0,50.29,185.7,79,30.8
2026-09-16T14:00,node/4254090289,La tasqueta de Blai,,,,41.3733347,2.1652358,0,50.29,185.7,79,30.8
2026-09-16T14:00,node/4254094290,Rosa Negra,,,,41.3819164,2.1687596,1,50.29,185.7,79,30.8
2026-09-16T14:00,node/4254704967,Firebug Brunch,,,,41.3927459,2.1778691,0,50.29,185.7,79,30.8
2026-09-16T14:00,node/4254996890,La Macchina,,,,41.4030005,2.1535966,0,50.29,185.7,79,30.8
2026-09-16T14:00,node/4267035492,Kebabish,,,,41.4409198,2.2217884,1,50.29,185.7,79,30.8
2026-09-16T14:00,node/4267055591,La cantina del tapeo,,,,41.4420999,2.2200224,1,50.29,185.7,79,30.8
2026-09-16T14:00,node/4278033120,Buenas Migas,,,,41.3838044,2.1696233,0,50.29,185.7,79,30.8
2026-09-16T14:00,node/4283188047,Granja Romaní,,,,41.4348618,2.2179712,1,50.29,185.7,79,30.8
2026-09-16T14:00,node/4283194434,Bar La Paradeta,,,,41.4337773,2.2167771,1,50.29,185.7,79,30.8
2026-09-16T14:00,node/4291934189,Fonda Espanya,,,,41.3799009,2.1728032,0,50.29,185.7,79,30.8
2026-09-16T14:00,node/4306440989,Blai 9,,,,41.3730722,2.1658539,0,50.29,185.7,79,30.8
2026-09-16T14:00,node/4314857689,El punt,,,,41.4413807,2.2316251,1,50.29,185.7,79,30.8
2026-09-16T14:00,node/4314859689,Versace,,,,41.4337089,2.2172203,1,50.29,185.7,79,30.8
2026-09-16T14:00,node/4315715092,Petit Comitè,,,,41.3943551,2.1600308,0,50.29,185.7,79,30.8
2026-09-16T14:00,node/4321183403,Brunch & Cake,,,,41.3882834,2.1615596,0,50.29,185.7,79,30.8
2026-09-16T14:00,node/4336933393,Mayura,,,,41.3938992,2.1720914,0,50.29,185.7,79,30.8
2026-09-16T14:00,node/4340119890,VIENA,,,,41.3579934,2.1293918,1,50.29,185.7,79,30.8
2026-09-16T14:00,node/4349925690,Nemrut,,,,41.3810051,2.1772158,0,50.29,185.7,79,30.8
2026-09-16T14:00,node/4350019284,Palosanto,,,,41.3808122,2.1772701,1,50.29,185.7,79,30.8
2026-09-16T14:00,node/4364289794,Faborit Casa Amatller,,,,41.3915836,2.1650592,0,50.29,185.7,79,30.8
2026-09-16T14:00,node/4386702690,Red Ant Noodle Bar,,,,41.3880129,2.1810961,0,50.29,185.7,79,30.8
2026-09-16T14:00,node/4396244190,Fresc Co,,,,41.3891657,2.1969678,1,50.29,185.7,79,30.8
2026-09-16T14:00,node/4401234193,BlackLab Brewhouse & Kitchen,,,,41.3812305,2.1854573,1,50.29,185.7,79,30.8
2026-09-16T14:00,node/4431102493,Forn Puiggròs,,,,41.4102615,2.1741597,0,50.29,185.7,79,30.8
2026-09-16T14:00,node/4439412389,La Vinya del Senyor,,,,41.3832546,2.1818655,0,50.29,185.7,79,30.8
2026-09-16T14:00,node/4440352791,La Gavina,,,,41.3807532,2.1853211,1,50.29,185.7,79,30.8
2026-09-16T14:00,node/4443367289,Pannus,,,,41.3863691,2.1726728,0,50.29,185.7,79,30.8
2026-09-16T14:00,node/4449185678,Il Caffè di Francesco,,,,41.3908733,2.1652201,0,50.29,185.7,79,30.8
2026-09-16T14:00,node/4451904190,Bar Granadino,,,,41.4404153,2.2238276,1,50.29,185.7,79,30.8
2026-09-16T14:00,node/4451904193,La ciudad de oro,,,,41.4408727,2.2240695,1,50.29,185.7,79,30.8
2026-09-16T14:00,node/4451986792,Cafe Bar Florida,,,,41.4403503,2.2236929,1,50.29,185.7,79,30.8
2026-09-16T14:00,node/4451986793,Bar Amigo,,,,41.4411469,2.2238965,1,50.29,185.7,79,30.8
2026-09-16T14:00,node/4451988991,Bar Frankfurt Jaime,,,,41.4408051,2.2241201,1,50.29,185.7,79,30.8
2026-09-16T14:00,node/4451989090,Entre tapes,,,,41.4423118,2.2237245,1,50.29,185.7,79,30.8
2026-09-16T14:00,node/4451992791,Bar Leo,,,,41.4406309,2.2245529,1,50.29,185.7,79,30.8
2026-09-16T14:00,node/4452031691,Bar La Granja,,,,41.4427953,2.2241899,1,50.29,185.7,79,30.8
2026-09-16T14:00,node/4455238130,Anahuac,,,,41.3965161,2.1513989,0,50.29,185.7,79,30.8
2026-09-16T14:00,node/4461595656,Cafeteria de la Biblioteca Jaumer Fuster,,,,41.4075557,2.1493457,1,50.29,185.7,79,30.8
2026-09-16T14:00,node/4470059420,Mesón Gallego,,,,41.3818896,2.0709288,1,50.29,185.7,79,30.8
2026-09-16T14:00,node/4486639527,Boldú,,,,41.3973783,2.1517865,0,50.29,185.7,79,30.8
2026-09-16T14:00,node/4486683966,La Tagliatella,,,,41.3974141,2.1514101,0,50.29,185.7,79,30.8
2026-09-16T14:00,node/4503193765,Bicioci,,,,41.3999229,2.1619101,0,50.29,185.7,79,30.8
2026-09-16T14:00,node/4509411660,Bar Mediterráneo,,,,41.4343007,2.2180868,1,50.29,185.7,79,30.8
2026-09-16T14:00,node/4516538193,Más Que Sushi,,,,41.3774227,2.1527247,0,50.29,185.7,79,30.8
2026-09-16T14:00,node/4516600994,Salambó,,,,41.4044546,2.1576355,1,50.29,185.7,79,30.8
2026-09-16T14:00,node/4520259289,Cachitos,,,,41.3953057,2.1536913,1,50.29,185.7,79,30.8
2026-09-16T14:00,node/4572063790,Cafetería 365,,,,41.3744652,2.1675541,0,50.29,185.7,79,30.8
2026-09-16T14:00,node/4580517495,Cadaqués,,,,41.4004717,2.1574102,1,50.29,185.7,79,30.8
2026-09-16T14:00,node/4591423938,Arabia Cafe,,,,41.3796023,2.1762764,0,50.29,185.7,79,30.8
2026-09-16T14:00,node/4602957463,Otafuku Daifuku,,,,41.3861633,2.1813225,0,50.29,185.7,79,30.8
2026-09-16T14:00,node/4631918790,Casa López,,,,41.4047191,2.1550626,0,50.29,185.7,79,30.8
2026-09-16T14:00,node/4643974106,Kyoka Via Augusta,,,,41.3979693,2.1315017,1,50.29,185.7,79,30.8
2026-09-16T14:00,node/4654613659,afiparc,,,,41.4134414,2.1527296,1,50.29,185.7,79,30.8
2026-09-16T14:00,node/4668687590,Can Vilaró,,,,41.3779004,2.1617005,0,50.29,185.7,79,30.8
2026-09-16T14:00,node/4673198082,Montesquiu,,,,41.4046825,2.1325233,1,50.29,185.7,79,30.8
2026-09-16T14:00,node/4680760648,Sushi Taller,,,,41.4048621,2.1326565,0,50.29,185.7,79,30.8
2026-09-16T14:00,node/4681801089,Orxateria la Valenciana,,,,41.3863413,2.1622578,1,50.29,185.7,79,30.8
2026-09-16T14:00,node/4704972453,majide,,,,41.3849224,2.1674688,0,50.29,185.7,79,30.8
2026-09-16T14:00,node/4709933976,Sottovoce,,,,41.3579226,2.1294974,1,50.29,185.7,79,30.8
2026-09-16T14:00,node/4711659235,Casa Lolea,,,,41.3888056,2.1771897,0,50.29,185.7,79,30.8
2026-09-16T14:00,node/4720526074,El Charrito,,,,41.3896183,2.1662427,1,50.29,185.7,79,30.8
2026-09-16T14:00,node/4721286889,Prodigi,,,,41.3985973,2.1659559,0,50.29,185.7,79,30.8
2026-09-16T14:00,node/4726582894,Catalina Cafe,,,,41.3862071,2.1793039,1,50.29,185.7,79,30.8
2026-09-16T14:00,node/4726583193,Betlem,,,,41.3949258,2.1712207,0,50.29,185.7,79,30.8
2026-09-16T14:00,node/4727975192,La Coruña,,,,41.4083413,2.1851911,0,50.29,185.7,79,30.8
2026-09-16T14:00,node/4728103192,Cafè Arrels,,,,41.4137041,2.1809929,0,50.29,185.7,79,30.8
2026-09-16T14:00,node/4729343193,Cervecería Frankfurt El Molino,,,,41.3746194,2.1669636,0,50.29,185.7,79,30.8
2026-09-16T14:00,node/4735766123,I'll Pomo d'Oro,,,,41.3926987,2.1585151,1,50.29,185.7,79,30.8
2026-09-16T14:00,node/4743830714,Casa Escarré (Joan's),,,,41.3747567,2.1427755,1,50.29,185.7,79,30.8
2026-09-16T14:00,node/4751727952,Bar Ribalda,,,,41.4026552,2.1328307,1,50.29,185.7,79,30.8
2026-09-16T14:00,node/4755496723,Brewdog,,,,41.3857301,2.1581661,1,50.29,185.7,79,30.8
2026-09-16T14:00,node/4756509699,Morro fi,,,,41.3833069,2.1550311,1,50.29,185.7,79,30.8
2026-09-16T14:00,node/4776357929,Tomodachi,,,,41.4053891,2.1644663,0,50.29,185.7,79,30.8
2026-09-16T14:00,node/4778618049,De Gustibus Italiae,,,,41.4027491,2.1330183,1,50.29,185.7,79,30.8
2026-09-16T14:00,node/4784670742,Índigo Café,,,,41.3874831,2.1626443,0,50.29,185.7,79,30.8
2026-09-16T14:00,node/4792724121,Venus Delicatessen Barcelona,,,,41.3807065,2.1779781,0,50.29,185.7,79,30.8
2026-09-16T14:00,node/4802341078,El Quatre,,,,41.4031267,2.1333762,0,50.29,185.7,79,30.8
2026-09-16T14:00,node/4805335780,Madonna Vegan,,,,41.3812162,2.1671279,0,50.29,185.7,79,30.8
2026-09-16T14:00,node/4816093515,Olímpic Bar,,,,41.4422394,2.2177816,1,50.29,185.7,79,30.8
2026-09-16T14:00,node/4822739686,Bar El Racó,,,,41.4417497,2.2212713,1,50.29,185.7,79,30.8
2026-09-16T14:00,node/4838956921,Supra,,,,41.3910798,2.1613999,0,50.29,185.7,79,30.8
2026-09-16T14:00,node/4844565923,Pampa Drugstore,,,,41.3827176,2.1712051,0,50.29,185.7,79,30.8
2026-09-16T14:00,node/4847673021,Usagui,,,,41.4021671,2.1463849,0,50.29,185.7,79,30.8
2026-09-16T14:00,node/4859449960,Restaurant el Magatzem,,,,41.3805096,2.1863595,1,50.29,185.7,79,30.8
2026-09-16T14:00,node/4859450597,Restaurant Cal Pinxo,,,,41.3806265,2.1855795,1,50.29,185.7,79,30.8
2026-09-16T14:00,node/4867833221,Pizzeria El Mundo,,,,41.3751322,2.1231212,1,50.29,185.7,79,30.8
2026-09-16T14:00,node/4881181797,Sierra Nevada,,,,41.4420581,2.1834715,1,50.29,185.7,79,30.8
2026-09-16T14:00,node/4903340658,El Ramblero,,,,41.4219271,2.1969049,1,50.29,185.7,79,30.8
2026-09-16T14:00,node/4906736149,L'Olivera,,,,41.4058547,2.1893093,1,50.29,185.7,79,30.8
2026-09-16T14:00,node/4917663030,Picnic,,,,41.4179648,2.1988442,1,50.29,185.7,79,30.8
2026-09-16T14:00,node/4937772721,Vila's Bar,,,,41.4059086,2.1571314,0,50.29,185.7,79,30.8
2026-09-16T14:00,node/4938104321,Hammock Juice Station,,,,41.3971863,2.1671778,0,50.29,185.7,79,30.8
2026-09-16T14:00,node/4973805221,Brunch & Cake by the sea,,,,41.3809714,2.1872568,1,50.29,185.7,79,30.8
2026-09-16T14:00,node/4973805421,Quinoa Aragó Vegetarià,,,,41.3886233,2.1598684,0,50.29,185.7,79,30.8
2026-09-16T14:00,node/4977546909,Tonkotsu,,,,41.3938467,2.1650368,0,50.29,185.7,79,30.8
2026-09-16T14:00,node/4983764927,Cervecería-Frankfurt,,,,41.4394391,2.2207951,1,50.29,185.7,79,30.8
2026-09-16T14:00,node/4983764935,Max Bar,,,,41.4401476,2.2214687,1,50.29,185.7,79,30.8
2026-09-16T14:00,node/4983764944,Bar Verín,,,,41.4396911,2.2210187,1,50.29,185.7,79,30.8
2026-09-16T14:00,node/4983764949,Bar R'Aurora,,,,41.4400582,2.2213943,1,50.29,185.7,79,30.8
2026-09-16T14:00,node/4983764952,Trocadero,,,,41.4385047,2.2204982,1,50.29,185.7,79,30.8
2026-09-16T14:00,node/4983764957,Bar La Alpujarra,,,,41.4420698,2.2228867,1,50.29,185.7,79,30.8
2026-09-16T14:00,node/4983764958,Sant Mori,,,,41.4390777,2.2210618,1,50.29,185.7,79,30.8
2026-09-16T14:00,node/4983764960,El buen gusto,,,,41.4411919,2.2225719,1,50.29,185.7,79,30.8
2026-09-16T14:00,node/4983764965,Bar Junior Bodega,,,,41.4417139,2.2225318,1,50.29,185.7,79,30.8
2026-09-16T14:00,node/4983764975,Bar Satisfecho,,,,41.4385461,2.2198488,1,50.29,185.7,79,30.8
2026-09-16T14:00,node/4983765002,Bar sushi Salon,,,,41.4425727,2.2233672,1,50.29,185.7,79,30.8
2026-09-16T14:00,node/4983765004,Corre que se acaban,,,,41.4392453,2.2212328,1,50.29,185.7,79,30.8
2026-09-16T14:00,node/4983765005,365,,,,41.4403303,2.2225575,1,50.29,185.7,79,30.8
2026-09-16T14:00,node/4984256695,Pampa Mía,,,,41.4085709,2.2035603,0,50.29,185.7,79,30.8
2026-09-16T14:00,node/4991221422,Salterio,,,,41.3825107,2.1760837,0,50.29,185.7,79,30.8
2026-09-16T14:00,node/5007434606,La Balmesina,,,,41.3970301,2.1522555,0,50.29,185.7,79,30.8
2026-09-16T14:00,node/5010794721,Syra Coffee,,,,41.4014925,2.1595216,0,50.29,185.7,79,30.8
2026-09-16T14:00,node/5010794821,Nomad Frutas Selectas,,,,41.3979292,2.1955517,0,50.29,185.7,79,30.8
2026-09-16T14:00,node/5023905423,Petra,,,,41.4038883,2.1551166,0,50.29,185.7,79,30.8
2026-09-16T14:00,node/5028969022,Guzzo,,,,41.3850929,2.1836594,0,50.29,185.7,79,30.8
2026-09-16T14:00,node/5030247521,La Pantera Rosa,,,,41.4010493,2.1525903,0,50.29,185.7,79,30.8
2026-09-16T14:00,node/5037900607,Orio,,,,41.3819545,2.1763606,0,50.29,185.7,79,30.8
2026-09-16T14:00,node/5048602525,Blau Cel,,,,41.4043091,2.1612896,0,50.29,185.7,79,30.8
2026-09-16T14:00,node/5053669724,La Xula Taperia,,,,41.4023295,2.1586126,0,50.29,185.7,79,30.8
2026-09-16T14:00,node/5081388242,La Raposa,,,,41.3725137,2.1639527,0,50.29,185.7,79,30.8
2026-09-16T14:00,node/5082277825,Vermuteria Puigmartí,,,,41.4013967,2.1590604,0,50.29,185.7,79,30.8
2026-09-16T14:00,node/5082277826,Caracas,,,,41.4020908,2.1601676,0,50.29,185.7,79,30.8
2026-09-16T14:00,node/5082288821,Curuba,,,,41.3999554,2.1574731,0,50.29,185.7,79,30.8
2026-09-16T14:00,node/5086827321,Metric Market,,,,41.3916196,2.1419287,0,50.29,185.7,79,30.8
2026-09-16T14:00,node/5088945722,La Juanola,,,,41.4066765,2.1569377,0,50.29,185.7,79,30.8
2026-09-16T14:00,node/5089333723,Ciuri‘s,,,,41.4052466,2.1565749,0,50.29,185.7,79,30.8
2026-09-16T14:00,node/5105012628,Entre Hores,,,,41.4030943,2.1577829,0,50.29,185.7,79,30.8
2026-09-16T14:00,node/5109943322,Intrèpid,,,,41.4043018,2.1550041,0,50.29,185.7,79,30.8
2026-09-16T14:00,node/5110964523,La Trobada,,,,41.4015625,2.1520155,0,50.29,185.7,79,30.8
2026-09-16T14:00,node/5111094221,El Dorado Chicken,,,,41.3930251,2.1579995,0,50.29,185.7,79,30.8
2026-09-16T14:00,node/5113896626,Granja Fimon's,,,,41.4477805,2.2438919,1,50.29,185.7,79,30.8
2026-09-16T14:00,node/5118124314,Kebab Bocateli,,,,41.4426035,2.2166674,1,50.29,185.7,79,30.8
2026-09-16T14:00,node/5118126421,Bar Frankfurt Polideportivo,,,,41.4429429,2.2162226,1,50.29,185.7,79,30.8
2026-09-16T14:00,node/5118126428,Granja Modesto,,,,41.4343689,2.2158958,1,50.29,185.7,79,30.8
2026-09-16T14:00,node/5118126435,Cafeteria i Forn de pa Grey,,,,41.4332655,2.2174982,1,50.29,185.7,79,30.8
2026-09-16T14:00,node/5118126438,Frankfurt Piscis,,,,41.4360107,2.2158678,1,50.29,185.7,79,30.8
2026-09-16T14:00,node/5118126440,Bar Julio,,,,41.4348299,2.2151483,1,50.29,185.7,79,30.8
2026-09-16T14:00,node/5118126443,Bar Beethoven,,,,41.4328863,2.2181523,1,50.29,185.7,79,30.8
2026-09-16T14:00,node/5118126453,Bar Bondia,,,,41.4342763,2.2160261,1,50.29,185.7,79,30.8
2026-09-16T14:00,node/5128075585,Monkey Factory,,,,41.3927261,2.1544614,0,50.29,185.7,79,30.8
2026-09-16T14:00,node/5137360822,El Jardí,,,,41.4475237,2.2469586,1,50.29,185.7,79,30.8
2026-09-16T14:00,node/5144745888,Bar La Imperial,,,,41.4372451,2.2200669,1,50.29,185.7,79,30.8
2026-09-16T14:00,node/5144745889,Gabi,,,,41.4372105,2.2199582,1,50.29,185.7,79,30.8
2026-09-16T14:00,node/5144745893,Bar India,,,,41.4420657,2.2284253,1,50.29,185.7,79,30.8
2026-09-16T14:00,node/5144745896,Mokka,,,,41.4371063,2.2201689,1,50.29,185.7,79,30.8
2026-09-16T14:00,node/5156690125,Loc,,,,41.4351636,2.2283155,1,50.29,185.7,79,30.8
2026-09-16T14:00,node/5160440326,Les Termes Bdn,,,,41.4520115,2.2476488,1,50.29,185.7,79,30.8
2026-09-16T14:00,node/5167185733,La Sucursal,,,,41.3806502,2.1611889,1,50.29,185.7,79,30.8
2026-09-16T14:00,node/5167569072,El Mercader de L'Eixample,,,,41.3923316,2.1603286,1,50.29,185.7,79,30.8
2026-09-16T14:00,node/5168232324,Colmado,,,,41.3819235,2.1744264,0,50.29,185.7,79,30.8
2026-09-16T14:00,node/5175039621,Green's,,,,41.3959672,2.1496553,1,50.29,185.7,79,30.8
2026-09-16T14:00,node/5176233727,Els Porxos,,,,41.4031581,2.1751611,0,50.29,185.7,79,30.8
2026-09-16T14:00,node/5182260830,Catafal,,,,41.4088089,2.1468574,0,50.29,185.7,79,30.8
2026-09-16T14:00,node/5190930121,Casa Ángel,,,,41.4070235,2.1818566,0,50.29,185.7,79,30.8
2026-09-16T14:00,node/5192085421,Esterri,,,,41.3812805,2.1618108,0,50.29,185.7,79,30.8
2026-09-16T14:00,node/5198200824,Copa d'Or,,,,41.3963876,2.1688461,0,50.29,185.7,79,30.8
2026-09-16T14:00,node/5198200829,Gyoza Bistró,,,,41.3940771,2.1723519,0,50.29,185.7,79,30.8
2026-09-16T14:00,node/5198201036,Nou Can Codina,,,,41.3989586,2.1608728,0,50.29,185.7,79,30.8
2026-09-16T14:00,node/5198201122,La Particcela,,,,41.3961328,2.1697679,1,50.29,185.7,79,30.8
2026-09-16T14:00,node/5198201124,Riko's Braseria - Restaurante,,,,41.3929731,2.1692667,1,50.29,185.7,79,30.8
2026-09-16T14:00,node/5199743028,seven7seven,,,,41.3898868,2.1622344,1,50.29,185.7,79,30.8
2026-09-16T14:00,node/5207046925,Sense Nom,,,,41.3843558,2.1622563,0,50.29,185.7,79,30.8
2026-09-16T14:00,node/5207067522,El Maravillas,,,,41.3868914,2.1323626,1,50.29,185.7,79,30.8
2026-09-16T14:00,node/5208223424,Bonastre,,,,41.3774986,2.1587463,1,50.29,185.7,79,30.8
2026-09-16T14:00,node/5212252535,Tariq,,,,41.4477214,2.2405051,1,50.29,185.7,79,30.8
2026-09-16T14:00,node/5218828496,Conecta,,,,41.4388265,2.2253266,1,50.29,185.7,79,30.8
2026-09-16T14:00,node/5218828499,Sweet dolç,,,,41.4385456,2.2254351,1,50.29,185.7,79,30.8
2026-09-16T14:00,node/5226505321,Bodega E. Marin,,,,41.4025586,2.1609645,0,50.29,185.7,79,30.8
2026-09-16T14:00,node/5228942946,La Pubilla,,,,41.3995748,2.1536674,0,50.29,185.7,79,30.8
2026-09-16T14:00,node/5237627856,Tasmango Dessert,,,,41.3909254,2.1784375,0,50.29,185.7,79,30.8
2026-09-16T14:00,node/5238186123,Lennox,,,,41.3834186,2.1829502,0,50.29,185.7,79,30.8
2026-09-16T14:00,node/5271863048,Rest. Alexandre,,,,41.4322501,2.1835476,1,50.29,185.7,79,30.8
2026-09-16T14:00,node/5286467104,Granja Monsul,,,,41.4437723,2.2239591,1,50.29,185.7,79,30.8
2026-09-16T14:00,node/5298404593,Próspero,,,,41.4382431,2.2237839,1,50.29,185.7,79,30.8
2026-09-16T14:00,node/5298404603,Bar Salamanca,,,,41.4388532,2.2246477,1,50.29,185.7,79,30.8
2026-09-16T14:00,node/5298405327,Bar Benuga,,,,41.4383471,2.2243229,1,50.29,185.7,79,30.8
2026-09-16T14:00,node/5298405384,Bar Rocío Los Cazadores,,,,41.4389682,2.2252641,1,50.29,185.7,79,30.8
2026-09-16T14:00,node/5299921764,Bar Crack,,,,41.4343466,2.2189911,1,50.29,185.7,79,30.8
2026-09-16T14:00,node/5299921811,Can Daura,,,,41.4358077,2.2218721,1,50.29,185.7,79,30.8
2026-09-16T14:00,node/5299922525,Bar La Imperial,,,,41.4354603,2.2205399,1,50.29,185.7,79,30.8
2026-09-16T14:00,node/5299922526,Bar Marta,,,,41.4349148,2.2200469,1,50.29,185.7,79,30.8
2026-09-16T14:00,node/5313632423,365,,,,41.3789307,2.1718613,0,50.29,185.7,79,30.8
2026-09-16T14:00,node/5327570662,Ancestral,,,,41.3977332,2.1656576,0,50.29,185.7,79,30.8
2026-09-16T14:00,node/5347967007,Bar Marín,,,,41.4474106,2.2217195,1,50.29,185.7,79,30.8
2026-09-16T14:00,node/5347967009,Bar La Cantonada,,,,41.4474812,2.2209325,1,50.29,185.7,79,30.8
2026-09-16T14:00,node/5363964402,El gran croissant,,,,41.4359355,2.2167366,1,50.29,185.7,79,30.8
2026-09-16T14:00,node/5395531687,Las Marismas,,,,41.3701297,2.1215161,1,50.29,185.7,79,30.8
2026-09-16T14:00,node/5407919537,El Yate,,,,41.4039787,2.1367463,0,50.29,185.7,79,30.8
2026-09-16T14:00,node/5417517130,Tou Kichi Rou,,,,41.3919953,2.1432267,0,50.29,185.7,79,30.8
2026-09-16T14:00,node/5418243448,La Pampa,,,,41.3793623,2.1879402,0,50.29,185.7,79,30.8
2026-09-16T14:00,node/5418243450,els maians,,,,41.3786757,2.1882219,0,50.29,185.7,79,30.8
2026-09-16T14:00,node/5418243451,no30,,,,41.3791653,2.1879988,0,50.29,185.7,79,30.8
2026-09-16T14:00,node/5418243452,Lolita,,,,41.3783615,2.1882936,1,50.29,185.7,79,30.8
2026-09-16T14:00,node/5418243454,Reina Margherita,,,,41.3792655,2.1879835,0,50.29,185.7,79,30.8
2026-09-16T14:00,node/5434314893,PolkaBarcelona,,,,41.3859057,2.1326565,0,50.29,185.7,79,30.8
2026-09-16T14:00,node/5485540627,Bar Placídia,,,,41.3999472,2.1524915,1,50.29,185.7,79,30.8
2026-09-16T14:00,node/5487473548,Cafè Mos,,,,41.4143487,2.1384116,0,50.29,185.7,79,30.8
2026-09-16T14:00,node/5498351755,365 Cafeteria Forn de Pa,,,,41.3747778,2.1626826,0,50.29,185.7,79,30.8
2026-09-16T14:00,node/5509139428,La Carmanyola,,,,41.4013829,2.2068942,1,50.29,185.7,79,30.8
2026-09-16T14:00,node/5536153362,Cafeteria La Dona,,,,41.4396715,2.2242727,1,50.29,185.7,79,30.8
2026-09-16T14:00,node/5564055763,Panda & Smile,,,,41.3842068,2.1585673,0,50.29,185.7,79,30.8
2026-09-16T14:00,node/5564064431,Atrapatapa,,,,41.3832362,2.1568636,0,50.29,185.7,79,30.8
2026-09-16T14:00,node/5595134220,Cervecería Amoretty's 3,,,,41.4412382,2.2200117,1,50.29,185.7,79,30.8
2026-09-16T14:00,node/5606506169,Sincopa,,,,41.3803881,2.1789886,0,50.29,185.7,79,30.8
2026-09-16T14:00,node/5611733921,Buenas Migas,,,,41.4024253,2.1743326,0,50.29,185.7,79,30.8
2026-09-16T14:00,node/5617465886,Amateur,,,,41.3967536,2.1962847,1,50.29,185.7,79,30.8
2026-09-16T14:00,node/5646412432,Made in Sicily,,,,41.4483394,2.2490191,1,50.29,185.7,79,30.8
2026-09-16T14:00,node/5646415922,La Bella Istambul,,,,41.4479233,2.2494906,1,50.29,185.7,79,30.8
2026-09-16T14:00,node/5658288082,Can Teixidó,,,,41.4491148,2.2483189,1,50.29,185.7,79,30.8
2026-09-16T14:00,node/5663240986,Cafè Escac,,,,41.3837378,2.1695562,0,50.29,185.7,79,30.8
2026-09-16T14:00,node/5676005621,CACHO,,,,41.3931048,2.1910878,1,50.29,185.7,79,30.8
2026-09-16T14:00,node/5718757792,360°,,,,41.3790957,2.1696433,1,50.29,185.7,79,30.8
2026-09-16T14:00,node/5793057257,Bar Granja el Chiquitín,,,,41.4398176,2.2263171,1,50.29,185.7,79,30.8
2026-09-16T14:00,node/5796742218,The Clock,,,,41.3754168,2.1482785,1,50.29,185.7,79,30.8
2026-09-16T14:00,node/5805410453,Morrow Coffee,,,,41.3771392,2.1513283,1,50.29,185.7,79,30.8
2026-09-16T14:00,node/5806521955,Paisano Bistró,,,,41.4048549,2.1759323,0,50.29,185.7,79,30.8
2026-09-16T14:00,node/5856758686,El racó de les tapes,,,,41.4357708,2.1910224,0,50.29,185.7,79,30.8
2026-09-16T14:00,node/5878496985,UDON,,,,41.4051569,2.1921906,1,50.29,185.7,79,30.8
2026-09-16T14:00,node/5916157285,Bar Castells,,,,41.3841472,2.1698121,0,50.29,185.7,79,30.8
2026-09-16T14:00,node/5923867889,,,,,41.4406062,2.2451514,1,50.29,185.7,79,30.8
2026-09-16T14:00,node/5930228787,Mi casa,,,,41.3993608,2.1535771,0,50.29,185.7,79,30.8
2026-09-16T14:00,node/5933808740,Kserol,,,,41.3986236,2.1753141,1,50.29,185.7,79,30.8
2026-09-16T14:00,node/5944781772,Restaurante Burning Rock&Food,,,,41.3746837,2.1311612,0,50.29,185.7,79,30.8
2026-09-16T14:00,node/5951964888,el Fornet,,,,41.3882003,2.1723419,1,50.29,185.7,79,30.8
2026-09-16T14:00,node/5972440521,Feroz,,,,41.3965882,2.1508404,0,50.29,185.7,79,30.8
2026-09-16T14:00,node/5980982393,Pepa Tomate,,,,41.3767661,2.1627826,1,50.29,185.7,79,30.8
2026-09-16T14:00,node/6000108088,La Neura,,,,41.4002093,2.1660134,1,50.29,185.7,79,30.8
2026-09-16T14:00,node/6009236381,Mesón Balouta,,,,41.4384121,2.1649296,0,50.29,185.7,79,30.8
2026-09-16T14:00,node/6010958538,Bar Avenida,,,,41.4371962,2.2238498,1,50.29,185.7,79,30.8
2026-09-16T14:00,node/6010958540,Bar Trébol BCN,,,,41.4352675,2.2193633,1,50.29,185.7,79,30.8
2026-09-16T14:00,node/6027971388,Novell,,,,41.4070495,2.1667319,1,50.29,185.7,79,30.8
2026-09-16T14:00,node/6038827086,Honest Greens,,,,41.3986972,2.1569862,0,50.29,185.7,79,30.8
2026-09-16T14:00,node/6066258257,Bar Roma Sports,,,,41.4449369,2.2223513,1,50.29,185.7,79,30.8
2026-09-16T14:00,node/6089625321,Vivari,,,,41.3973187,2.1676233,0,50.29,185.7,79,30.8
2026-09-16T14:00,node/6093865396,The FRESH POKE,,,,41.3975268,2.1644457,0,50.29,185.7,79,30.8
2026-09-16T14:00,node/6093944886,Nicasso,,,,41.4072456,2.1873211,0,50.29,185.7,79,30.8
2026-09-16T14:00,node/6096656135,Yoi Yoi Gion,,,,41.3965593,2.1606187,0,50.29,185.7,79,30.8
2026-09-16T14:00,node/6104559348,Belles Arts II,,,,41.3872827,2.1361782,1,50.29,185.7,79,30.8
2026-09-16T14:00,node/6104561002,Toyodo,,,,41.3866914,2.1375355,1,50.29,185.7,79,30.8
2026-09-16T14:00,node/6106764321,Il Caffe di Francesco,,,,41.3930707,2.1642758,1,50.29,185.7,79,30.8
2026-09-16T14:00,node/6109526596,El Cuiner de Damasc,,,,41.3814196,2.1776754,0,50.29,185.7,79,30.8
2026-09-16T14:00,node/6110978486,Bonaparte,,,,41.4775805,2.0724847,1,50.29,185.7,79,30.8
2026-09-16T14:00,node/6123253862,Bar Granja Oasis,,,,41.3505068,2.1127043,1,50.29,185.7,79,30.8
2026-09-16T14:00,node/6126749461,Cantero,,,,41.3942111,2.1902433,1,50.29,185.7,79,30.8
2026-09-16T14:00,node/6164234382,Poké Sí,,,,41.4052321,2.1924708,1,50.29,185.7,79,30.8
2026-09-16T14:00,node/6164236104,Palo Verde,,,,41.4047343,2.1968042,1,50.29,185.7,79,30.8
2026-09-16T14:00,node/6166398253,Panet,,,,41.3861845,2.1430687,1,50.29,185.7,79,30.8
2026-09-16T14:00,node/6182404055,Kasa,,,,41.3861348,2.1656868,0,50.29,185.7,79,30.8
2026-09-16T14:00,node/6188914880,Bella Venezia,,,,41.3965502,2.1644865,0,50.29,185.7,79,30.8
2026-09-16T14:00,node/6188922858,Arc iris,,,,41.3998386,2.1715382,1,50.29,185.7,79,30.8
2026-09-16T14:00,node/6193461695,Sun Market,,,,41.3928465,2.1569854,0,50.29,185.7,79,30.8
2026-09-16T14:00,node/6193479448,Akashi Sushi Bar,,,,41.3923045,2.1558108,0,50.29,185.7,79,30.8
2026-09-16T14:00,node/6200571548,La Svolta,,,,41.4061025,2.1515184,1,50.29,185.7,79,30.8
2026-09-16T14:00,node/6202321417,La Tapeta del Coll,,,,41.4179646,2.1467035,1,50.29,185.7,79,30.8
2026-09-16T14:00,node/6204104907,La Papa,,,,41.3898088,2.1577366,0,50.29,185.7,79,30.8
2026-09-16T14:00,node/6216083704,La Coma,,,,41.3401472,2.1265697,1,50.29,185.7,79,30.8
2026-09-16T14:00,node/6216218158,la Zona,,,,41.3460291,2.1439158,1,50.29,185.7,79,30.8
2026-09-16T14:00,node/6216756977,Estrella de Istanbul,,,,41.4098375,2.1751296,0,50.29,185.7,79,30.8
2026-09-16T14:00,node/6230395442,Akelarre,,,,41.3892275,2.1373726,0,50.29,185.7,79,30.8
2026-09-16T14:00,node/6230407068,Starbucks,,,,41.3951351,2.1581903,1,50.29,185.7,79,30.8
2026-09-16T14:00,node/6232752417,El Taller,,,,41.3587511,2.1404908,1,50.29,185.7,79,30.8
2026-09-16T14:00,node/6237797177,Luri,,,,41.3977931,2.1514901,0,50.29,185.7,79,30.8
2026-09-16T14:00,node/6246525924,in blue,,,,41.3877036,2.1368756,0,50.29,185.7,79,30.8
2026-09-16T14:00,node/6250219942,Al sur,,,,41.3941572,2.1586822,0,50.29,185.7,79,30.8
2026-09-16T14:00,node/6258570565,Dino Pan,,,,41.3824376,2.1318622,1,50.29,185.7,79,30.8
2026-09-16T14:00,node/6258570699,Don Sándwich,,,,41.3820321,2.1315862,0,50.29,185.7,79,30.8
2026-09-16T14:00,node/6258715958,La Lluna de Gavà,,,,41.3672801,2.1403759,1,50.29,185.7,79,30.8
2026-09-16T14:00,node/6258718433,La Toscana,,,,41.3805625,2.1323335,0,50.29,185.7,79,30.8
2026-09-16T14:00,node/6258718652,Cafeteria Melody Bar,,,,41.3779464,2.1338934,1,50.29,185.7,79,30.8
2026-09-16T14:00,node/6258719247,Bar Florida,,,,41.3592896,2.1399844,1,50.29,185.7,79,30.8
2026-09-16T14:00,node/6260784864,La Cabaña,,,,41.3699161,2.1341331,0,50.29,185.7,79,30.8
2026-09-16T14:00,node/6260786193,Goiko Grill,,,,41.3656448,2.1357604,1,50.29,185.7,79,30.8
2026-09-16T14:00,node/6264834185,König,,,,41.3862163,2.1827612,1,50.29,185.7,79,30.8
2026-09-16T14:00,node/6298115913,N.A.P.,,,,41.3774834,2.1900137,0,50.29,185.7,79,30.8
2026-09-16T14:00,node/6316025985,L'Esclop,,,,41.3768262,2.1577412,0,50.29,185.7,79,30.8
2026-09-16T14:00,node/6330973943,Don Kilo,,,,41.3998564,2.1639573,0,50.29,185.7,79,30.8
2026-09-16T14:00,node/6333708759,SandwiChez,,,,41.3941488,2.1694356,1,50.29,185.7,79,30.8
2026-09-16T14:00,node/6334053687,Cafè Yafa,,,,41.3997495,2.1643963,0,50.29,185.7,79,30.8
2026-09-16T14:00,node/6334053692,La Mananta,,,,41.3994169,2.1648424,0,50.29,185.7,79,30.8
2026-09-16T14:00,node/6339732807,La Soca 2,,,,41.3912352,2.1594135,0,50.29,185.7,79,30.8
2026-09-16T14:00,node/6339732809,Creps Barcelona,,,,41.3905618,2.1590619,0,50.29,185.7,79,30.8
2026-09-16T14:00,node/6357834156,Les gens que j'aime bar,,,,41.3936947,2.1648505,0,50.29,185.7,79,30.8
2026-09-16T14:00,node/6381462875,Comarca Cuina L’Hocal,,,,41.3609203,2.1295937,1,50.29,185.7,79,30.8
2026-09-16T14:00,node/6424929026,Cafeteria Samy's,,,,41.3637433,2.1369241,0,50.29,185.7,79,30.8
2026-09-16T14:00,node/6424929700,Sakuraya,,,,41.3653001,2.1307952,1,50.29,185.7,79,30.8
2026-09-16T14:00,node/6431480513,Restaurant Bodega de Tapas,,,,41.3772493,2.1371156,1,50.29,185.7,79,30.8
2026-09-16T14:00,node/6431508292,Bodega Salvat,,,,41.3711848,2.1345217,1,50.29,185.7,79,30.8
2026-09-16T14:00,node/6431508293,Jaqueline's,,,,41.3682256,2.1345214,0,50.29,185.7,79,30.8
2026-09-16T14:00,node/6431508485,Japonia Café,,,,41.3806518,2.1387176,0,50.29,185.7,79,30.8
2026-09-16T14:00,node/6431508488,La Bodegueta de Sants,,,,41.3710695,2.1344235,1,50.29,185.7,79,30.8
2026-09-16T14:00,node/6431512182,Bar Montevideo,,,,41.3693939,2.1342386,1,50.29,185.7,79,30.8
2026-09-16T14:00,node/6431558869,Bar Alegría,,,,41.3629394,2.1373301,1,50.29,185.7,79,30.8
2026-09-16T14:00,node/6431559030,Bar El Faro,,,,41.3628529,2.1373795,1,50.29,185.7,79,30.8
2026-09-16T14:00,node/6433259684,Entre Copas,,,,41.3621672,2.0761548,1,50.29,185.7,79,30.8
2026-09-16T14:00,node/6438381289,Vera Café,,,,41.3883674,2.1779512,0,50.29,185.7,79,30.8
2026-09-16T14:00,node/6441451785,Líder de Istanbul,,,,41.3752687,2.1338088,0,50.29,185.7,79,30.8
2026-09-16T14:00,node/6445233216,Gyoza Bar,,,,41.3931059,2.1798949,0,50.29,185.7,79,30.8
2026-09-16T14:00,node/6450380989,Bar But,,,,41.3979648,2.1593688,0,50.29,185.7,79,30.8
2026-09-16T14:00,node/6450381086,La Porxada,,,,41.4030026,2.1637245,0,50.29,185.7,79,30.8
2026-09-16T14:00,node/6462934229,Concordia,,,,41.3864201,2.1321758,0,50.29,185.7,79,30.8
2026-09-16T14:00,node/6475037976,L'Oasi a Consell,,,,41.3830142,2.1547507,1,50.29,185.7,79,30.8
2026-09-16T14:00,node/6477273844,Fandango,,,,41.3982346,2.1423415,0,50.29,185.7,79,30.8
2026-09-16T14:00,node/6506313588,Antigua,,,,41.3980086,2.1492952,0,50.29,185.7,79,30.8
2026-09-16T14:00,node/6507308246,L'Antica Pizzeria Da Michele,,,,41.3928154,2.1682858,0,50.29,185.7,79,30.8
2026-09-16T14:00,node/6532206187,Yü Sushi,,,,41.4032734,2.2032208,1,50.29,185.7,79,30.8
2026-09-16T14:00,node/6532330793,La Xemeneia,,,,41.4016359,2.2048002,1,50.29,185.7,79,30.8
2026-09-16T14:00,node/6535101686,Alma Loca,,,,41.3992845,2.1970974,1,50.29,185.7,79,30.8
2026-09-16T14:00,node/6538194375,Mr. White,,,,41.3761815,2.1601126,1,50.29,185.7,79,30.8
2026-09-16T14:00,node/6568369188,Elpilar,,,,41.4000903,2.1489875,0,50.29,185.7,79,30.8
2026-09-16T14:00,node/6597321587,Welcome,,,,41.4065151,2.1509474,0,50.29,185.7,79,30.8
2026-09-16T14:00,node/6600189447,café bar juli-mac,,,,41.3782625,2.1239845,1,50.29,185.7,79,30.8
2026-09-16T14:00,node/6642989000,El Pa Sencer,,,,41.3835483,2.1341796,0,50.29,185.7,79,30.8
2026-09-16T14:00,node/6642989001,Ateneu Popular de les Corts,,,,41.3826968,2.1329407,1,50.29,185.7,79,30.8
2026-09-16T14:00,node/6680396487,La prorroga,,,,41.4032976,2.1567512,0,50.29,185.7,79,30.8
2026-09-16T14:00,node/6680687871,La Mar Salada,,,,41.3768035,2.1888904,1,50.29,185.7,79,30.8
2026-09-16T14:00,node/6681709948,Kiltro Gràcia,,,,41.4018317,2.1544539,0,50.29,185.7,79,30.8
2026-09-16T14:00,node/6710510485,Catedral 1951,,,,41.3849142,2.1757337,1,50.29,185.7,79,30.8
2026-09-16T14:00,node/6750944404,Brasaña,,,,41.3605721,2.1345777,1,50.29,185.7,79,30.8
2026-09-16T14:00,node/6757307686,Kitsu,,,,41.4017918,2.1543486,0,50.29,185.7,79,30.8
2026-09-16T14:00,node/6757314489,LomoAlto,,,,41.3936053,2.1663935,1,50.29,185.7,79,30.8
2026-09-16T14:00,node/6766273102,inti & chaska,,,,41.3886755,2.1599487,0,50.29,185.7,79,30.8
2026-09-16T14:00,node/6771863086,Montseny,,,,41.4070642,2.1804416,0,50.29,185.7,79,30.8
2026-09-16T14:00,node/6775495571,El Petit,,,,41.3298893,2.0988681,1,50.29,185.7,79,30.8
2026-09-16T14:00,node/6782427526,Híbrid Cafè Restaurant,,,,41.3771219,2.1203336,1,50.29,185.7,79,30.8
2026-09-16T14:00,node/6786006588,365,,,,41.3820297,2.1697221,1,50.29,185.7,79,30.8
2026-09-16T14:00,node/6790695789,El Rincón de la Abuela Venezolana,,,,41.4058359,2.1788147,0,50.29,185.7,79,30.8
2026-09-16T14:00,node/6805613085,Bar la Cabaña,,,,41.4071784,2.1778546,1,50.29,185.7,79,30.8
2026-09-16T14:00,node/6812099686,La Xurreria de Maria,,,,41.4050102,2.1750002,1,50.29,185.7,79,30.8
2026-09-16T14:00,node/6821384885,Blu Bar,,,,41.3983358,2.2045648,0,50.29,185.7,79,30.8
2026-09-16T14:00,node/6835358009,Murivecci,,,,41.3874075,2.1828282,1,50.29,185.7,79,30.8
2026-09-16T14:00,node/6852974547,Garrido,,,,41.3603039,2.1401381,1,50.29,185.7,79,30.8
2026-09-16T14:00,node/6852994516,La Patatona,,,,41.3604651,2.1400108,0,50.29,185.7,79,30.8
2026-09-16T14:00,node/6855027201,Bar Sandwicheria Enka 3,,,,41.3758876,2.1221107,1,50.29,185.7,79,30.8
2026-09-16T14:00,node/6871523347,Cafe Punto 10,,,,41.3805947,2.1364501,0,50.29,185.7,79,30.8
2026-09-16T14:00,node/6914132390,El Nou Ramonet,,,,41.3817315,2.1876268,1,50.29,185.7,79,30.8
2026-09-16T14:00,node/6946328085,Cremat 11,,,,41.3855109,2.1810205,0,50.29,185.7,79,30.8
2026-09-16T14:00,node/6973926711,Syra Coffee,,,,41.3965047,2.1941864,1,50.29,185.7,79,30.8
2026-09-16T14:00,node/6983227455,SNOOKER - Cocteles y Billarea,,,,41.3921561,2.1703663,0,50.29,185.7,79,30.8
2026-09-16T14:00,node/7002869606,Chebú,,,,41.3791162,2.1515085,0,50.29,185.7,79,30.8
2026-09-16T14:00,node/7003296923,Triple Sec,,,,41.3747448,2.1609868,0,50.29,185.7,79,30.8
2026-09-16T14:00,node/7004598841,Orange Coffee,,,,41.4052864,2.1712189,1,50.29,185.7,79,30.8
2026-09-16T14:00,node/7014308129,Bar Bodega Lentejil,,,,41.4429922,2.2175094,1,50.29,185.7,79,30.8
2026-09-16T14:00,node/7017780931,Yoüme,,,,41.3835882,2.1541892,0,50.29,185.7,79,30.8
2026-09-16T14:00,node/7098025886,El Club del Café,,,,41.4340729,2.1892624,1,50.29,185.7,79,30.8
2026-09-16T14:00,node/7124857728,Cabo,,,,41.3964797,2.1851438,1,50.29,185.7,79,30.8
2026-09-16T14:00,node/7132160620,Santagloria,,,,41.3863926,2.1243567,1,50.29,185.7,79,30.8
2026-09-16T14:00,node/7141587085,La Cereria,,,,41.3815426,2.1767152,0,50.29,185.7,79,30.8
2026-09-16T14:00,node/7150994121,Vivari,,,,41.3998419,2.1775677,0,50.29,185.7,79,30.8
2026-09-16T14:00,node/7234692489,Van van var,,,,41.3942304,2.1901096,1,50.29,185.7,79,30.8
2026-09-16T14:00,node/7318977151,,,,,41.3711664,2.1434617,1,50.29,185.7,79,30.8
2026-09-16T14:00,node/7318977155,Bar Joaquim,,,,41.3704145,2.1424922,1,50.29,185.7,79,30.8
2026-09-16T14:00,node/7318977156,Vivari,,,,41.3686165,2.1410874,1,50.29,185.7,79,30.8
2026-09-16T14:00,node/7431790448,Santagloria,,,,41.3896086,2.1200086,1,50.29,185.7,79,30.8
2026-09-16T14:00,node/7438491414,,,,,41.3733479,2.1301506,0,50.29,185.7,79,30.8
2026-09-16T14:00,node/7504941029,Iberic Fusión Platja,,,,41.4380577,2.2431806,1,50.29,185.7,79,30.8
2026-09-16T14:00,node/7504941031,l'Altre Can Mario's,,,,41.4405591,2.2418866,1,50.29,185.7,79,30.8
2026-09-16T14:00,node/7504941033,L'Esmolet,,,,41.4432993,2.2460741,1,50.29,185.7,79,30.8
2026-09-16T14:00,node/7504941035,la Masia de la Xesca,,,,41.4452013,2.2417838,1,50.29,185.7,79,30.8
2026-09-16T14:00,node/7556742593,Menjador del Centre,,,,41.4009756,2.2000272,0,50.29,185.7,79,30.8
2026-09-16T14:00,node/7563962192,Passeig9,,,,41.4014488,2.2009478,1,50.29,185.7,79,30.8
2026-09-16T14:00,node/7600529740,Restaurante La Flama,,,,41.3514861,2.1114722,1,50.29,185.7,79,30.8
2026-09-16T14:00,node/7618205068,El Pellizquito,,,,41.3501292,2.1105817,1,50.29,185.7,79,30.8
2026-09-16T14:00,node/7640514041,Bar Plaça Carles Buïgas,,,,41.3711833,2.1510204,1,50.29,185.7,79,30.8
2026-09-16T14:00,node/7644933199,Almirall,,,,41.4100171,2.1883052,1,50.29,185.7,79,30.8
2026-09-16T14:00,node/7704818539,Bar Granja Rocxi,,,,41.3744206,2.1339573,1,50.29,185.7,79,30.8
2026-09-16T14:00,node/7704818548,Cafès Caracas,,,,41.3748038,2.1328052,0,50.29,185.7,79,30.8
2026-09-16T14:00,node/7706832792,Cru Sants,,,,41.3721342,2.1286919,1,50.29,185.7,79,30.8
2026-09-16T14:00,node/7736420790,Mamma Italia,,,,41.3764642,2.1234304,1,50.29,185.7,79,30.8
2026-09-16T14:00,node/7772770550,Eqvilibrivm Café,,,,41.3973065,2.1697662,0,50.29,185.7,79,30.8
2026-09-16T14:00,node/7838098454,El Caserón,,,,41.3838275,2.1398498,1,50.29,185.7,79,30.8
2026-09-16T14:00,node/7925586104,Delicream,,,,41.4572921,2.2290688,1,50.29,185.7,79,30.8
2026-09-16T14:00,node/7989010587,Castañeiras,,,,41.4100358,2.1760296,1,50.29,185.7,79,30.8
2026-09-16T14:00,node/7999604058,Lilo brunch,,,,41.3873718,2.1627034,0,50.29,185.7,79,30.8
2026-09-16T14:00,node/7999616840,Bellillo,,,,41.3879362,2.1620483,0,50.29,185.7,79,30.8
2026-09-16T14:00,node/8034999886,Costa Dorada,,,,41.3980284,2.1986941,1,50.29,185.7,79,30.8
2026-09-16T14:00,node/8046554489,Sport,,,,41.4001224,2.2000188,0,50.29,185.7,79,30.8
2026-09-16T14:00,node/8049731595,Echegaray,,,,41.4018684,2.2023424,0,50.29,185.7,79,30.8
2026-09-16T14:00,node/8049732292,Doroteo,,,,41.4029636,2.2006718,0,50.29,185.7,79,30.8
2026-09-16T14:00,node/8064873985,Saramar,,,,41.3957712,2.1953013,1,50.29,185.7,79,30.8
2026-09-16T14:00,node/8077128420,Tío Bigotes,,,,41.4013922,2.2028846,0,50.29,185.7,79,30.8
2026-09-16T14:00,manual/488492e9,Bar Viejo Cafe,Bar,yes,"Carrer de la Independència, 306, Sant Martí, 08026 Barcelona",41.4116,2.1794,0,50.29,185.7,79,30.8
2026-09-16T14:00,manual/c52f6190,New 88 Bar-Cafeteria,bar,yes,,41.4094505,2.1789589,0,50.29,185.7,79,30.8
2026-09-16T14:00,manual/5d2ea7ea,Restaurant Papá Nico,bar,yes,,41.4094505,2.1789589,0,50.29,185.7,79,30.8
2026-09-16T14:00,manual/c980e39e,Restaurant El Clot,restaurant,yes,,41.4087697,2.1875592,1,50.29,185.7,79,30.8
2026-09-16T15:00,relation/18317100,,,,,41.42,2.1188352,0,47.01,207.94,83,30.9
2026-09-16T15:00,node/208984374,Central Rambla,,,,41.3782716,2.1761732,1,47.01,207.94,83,30.9
2026-09-16T15:00,way/217583616,Can Fisher,,,,41.3946034,2.2062292,1,47.01,207.94,83,30.9
2026-09-16T15:00,way/245214117,la Caseta del Migdia,,,,41.3596833,2.1607145,1,47.01,207.94,83,30.9
2026-09-16T15:00,way/246717741,Mirablau,,,,41.4160323,2.1319129,1,47.01,207.94,83,30.9
2026-09-16T15:00,way/249404809,PURO,,,,41.3911248,2.1461635,0,47.01,207.94,83,30.9
2026-09-16T15:00,way/268912897,Can Cortada,,,,41.4362503,2.1524833,1,47.01,207.94,83,30.9
2026-09-16T15:00,way/315387188,Temple del Metall,,,,41.4741706,2.1662317,1,47.01,207.94,83,30.9
2026-09-16T15:00,way/392926648,Pacha,,,,41.3857491,2.1970415,1,47.01,207.94,83,30.9
2026-09-16T15:00,way/412702054,Camping,,,,41.3953192,2.2042386,1,47.01,207.94,83,30.9
2026-09-16T15:00,way/443599336,Asador Casa Juaco,,,,41.4476663,2.1426909,1,47.01,207.94,83,30.9
2026-09-16T15:00,way/446002194,La Base by Farré,,,,41.3967358,2.2101884,1,47.01,207.94,83,30.9
2026-09-16T15:00,node/476327681,Can Paixano,,,,41.3817618,2.1834151,0,47.01,207.94,83,30.9
2026-09-16T15:00,node/506202703,Bar Almogávares,,,,41.3962323,2.1890864,1,47.01,207.94,83,30.9
2026-09-16T15:00,way/519771543,Restaurant Can Cases,,,,41.4343885,2.0985276,1,47.01,207.94,83,30.9
2026-09-16T15:00,node/534367691,Sant Bartomeu,,,,41.3755248,2.1346488,0,47.01,207.94,83,30.9
2026-09-16T15:00,node/643022131,Euro Bar-Tapas,,,,41.4342324,2.2161197,1,47.01,207.94,83,30.9
2026-09-16T15:00,node/643429648,Joan Figuera,,,,41.4336545,2.2169391,1,47.01,207.94,83,30.9
2026-09-16T15:00,node/643496696,El rincón de Willy,,,,41.4380246,2.2180623,1,47.01,207.94,83,30.9
2026-09-16T15:00,node/643496704,Bar Somni d'estiu,,,,41.4382361,2.2166687,1,47.01,207.94,83,30.9
2026-09-16T15:00,way/655221168,L'Ovella Negra Marina,,,,41.3960196,2.1901331,0,47.01,207.94,83,30.9
2026-09-16T15:00,node/660004524,Bocatapa Can Manel,,,,41.4413833,2.2212875,1,47.01,207.94,83,30.9
2026-09-16T15:00,node/672140180,Kasparo,,,,41.3844847,2.1690087,1,47.01,207.94,83,30.9
2026-09-16T15:00,node/704031158,Café Zurich,,,,41.3858504,2.1694606,1,47.01,207.94,83,30.9
2026-09-16T15:00,node/704042058,Starbucks,,,,41.3888305,2.1719117,1,47.01,207.94,83,30.9
2026-09-16T15:00,node/704058886,Tapa Tapa,,,,41.3916926,2.1660167,1,47.01,207.94,83,30.9
2026-09-16T15:00,node/704060428,Oassis Natural Cooking,,,,41.3901637,2.1678915,1,47.01,207.94,83,30.9
2026-09-16T15:00,node/704066257,Ciutat Comtal,,,,41.3888272,2.1668833,1,47.01,207.94,83,30.9
2026-09-16T15:00,node/704066614,Taller de Tapas,,,,41.3905645,2.1639038,0,47.01,207.94,83,30.9
2026-09-16T15:00,way/707305723,Bar Frankfurt Cafeteria Fabregada,,,,41.3561748,2.1108239,1,47.01,207.94,83,30.9
2026-09-16T15:00,node/745947750,Bar Geminis,,,,41.3976224,2.1807778,1,47.01,207.94,83,30.9
2026-09-16T15:00,node/765796519,La Cafetera,,,,41.4049767,2.1575215,1,47.01,207.94,83,30.9
2026-09-16T15:00,node/814006271,Les 15 Nits Bar,,,,41.3804529,2.1749778,0,47.01,207.94,83,30.9
2026-09-16T15:00,node/819552792,Bracafe,,,,41.3944249,2.1675209,1,47.01,207.94,83,30.9
2026-09-16T15:00,node/824476551,Caleuche,,,,41.3761526,2.1686172,0,47.01,207.94,83,30.9
2026-09-16T15:00,node/830462039,Bar Restaurant Angela,,,,41.4043015,2.1949428,1,47.01,207.94,83,30.9
2026-09-16T15:00,way/907005766,Chevy's Bar,,,,41.4143731,2.2289499,1,47.01,207.94,83,30.9
2026-09-16T15:00,way/969257968,,,,,41.3793991,2.1073385,1,47.01,207.94,83,30.9
2026-09-16T15:00,way/1063378975,Bar Restaurant Oliver,,,,41.3469215,2.1546999,1,47.01,207.94,83,30.9
2026-09-16T15:00,node/1072798261,Taverna del Bisbe,,,,41.3849254,2.1766628,1,47.01,207.94,83,30.9
2026-09-16T15:00,node/1072800838,El Cafè D'en Victor,,,,41.3847931,2.1767008,0,47.01,207.94,83,30.9
2026-09-16T15:00,node/1083144027,Los Caracoles,,,,41.3796584,2.1765082,0,47.01,207.94,83,30.9
2026-09-16T15:00,node/1092685793,Elche,,,,41.3739754,2.1691488,0,47.01,207.94,83,30.9
2026-09-16T15:00,way/1112240803,ForumStation,,,,41.4096655,2.2221501,1,47.01,207.94,83,30.9
2026-09-16T15:00,node/1177498341,Casa Vall,,,,41.4074238,2.1585521,0,47.01,207.94,83,30.9
2026-09-16T15:00,node/1192698924,Bilbao Berria,,,,41.3841976,2.1748665,0,47.01,207.94,83,30.9
2026-09-16T15:00,node/1192699873,Tapas 24,,,,41.3908686,2.1674705,1,47.01,207.94,83,30.9
2026-09-16T15:00,way/1200964257,Chiringuito Joan Miro,,,,41.3789977,2.1478116,1,47.01,207.94,83,30.9
2026-09-16T15:00,node/1264182304,Tosca del Carme,,,,41.3819482,2.1695795,0,47.01,207.94,83,30.9
2026-09-16T15:00,node/1280416455,Carballeira,,,,41.4442679,2.2217701,1,47.01,207.94,83,30.9
2026-09-16T15:00,way/1300745688,La Casona de Sant Just,,,,41.3833348,2.0735139,1,47.01,207.94,83,30.9
2026-09-16T15:00,node/1310450869,El Filete Ruso,,,,41.3925451,2.1558968,0,47.01,207.94,83,30.9
2026-09-16T15:00,node/1312325106,La Palmera,,,,41.4144229,2.1385123,0,47.01,207.94,83,30.9
2026-09-16T15:00,node/1314943380,Mescladís del Pou,,,,41.3870865,2.1803497,0,47.01,207.94,83,30.9
2026-09-16T15:00,node/1335697982,,,,,41.3608771,2.1101417,1,47.01,207.94,83,30.9
2026-09-16T15:00,way/1368167814,Natura Beach. El Chiringuito,,,,41.4028929,2.2157443,1,47.01,207.94,83,30.9
2026-09-16T15:00,node/1420760625,Tapeo,,,,41.4044988,2.1554811,0,47.01,207.94,83,30.9
2026-09-16T15:00,node/1420760630,Diamant,,,,41.4042174,2.1555899,0,47.01,207.94,83,30.9
2026-09-16T15:00,node/1428867664,Café Berlin,,,,41.3943566,2.1494599,1,47.01,207.94,83,30.9
2026-09-16T15:00,node/1430537485,Oasis Restaurant,,,,41.3827219,2.1847191,1,47.01,207.94,83,30.9
2026-09-16T15:00,node/1445598557,Bracafe,,,,41.3948025,2.1817533,0,47.01,207.94,83,30.9
2026-09-16T15:00,node/1554649942,Torrades,,,,41.4375721,2.1566095,1,47.01,207.94,83,30.9
2026-09-16T15:00,node/1554649988,La Panera,,,,41.4374756,2.1563359,0,47.01,207.94,83,30.9
2026-09-16T15:00,node/1658425572,Rebeka,,,,41.3967185,2.1890325,1,47.01,207.94,83,30.9
2026-09-16T15:00,node/1685949861,Cerveceria Milenium 2,,,,41.3534566,2.0866307,1,47.01,207.94,83,30.9
2026-09-16T15:00,node/1711342192,Calero's Centre,,,,41.3744728,2.1349721,1,47.01,207.94,83,30.9
2026-09-16T15:00,node/1722136431,Cervecería Catalana,,,,41.3924032,2.1609008,1,47.01,207.94,83,30.9
2026-09-16T15:00,node/1739122591,La Tagliatella,,,,41.3943371,2.1521208,0,47.01,207.94,83,30.9
2026-09-16T15:00,node/1813593370,Bar Capricornio,,,,41.4381257,2.2179547,1,47.01,207.94,83,30.9
2026-09-16T15:00,node/1820633320,CASA TEVA,,,,41.3752815,2.1166845,1,47.01,207.94,83,30.9
2026-09-16T15:00,node/1824133931,Carmesí,,,,41.3737373,2.1644452,0,47.01,207.94,83,30.9
2026-09-16T15:00,node/1948986220,Cafeteria UPF Jaume I,,,,41.3900298,2.1901118,1,47.01,207.94,83,30.9
2026-09-16T15:00,node/1948987514,Cafeteria UPF Roger de Lluria,,,,41.3886776,2.1915119,0,47.01,207.94,83,30.9
2026-09-16T15:00,node/1951812612,Casa Pagès,,,,41.3998447,2.1613114,0,47.01,207.94,83,30.9
2026-09-16T15:00,node/1960366982,Casa Amalia,,,,41.3962525,2.1685646,0,47.01,207.94,83,30.9
2026-09-16T15:00,node/1984001407,Bar de la FIB,,,,41.3894239,2.1132363,1,47.01,207.94,83,30.9
2026-09-16T15:00,node/2034780565,Cerbeseria Lesseps,,,,41.4073551,2.1514486,0,47.01,207.94,83,30.9
2026-09-16T15:00,node/2034780569,L'Brasseria,,,,41.4067629,2.1516314,0,47.01,207.94,83,30.9
2026-09-16T15:00,node/2056517879,Caelum,,,,41.3830524,2.1744369,0,47.01,207.94,83,30.9
2026-09-16T15:00,node/2065469522,Restaurant Pipa,,,,41.3997461,2.2003004,1,47.01,207.94,83,30.9
2026-09-16T15:00,node/2087204991,La Sanguchería,,,,41.3954987,2.1484037,1,47.01,207.94,83,30.9
2026-09-16T15:00,node/2091604731,Tapa Tapa,,,,41.3762094,2.1500463,1,47.01,207.94,83,30.9
2026-09-16T15:00,node/2112843062,El Vaixell-2,,,,41.4541291,2.2350201,1,47.01,207.94,83,30.9
2026-09-16T15:00,node/2165154147,Asador de Lugo,,,,41.3797623,2.1376748,0,47.01,207.94,83,30.9
2026-09-16T15:00,node/2184580476,Bar del Pi,,,,41.3824922,2.1739624,0,47.01,207.94,83,30.9
2026-09-16T15:00,node/2187210264,Sopa,,,,41.4023416,2.1952788,1,47.01,207.94,83,30.9
2026-09-16T15:00,node/2197824500,Tierra del fuego,,,,41.4016702,2.2016399,1,47.01,207.94,83,30.9
2026-09-16T15:00,node/2213839299,Pollo Rico,,,,41.3791045,2.1721976,0,47.01,207.94,83,30.9
2026-09-16T15:00,node/2364075421,Chen-Ji,,,,41.3936143,2.1807074,1,47.01,207.94,83,30.9
2026-09-16T15:00,node/2434563732,La Bella Napoli,,,,41.3743686,2.1637621,0,47.01,207.94,83,30.9
2026-09-16T15:00,node/2442785485,El Círcol,,,,41.4501968,2.2474223,1,47.01,207.94,83,30.9
2026-09-16T15:00,node/2468197823,365 Cafeteria Forn de Pa,,,,41.3752071,2.1635151,1,47.01,207.94,83,30.9
2026-09-16T15:00,node/2476332030,Bar Lennon,,,,41.4028901,2.1612576,0,47.01,207.94,83,30.9
2026-09-16T15:00,node/2500906795,Bar Lúdic Queimada Nivell Q,,,,41.4094152,2.1808913,0,47.01,207.94,83,30.9
2026-09-16T15:00,node/2598482930,Con Gracia,,,,41.3990704,2.1600617,0,47.01,207.94,83,30.9
2026-09-16T15:00,node/2609183969,Fukuoka,,,,41.4022587,2.1612976,0,47.01,207.94,83,30.9
2026-09-16T15:00,node/2610750687,Xiringuito Aigua,,,,41.4096717,2.1683236,1,47.01,207.94,83,30.9
2026-09-16T15:00,node/2618447074,Vegetalia,,,,41.3803973,2.1776952,0,47.01,207.94,83,30.9
2026-09-16T15:00,node/2618538581,Veggie Garden,,,,41.3822767,2.1680336,0,47.01,207.94,83,30.9
2026-09-16T15:00,node/2618538595,Biocenter,,,,41.3825765,2.1694364,0,47.01,207.94,83,30.9
2026-09-16T15:00,node/2684052224,Pai Mei,,,,41.4051863,2.1931071,1,47.01,207.94,83,30.9
2026-09-16T15:00,node/2687089274,Dolça Estona,,,,41.4117096,2.1394938,0,47.01,207.94,83,30.9
2026-09-16T15:00,node/2689736934,Bar Bodega Molina,,,,41.4403298,2.1817019,0,47.01,207.94,83,30.9
2026-09-16T15:00,node/2721077740,Bar Veni,,,,41.3848861,2.1667078,0,47.01,207.94,83,30.9
2026-09-16T15:00,node/2727449418,Las Euras,,,,41.3998785,2.1577187,0,47.01,207.94,83,30.9
2026-09-16T15:00,node/2793491051,La bona tapa,,,,41.4368098,2.2166172,1,47.01,207.94,83,30.9
2026-09-16T15:00,node/2892028393,Kino,,,,41.3825992,2.1665452,0,47.01,207.94,83,30.9
2026-09-16T15:00,node/2892037115,23 Robadors,,,,41.3796029,2.1708903,0,47.01,207.94,83,30.9
2026-09-16T15:00,node/2910255826,Shôko,,,,41.3854991,2.1969746,1,47.01,207.94,83,30.9
2026-09-16T15:00,node/2910255827,Opium,,,,41.3852778,2.1967099,1,47.01,207.94,83,30.9
2026-09-16T15:00,node/2927944587,Tapas Tapas!,,,,41.3745104,2.1829399,1,47.01,207.94,83,30.9
2026-09-16T15:00,node/2951499208,El racó d'en Henry,,,,41.4394757,2.2215013,1,47.01,207.94,83,30.9
2026-09-16T15:00,node/2966340931,El Capritx,,,,41.4022886,2.1998883,0,47.01,207.94,83,30.9
2026-09-16T15:00,node/2968119440,Can Tresó,,,,41.4028999,2.1537483,0,47.01,207.94,83,30.9
2026-09-16T15:00,node/2969276727,La Sirena Verde,,,,41.4027605,2.1657128,1,47.01,207.94,83,30.9
2026-09-16T15:00,node/2969277275,Café de l'Eixample,,,,41.4005021,2.1690108,1,47.01,207.94,83,30.9
2026-09-16T15:00,node/2970751844,Taverna El Disbarat,,,,41.4017728,2.1545227,0,47.01,207.94,83,30.9
2026-09-16T15:00,node/3007755352,La Pausa,,,,41.4071883,2.1557816,1,47.01,207.94,83,30.9
2026-09-16T15:00,node/3007803307,Oh La Lá,,,,41.4460123,2.2485803,1,47.01,207.94,83,30.9
2026-09-16T15:00,node/3048077142,L'Aliança del Poblenou,,,,41.3997067,2.2032276,0,47.01,207.94,83,30.9
2026-09-16T15:00,node/3049368344,Clot76,,,,41.4082815,2.1885259,0,47.01,207.94,83,30.9
2026-09-16T15:00,node/3084370508,Marina Bay By Moncho's,,,,41.3863077,2.1975017,1,47.01,207.94,83,30.9
2026-09-16T15:00,node/3084507933,Caravelle,,,,41.3822872,2.1688475,0,47.01,207.94,83,30.9
2026-09-16T15:00,node/3120072573,Bar Restaurant Nàutic,,,,41.3806088,2.1408397,1,47.01,207.94,83,30.9
2026-09-16T15:00,node/3177990194,Mezcal Taco Bar,,,,41.3830563,2.1554872,1,47.01,207.94,83,30.9
2026-09-16T15:00,node/3270120640,Luigi,,,,41.3862659,2.1753788,0,47.01,207.94,83,30.9
2026-09-16T15:00,node/3271554311,Al Sultán,,,,41.4035661,2.1554863,0,47.01,207.94,83,30.9
2026-09-16T15:00,node/3328694987,Nou Candanchú,,,,41.4005128,2.1576475,1,47.01,207.94,83,30.9
2026-09-16T15:00,node/3339670930,Bahia,,,,41.3803265,2.1774842,0,47.01,207.94,83,30.9
2026-09-16T15:00,node/3441700493,Santos Tapas,,,,41.3818417,2.1745121,0,47.01,207.94,83,30.9
2026-09-16T15:00,node/3491476947,Bar del Pla,,,,41.3856036,2.1800221,0,47.01,207.94,83,30.9
2026-09-16T15:00,node/3496970198,Centre Cívic Can Deu,,,,41.3869027,2.1327794,0,47.01,207.94,83,30.9
2026-09-16T15:00,node/3504769719,El Rincón,,,,41.3908977,2.1900669,1,47.01,207.94,83,30.9
2026-09-16T15:00,node/3517276245,Bar Canigó,,,,41.4029724,2.1579186,1,47.01,207.94,83,30.9
2026-09-16T15:00,node/3522552400,Àpat's,,,,41.3757617,2.1419109,0,47.01,207.94,83,30.9
2026-09-16T15:00,node/3548547194,El Bon Menjador - 2,,,,41.4388101,2.2172863,1,47.01,207.94,83,30.9
2026-09-16T15:00,node/3548548998,Bar Morales,,,,41.4395878,2.2165237,1,47.01,207.94,83,30.9
2026-09-16T15:00,node/3548613495,Bar Paula's Tapería,,,,41.4385437,2.2175484,1,47.01,207.94,83,30.9
2026-09-16T15:00,node/3556089494,Delicias Mediterráneas,,,,41.4415079,2.2267435,1,47.01,207.94,83,30.9
2026-09-16T15:00,node/3556089497,Xurreria Rodríguez,,,,41.4416928,2.2264651,1,47.01,207.94,83,30.9
2026-09-16T15:00,node/3556089803,Bar de La Salut,,,,41.4422594,2.2258792,1,47.01,207.94,83,30.9
2026-09-16T15:00,node/3560942698,Sandvitxeria Alhociema,,,,41.4443624,2.2236761,1,47.01,207.94,83,30.9
2026-09-16T15:00,node/3560955995,Centro Cultural Castellano-manchego,,,,41.4390698,2.2176297,1,47.01,207.94,83,30.9
2026-09-16T15:00,node/3595399490,Bar Familiar,,,,41.4359163,2.2182018,1,47.01,207.94,83,30.9
2026-09-16T15:00,node/3595399769,La granja de Casablanca,,,,41.4357671,2.2189395,1,47.01,207.94,83,30.9
2026-09-16T15:00,node/3595401238,Bar Alcázar,,,,41.4365542,2.2183742,1,47.01,207.94,83,30.9
2026-09-16T15:00,node/3596986411,Agrupación Cultural Galega Agarimos,,,,41.4358268,2.2165495,1,47.01,207.94,83,30.9
2026-09-16T15:00,node/3612059306,Nabuco Tiramisú,,,,41.4004523,2.1577244,1,47.01,207.94,83,30.9
2026-09-16T15:00,node/3620986554,Yamane,,,,41.3868061,2.1808426,0,47.01,207.94,83,30.9
2026-09-16T15:00,node/3620991692,Yamaneko-ryouri,,,,41.4016619,2.1447787,0,47.01,207.94,83,30.9
2026-09-16T15:00,node/3624045193,Bar-Granja Maribel,,,,41.4399092,2.2235793,1,47.01,207.94,83,30.9
2026-09-16T15:00,node/3624045293,Bar La Cantonada,,,,41.4396227,2.2242325,1,47.01,207.94,83,30.9
2026-09-16T15:00,node/3713349650,Groin's,,,,41.4108415,2.1637178,0,47.01,207.94,83,30.9
2026-09-16T15:00,node/3718061014,Bar Calders,,,,41.3764788,2.1623937,1,47.01,207.94,83,30.9
2026-09-16T15:00,node/3730796125,Buenas Migas,,,,41.3975542,2.1587856,1,47.01,207.94,83,30.9
2026-09-16T15:00,node/3761312382,La Fonda,,,,41.3793598,2.1762144,0,47.01,207.94,83,30.9
2026-09-16T15:00,node/3777075876,Oaxaca,,,,41.3821041,2.1838988,0,47.01,207.94,83,30.9
2026-09-16T15:00,node/3779149860,EsPan's,,,,41.4349094,2.2194667,1,47.01,207.94,83,30.9
2026-09-16T15:00,node/3794002044,Samurai Ramen,,,,41.3736753,2.1548947,1,47.01,207.94,83,30.9
2026-09-16T15:00,node/3804046057,Robata Sushi & Grill,,,,41.3904886,2.1585836,0,47.01,207.94,83,30.9
2026-09-16T15:00,node/3809169458,Freiduría El Boquerón,,,,41.4400822,2.2264769,1,47.01,207.94,83,30.9
2026-09-16T15:00,node/3809169459,Marisquería Melchor,,,,41.4401715,2.2266602,1,47.01,207.94,83,30.9
2026-09-16T15:00,node/3809169461,Elhotro bar,,,,41.4401247,2.2268506,1,47.01,207.94,83,30.9
2026-09-16T15:00,node/3809169658,Carte d'Or,,,,41.4403068,2.2274065,1,47.01,207.94,83,30.9
2026-09-16T15:00,node/3809169668,Vivari,,,,41.4408122,2.2271125,1,47.01,207.94,83,30.9
2026-09-16T15:00,node/3809169669,Pantaiberic delicatessen,,,,41.4408174,2.2269502,1,47.01,207.94,83,30.9
2026-09-16T15:00,node/3840009426,La Esquinica,,,,41.4304816,2.1712169,1,47.01,207.94,83,30.9
2026-09-16T15:00,node/3874539219,Café del Centre,,,,41.3946111,2.1712059,0,47.01,207.94,83,30.9
2026-09-16T15:00,node/3890922254,Characato,,,,41.4046885,2.1836218,0,47.01,207.94,83,30.9
2026-09-16T15:00,node/3901403358,Les Dues Sicilies,,,,41.3866097,2.1802613,0,47.01,207.94,83,30.9
2026-09-16T15:00,node/3955968257,El racó de les Glòries,,,,41.3986109,2.1978895,1,47.01,207.94,83,30.9
2026-09-16T15:00,node/4060217594,Matt & Marshall,,,,41.3993348,2.1997769,0,47.01,207.94,83,30.9
2026-09-16T15:00,node/4073605889,Mariscco,,,,41.3804885,2.1753271,1,47.01,207.94,83,30.9
2026-09-16T15:00,node/4126257971,Xixbar,,,,41.3758485,2.1576176,0,47.01,207.94,83,30.9
2026-09-16T15:00,node/4127494769,Vapiano,,,,41.3788941,2.1758361,1,47.01,207.94,83,30.9
2026-09-16T15:00,node/4138815989,Nømad Cøffee,,,,41.3889108,2.1771731,0,47.01,207.94,83,30.9
2026-09-16T15:00,node/4150499794,El 68,,,,41.4023622,2.1612062,0,47.01,207.94,83,30.9
2026-09-16T15:00,node/4166496789,Bar Thonet Grill Room,,,,41.3792408,2.1761073,0,47.01,207.94,83,30.9
2026-09-16T15:00,node/4168100800,Cervecería Frankfurt Europa,,,,41.4396191,2.2191504,1,47.01,207.94,83,30.9
2026-09-16T15:00,node/4225209596,Bar El Velodromo,,,,41.3934442,2.1501395,0,47.01,207.94,83,30.9
2026-09-16T15:00,node/4225810298,Bar Nolla,,,,41.3905504,2.1647825,1,47.01,207.94,83,30.9
2026-09-16T15:00,node/4233959493,Pastisseria Granja,,,,41.3795042,2.1792309,0,47.01,207.94,83,30.9
2026-09-16T15:00,node/4239222689,Rekons,,,,41.3806195,2.1610796,1,47.01,207.94,83,30.9
2026-09-16T15:00,node/4244877765,Bar La Peña,,,,41.4404265,2.2170329,1,47.01,207.94,83,30.9
2026-09-16T15:00,node/4247196393,cal mariner,,,,41.3791754,2.1898206,1,47.01,207.94,83,30.9
2026-09-16T15:00,node/4253851490,El Trencadís,,,,41.3937976,2.1655309,0,47.01,207.94,83,30.9
2026-09-16T15:00,node/4253862889,Hummus,,,,41.3912547,2.1611975,1,47.01,207.94,83,30.9
2026-09-16T15:00,node/4254090289,La tasqueta de Blai,,,,41.3733347,2.1652358,0,47.01,207.94,83,30.9
2026-09-16T15:00,node/4254094290,Rosa Negra,,,,41.3819164,2.1687596,1,47.01,207.94,83,30.9
2026-09-16T15:00,node/4254704967,Firebug Brunch,,,,41.3927459,2.1778691,0,47.01,207.94,83,30.9
2026-09-16T15:00,node/4254996890,La Macchina,,,,41.4030005,2.1535966,1,47.01,207.94,83,30.9
2026-09-16T15:00,node/4267035492,Kebabish,,,,41.4409198,2.2217884,1,47.01,207.94,83,30.9
2026-09-16T15:00,node/4267055591,La cantina del tapeo,,,,41.4420999,2.2200224,1,47.01,207.94,83,30.9
2026-09-16T15:00,node/4278033120,Buenas Migas,,,,41.3838044,2.1696233,0,47.01,207.94,83,30.9
2026-09-16T15:00,node/4283188047,Granja Romaní,,,,41.4348618,2.2179712,1,47.01,207.94,83,30.9
2026-09-16T15:00,node/4283194434,Bar La Paradeta,,,,41.4337773,2.2167771,1,47.01,207.94,83,30.9
2026-09-16T15:00,node/4291934189,Fonda Espanya,,,,41.3799009,2.1728032,0,47.01,207.94,83,30.9
2026-09-16T15:00,node/4306440989,Blai 9,,,,41.3730722,2.1658539,0,47.01,207.94,83,30.9
2026-09-16T15:00,node/4314857689,El punt,,,,41.4413807,2.2316251,1,47.01,207.94,83,30.9
2026-09-16T15:00,node/4314859689,Versace,,,,41.4337089,2.2172203,1,47.01,207.94,83,30.9
2026-09-16T15:00,node/4315715092,Petit Comitè,,,,41.3943551,2.1600308,0,47.01,207.94,83,30.9
2026-09-16T15:00,node/4321183403,Brunch & Cake,,,,41.3882834,2.1615596,0,47.01,207.94,83,30.9
2026-09-16T15:00,node/4336933393,Mayura,,,,41.3938992,2.1720914,0,47.01,207.94,83,30.9
2026-09-16T15:00,node/4340119890,VIENA,,,,41.3579934,2.1293918,1,47.01,207.94,83,30.9
2026-09-16T15:00,node/4349925690,Nemrut,,,,41.3810051,2.1772158,0,47.01,207.94,83,30.9
2026-09-16T15:00,node/4350019284,Palosanto,,,,41.3808122,2.1772701,1,47.01,207.94,83,30.9
2026-09-16T15:00,node/4364289794,Faborit Casa Amatller,,,,41.3915836,2.1650592,0,47.01,207.94,83,30.9
2026-09-16T15:00,node/4386702690,Red Ant Noodle Bar,,,,41.3880129,2.1810961,0,47.01,207.94,83,30.9
2026-09-16T15:00,node/4396244190,Fresc Co,,,,41.3891657,2.1969678,1,47.01,207.94,83,30.9
2026-09-16T15:00,node/4401234193,BlackLab Brewhouse & Kitchen,,,,41.3812305,2.1854573,1,47.01,207.94,83,30.9
2026-09-16T15:00,node/4431102493,Forn Puiggròs,,,,41.4102615,2.1741597,0,47.01,207.94,83,30.9
2026-09-16T15:00,node/4439412389,La Vinya del Senyor,,,,41.3832546,2.1818655,0,47.01,207.94,83,30.9
2026-09-16T15:00,node/4440352791,La Gavina,,,,41.3807532,2.1853211,1,47.01,207.94,83,30.9
2026-09-16T15:00,node/4443367289,Pannus,,,,41.3863691,2.1726728,0,47.01,207.94,83,30.9
2026-09-16T15:00,node/4449185678,Il Caffè di Francesco,,,,41.3908733,2.1652201,1,47.01,207.94,83,30.9
2026-09-16T15:00,node/4451904190,Bar Granadino,,,,41.4404153,2.2238276,1,47.01,207.94,83,30.9
2026-09-16T15:00,node/4451904193,La ciudad de oro,,,,41.4408727,2.2240695,1,47.01,207.94,83,30.9
2026-09-16T15:00,node/4451986792,Cafe Bar Florida,,,,41.4403503,2.2236929,1,47.01,207.94,83,30.9
2026-09-16T15:00,node/4451986793,Bar Amigo,,,,41.4411469,2.2238965,1,47.01,207.94,83,30.9
2026-09-16T15:00,node/4451988991,Bar Frankfurt Jaime,,,,41.4408051,2.2241201,1,47.01,207.94,83,30.9
2026-09-16T15:00,node/4451989090,Entre tapes,,,,41.4423118,2.2237245,1,47.01,207.94,83,30.9
2026-09-16T15:00,node/4451992791,Bar Leo,,,,41.4406309,2.2245529,1,47.01,207.94,83,30.9
2026-09-16T15:00,node/4452031691,Bar La Granja,,,,41.4427953,2.2241899,1,47.01,207.94,83,30.9
2026-09-16T15:00,node/4455238130,Anahuac,,,,41.3965161,2.1513989,0,47.01,207.94,83,30.9
2026-09-16T15:00,node/4461595656,Cafeteria de la Biblioteca Jaumer Fuster,,,,41.4075557,2.1493457,1,47.01,207.94,83,30.9
2026-09-16T15:00,node/4470059420,Mesón Gallego,,,,41.3818896,2.0709288,1,47.01,207.94,83,30.9
2026-09-16T15:00,node/4486639527,Boldú,,,,41.3973783,2.1517865,0,47.01,207.94,83,30.9
2026-09-16T15:00,node/4486683966,La Tagliatella,,,,41.3974141,2.1514101,1,47.01,207.94,83,30.9
2026-09-16T15:00,node/4503193765,Bicioci,,,,41.3999229,2.1619101,0,47.01,207.94,83,30.9
2026-09-16T15:00,node/4509411660,Bar Mediterráneo,,,,41.4343007,2.2180868,1,47.01,207.94,83,30.9
2026-09-16T15:00,node/4516538193,Más Que Sushi,,,,41.3774227,2.1527247,0,47.01,207.94,83,30.9
2026-09-16T15:00,node/4516600994,Salambó,,,,41.4044546,2.1576355,0,47.01,207.94,83,30.9
2026-09-16T15:00,node/4520259289,Cachitos,,,,41.3953057,2.1536913,1,47.01,207.94,83,30.9
2026-09-16T15:00,node/4572063790,Cafetería 365,,,,41.3744652,2.1675541,0,47.01,207.94,83,30.9
2026-09-16T15:00,node/4580517495,Cadaqués,,,,41.4004717,2.1574102,0,47.01,207.94,83,30.9
2026-09-16T15:00,node/4591423938,Arabia Cafe,,,,41.3796023,2.1762764,0,47.01,207.94,83,30.9
2026-09-16T15:00,node/4602957463,Otafuku Daifuku,,,,41.3861633,2.1813225,0,47.01,207.94,83,30.9
2026-09-16T15:00,node/4631918790,Casa López,,,,41.4047191,2.1550626,0,47.01,207.94,83,30.9
2026-09-16T15:00,node/4643974106,Kyoka Via Augusta,,,,41.3979693,2.1315017,1,47.01,207.94,83,30.9
2026-09-16T15:00,node/4654613659,afiparc,,,,41.4134414,2.1527296,1,47.01,207.94,83,30.9
2026-09-16T15:00,node/4668687590,Can Vilaró,,,,41.3779004,2.1617005,0,47.01,207.94,83,30.9
2026-09-16T15:00,node/4673198082,Montesquiu,,,,41.4046825,2.1325233,1,47.01,207.94,83,30.9
2026-09-16T15:00,node/4680760648,Sushi Taller,,,,41.4048621,2.1326565,0,47.01,207.94,83,30.9
2026-09-16T15:00,node/4681801089,Orxateria la Valenciana,,,,41.3863413,2.1622578,0,47.01,207.94,83,30.9
2026-09-16T15:00,node/4704972453,majide,,,,41.3849224,2.1674688,0,47.01,207.94,83,30.9
2026-09-16T15:00,node/4709933976,Sottovoce,,,,41.3579226,2.1294974,1,47.01,207.94,83,30.9
2026-09-16T15:00,node/4711659235,Casa Lolea,,,,41.3888056,2.1771897,0,47.01,207.94,83,30.9
2026-09-16T15:00,node/4720526074,El Charrito,,,,41.3896183,2.1662427,1,47.01,207.94,83,30.9
2026-09-16T15:00,node/4721286889,Prodigi,,,,41.3985973,2.1659559,0,47.01,207.94,83,30.9
2026-09-16T15:00,node/4726582894,Catalina Cafe,,,,41.3862071,2.1793039,1,47.01,207.94,83,30.9
2026-09-16T15:00,node/4726583193,Betlem,,,,41.3949258,2.1712207,1,47.01,207.94,83,30.9
2026-09-16T15:00,node/4727975192,La Coruña,,,,41.4083413,2.1851911,0,47.01,207.94,83,30.9
2026-09-16T15:00,node/4728103192,Cafè Arrels,,,,41.4137041,2.1809929,0,47.01,207.94,83,30.9
2026-09-16T15:00,node/4729343193,Cervecería Frankfurt El Molino,,,,41.3746194,2.1669636,0,47.01,207.94,83,30.9
2026-09-16T15:00,node/4735766123,I'll Pomo d'Oro,,,,41.3926987,2.1585151,1,47.01,207.94,83,30.9
2026-09-16T15:00,node/4743830714,Casa Escarré (Joan's),,,,41.3747567,2.1427755,1,47.01,207.94,83,30.9
2026-09-16T15:00,node/4751727952,Bar Ribalda,,,,41.4026552,2.1328307,0,47.01,207.94,83,30.9
2026-09-16T15:00,node/4755496723,Brewdog,,,,41.3857301,2.1581661,0,47.01,207.94,83,30.9
2026-09-16T15:00,node/4756509699,Morro fi,,,,41.3833069,2.1550311,1,47.01,207.94,83,30.9
2026-09-16T15:00,node/4776357929,Tomodachi,,,,41.4053891,2.1644663,1,47.01,207.94,83,30.9
2026-09-16T15:00,node/4778618049,De Gustibus Italiae,,,,41.4027491,2.1330183,0,47.01,207.94,83,30.9
2026-09-16T15:00,node/4784670742,Índigo Café,,,,41.3874831,2.1626443,0,47.01,207.94,83,30.9
2026-09-16T15:00,node/4792724121,Venus Delicatessen Barcelona,,,,41.3807065,2.1779781,0,47.01,207.94,83,30.9
2026-09-16T15:00,node/4802341078,El Quatre,,,,41.4031267,2.1333762,1,47.01,207.94,83,30.9
2026-09-16T15:00,node/4805335780,Madonna Vegan,,,,41.3812162,2.1671279,0,47.01,207.94,83,30.9
2026-09-16T15:00,node/4816093515,Olímpic Bar,,,,41.4422394,2.2177816,1,47.01,207.94,83,30.9
2026-09-16T15:00,node/4822739686,Bar El Racó,,,,41.4417497,2.2212713,1,47.01,207.94,83,30.9
2026-09-16T15:00,node/4838956921,Supra,,,,41.3910798,2.1613999,0,47.01,207.94,83,30.9
2026-09-16T15:00,node/4844565923,Pampa Drugstore,,,,41.3827176,2.1712051,0,47.01,207.94,83,30.9
2026-09-16T15:00,node/4847673021,Usagui,,,,41.4021671,2.1463849,1,47.01,207.94,83,30.9
2026-09-16T15:00,node/4859449960,Restaurant el Magatzem,,,,41.3805096,2.1863595,1,47.01,207.94,83,30.9
2026-09-16T15:00,node/4859450597,Restaurant Cal Pinxo,,,,41.3806265,2.1855795,1,47.01,207.94,83,30.9
2026-09-16T15:00,node/4867833221,Pizzeria El Mundo,,,,41.3751322,2.1231212,1,47.01,207.94,83,30.9
2026-09-16T15:00,node/4881181797,Sierra Nevada,,,,41.4420581,2.1834715,1,47.01,207.94,83,30.9
2026-09-16T15:00,node/4903340658,El Ramblero,,,,41.4219271,2.1969049,1,47.01,207.94,83,30.9
2026-09-16T15:00,node/4906736149,L'Olivera,,,,41.4058547,2.1893093,1,47.01,207.94,83,30.9
2026-09-16T15:00,node/4917663030,Picnic,,,,41.4179648,2.1988442,0,47.01,207.94,83,30.9
2026-09-16T15:00,node/4937772721,Vila's Bar,,,,41.4059086,2.1571314,0,47.01,207.94,83,30.9
2026-09-16T15:00,node/4938104321,Hammock Juice Station,,,,41.3971863,2.1671778,0,47.01,207.94,83,30.9
2026-09-16T15:00,node/4973805221,Brunch & Cake by the sea,,,,41.3809714,2.1872568,1,47.01,207.94,83,30.9
2026-09-16T15:00,node/4973805421,Quinoa Aragó Vegetarià,,,,41.3886233,2.1598684,0,47.01,207.94,83,30.9
2026-09-16T15:00,node/4977546909,Tonkotsu,,,,41.3938467,2.1650368,0,47.01,207.94,83,30.9
2026-09-16T15:00,node/4983764927,Cervecería-Frankfurt,,,,41.4394391,2.2207951,1,47.01,207.94,83,30.9
2026-09-16T15:00,node/4983764935,Max Bar,,,,41.4401476,2.2214687,1,47.01,207.94,83,30.9
2026-09-16T15:00,node/4983764944,Bar Verín,,,,41.4396911,2.2210187,1,47.01,207.94,83,30.9
2026-09-16T15:00,node/4983764949,Bar R'Aurora,,,,41.4400582,2.2213943,1,47.01,207.94,83,30.9
2026-09-16T15:00,node/4983764952,Trocadero,,,,41.4385047,2.2204982,1,47.01,207.94,83,30.9
2026-09-16T15:00,node/4983764957,Bar La Alpujarra,,,,41.4420698,2.2228867,1,47.01,207.94,83,30.9
2026-09-16T15:00,node/4983764958,Sant Mori,,,,41.4390777,2.2210618,1,47.01,207.94,83,30.9
2026-09-16T15:00,node/4983764960,El buen gusto,,,,41.4411919,2.2225719,1,47.01,207.94,83,30.9
2026-09-16T15:00,node/4983764965,Bar Junior Bodega,,,,41.4417139,2.2225318,1,47.01,207.94,83,30.9
2026-09-16T15:00,node/4983764975,Bar Satisfecho,,,,41.4385461,2.2198488,1,47.01,207.94,83,30.9
2026-09-16T15:00,node/4983765002,Bar sushi Salon,,,,41.4425727,2.2233672,1,47.01,207.94,83,30.9
2026-09-16T15:00,node/4983765004,Corre que se acaban,,,,41.4392453,2.2212328,1,47.01,207.94,83,30.9
2026-09-16T15:00,node/4983765005,365,,,,41.4403303,2.2225575,1,47.01,207.94,83,30.9
2026-09-16T15:00,node/4984256695,Pampa Mía,,,,41.4085709,2.2035603,0,47.01,207.94,83,30.9
2026-09-16T15:00,node/4991221422,Salterio,,,,41.3825107,2.1760837,0,47.01,207.94,83,30.9
2026-09-16T15:00,node/5007434606,La Balmesina,,,,41.3970301,2.1522555,0,47.01,207.94,83,30.9
2026-09-16T15:00,node/5010794721,Syra Coffee,,,,41.4014925,2.1595216,0,47.01,207.94,83,30.9
2026-09-16T15:00,node/5010794821,Nomad Frutas Selectas,,,,41.3979292,2.1955517,0,47.01,207.94,83,30.9
2026-09-16T15:00,node/5023905423,Petra,,,,41.4038883,2.1551166,0,47.01,207.94,83,30.9
2026-09-16T15:00,node/5028969022,Guzzo,,,,41.3850929,2.1836594,0,47.01,207.94,83,30.9
2026-09-16T15:00,node/5030247521,La Pantera Rosa,,,,41.4010493,2.1525903,0,47.01,207.94,83,30.9
2026-09-16T15:00,node/5037900607,Orio,,,,41.3819545,2.1763606,0,47.01,207.94,83,30.9
2026-09-16T15:00,node/5048602525,Blau Cel,,,,41.4043091,2.1612896,0,47.01,207.94,83,30.9
2026-09-16T15:00,node/5053669724,La Xula Taperia,,,,41.4023295,2.1586126,0,47.01,207.94,83,30.9
2026-09-16T15:00,node/5081388242,La Raposa,,,,41.3725137,2.1639527,0,47.01,207.94,83,30.9
2026-09-16T15:00,node/5082277825,Vermuteria Puigmartí,,,,41.4013967,2.1590604,0,47.01,207.94,83,30.9
2026-09-16T15:00,node/5082277826,Caracas,,,,41.4020908,2.1601676,0,47.01,207.94,83,30.9
2026-09-16T15:00,node/5082288821,Curuba,,,,41.3999554,2.1574731,0,47.01,207.94,83,30.9
2026-09-16T15:00,node/5086827321,Metric Market,,,,41.3916196,2.1419287,0,47.01,207.94,83,30.9
2026-09-16T15:00,node/5088945722,La Juanola,,,,41.4066765,2.1569377,0,47.01,207.94,83,30.9
2026-09-16T15:00,node/5089333723,Ciuri‘s,,,,41.4052466,2.1565749,0,47.01,207.94,83,30.9
2026-09-16T15:00,node/5105012628,Entre Hores,,,,41.4030943,2.1577829,0,47.01,207.94,83,30.9
2026-09-16T15:00,node/5109943322,Intrèpid,,,,41.4043018,2.1550041,0,47.01,207.94,83,30.9
2026-09-16T15:00,node/5110964523,La Trobada,,,,41.4015625,2.1520155,1,47.01,207.94,83,30.9
2026-09-16T15:00,node/5111094221,El Dorado Chicken,,,,41.3930251,2.1579995,0,47.01,207.94,83,30.9
2026-09-16T15:00,node/5113896626,Granja Fimon's,,,,41.4477805,2.2438919,1,47.01,207.94,83,30.9
2026-09-16T15:00,node/5118124314,Kebab Bocateli,,,,41.4426035,2.2166674,1,47.01,207.94,83,30.9
2026-09-16T15:00,node/5118126421,Bar Frankfurt Polideportivo,,,,41.4429429,2.2162226,1,47.01,207.94,83,30.9
2026-09-16T15:00,node/5118126428,Granja Modesto,,,,41.4343689,2.2158958,1,47.01,207.94,83,30.9
2026-09-16T15:00,node/5118126435,Cafeteria i Forn de pa Grey,,,,41.4332655,2.2174982,1,47.01,207.94,83,30.9
2026-09-16T15:00,node/5118126438,Frankfurt Piscis,,,,41.4360107,2.2158678,1,47.01,207.94,83,30.9
2026-09-16T15:00,node/5118126440,Bar Julio,,,,41.4348299,2.2151483,1,47.01,207.94,83,30.9
2026-09-16T15:00,node/5118126443,Bar Beethoven,,,,41.4328863,2.2181523,1,47.01,207.94,83,30.9
2026-09-16T15:00,node/5118126453,Bar Bondia,,,,41.4342763,2.2160261,1,47.01,207.94,83,30.9
2026-09-16T15:00,node/5128075585,Monkey Factory,,,,41.3927261,2.1544614,0,47.01,207.94,83,30.9
2026-09-16T15:00,node/5137360822,El Jardí,,,,41.4475237,2.2469586,1,47.01,207.94,83,30.9
2026-09-16T15:00,node/5144745888,Bar La Imperial,,,,41.4372451,2.2200669,1,47.01,207.94,83,30.9
2026-09-16T15:00,node/5144745889,Gabi,,,,41.4372105,2.2199582,1,47.01,207.94,83,30.9
2026-09-16T15:00,node/5144745893,Bar India,,,,41.4420657,2.2284253,1,47.01,207.94,83,30.9
2026-09-16T15:00,node/5144745896,Mokka,,,,41.4371063,2.2201689,1,47.01,207.94,83,30.9
2026-09-16T15:00,node/5156690125,Loc,,,,41.4351636,2.2283155,1,47.01,207.94,83,30.9
2026-09-16T15:00,node/5160440326,Les Termes Bdn,,,,41.4520115,2.2476488,1,47.01,207.94,83,30.9
2026-09-16T15:00,node/5167185733,La Sucursal,,,,41.3806502,2.1611889,1,47.01,207.94,83,30.9
2026-09-16T15:00,node/5167569072,El Mercader de L'Eixample,,,,41.3923316,2.1603286,1,47.01,207.94,83,30.9
2026-09-16T15:00,node/5168232324,Colmado,,,,41.3819235,2.1744264,1,47.01,207.94,83,30.9
2026-09-16T15:00,node/5175039621,Green's,,,,41.3959672,2.1496553,1,47.01,207.94,83,30.9
2026-09-16T15:00,node/5176233727,Els Porxos,,,,41.4031581,2.1751611,1,47.01,207.94,83,30.9
2026-09-16T15:00,node/5182260830,Catafal,,,,41.4088089,2.1468574,0,47.01,207.94,83,30.9
2026-09-16T15:00,node/5190930121,Casa Ángel,,,,41.4070235,2.1818566,0,47.01,207.94,83,30.9
2026-09-16T15:00,node/5192085421,Esterri,,,,41.3812805,2.1618108,0,47.01,207.94,83,30.9
2026-09-16T15:00,node/5198200824,Copa d'Or,,,,41.3963876,2.1688461,1,47.01,207.94,83,30.9
2026-09-16T15:00,node/5198200829,Gyoza Bistró,,,,41.3940771,2.1723519,0,47.01,207.94,83,30.9
2026-09-16T15:00,node/5198201036,Nou Can Codina,,,,41.3989586,2.1608728,0,47.01,207.94,83,30.9
2026-09-16T15:00,node/5198201122,La Particcela,,,,41.3961328,2.1697679,1,47.01,207.94,83,30.9
2026-09-16T15:00,node/5198201124,Riko's Braseria - Restaurante,,,,41.3929731,2.1692667,1,47.01,207.94,83,30.9
2026-09-16T15:00,node/5199743028,seven7seven,,,,41.3898868,2.1622344,1,47.01,207.94,83,30.9
2026-09-16T15:00,node/5207046925,Sense Nom,,,,41.3843558,2.1622563,0,47.01,207.94,83,30.9
2026-09-16T15:00,node/5207067522,El Maravillas,,,,41.3868914,2.1323626,1,47.01,207.94,83,30.9
2026-09-16T15:00,node/5208223424,Bonastre,,,,41.3774986,2.1587463,1,47.01,207.94,83,30.9
2026-09-16T15:00,node/5212252535,Tariq,,,,41.4477214,2.2405051,1,47.01,207.94,83,30.9
2026-09-16T15:00,node/5218828496,Conecta,,,,41.4388265,2.2253266,1,47.01,207.94,83,30.9
2026-09-16T15:00,node/5218828499,Sweet dolç,,,,41.4385456,2.2254351,1,47.01,207.94,83,30.9
2026-09-16T15:00,node/5226505321,Bodega E. Marin,,,,41.4025586,2.1609645,0,47.01,207.94,83,30.9
2026-09-16T15:00,node/5228942946,La Pubilla,,,,41.3995748,2.1536674,0,47.01,207.94,83,30.9
2026-09-16T15:00,node/5237627856,Tasmango Dessert,,,,41.3909254,2.1784375,0,47.01,207.94,83,30.9
2026-09-16T15:00,node/5238186123,Lennox,,,,41.3834186,2.1829502,0,47.01,207.94,83,30.9
2026-09-16T15:00,node/5271863048,Rest. Alexandre,,,,41.4322501,2.1835476,1,47.01,207.94,83,30.9
2026-09-16T15:00,node/5286467104,Granja Monsul,,,,41.4437723,2.2239591,1,47.01,207.94,83,30.9
2026-09-16T15:00,node/5298404593,Próspero,,,,41.4382431,2.2237839,1,47.01,207.94,83,30.9
2026-09-16T15:00,node/5298404603,Bar Salamanca,,,,41.4388532,2.2246477,1,47.01,207.94,83,30.9
2026-09-16T15:00,node/5298405327,Bar Benuga,,,,41.4383471,2.2243229,1,47.01,207.94,83,30.9
2026-09-16T15:00,node/5298405384,Bar Rocío Los Cazadores,,,,41.4389682,2.2252641,1,47.01,207.94,83,30.9
2026-09-16T15:00,node/5299921764,Bar Crack,,,,41.4343466,2.2189911,1,47.01,207.94,83,30.9
2026-09-16T15:00,node/5299921811,Can Daura,,,,41.4358077,2.2218721,1,47.01,207.94,83,30.9
2026-09-16T15:00,node/5299922525,Bar La Imperial,,,,41.4354603,2.2205399,1,47.01,207.94,83,30.9
2026-09-16T15:00,node/5299922526,Bar Marta,,,,41.4349148,2.2200469,1,47.01,207.94,83,30.9
2026-09-16T15:00,node/5313632423,365,,,,41.3789307,2.1718613,0,47.01,207.94,83,30.9
2026-09-16T15:00,node/5327570662,Ancestral,,,,41.3977332,2.1656576,0,47.01,207.94,83,30.9
2026-09-16T15:00,node/5347967007,Bar Marín,,,,41.4474106,2.2217195,1,47.01,207.94,83,30.9
2026-09-16T15:00,node/5347967009,Bar La Cantonada,,,,41.4474812,2.2209325,1,47.01,207.94,83,30.9
2026-09-16T15:00,node/5363964402,El gran croissant,,,,41.4359355,2.2167366,1,47.01,207.94,83,30.9
2026-09-16T15:00,node/5395531687,Las Marismas,,,,41.3701297,2.1215161,1,47.01,207.94,83,30.9
2026-09-16T15:00,node/5407919537,El Yate,,,,41.4039787,2.1367463,0,47.01,207.94,83,30.9
2026-09-16T15:00,node/5417517130,Tou Kichi Rou,,,,41.3919953,2.1432267,0,47.01,207.94,83,30.9
2026-09-16T15:00,node/5418243448,La Pampa,,,,41.3793623,2.1879402,0,47.01,207.94,83,30.9
2026-09-16T15:00,node/5418243450,els maians,,,,41.3786757,2.1882219,0,47.01,207.94,83,30.9
2026-09-16T15:00,node/5418243451,no30,,,,41.3791653,2.1879988,1,47.01,207.94,83,30.9
2026-09-16T15:00,node/5418243452,Lolita,,,,41.3783615,2.1882936,1,47.01,207.94,83,30.9
2026-09-16T15:00,node/5418243454,Reina Margherita,,,,41.3792655,2.1879835,1,47.01,207.94,83,30.9
2026-09-16T15:00,node/5434314893,PolkaBarcelona,,,,41.3859057,2.1326565,0,47.01,207.94,83,30.9
2026-09-16T15:00,node/5485540627,Bar Placídia,,,,41.3999472,2.1524915,1,47.01,207.94,83,30.9
2026-09-16T15:00,node/5487473548,Cafè Mos,,,,41.4143487,2.1384116,0,47.01,207.94,83,30.9
2026-09-16T15:00,node/5498351755,365 Cafeteria Forn de Pa,,,,41.3747778,2.1626826,0,47.01,207.94,83,30.9
2026-09-16T15:00,node/5509139428,La Carmanyola,,,,41.4013829,2.2068942,1,47.01,207.94,83,30.9
2026-09-16T15:00,node/5536153362,Cafeteria La Dona,,,,41.4396715,2.2242727,1,47.01,207.94,83,30.9
2026-09-16T15:00,node/5564055763,Panda & Smile,,,,41.3842068,2.1585673,0,47.01,207.94,83,30.9
2026-09-16T15:00,node/5564064431,Atrapatapa,,,,41.3832362,2.1568636,0,47.01,207.94,83,30.9
2026-09-16T15:00,node/5595134220,Cervecería Amoretty's 3,,,,41.4412382,2.2200117,1,47.01,207.94,83,30.9
2026-09-16T15:00,node/5606506169,Sincopa,,,,41.3803881,2.1789886,0,47.01,207.94,83,30.9
2026-09-16T15:00,node/5611733921,Buenas Migas,,,,41.4024253,2.1743326,0,47.01,207.94,83,30.9
2026-09-16T15:00,node/5617465886,Amateur,,,,41.3967536,2.1962847,1,47.01,207.94,83,30.9
2026-09-16T15:00,node/5646412432,Made in Sicily,,,,41.4483394,2.2490191,1,47.01,207.94,83,30.9
2026-09-16T15:00,node/5646415922,La Bella Istambul,,,,41.4479233,2.2494906,1,47.01,207.94,83,30.9
2026-09-16T15:00,node/5658288082,Can Teixidó,,,,41.4491148,2.2483189,1,47.01,207.94,83,30.9
2026-09-16T15:00,node/5663240986,Cafè Escac,,,,41.3837378,2.1695562,0,47.01,207.94,83,30.9
2026-09-16T15:00,node/5676005621,CACHO,,,,41.3931048,2.1910878,1,47.01,207.94,83,30.9
2026-09-16T15:00,node/5718757792,360°,,,,41.3790957,2.1696433,1,47.01,207.94,83,30.9
2026-09-16T15:00,node/5793057257,Bar Granja el Chiquitín,,,,41.4398176,2.2263171,1,47.01,207.94,83,30.9
2026-09-16T15:00,node/5796742218,The Clock,,,,41.3754168,2.1482785,1,47.01,207.94,83,30.9
2026-09-16T15:00,node/5805410453,Morrow Coffee,,,,41.3771392,2.1513283,0,47.01,207.94,83,30.9
2026-09-16T15:00,node/5806521955,Paisano Bistró,,,,41.4048549,2.1759323,1,47.01,207.94,83,30.9
2026-09-16T15:00,node/5856758686,El racó de les tapes,,,,41.4357708,2.1910224,0,47.01,207.94,83,30.9
2026-09-16T15:00,node/5878496985,UDON,,,,41.4051569,2.1921906,1,47.01,207.94,83,30.9
2026-09-16T15:00,node/5916157285,Bar Castells,,,,41.3841472,2.1698121,1,47.01,207.94,83,30.9
2026-09-16T15:00,node/5923867889,,,,,41.4406062,2.2451514,1,47.01,207.94,83,30.9
2026-09-16T15:00,node/5930228787,Mi casa,,,,41.3993608,2.1535771,0,47.01,207.94,83,30.9
2026-09-16T15:00,node/5933808740,Kserol,,,,41.3986236,2.1753141,0,47.01,207.94,83,30.9
2026-09-16T15:00,node/5944781772,Restaurante Burning Rock&Food,,,,41.3746837,2.1311612,0,47.01,207.94,83,30.9
2026-09-16T15:00,node/5951964888,el Fornet,,,,41.3882003,2.1723419,0,47.01,207.94,83,30.9
2026-09-16T15:00,node/5972440521,Feroz,,,,41.3965882,2.1508404,0,47.01,207.94,83,30.9
2026-09-16T15:00,node/5980982393,Pepa Tomate,,,,41.3767661,2.1627826,1,47.01,207.94,83,30.9
2026-09-16T15:00,node/6000108088,La Neura,,,,41.4002093,2.1660134,0,47.01,207.94,83,30.9
2026-09-16T15:00,node/6009236381,Mesón Balouta,,,,41.4384121,2.1649296,0,47.01,207.94,83,30.9
2026-09-16T15:00,node/6010958538,Bar Avenida,,,,41.4371962,2.2238498,1,47.01,207.94,83,30.9
2026-09-16T15:00,node/6010958540,Bar Trébol BCN,,,,41.4352675,2.2193633,1,47.01,207.94,83,30.9
2026-09-16T15:00,node/6027971388,Novell,,,,41.4070495,2.1667319,1,47.01,207.94,83,30.9
2026-09-16T15:00,node/6038827086,Honest Greens,,,,41.3986972,2.1569862,0,47.01,207.94,83,30.9
2026-09-16T15:00,node/6066258257,Bar Roma Sports,,,,41.4449369,2.2223513,1,47.01,207.94,83,30.9
2026-09-16T15:00,node/6089625321,Vivari,,,,41.3973187,2.1676233,0,47.01,207.94,83,30.9
2026-09-16T15:00,node/6093865396,The FRESH POKE,,,,41.3975268,2.1644457,0,47.01,207.94,83,30.9
2026-09-16T15:00,node/6093944886,Nicasso,,,,41.4072456,2.1873211,0,47.01,207.94,83,30.9
2026-09-16T15:00,node/6096656135,Yoi Yoi Gion,,,,41.3965593,2.1606187,0,47.01,207.94,83,30.9
2026-09-16T15:00,node/6104559348,Belles Arts II,,,,41.3872827,2.1361782,0,47.01,207.94,83,30.9
2026-09-16T15:00,node/6104561002,Toyodo,,,,41.3866914,2.1375355,1,47.01,207.94,83,30.9
2026-09-16T15:00,node/6106764321,Il Caffe di Francesco,,,,41.3930707,2.1642758,1,47.01,207.94,83,30.9
2026-09-16T15:00,node/6109526596,El Cuiner de Damasc,,,,41.3814196,2.1776754,0,47.01,207.94,83,30.9
2026-09-16T15:00,node/6110978486,Bonaparte,,,,41.4775805,2.0724847,1,47.01,207.94,83,30.9
2026-09-16T15:00,node/6123253862,Bar Granja Oasis,,,,41.3505068,2.1127043,1,47.01,207.94,83,30.9
2026-09-16T15:00,node/6126749461,Cantero,,,,41.3942111,2.1902433,1,47.01,207.94,83,30.9
2026-09-16T15:00,node/6164234382,Poké Sí,,,,41.4052321,2.1924708,1,47.01,207.94,83,30.9
2026-09-16T15:00,node/6164236104,Palo Verde,,,,41.4047343,2.1968042,1,47.01,207.94,83,30.9
2026-09-16T15:00,node/6166398253,Panet,,,,41.3861845,2.1430687,1,47.01,207.94,83,30.9
2026-09-16T15:00,node/6182404055,Kasa,,,,41.3861348,2.1656868,0,47.01,207.94,83,30.9
2026-09-16T15:00,node/6188914880,Bella Venezia,,,,41.3965502,2.1644865,0,47.01,207.94,83,30.9
2026-09-16T15:00,node/6188922858,Arc iris,,,,41.3998386,2.1715382,1,47.01,207.94,83,30.9
2026-09-16T15:00,node/6193461695,Sun Market,,,,41.3928465,2.1569854,0,47.01,207.94,83,30.9
2026-09-16T15:00,node/6193479448,Akashi Sushi Bar,,,,41.3923045,2.1558108,0,47.01,207.94,83,30.9
2026-09-16T15:00,node/6200571548,La Svolta,,,,41.4061025,2.1515184,1,47.01,207.94,83,30.9
2026-09-16T15:00,node/6202321417,La Tapeta del Coll,,,,41.4179646,2.1467035,1,47.01,207.94,83,30.9
2026-09-16T15:00,node/6204104907,La Papa,,,,41.3898088,2.1577366,0,47.01,207.94,83,30.9
2026-09-16T15:00,node/6216083704,La Coma,,,,41.3401472,2.1265697,1,47.01,207.94,83,30.9
2026-09-16T15:00,node/6216218158,la Zona,,,,41.3460291,2.1439158,1,47.01,207.94,83,30.9
2026-09-16T15:00,node/6216756977,Estrella de Istanbul,,,,41.4098375,2.1751296,0,47.01,207.94,83,30.9
2026-09-16T15:00,node/6230395442,Akelarre,,,,41.3892275,2.1373726,0,47.01,207.94,83,30.9
2026-09-16T15:00,node/6230407068,Starbucks,,,,41.3951351,2.1581903,0,47.01,207.94,83,30.9
2026-09-16T15:00,node/6232752417,El Taller,,,,41.3587511,2.1404908,1,47.01,207.94,83,30.9
2026-09-16T15:00,node/6237797177,Luri,,,,41.3977931,2.1514901,0,47.01,207.94,83,30.9
2026-09-16T15:00,node/6246525924,in blue,,,,41.3877036,2.1368756,0,47.01,207.94,83,30.9
2026-09-16T15:00,node/6250219942,Al sur,,,,41.3941572,2.1586822,0,47.01,207.94,83,30.9
2026-09-16T15:00,node/6258570565,Dino Pan,,,,41.3824376,2.1318622,1,47.01,207.94,83,30.9
2026-09-16T15:00,node/6258570699,Don Sándwich,,,,41.3820321,2.1315862,0,47.01,207.94,83,30.9
2026-09-16T15:00,node/6258715958,La Lluna de Gavà,,,,41.3672801,2.1403759,1,47.01,207.94,83,30.9
2026-09-16T15:00,node/6258718433,La Toscana,,,,41.3805625,2.1323335,0,47.01,207.94,83,30.9
2026-09-16T15:00,node/6258718652,Cafeteria Melody Bar,,,,41.3779464,2.1338934,1,47.01,207.94,83,30.9
2026-09-16T15:00,node/6258719247,Bar Florida,,,,41.3592896,2.1399844,1,47.01,207.94,83,30.9
2026-09-16T15:00,node/6260784864,La Cabaña,,,,41.3699161,2.1341331,0,47.01,207.94,83,30.9
2026-09-16T15:00,node/6260786193,Goiko Grill,,,,41.3656448,2.1357604,1,47.01,207.94,83,30.9
2026-09-16T15:00,node/6264834185,König,,,,41.3862163,2.1827612,1,47.01,207.94,83,30.9
2026-09-16T15:00,node/6298115913,N.A.P.,,,,41.3774834,2.1900137,0,47.01,207.94,83,30.9
2026-09-16T15:00,node/6316025985,L'Esclop,,,,41.3768262,2.1577412,0,47.01,207.94,83,30.9
2026-09-16T15:00,node/6330973943,Don Kilo,,,,41.3998564,2.1639573,0,47.01,207.94,83,30.9
2026-09-16T15:00,node/6333708759,SandwiChez,,,,41.3941488,2.1694356,0,47.01,207.94,83,30.9
2026-09-16T15:00,node/6334053687,Cafè Yafa,,,,41.3997495,2.1643963,0,47.01,207.94,83,30.9
2026-09-16T15:00,node/6334053692,La Mananta,,,,41.3994169,2.1648424,0,47.01,207.94,83,30.9
2026-09-16T15:00,node/6339732807,La Soca 2,,,,41.3912352,2.1594135,0,47.01,207.94,83,30.9
2026-09-16T15:00,node/6339732809,Creps Barcelona,,,,41.3905618,2.1590619,1,47.01,207.94,83,30.9
2026-09-16T15:00,node/6357834156,Les gens que j'aime bar,,,,41.3936947,2.1648505,0,47.01,207.94,83,30.9
2026-09-16T15:00,node/6381462875,Comarca Cuina L’Hocal,,,,41.3609203,2.1295937,1,47.01,207.94,83,30.9
2026-09-16T15:00,node/6424929026,Cafeteria Samy's,,,,41.3637433,2.1369241,0,47.01,207.94,83,30.9
2026-09-16T15:00,node/6424929700,Sakuraya,,,,41.3653001,2.1307952,1,47.01,207.94,83,30.9
2026-09-16T15:00,node/6431480513,Restaurant Bodega de Tapas,,,,41.3772493,2.1371156,1,47.01,207.94,83,30.9
2026-09-16T15:00,node/6431508292,Bodega Salvat,,,,41.3711848,2.1345217,0,47.01,207.94,83,30.9
2026-09-16T15:00,node/6431508293,Jaqueline's,,,,41.3682256,2.1345214,0,47.01,207.94,83,30.9
2026-09-16T15:00,node/6431508485,Japonia Café,,,,41.3806518,2.1387176,0,47.01,207.94,83,30.9
2026-09-16T15:00,node/6431508488,La Bodegueta de Sants,,,,41.3710695,2.1344235,0,47.01,207.94,83,30.9
2026-09-16T15:00,node/6431512182,Bar Montevideo,,,,41.3693939,2.1342386,0,47.01,207.94,83,30.9
2026-09-16T15:00,node/6431558869,Bar Alegría,,,,41.3629394,2.1373301,1,47.01,207.94,83,30.9
2026-09-16T15:00,node/6431559030,Bar El Faro,,,,41.3628529,2.1373795,1,47.01,207.94,83,30.9
2026-09-16T15:00,node/6433259684,Entre Copas,,,,41.3621672,2.0761548,1,47.01,207.94,83,30.9
2026-09-16T15:00,node/6438381289,Vera Café,,,,41.3883674,2.1779512,0,47.01,207.94,83,30.9
2026-09-16T15:00,node/6441451785,Líder de Istanbul,,,,41.3752687,2.1338088,0,47.01,207.94,83,30.9
2026-09-16T15:00,node/6445233216,Gyoza Bar,,,,41.3931059,2.1798949,0,47.01,207.94,83,30.9
2026-09-16T15:00,node/6450380989,Bar But,,,,41.3979648,2.1593688,0,47.01,207.94,83,30.9
2026-09-16T15:00,node/6450381086,La Porxada,,,,41.4030026,2.1637245,0,47.01,207.94,83,30.9
2026-09-16T15:00,node/6462934229,Concordia,,,,41.3864201,2.1321758,0,47.01,207.94,83,30.9
2026-09-16T15:00,node/6475037976,L'Oasi a Consell,,,,41.3830142,2.1547507,0,47.01,207.94,83,30.9
2026-09-16T15:00,node/6477273844,Fandango,,,,41.3982346,2.1423415,0,47.01,207.94,83,30.9
2026-09-16T15:00,node/6506313588,Antigua,,,,41.3980086,2.1492952,0,47.01,207.94,83,30.9
2026-09-16T15:00,node/6507308246,L'Antica Pizzeria Da Michele,,,,41.3928154,2.1682858,0,47.01,207.94,83,30.9
2026-09-16T15:00,node/6532206187,Yü Sushi,,,,41.4032734,2.2032208,0,47.01,207.94,83,30.9
2026-09-16T15:00,node/6532330793,La Xemeneia,,,,41.4016359,2.2048002,1,47.01,207.94,83,30.9
2026-09-16T15:00,node/6535101686,Alma Loca,,,,41.3992845,2.1970974,1,47.01,207.94,83,30.9
2026-09-16T15:00,node/6538194375,Mr. White,,,,41.3761815,2.1601126,1,47.01,207.94,83,30.9
2026-09-16T15:00,node/6568369188,Elpilar,,,,41.4000903,2.1489875,0,47.01,207.94,83,30.9
2026-09-16T15:00,node/6597321587,Welcome,,,,41.4065151,2.1509474,0,47.01,207.94,83,30.9
2026-09-16T15:00,node/6600189447,café bar juli-mac,,,,41.3782625,2.1239845,0,47.01,207.94,83,30.9
2026-09-16T15:00,node/6642989000,El Pa Sencer,,,,41.3835483,2.1341796,0,47.01,207.94,83,30.9
2026-09-16T15:00,node/6642989001,Ateneu Popular de les Corts,,,,41.3826968,2.1329407,1,47.01,207.94,83,30.9
2026-09-16T15:00,node/6680396487,La prorroga,,,,41.4032976,2.1567512,0,47.01,207.94,83,30.9
2026-09-16T15:00,node/6680687871,La Mar Salada,,,,41.3768035,2.1888904,1,47.01,207.94,83,30.9
2026-09-16T15:00,node/6681709948,Kiltro Gràcia,,,,41.4018317,2.1544539,0,47.01,207.94,83,30.9
2026-09-16T15:00,node/6710510485,Catedral 1951,,,,41.3849142,2.1757337,0,47.01,207.94,83,30.9
2026-09-16T15:00,node/6750944404,Brasaña,,,,41.3605721,2.1345777,1,47.01,207.94,83,30.9
2026-09-16T15:00,node/6757307686,Kitsu,,,,41.4017918,2.1543486,0,47.01,207.94,83,30.9
2026-09-16T15:00,node/6757314489,LomoAlto,,,,41.3936053,2.1663935,1,47.01,207.94,83,30.9
2026-09-16T15:00,node/6766273102,inti & chaska,,,,41.3886755,2.1599487,0,47.01,207.94,83,30.9
2026-09-16T15:00,node/6771863086,Montseny,,,,41.4070642,2.1804416,0,47.01,207.94,83,30.9
2026-09-16T15:00,node/6775495571,El Petit,,,,41.3298893,2.0988681,1,47.01,207.94,83,30.9
2026-09-16T15:00,node/6782427526,Híbrid Cafè Restaurant,,,,41.3771219,2.1203336,1,47.01,207.94,83,30.9
2026-09-16T15:00,node/6786006588,365,,,,41.3820297,2.1697221,0,47.01,207.94,83,30.9
2026-09-16T15:00,node/6790695789,El Rincón de la Abuela Venezolana,,,,41.4058359,2.1788147,0,47.01,207.94,83,30.9
2026-09-16T15:00,node/6805613085,Bar la Cabaña,,,,41.4071784,2.1778546,1,47.01,207.94,83,30.9
2026-09-16T15:00,node/6812099686,La Xurreria de Maria,,,,41.4050102,2.1750002,0,47.01,207.94,83,30.9
2026-09-16T15:00,node/6821384885,Blu Bar,,,,41.3983358,2.2045648,0,47.01,207.94,83,30.9
2026-09-16T15:00,node/6835358009,Murivecci,,,,41.3874075,2.1828282,0,47.01,207.94,83,30.9
2026-09-16T15:00,node/6852974547,Garrido,,,,41.3603039,2.1401381,0,47.01,207.94,83,30.9
2026-09-16T15:00,node/6852994516,La Patatona,,,,41.3604651,2.1400108,0,47.01,207.94,83,30.9
2026-09-16T15:00,node/6855027201,Bar Sandwicheria Enka 3,,,,41.3758876,2.1221107,1,47.01,207.94,83,30.9
2026-09-16T15:00,node/6871523347,Cafe Punto 10,,,,41.3805947,2.1364501,0,47.01,207.94,83,30.9
2026-09-16T15:00,node/6914132390,El Nou Ramonet,,,,41.3817315,2.1876268,0,47.01,207.94,83,30.9
2026-09-16T15:00,node/6946328085,Cremat 11,,,,41.3855109,2.1810205,0,47.01,207.94,83,30.9
2026-09-16T15:00,node/6973926711,Syra Coffee,,,,41.3965047,2.1941864,0,47.01,207.94,83,30.9
2026-09-16T15:00,node/6983227455,SNOOKER - Cocteles y Billarea,,,,41.3921561,2.1703663,0,47.01,207.94,83,30.9
2026-09-16T15:00,node/7002869606,Chebú,,,,41.3791162,2.1515085,0,47.01,207.94,83,30.9
2026-09-16T15:00,node/7003296923,Triple Sec,,,,41.3747448,2.1609868,0,47.01,207.94,83,30.9
2026-09-16T15:00,node/7004598841,Orange Coffee,,,,41.4052864,2.1712189,1,47.01,207.94,83,30.9
2026-09-16T15:00,node/7014308129,Bar Bodega Lentejil,,,,41.4429922,2.2175094,1,47.01,207.94,83,30.9
2026-09-16T15:00,node/7017780931,Yoüme,,,,41.3835882,2.1541892,0,47.01,207.94,83,30.9
2026-09-16T15:00,node/7098025886,El Club del Café,,,,41.4340729,2.1892624,1,47.01,207.94,83,30.9
2026-09-16T15:00,node/7124857728,Cabo,,,,41.3964797,2.1851438,1,47.01,207.94,83,30.9
2026-09-16T15:00,node/7132160620,Santagloria,,,,41.3863926,2.1243567,1,47.01,207.94,83,30.9
2026-09-16T15:00,node/7141587085,La Cereria,,,,41.3815426,2.1767152,0,47.01,207.94,83,30.9
2026-09-16T15:00,node/7150994121,Vivari,,,,41.3998419,2.1775677,0,47.01,207.94,83,30.9
2026-09-16T15:00,node/7234692489,Van van var,,,,41.3942304,2.1901096,1,47.01,207.94,83,30.9
2026-09-16T15:00,node/7318977151,,,,,41.3711664,2.1434617,0,47.01,207.94,83,30.9
2026-09-16T15:00,node/7318977155,Bar Joaquim,,,,41.3704145,2.1424922,1,47.01,207.94,83,30.9
2026-09-16T15:00,node/7318977156,Vivari,,,,41.3686165,2.1410874,1,47.01,207.94,83,30.9
2026-09-16T15:00,node/7431790448,Santagloria,,,,41.3896086,2.1200086,1,47.01,207.94,83,30.9
2026-09-16T15:00,node/7438491414,,,,,41.3733479,2.1301506,0,47.01,207.94,83,30.9
2026-09-16T15:00,node/7504941029,Iberic Fusión Platja,,,,41.4380577,2.2431806,1,47.01,207.94,83,30.9
2026-09-16T15:00,node/7504941031,l'Altre Can Mario's,,,,41.4405591,2.2418866,1,47.01,207.94,83,30.9
2026-09-16T15:00,node/7504941033,L'Esmolet,,,,41.4432993,2.2460741,1,47.01,207.94,83,30.9
2026-09-16T15:00,node/7504941035,la Masia de la Xesca,,,,41.4452013,2.2417838,1,47.01,207.94,83,30.9
2026-09-16T15:00,node/7556742593,Menjador del Centre,,,,41.4009756,2.2000272,0,47.01,207.94,83,30.9
2026-09-16T15:00,node/7563962192,Passeig9,,,,41.4014488,2.2009478,0,47.01,207.94,83,30.9
2026-09-16T15:00,node/7600529740,Restaurante La Flama,,,,41.3514861,2.1114722,1,47.01,207.94,83,30.9
2026-09-16T15:00,node/7618205068,El Pellizquito,,,,41.3501292,2.1105817,1,47.01,207.94,83,30.9
2026-09-16T15:00,node/7640514041,Bar Plaça Carles Buïgas,,,,41.3711833,2.1510204,1,47.01,207.94,83,30.9
2026-09-16T15:00,node/7644933199,Almirall,,,,41.4100171,2.1883052,1,47.01,207.94,83,30.9
2026-09-16T15:00,node/7704818539,Bar Granja Rocxi,,,,41.3744206,2.1339573,0,47.01,207.94,83,30.9
2026-09-16T15:00,node/7704818548,Cafès Caracas,,,,41.3748038,2.1328052,0,47.01,207.94,83,30.9
2026-09-16T15:00,node/7706832792,Cru Sants,,,,41.3721342,2.1286919,1,47.01,207.94,83,30.9
2026-09-16T15:00,node/7736420790,Mamma Italia,,,,41.3764642,2.1234304,0,47.01,207.94,83,30.9
2026-09-16T15:00,node/7772770550,Eqvilibrivm Café,,,,41.3973065,2.1697662,0,47.01,207.94,83,30.9
2026-09-16T15:00,node/7838098454,El Caserón,,,,41.3838275,2.1398498,0,47.01,207.94,83,30.9
2026-09-16T15:00,node/7925586104,Delicream,,,,41.4572921,2.2290688,1,47.01,207.94,83,30.9
2026-09-16T15:00,node/7989010587,Castañeiras,,,,41.4100358,2.1760296,0,47.01,207.94,83,30.9
2026-09-16T15:00,node/7999604058,Lilo brunch,,,,41.3873718,2.1627034,0,47.01,207.94,83,30.9
2026-09-16T15:00,node/7999616840,Bellillo,,,,41.3879362,2.1620483,0,47.01,207.94,83,30.9
2026-09-16T15:00,node/8034999886,Costa Dorada,,,,41.3980284,2.1986941,1,47.01,207.94,83,30.9
2026-09-16T15:00,node/8046554489,Sport,,,,41.4001224,2.2000188,0,47.01,207.94,83,30.9
2026-09-16T15:00,node/8049731595,Echegaray,,,,41.4018684,2.2023424,0,47.01,207.94,83,30.9
2026-09-16T15:00,node/8049732292,Doroteo,,,,41.4029636,2.2006718,0,47.01,207.94,83,30.9
2026-09-16T15:00,node/8064873985,Saramar,,,,41.3957712,2.1953013,1,47.01,207.94,83,30.9
2026-09-16T15:00,node/8077128420,Tío Bigotes,,,,41.4013922,2.2028846,0,47.01,207.94,83,30.9
2026-09-16T15:00,manual/488492e9,Bar Viejo Cafe,Bar,yes,"Carrer de la Independència, 306, Sant Martí, 08026 Barcelona",41.4116,2.1794,0,47.01,207.94,83,30.9
2026-09-16T15:00,manual/c52f6190,New 88 Bar-Cafeteria,bar,yes,,41.4094505,2.1789589,0,47.01,207.94,83,30.9
2026-09-16T15:00,manual/5d2ea7ea,Restaurant Papá Nico,bar,yes,,41.4094505,2.1789589,0,47.01,207.94,83,30.9
2026-09-16T15:00,manual/c980e39e,Restaurant El Clot,restaurant,yes,,41.4087697,2.1875592,1,47.01,207.94,83,30.9
2026-09-16T16:00,relation/18317100,,,,,41.42,2.1188352,0,40.18,226.45,87,30.6
2026-09-16T16:00,node/208984374,Central Rambla,,,,41.3782716,2.1761732,1,40.18,226.45,87,30.6
2026-09-16T16:00,way/217583616,Can Fisher,,,,41.3946034,2.2062292,1,40.18,226.45,87,30.6
2026-09-16T16:00,way/245214117,la Caseta del Migdia,,,,41.3596833,2.1607145,1,40.18,226.45,87,30.6
2026-09-16T16:00,way/246717741,Mirablau,,,,41.4160323,2.1319129,1,40.18,226.45,87,30.6
2026-09-16T16:00,way/249404809,PURO,,,,41.3911248,2.1461635,0,40.18,226.45,87,30.6
2026-09-16T16:00,way/268912897,Can Cortada,,,,41.4362503,2.1524833,1,40.18,226.45,87,30.6
2026-09-16T16:00,way/315387188,Temple del Metall,,,,41.4741706,2.1662317,1,40.18,226.45,87,30.6
2026-09-16T16:00,way/392926648,Pacha,,,,41.3857491,2.1970415,1,40.18,226.45,87,30.6
2026-09-16T16:00,way/412702054,Camping,,,,41.3953192,2.2042386,1,40.18,226.45,87,30.6
2026-09-16T16:00,way/443599336,Asador Casa Juaco,,,,41.4476663,2.1426909,1,40.18,226.45,87,30.6
2026-09-16T16:00,way/446002194,La Base by Farré,,,,41.3967358,2.2101884,0,40.18,226.45,87,30.6
2026-09-16T16:00,node/476327681,Can Paixano,,,,41.3817618,2.1834151,0,40.18,226.45,87,30.6
2026-09-16T16:00,node/506202703,Bar Almogávares,,,,41.3962323,2.1890864,1,40.18,226.45,87,30.6
2026-09-16T16:00,way/519771543,Restaurant Can Cases,,,,41.4343885,2.0985276,1,40.18,226.45,87,30.6
2026-09-16T16:00,node/534367691,Sant Bartomeu,,,,41.3755248,2.1346488,0,40.18,226.45,87,30.6
2026-09-16T16:00,node/643022131,Euro Bar-Tapas,,,,41.4342324,2.2161197,1,40.18,226.45,87,30.6
2026-09-16T16:00,node/643429648,Joan Figuera,,,,41.4336545,2.2169391,1,40.18,226.45,87,30.6
2026-09-16T16:00,node/643496696,El rincón de Willy,,,,41.4380246,2.2180623,1,40.18,226.45,87,30.6
2026-09-16T16:00,node/643496704,Bar Somni d'estiu,,,,41.4382361,2.2166687,1,40.18,226.45,87,30.6
2026-09-16T16:00,way/655221168,L'Ovella Negra Marina,,,,41.3960196,2.1901331,0,40.18,226.45,87,30.6
2026-09-16T16:00,node/660004524,Bocatapa Can Manel,,,,41.4413833,2.2212875,1,40.18,226.45,87,30.6
2026-09-16T16:00,node/672140180,Kasparo,,,,41.3844847,2.1690087,1,40.18,226.45,87,30.6
2026-09-16T16:00,node/704031158,Café Zurich,,,,41.3858504,2.1694606,1,40.18,226.45,87,30.6
2026-09-16T16:00,node/704042058,Starbucks,,,,41.3888305,2.1719117,0,40.18,226.45,87,30.6
2026-09-16T16:00,node/704058886,Tapa Tapa,,,,41.3916926,2.1660167,1,40.18,226.45,87,30.6
2026-09-16T16:00,node/704060428,Oassis Natural Cooking,,,,41.3901637,2.1678915,1,40.18,226.45,87,30.6
2026-09-16T16:00,node/704066257,Ciutat Comtal,,,,41.3888272,2.1668833,0,40.18,226.45,87,30.6
2026-09-16T16:00,node/704066614,Taller de Tapas,,,,41.3905645,2.1639038,0,40.18,226.45,87,30.6
2026-09-16T16:00,way/707305723,Bar Frankfurt Cafeteria Fabregada,,,,41.3561748,2.1108239,1,40.18,226.45,87,30.6
2026-09-16T16:00,node/745947750,Bar Geminis,,,,41.3976224,2.1807778,1,40.18,226.45,87,30.6
2026-09-16T16:00,node/765796519,La Cafetera,,,,41.4049767,2.1575215,1,40.18,226.45,87,30.6
2026-09-16T16:00,node/814006271,Les 15 Nits Bar,,,,41.3804529,2.1749778,0,40.18,226.45,87,30.6
2026-09-16T16:00,node/819552792,Bracafe,,,,41.3944249,2.1675209,0,40.18,226.45,87,30.6
2026-09-16T16:00,node/824476551,Caleuche,,,,41.3761526,2.1686172,0,40.18,226.45,87,30.6
2026-09-16T16:00,node/830462039,Bar Restaurant Angela,,,,41.4043015,2.1949428,1,40.18,226.45,87,30.6
2026-09-16T16:00,way/907005766,Chevy's Bar,,,,41.4143731,2.2289499,1,40.18,226.45,87,30.6
2026-09-16T16:00,way/969257968,,,,,41.3793991,2.1073385,1,40.18,226.45,87,30.6
2026-09-16T16:00,way/1063378975,Bar Restaurant Oliver,,,,41.3469215,2.1546999,1,40.18,226.45,87,30.6
2026-09-16T16:00,node/1072798261,Taverna del Bisbe,,,,41.3849254,2.1766628,1,40.18,226.45,87,30.6
2026-09-16T16:00,node/1072800838,El Cafè D'en Victor,,,,41.3847931,2.1767008,0,40.18,226.45,87,30.6
2026-09-16T16:00,node/1083144027,Los Caracoles,,,,41.3796584,2.1765082,0,40.18,226.45,87,30.6
2026-09-16T16:00,node/1092685793,Elche,,,,41.3739754,2.1691488,0,40.18,226.45,87,30.6
2026-09-16T16:00,way/1112240803,ForumStation,,,,41.4096655,2.2221501,1,40.18,226.45,87,30.6
2026-09-16T16:00,node/1177498341,Casa Vall,,,,41.4074238,2.1585521,0,40.18,226.45,87,30.6
2026-09-16T16:00,node/1192698924,Bilbao Berria,,,,41.3841976,2.1748665,0,40.18,226.45,87,30.6
2026-09-16T16:00,node/1192699873,Tapas 24,,,,41.3908686,2.1674705,1,40.18,226.45,87,30.6
2026-09-16T16:00,way/1200964257,Chiringuito Joan Miro,,,,41.3789977,2.1478116,1,40.18,226.45,87,30.6
2026-09-16T16:00,node/1264182304,Tosca del Carme,,,,41.3819482,2.1695795,1,40.18,226.45,87,30.6
2026-09-16T16:00,node/1280416455,Carballeira,,,,41.4442679,2.2217701,1,40.18,226.45,87,30.6
2026-09-16T16:00,way/1300745688,La Casona de Sant Just,,,,41.3833348,2.0735139,1,40.18,226.45,87,30.6
2026-09-16T16:00,node/1310450869,El Filete Ruso,,,,41.3925451,2.1558968,0,40.18,226.45,87,30.6
2026-09-16T16:00,node/1312325106,La Palmera,,,,41.4144229,2.1385123,0,40.18,226.45,87,30.6
2026-09-16T16:00,node/1314943380,Mescladís del Pou,,,,41.3870865,2.1803497,0,40.18,226.45,87,30.6
2026-09-16T16:00,node/1335697982,,,,,41.3608771,2.1101417,1,40.18,226.45,87,30.6
2026-09-16T16:00,way/1368167814,Natura Beach. El Chiringuito,,,,41.4028929,2.2157443,1,40.18,226.45,87,30.6
2026-09-16T16:00,node/1420760625,Tapeo,,,,41.4044988,2.1554811,0,40.18,226.45,87,30.6
2026-09-16T16:00,node/1420760630,Diamant,,,,41.4042174,2.1555899,0,40.18,226.45,87,30.6
2026-09-16T16:00,node/1428867664,Café Berlin,,,,41.3943566,2.1494599,1,40.18,226.45,87,30.6
2026-09-16T16:00,node/1430537485,Oasis Restaurant,,,,41.3827219,2.1847191,1,40.18,226.45,87,30.6
2026-09-16T16:00,node/1445598557,Bracafe,,,,41.3948025,2.1817533,0,40.18,226.45,87,30.6
2026-09-16T16:00,node/1554649942,Torrades,,,,41.4375721,2.1566095,1,40.18,226.45,87,30.6
2026-09-16T16:00,node/1554649988,La Panera,,,,41.4374756,2.1563359,0,40.18,226.45,87,30.6
2026-09-16T16:00,node/1658425572,Rebeka,,,,41.3967185,2.1890325,0,40.18,226.45,87,30.6
2026-09-16T16:00,node/1685949861,Cerveceria Milenium 2,,,,41.3534566,2.0866307,1,40.18,226.45,87,30.6
2026-09-16T16:00,node/1711342192,Calero's Centre,,,,41.3744728,2.1349721,1,40.18,226.45,87,30.6
2026-09-16T16:00,node/1722136431,Cervecería Catalana,,,,41.3924032,2.1609008,1,40.18,226.45,87,30.6
2026-09-16T16:00,node/1739122591,La Tagliatella,,,,41.3943371,2.1521208,0,40.18,226.45,87,30.6
2026-09-16T16:00,node/1813593370,Bar Capricornio,,,,41.4381257,2.2179547,1,40.18,226.45,87,30.6
2026-09-16T16:00,node/1820633320,CASA TEVA,,,,41.3752815,2.1166845,1,40.18,226.45,87,30.6
2026-09-16T16:00,node/1824133931,Carmesí,,,,41.3737373,2.1644452,0,40.18,226.45,87,30.6
2026-09-16T16:00,node/1948986220,Cafeteria UPF Jaume I,,,,41.3900298,2.1901118,1,40.18,226.45,87,30.6
2026-09-16T16:00,node/1948987514,Cafeteria UPF Roger de Lluria,,,,41.3886776,2.1915119,0,40.18,226.45,87,30.6
2026-09-16T16:00,node/1951812612,Casa Pagès,,,,41.3998447,2.1613114,0,40.18,226.45,87,30.6
2026-09-16T16:00,node/1960366982,Casa Amalia,,,,41.3962525,2.1685646,0,40.18,226.45,87,30.6
2026-09-16T16:00,node/1984001407,Bar de la FIB,,,,41.3894239,2.1132363,1,40.18,226.45,87,30.6
2026-09-16T16:00,node/2034780565,Cerbeseria Lesseps,,,,41.4073551,2.1514486,1,40.18,226.45,87,30.6
2026-09-16T16:00,node/2034780569,L'Brasseria,,,,41.4067629,2.1516314,0,40.18,226.45,87,30.6
2026-09-16T16:00,node/2056517879,Caelum,,,,41.3830524,2.1744369,0,40.18,226.45,87,30.6
2026-09-16T16:00,node/2065469522,Restaurant Pipa,,,,41.3997461,2.2003004,0,40.18,226.45,87,30.6
2026-09-16T16:00,node/2087204991,La Sanguchería,,,,41.3954987,2.1484037,0,40.18,226.45,87,30.6
2026-09-16T16:00,node/2091604731,Tapa Tapa,,,,41.3762094,2.1500463,1,40.18,226.45,87,30.6
2026-09-16T16:00,node/2112843062,El Vaixell-2,,,,41.4541291,2.2350201,1,40.18,226.45,87,30.6
2026-09-16T16:00,node/2165154147,Asador de Lugo,,,,41.3797623,2.1376748,1,40.18,226.45,87,30.6
2026-09-16T16:00,node/2184580476,Bar del Pi,,,,41.3824922,2.1739624,1,40.18,226.45,87,30.6
2026-09-16T16:00,node/2187210264,Sopa,,,,41.4023416,2.1952788,0,40.18,226.45,87,30.6
2026-09-16T16:00,node/2197824500,Tierra del fuego,,,,41.4016702,2.2016399,0,40.18,226.45,87,30.6
2026-09-16T16:00,node/2213839299,Pollo Rico,,,,41.3791045,2.1721976,0,40.18,226.45,87,30.6
2026-09-16T16:00,node/2364075421,Chen-Ji,,,,41.3936143,2.1807074,0,40.18,226.45,87,30.6
2026-09-16T16:00,node/2434563732,La Bella Napoli,,,,41.3743686,2.1637621,0,40.18,226.45,87,30.6
2026-09-16T16:00,node/2442785485,El Círcol,,,,41.4501968,2.2474223,1,40.18,226.45,87,30.6
2026-09-16T16:00,node/2468197823,365 Cafeteria Forn de Pa,,,,41.3752071,2.1635151,1,40.18,226.45,87,30.6
2026-09-16T16:00,node/2476332030,Bar Lennon,,,,41.4028901,2.1612576,1,40.18,226.45,87,30.6
2026-09-16T16:00,node/2500906795,Bar Lúdic Queimada Nivell Q,,,,41.4094152,2.1808913,0,40.18,226.45,87,30.6
2026-09-16T16:00,node/2598482930,Con Gracia,,,,41.3990704,2.1600617,0,40.18,226.45,87,30.6
2026-09-16T16:00,node/2609183969,Fukuoka,,,,41.4022587,2.1612976,0,40.18,226.45,87,30.6
2026-09-16T16:00,node/2610750687,Xiringuito Aigua,,,,41.4096717,2.1683236,1,40.18,226.45,87,30.6
2026-09-16T16:00,node/2618447074,Vegetalia,,,,41.3803973,2.1776952,0,40.18,226.45,87,30.6
2026-09-16T16:00,node/2618538581,Veggie Garden,,,,41.3822767,2.1680336,1,40.18,226.45,87,30.6
2026-09-16T16:00,node/2618538595,Biocenter,,,,41.3825765,2.1694364,0,40.18,226.45,87,30.6
2026-09-16T16:00,node/2684052224,Pai Mei,,,,41.4051863,2.1931071,1,40.18,226.45,87,30.6
2026-09-16T16:00,node/2687089274,Dolça Estona,,,,41.4117096,2.1394938,0,40.18,226.45,87,30.6
2026-09-16T16:00,node/2689736934,Bar Bodega Molina,,,,41.4403298,2.1817019,0,40.18,226.45,87,30.6
2026-09-16T16:00,node/2721077740,Bar Veni,,,,41.3848861,2.1667078,0,40.18,226.45,87,30.6
2026-09-16T16:00,node/2727449418,Las Euras,,,,41.3998785,2.1577187,0,40.18,226.45,87,30.6
2026-09-16T16:00,node/2793491051,La bona tapa,,,,41.4368098,2.2166172,1,40.18,226.45,87,30.6
2026-09-16T16:00,node/2892028393,Kino,,,,41.3825992,2.1665452,0,40.18,226.45,87,30.6
2026-09-16T16:00,node/2892037115,23 Robadors,,,,41.3796029,2.1708903,0,40.18,226.45,87,30.6
2026-09-16T16:00,node/2910255826,Shôko,,,,41.3854991,2.1969746,1,40.18,226.45,87,30.6
2026-09-16T16:00,node/2910255827,Opium,,,,41.3852778,2.1967099,1,40.18,226.45,87,30.6
2026-09-16T16:00,node/2927944587,Tapas Tapas!,,,,41.3745104,2.1829399,1,40.18,226.45,87,30.6
2026-09-16T16:00,node/2951499208,El racó d'en Henry,,,,41.4394757,2.2215013,1,40.18,226.45,87,30.6
2026-09-16T16:00,node/2966340931,El Capritx,,,,41.4022886,2.1998883,0,40.18,226.45,87,30.6
2026-09-16T16:00,node/2968119440,Can Tresó,,,,41.4028999,2.1537483,0,40.18,226.45,87,30.6
2026-09-16T16:00,node/2969276727,La Sirena Verde,,,,41.4027605,2.1657128,1,40.18,226.45,87,30.6
2026-09-16T16:00,node/2969277275,Café de l'Eixample,,,,41.4005021,2.1690108,1,40.18,226.45,87,30.6
2026-09-16T16:00,node/2970751844,Taverna El Disbarat,,,,41.4017728,2.1545227,0,40.18,226.45,87,30.6
2026-09-16T16:00,node/3007755352,La Pausa,,,,41.4071883,2.1557816,1,40.18,226.45,87,30.6
2026-09-16T16:00,node/3007803307,Oh La Lá,,,,41.4460123,2.2485803,1,40.18,226.45,87,30.6
2026-09-16T16:00,node/3048077142,L'Aliança del Poblenou,,,,41.3997067,2.2032276,0,40.18,226.45,87,30.6
2026-09-16T16:00,node/3049368344,Clot76,,,,41.4082815,2.1885259,1,40.18,226.45,87,30.6
2026-09-16T16:00,node/3084370508,Marina Bay By Moncho's,,,,41.3863077,2.1975017,1,40.18,226.45,87,30.6
2026-09-16T16:00,node/3084507933,Caravelle,,,,41.3822872,2.1688475,0,40.18,226.45,87,30.6
2026-09-16T16:00,node/3120072573,Bar Restaurant Nàutic,,,,41.3806088,2.1408397,1,40.18,226.45,87,30.6
2026-09-16T16:00,node/3177990194,Mezcal Taco Bar,,,,41.3830563,2.1554872,0,40.18,226.45,87,30.6
2026-09-16T16:00,node/3270120640,Luigi,,,,41.3862659,2.1753788,0,40.18,226.45,87,30.6
2026-09-16T16:00,node/3271554311,Al Sultán,,,,41.4035661,2.1554863,0,40.18,226.45,87,30.6
2026-09-16T16:00,node/3328694987,Nou Candanchú,,,,41.4005128,2.1576475,1,40.18,226.45,87,30.6
2026-09-16T16:00,node/3339670930,Bahia,,,,41.3803265,2.1774842,0,40.18,226.45,87,30.6
2026-09-16T16:00,node/3441700493,Santos Tapas,,,,41.3818417,2.1745121,0,40.18,226.45,87,30.6
2026-09-16T16:00,node/3491476947,Bar del Pla,,,,41.3856036,2.1800221,0,40.18,226.45,87,30.6
2026-09-16T16:00,node/3496970198,Centre Cívic Can Deu,,,,41.3869027,2.1327794,1,40.18,226.45,87,30.6
2026-09-16T16:00,node/3504769719,El Rincón,,,,41.3908977,2.1900669,1,40.18,226.45,87,30.6
2026-09-16T16:00,node/3517276245,Bar Canigó,,,,41.4029724,2.1579186,0,40.18,226.45,87,30.6
2026-09-16T16:00,node/3522552400,Àpat's,,,,41.3757617,2.1419109,0,40.18,226.45,87,30.6
2026-09-16T16:00,node/3548547194,El Bon Menjador - 2,,,,41.4388101,2.2172863,1,40.18,226.45,87,30.6
2026-09-16T16:00,node/3548548998,Bar Morales,,,,41.4395878,2.2165237,1,40.18,226.45,87,30.6
2026-09-16T16:00,node/3548613495,Bar Paula's Tapería,,,,41.4385437,2.2175484,1,40.18,226.45,87,30.6
2026-09-16T16:00,node/3556089494,Delicias Mediterráneas,,,,41.4415079,2.2267435,1,40.18,226.45,87,30.6
2026-09-16T16:00,node/3556089497,Xurreria Rodríguez,,,,41.4416928,2.2264651,1,40.18,226.45,87,30.6
2026-09-16T16:00,node/3556089803,Bar de La Salut,,,,41.4422594,2.2258792,1,40.18,226.45,87,30.6
2026-09-16T16:00,node/3560942698,Sandvitxeria Alhociema,,,,41.4443624,2.2236761,1,40.18,226.45,87,30.6
2026-09-16T16:00,node/3560955995,Centro Cultural Castellano-manchego,,,,41.4390698,2.2176297,1,40.18,226.45,87,30.6
2026-09-16T16:00,node/3595399490,Bar Familiar,,,,41.4359163,2.2182018,1,40.18,226.45,87,30.6
2026-09-16T16:00,node/3595399769,La granja de Casablanca,,,,41.4357671,2.2189395,1,40.18,226.45,87,30.6
2026-09-16T16:00,node/3595401238,Bar Alcázar,,,,41.4365542,2.2183742,1,40.18,226.45,87,30.6
2026-09-16T16:00,node/3596986411,Agrupación Cultural Galega Agarimos,,,,41.4358268,2.2165495,1,40.18,226.45,87,30.6
2026-09-16T16:00,node/3612059306,Nabuco Tiramisú,,,,41.4004523,2.1577244,1,40.18,226.45,87,30.6
2026-09-16T16:00,node/3620986554,Yamane,,,,41.3868061,2.1808426,0,40.18,226.45,87,30.6
2026-09-16T16:00,node/3620991692,Yamaneko-ryouri,,,,41.4016619,2.1447787,0,40.18,226.45,87,30.6
2026-09-16T16:00,node/3624045193,Bar-Granja Maribel,,,,41.4399092,2.2235793,1,40.18,226.45,87,30.6
2026-09-16T16:00,node/3624045293,Bar La Cantonada,,,,41.4396227,2.2242325,1,40.18,226.45,87,30.6
2026-09-16T16:00,node/3713349650,Groin's,,,,41.4108415,2.1637178,1,40.18,226.45,87,30.6
2026-09-16T16:00,node/3718061014,Bar Calders,,,,41.3764788,2.1623937,0,40.18,226.45,87,30.6
2026-09-16T16:00,node/3730796125,Buenas Migas,,,,41.3975542,2.1587856,1,40.18,226.45,87,30.6
2026-09-16T16:00,node/3761312382,La Fonda,,,,41.3793598,2.1762144,0,40.18,226.45,87,30.6
2026-09-16T16:00,node/3777075876,Oaxaca,,,,41.3821041,2.1838988,0,40.18,226.45,87,30.6
2026-09-16T16:00,node/3779149860,EsPan's,,,,41.4349094,2.2194667,1,40.18,226.45,87,30.6
2026-09-16T16:00,node/3794002044,Samurai Ramen,,,,41.3736753,2.1548947,1,40.18,226.45,87,30.6
2026-09-16T16:00,node/3804046057,Robata Sushi & Grill,,,,41.3904886,2.1585836,0,40.18,226.45,87,30.6
2026-09-16T16:00,node/3809169458,Freiduría El Boquerón,,,,41.4400822,2.2264769,1,40.18,226.45,87,30.6
2026-09-16T16:00,node/3809169459,Marisquería Melchor,,,,41.4401715,2.2266602,1,40.18,226.45,87,30.6
2026-09-16T16:00,node/3809169461,Elhotro bar,,,,41.4401247,2.2268506,1,40.18,226.45,87,30.6
2026-09-16T16:00,node/3809169658,Carte d'Or,,,,41.4403068,2.2274065,1,40.18,226.45,87,30.6
2026-09-16T16:00,node/3809169668,Vivari,,,,41.4408122,2.2271125,1,40.18,226.45,87,30.6
2026-09-16T16:00,node/3809169669,Pantaiberic delicatessen,,,,41.4408174,2.2269502,1,40.18,226.45,87,30.6
2026-09-16T16:00,node/3840009426,La Esquinica,,,,41.4304816,2.1712169,0,40.18,226.45,87,30.6
2026-09-16T16:00,node/3874539219,Café del Centre,,,,41.3946111,2.1712059,1,40.18,226.45,87,30.6
2026-09-16T16:00,node/3890922254,Characato,,,,41.4046885,2.1836218,0,40.18,226.45,87,30.6
2026-09-16T16:00,node/3901403358,Les Dues Sicilies,,,,41.3866097,2.1802613,0,40.18,226.45,87,30.6
2026-09-16T16:00,node/3955968257,El racó de les Glòries,,,,41.3986109,2.1978895,1,40.18,226.45,87,30.6
2026-09-16T16:00,node/4060217594,Matt & Marshall,,,,41.3993348,2.1997769,0,40.18,226.45,87,30.6
2026-09-16T16:00,node/4073605889,Mariscco,,,,41.3804885,2.1753271,1,40.18,226.45,87,30.6
2026-09-16T16:00,node/4126257971,Xixbar,,,,41.3758485,2.1576176,0,40.18,226.45,87,30.6
2026-09-16T16:00,node/4127494769,Vapiano,,,,41.3788941,2.1758361,1,40.18,226.45,87,30.6
2026-09-16T16:00,node/4138815989,Nømad Cøffee,,,,41.3889108,2.1771731,0,40.18,226.45,87,30.6
2026-09-16T16:00,node/4150499794,El 68,,,,41.4023622,2.1612062,0,40.18,226.45,87,30.6
2026-09-16T16:00,node/4166496789,Bar Thonet Grill Room,,,,41.3792408,2.1761073,0,40.18,226.45,87,30.6
2026-09-16T16:00,node/4168100800,Cervecería Frankfurt Europa,,,,41.4396191,2.2191504,1,40.18,226.45,87,30.6
2026-09-16T16:00,node/4225209596,Bar El Velodromo,,,,41.3934442,2.1501395,0,40.18,226.45,87,30.6
2026-09-16T16:00,node/4225810298,Bar Nolla,,,,41.3905504,2.1647825,1,40.18,226.45,87,30.6
2026-09-16T16:00,node/4233959493,Pastisseria Granja,,,,41.3795042,2.1792309,0,40.18,226.45,87,30.6
2026-09-16T16:00,node/4239222689,Rekons,,,,41.3806195,2.1610796,1,40.18,226.45,87,30.6
2026-09-16T16:00,node/4244877765,Bar La Peña,,,,41.4404265,2.2170329,1,40.18,226.45,87,30.6
2026-09-16T16:00,node/4247196393,cal mariner,,,,41.3791754,2.1898206,0,40.18,226.45,87,30.6
2026-09-16T16:00,node/4253851490,El Trencadís,,,,41.3937976,2.1655309,0,40.18,226.45,87,30.6
2026-09-16T16:00,node/4253862889,Hummus,,,,41.3912547,2.1611975,0,40.18,226.45,87,30.6
2026-09-16T16:00,node/4254090289,La tasqueta de Blai,,,,41.3733347,2.1652358,0,40.18,226.45,87,30.6
2026-09-16T16:00,node/4254094290,Rosa Negra,,,,41.3819164,2.1687596,0,40.18,226.45,87,30.6
2026-09-16T16:00,node/4254704967,Firebug Brunch,,,,41.3927459,2.1778691,1,40.18,226.45,87,30.6
2026-09-16T16:00,node/4254996890,La Macchina,,,,41.4030005,2.1535966,0,40.18,226.45,87,30.6
2026-09-16T16:00,node/4267035492,Kebabish,,,,41.4409198,2.2217884,1,40.18,226.45,87,30.6
2026-09-16T16:00,node/4267055591,La cantina del tapeo,,,,41.4420999,2.2200224,1,40.18,226.45,87,30.6
2026-09-16T16:00,node/4278033120,Buenas Migas,,,,41.3838044,2.1696233,0,40.18,226.45,87,30.6
2026-09-16T16:00,node/4283188047,Granja Romaní,,,,41.4348618,2.2179712,1,40.18,226.45,87,30.6
2026-09-16T16:00,node/4283194434,Bar La Paradeta,,,,41.4337773,2.2167771,1,40.18,226.45,87,30.6
2026-09-16T16:00,node/4291934189,Fonda Espanya,,,,41.3799009,2.1728032,0,40.18,226.45,87,30.6
2026-09-16T16:00,node/4306440989,Blai 9,,,,41.3730722,2.1658539,0,40.18,226.45,87,30.6
2026-09-16T16:00,node/4314857689,El punt,,,,41.4413807,2.2316251,1,40.18,226.45,87,30.6
2026-09-16T16:00,node/4314859689,Versace,,,,41.4337089,2.2172203,1,40.18,226.45,87,30.6
2026-09-16T16:00,node/4315715092,Petit Comitè,,,,41.3943551,2.1600308,0,40.18,226.45,87,30.6
2026-09-16T16:00,node/4321183403,Brunch & Cake,,,,41.3882834,2.1615596,0,40.18,226.45,87,30.6
2026-09-16T16:00,node/4336933393,Mayura,,,,41.3938992,2.1720914,0,40.18,226.45,87,30.6
2026-09-16T16:00,node/4340119890,VIENA,,,,41.3579934,2.1293918,1,40.18,226.45,87,30.6
2026-09-16T16:00,node/4349925690,Nemrut,,,,41.3810051,2.1772158,0,40.18,226.45,87,30.6
2026-09-16T16:00,node/4350019284,Palosanto,,,,41.3808122,2.1772701,0,40.18,226.45,87,30.6
2026-09-16T16:00,node/4364289794,Faborit Casa Amatller,,,,41.3915836,2.1650592,1,40.18,226.45,87,30.6
2026-09-16T16:00,node/4386702690,Red Ant Noodle Bar,,,,41.3880129,2.1810961,0,40.18,226.45,87,30.6
2026-09-16T16:00,node/4396244190,Fresc Co,,,,41.3891657,2.1969678,1,40.18,226.45,87,30.6
2026-09-16T16:00,node/4401234193,BlackLab Brewhouse & Kitchen,,,,41.3812305,2.1854573,1,40.18,226.45,87,30.6
2026-09-16T16:00,node/4431102493,Forn Puiggròs,,,,41.4102615,2.1741597,0,40.18,226.45,87,30.6
2026-09-16T16:00,node/4439412389,La Vinya del Senyor,,,,41.3832546,2.1818655,0,40.18,226.45,87,30.6
2026-09-16T16:00,node/4440352791,La Gavina,,,,41.3807532,2.1853211,1,40.18,226.45,87,30.6
2026-09-16T16:00,node/4443367289,Pannus,,,,41.3863691,2.1726728,0,40.18,226.45,87,30.6
2026-09-16T16:00,node/4449185678,Il Caffè di Francesco,,,,41.3908733,2.1652201,0,40.18,226.45,87,30.6
2026-09-16T16:00,node/4451904190,Bar Granadino,,,,41.4404153,2.2238276,1,40.18,226.45,87,30.6
2026-09-16T16:00,node/4451904193,La ciudad de oro,,,,41.4408727,2.2240695,1,40.18,226.45,87,30.6
2026-09-16T16:00,node/4451986792,Cafe Bar Florida,,,,41.4403503,2.2236929,1,40.18,226.45,87,30.6
2026-09-16T16:00,node/4451986793,Bar Amigo,,,,41.4411469,2.2238965,1,40.18,226.45,87,30.6
2026-09-16T16:00,node/4451988991,Bar Frankfurt Jaime,,,,41.4408051,2.2241201,1,40.18,226.45,87,30.6
2026-09-16T16:00,node/4451989090,Entre tapes,,,,41.4423118,2.2237245,1,40.18,226.45,87,30.6
2026-09-16T16:00,node/4451992791,Bar Leo,,,,41.4406309,2.2245529,1,40.18,226.45,87,30.6
2026-09-16T16:00,node/4452031691,Bar La Granja,,,,41.4427953,2.2241899,1,40.18,226.45,87,30.6
2026-09-16T16:00,node/4455238130,Anahuac,,,,41.3965161,2.1513989,0,40.18,226.45,87,30.6
2026-09-16T16:00,node/4461595656,Cafeteria de la Biblioteca Jaumer Fuster,,,,41.4075557,2.1493457,1,40.18,226.45,87,30.6
2026-09-16T16:00,node/4470059420,Mesón Gallego,,,,41.3818896,2.0709288,1,40.18,226.45,87,30.6
2026-09-16T16:00,node/4486639527,Boldú,,,,41.3973783,2.1517865,0,40.18,226.45,87,30.6
2026-09-16T16:00,node/4486683966,La Tagliatella,,,,41.3974141,2.1514101,0,40.18,226.45,87,30.6
2026-09-16T16:00,node/4503193765,Bicioci,,,,41.3999229,2.1619101,0,40.18,226.45,87,30.6
2026-09-16T16:00,node/4509411660,Bar Mediterráneo,,,,41.4343007,2.2180868,1,40.18,226.45,87,30.6
2026-09-16T16:00,node/4516538193,Más Que Sushi,,,,41.3774227,2.1527247,1,40.18,226.45,87,30.6
2026-09-16T16:00,node/4516600994,Salambó,,,,41.4044546,2.1576355,0,40.18,226.45,87,30.6
2026-09-16T16:00,node/4520259289,Cachitos,,,,41.3953057,2.1536913,1,40.18,226.45,87,30.6
2026-09-16T16:00,node/4572063790,Cafetería 365,,,,41.3744652,2.1675541,0,40.18,226.45,87,30.6
2026-09-16T16:00,node/4580517495,Cadaqués,,,,41.4004717,2.1574102,0,40.18,226.45,87,30.6
2026-09-16T16:00,node/4591423938,Arabia Cafe,,,,41.3796023,2.1762764,0,40.18,226.45,87,30.6
2026-09-16T16:00,node/4602957463,Otafuku Daifuku,,,,41.3861633,2.1813225,0,40.18,226.45,87,30.6
2026-09-16T16:00,node/4631918790,Casa López,,,,41.4047191,2.1550626,0,40.18,226.45,87,30.6
2026-09-16T16:00,node/4643974106,Kyoka Via Augusta,,,,41.3979693,2.1315017,1,40.18,226.45,87,30.6
2026-09-16T16:00,node/4654613659,afiparc,,,,41.4134414,2.1527296,1,40.18,226.45,87,30.6
2026-09-16T16:00,node/4668687590,Can Vilaró,,,,41.3779004,2.1617005,1,40.18,226.45,87,30.6
2026-09-16T16:00,node/4673198082,Montesquiu,,,,41.4046825,2.1325233,0,40.18,226.45,87,30.6
2026-09-16T16:00,node/4680760648,Sushi Taller,,,,41.4048621,2.1326565,0,40.18,226.45,87,30.6
2026-09-16T16:00,node/4681801089,Orxateria la Valenciana,,,,41.3863413,2.1622578,0,40.18,226.45,87,30.6
2026-09-16T16:00,node/4704972453,majide,,,,41.3849224,2.1674688,0,40.18,226.45,87,30.6
2026-09-16T16:00,node/4709933976,Sottovoce,,,,41.3579226,2.1294974,1,40.18,226.45,87,30.6
2026-09-16T16:00,node/4711659235,Casa Lolea,,,,41.3888056,2.1771897,0,40.18,226.45,87,30.6
2026-09-16T16:00,node/4720526074,El Charrito,,,,41.3896183,2.1662427,1,40.18,226.45,87,30.6
2026-09-16T16:00,node/4721286889,Prodigi,,,,41.3985973,2.1659559,0,40.18,226.45,87,30.6
2026-09-16T16:00,node/4726582894,Catalina Cafe,,,,41.3862071,2.1793039,0,40.18,226.45,87,30.6
2026-09-16T16:00,node/4726583193,Betlem,,,,41.3949258,2.1712207,0,40.18,226.45,87,30.6
2026-09-16T16:00,node/4727975192,La Coruña,,,,41.4083413,2.1851911,0,40.18,226.45,87,30.6
2026-09-16T16:00,node/4728103192,Cafè Arrels,,,,41.4137041,2.1809929,0,40.18,226.45,87,30.6
2026-09-16T16:00,node/4729343193,Cervecería Frankfurt El Molino,,,,41.3746194,2.1669636,0,40.18,226.45,87,30.6
2026-09-16T16:00,node/4735766123,I'll Pomo d'Oro,,,,41.3926987,2.1585151,0,40.18,226.45,87,30.6
2026-09-16T16:00,node/4743830714,Casa Escarré (Joan's),,,,41.3747567,2.1427755,1,40.18,226.45,87,30.6
2026-09-16T16:00,node/4751727952,Bar Ribalda,,,,41.4026552,2.1328307,0,40.18,226.45,87,30.6
2026-09-16T16:00,node/4755496723,Brewdog,,,,41.3857301,2.1581661,0,40.18,226.45,87,30.6
2026-09-16T16:00,node/4756509699,Morro fi,,,,41.3833069,2.1550311,0,40.18,226.45,87,30.6
2026-09-16T16:00,node/4776357929,Tomodachi,,,,41.4053891,2.1644663,1,40.18,226.45,87,30.6
2026-09-16T16:00,node/4778618049,De Gustibus Italiae,,,,41.4027491,2.1330183,0,40.18,226.45,87,30.6
2026-09-16T16:00,node/4784670742,Índigo Café,,,,41.3874831,2.1626443,0,40.18,226.45,87,30.6
2026-09-16T16:00,node/4792724121,Venus Delicatessen Barcelona,,,,41.3807065,2.1779781,0,40.18,226.45,87,30.6
2026-09-16T16:00,node/4802341078,El Quatre,,,,41.4031267,2.1333762,0,40.18,226.45,87,30.6
2026-09-16T16:00,node/4805335780,Madonna Vegan,,,,41.3812162,2.1671279,0,40.18,226.45,87,30.6
2026-09-16T16:00,node/4816093515,Olímpic Bar,,,,41.4422394,2.2177816,1,40.18,226.45,87,30.6
2026-09-16T16:00,node/4822739686,Bar El Racó,,,,41.4417497,2.2212713,1,40.18,226.45,87,30.6
2026-09-16T16:00,node/4838956921,Supra,,,,41.3910798,2.1613999,0,40.18,226.45,87,30.6
2026-09-16T16:00,node/4844565923,Pampa Drugstore,,,,41.3827176,2.1712051,0,40.18,226.45,87,30.6
2026-09-16T16:00,node/4847673021,Usagui,,,,41.4021671,2.1463849,0,40.18,226.45,87,30.6
2026-09-16T16:00,node/4859449960,Restaurant el Magatzem,,,,41.3805096,2.1863595,1,40.18,226.45,87,30.6
2026-09-16T16:00,node/4859450597,Restaurant Cal Pinxo,,,,41.3806265,2.1855795,1,40.18,226.45,87,30.6
2026-09-16T16:00,node/4867833221,Pizzeria El Mundo,,,,41.3751322,2.1231212,1,40.18,226.45,87,30.6
2026-09-16T16:00,node/4881181797,Sierra Nevada,,,,41.4420581,2.1834715,0,40.18,226.45,87,30.6
2026-09-16T16:00,node/4903340658,El Ramblero,,,,41.4219271,2.1969049,1,40.18,226.45,87,30.6
2026-09-16T16:00,node/4906736149,L'Olivera,,,,41.4058547,2.1893093,1,40.18,226.45,87,30.6
2026-09-16T16:00,node/4917663030,Picnic,,,,41.4179648,2.1988442,0,40.18,226.45,87,30.6
2026-09-16T16:00,node/4937772721,Vila's Bar,,,,41.4059086,2.1571314,0,40.18,226.45,87,30.6
2026-09-16T16:00,node/4938104321,Hammock Juice Station,,,,41.3971863,2.1671778,1,40.18,226.45,87,30.6
2026-09-16T16:00,node/4973805221,Brunch & Cake by the sea,,,,41.3809714,2.1872568,1,40.18,226.45,87,30.6
2026-09-16T16:00,node/4973805421,Quinoa Aragó Vegetarià,,,,41.3886233,2.1598684,0,40.18,226.45,87,30.6
2026-09-16T16:00,node/4977546909,Tonkotsu,,,,41.3938467,2.1650368,0,40.18,226.45,87,30.6
2026-09-16T16:00,node/4983764927,Cervecería-Frankfurt,,,,41.4394391,2.2207951,1,40.18,226.45,87,30.6
2026-09-16T16:00,node/4983764935,Max Bar,,,,41.4401476,2.2214687,1,40.18,226.45,87,30.6
2026-09-16T16:00,node/4983764944,Bar Verín,,,,41.4396911,2.2210187,1,40.18,226.45,87,30.6
2026-09-16T16:00,node/4983764949,Bar R'Aurora,,,,41.4400582,2.2213943,1,40.18,226.45,87,30.6
2026-09-16T16:00,node/4983764952,Trocadero,,,,41.4385047,2.2204982,1,40.18,226.45,87,30.6
2026-09-16T16:00,node/4983764957,Bar La Alpujarra,,,,41.4420698,2.2228867,1,40.18,226.45,87,30.6
2026-09-16T16:00,node/4983764958,Sant Mori,,,,41.4390777,2.2210618,1,40.18,226.45,87,30.6
2026-09-16T16:00,node/4983764960,El buen gusto,,,,41.4411919,2.2225719,1,40.18,226.45,87,30.6
2026-09-16T16:00,node/4983764965,Bar Junior Bodega,,,,41.4417139,2.2225318,1,40.18,226.45,87,30.6
2026-09-16T16:00,node/4983764975,Bar Satisfecho,,,,41.4385461,2.2198488,1,40.18,226.45,87,30.6
2026-09-16T16:00,node/4983765002,Bar sushi Salon,,,,41.4425727,2.2233672,1,40.18,226.45,87,30.6
2026-09-16T16:00,node/4983765004,Corre que se acaban,,,,41.4392453,2.2212328,1,40.18,226.45,87,30.6
2026-09-16T16:00,node/4983765005,365,,,,41.4403303,2.2225575,1,40.18,226.45,87,30.6
2026-09-16T16:00,node/4984256695,Pampa Mía,,,,41.4085709,2.2035603,0,40.18,226.45,87,30.6
2026-09-16T16:00,node/4991221422,Salterio,,,,41.3825107,2.1760837,0,40.18,226.45,87,30.6
2026-09-16T16:00,node/5007434606,La Balmesina,,,,41.3970301,2.1522555,0,40.18,226.45,87,30.6
2026-09-16T16:00,node/5010794721,Syra Coffee,,,,41.4014925,2.1595216,0,40.18,226.45,87,30.6
2026-09-16T16:00,node/5010794821,Nomad Frutas Selectas,,,,41.3979292,2.1955517,0,40.18,226.45,87,30.6
2026-09-16T16:00,node/5023905423,Petra,,,,41.4038883,2.1551166,1,40.18,226.45,87,30.6
2026-09-16T16:00,node/5028969022,Guzzo,,,,41.3850929,2.1836594,1,40.18,226.45,87,30.6
2026-09-16T16:00,node/5030247521,La Pantera Rosa,,,,41.4010493,2.1525903,0,40.18,226.45,87,30.6
2026-09-16T16:00,node/5037900607,Orio,,,,41.3819545,2.1763606,0,40.18,226.45,87,30.6
2026-09-16T16:00,node/5048602525,Blau Cel,,,,41.4043091,2.1612896,0,40.18,226.45,87,30.6
2026-09-16T16:00,node/5053669724,La Xula Taperia,,,,41.4023295,2.1586126,0,40.18,226.45,87,30.6
2026-09-16T16:00,node/5081388242,La Raposa,,,,41.3725137,2.1639527,0,40.18,226.45,87,30.6
2026-09-16T16:00,node/5082277825,Vermuteria Puigmartí,,,,41.4013967,2.1590604,0,40.18,226.45,87,30.6
2026-09-16T16:00,node/5082277826,Caracas,,,,41.4020908,2.1601676,0,40.18,226.45,87,30.6
2026-09-16T16:00,node/5082288821,Curuba,,,,41.3999554,2.1574731,0,40.18,226.45,87,30.6
2026-09-16T16:00,node/5086827321,Metric Market,,,,41.3916196,2.1419287,0,40.18,226.45,87,30.6
2026-09-16T16:00,node/5088945722,La Juanola,,,,41.4066765,2.1569377,1,40.18,226.45,87,30.6
2026-09-16T16:00,node/5089333723,Ciuri‘s,,,,41.4052466,2.1565749,0,40.18,226.45,87,30.6
2026-09-16T16:00,node/5105012628,Entre Hores,,,,41.4030943,2.1577829,0,40.18,226.45,87,30.6
2026-09-16T16:00,node/5109943322,Intrèpid,,,,41.4043018,2.1550041,0,40.18,226.45,87,30.6
2026-09-16T16:00,node/5110964523,La Trobada,,,,41.4015625,2.1520155,1,40.18,226.45,87,30.6
2026-09-16T16:00,node/5111094221,El Dorado Chicken,,,,41.3930251,2.1579995,0,40.18,226.45,87,30.6
2026-09-16T16:00,node/5113896626,Granja Fimon's,,,,41.4477805,2.2438919,1,40.18,226.45,87,30.6
2026-09-16T16:00,node/5118124314,Kebab Bocateli,,,,41.4426035,2.2166674,1,40.18,226.45,87,30.6
2026-09-16T16:00,node/5118126421,Bar Frankfurt Polideportivo,,,,41.4429429,2.2162226,1,40.18,226.45,87,30.6
2026-09-16T16:00,node/5118126428,Granja Modesto,,,,41.4343689,2.2158958,1,40.18,226.45,87,30.6
2026-09-16T16:00,node/5118126435,Cafeteria i Forn de pa Grey,,,,41.4332655,2.2174982,1,40.18,226.45,87,30.6
2026-09-16T16:00,node/5118126438,Frankfurt Piscis,,,,41.4360107,2.2158678,1,40.18,226.45,87,30.6
2026-09-16T16:00,node/5118126440,Bar Julio,,,,41.4348299,2.2151483,1,40.18,226.45,87,30.6
2026-09-16T16:00,node/5118126443,Bar Beethoven,,,,41.4328863,2.2181523,1,40.18,226.45,87,30.6
2026-09-16T16:00,node/5118126453,Bar Bondia,,,,41.4342763,2.2160261,1,40.18,226.45,87,30.6
2026-09-16T16:00,node/5128075585,Monkey Factory,,,,41.3927261,2.1544614,1,40.18,226.45,87,30.6
2026-09-16T16:00,node/5137360822,El Jardí,,,,41.4475237,2.2469586,1,40.18,226.45,87,30.6
2026-09-16T16:00,node/5144745888,Bar La Imperial,,,,41.4372451,2.2200669,1,40.18,226.45,87,30.6
2026-09-16T16:00,node/5144745889,Gabi,,,,41.4372105,2.2199582,1,40.18,226.45,87,30.6
2026-09-16T16:00,node/5144745893,Bar India,,,,41.4420657,2.2284253,1,40.18,226.45,87,30.6
2026-09-16T16:00,node/5144745896,Mokka,,,,41.4371063,2.2201689,1,40.18,226.45,87,30.6
2026-09-16T16:00,node/5156690125,Loc,,,,41.4351636,2.2283155,1,40.18,226.45,87,30.6
2026-09-16T16:00,node/5160440326,Les Termes Bdn,,,,41.4520115,2.2476488,1,40.18,226.45,87,30.6
2026-09-16T16:00,node/5167185733,La Sucursal,,,,41.3806502,2.1611889,0,40.18,226.45,87,30.6
2026-09-16T16:00,node/5167569072,El Mercader de L'Eixample,,,,41.3923316,2.1603286,0,40.18,226.45,87,30.6
2026-09-16T16:00,node/5168232324,Colmado,,,,41.3819235,2.1744264,0,40.18,226.45,87,30.6
2026-09-16T16:00,node/5175039621,Green's,,,,41.3959672,2.1496553,0,40.18,226.45,87,30.6
2026-09-16T16:00,node/5176233727,Els Porxos,,,,41.4031581,2.1751611,1,40.18,226.45,87,30.6
2026-09-16T16:00,node/5182260830,Catafal,,,,41.4088089,2.1468574,0,40.18,226.45,87,30.6
2026-09-16T16:00,node/5190930121,Casa Ángel,,,,41.4070235,2.1818566,0,40.18,226.45,87,30.6
2026-09-16T16:00,node/5192085421,Esterri,,,,41.3812805,2.1618108,0,40.18,226.45,87,30.6
2026-09-16T16:00,node/5198200824,Copa d'Or,,,,41.3963876,2.1688461,1,40.18,226.45,87,30.6
2026-09-16T16:00,node/5198200829,Gyoza Bistró,,,,41.3940771,2.1723519,0,40.18,226.45,87,30.6
2026-09-16T16:00,node/5198201036,Nou Can Codina,,,,41.3989586,2.1608728,0,40.18,226.45,87,30.6
2026-09-16T16:00,node/5198201122,La Particcela,,,,41.3961328,2.1697679,0,40.18,226.45,87,30.6
2026-09-16T16:00,node/5198201124,Riko's Braseria - Restaurante,,,,41.3929731,2.1692667,0,40.18,226.45,87,30.6
2026-09-16T16:00,node/5199743028,seven7seven,,,,41.3898868,2.1622344,0,40.18,226.45,87,30.6
2026-09-16T16:00,node/5207046925,Sense Nom,,,,41.3843558,2.1622563,0,40.18,226.45,87,30.6
2026-09-16T16:00,node/5207067522,El Maravillas,,,,41.3868914,2.1323626,1,40.18,226.45,87,30.6
2026-09-16T16:00,node/5208223424,Bonastre,,,,41.3774986,2.1587463,1,40.18,226.45,87,30.6
2026-09-16T16:00,node/5212252535,Tariq,,,,41.4477214,2.2405051,1,40.18,226.45,87,30.6
2026-09-16T16:00,node/5218828496,Conecta,,,,41.4388265,2.2253266,1,40.18,226.45,87,30.6
2026-09-16T16:00,node/5218828499,Sweet dolç,,,,41.4385456,2.2254351,1,40.18,226.45,87,30.6
2026-09-16T16:00,node/5226505321,Bodega E. Marin,,,,41.4025586,2.1609645,0,40.18,226.45,87,30.6
2026-09-16T16:00,node/5228942946,La Pubilla,,,,41.3995748,2.1536674,0,40.18,226.45,87,30.6
2026-09-16T16:00,node/5237627856,Tasmango Dessert,,,,41.3909254,2.1784375,0,40.18,226.45,87,30.6
2026-09-16T16:00,node/5238186123,Lennox,,,,41.3834186,2.1829502,0,40.18,226.45,87,30.6
2026-09-16T16:00,node/5271863048,Rest. Alexandre,,,,41.4322501,2.1835476,1,40.18,226.45,87,30.6
2026-09-16T16:00,node/5286467104,Granja Monsul,,,,41.4437723,2.2239591,1,40.18,226.45,87,30.6
2026-09-16T16:00,node/5298404593,Próspero,,,,41.4382431,2.2237839,1,40.18,226.45,87,30.6
2026-09-16T16:00,node/5298404603,Bar Salamanca,,,,41.4388532,2.2246477,1,40.18,226.45,87,30.6
2026-09-16T16:00,node/5298405327,Bar Benuga,,,,41.4383471,2.2243229,1,40.18,226.45,87,30.6
2026-09-16T16:00,node/5298405384,Bar Rocío Los Cazadores,,,,41.4389682,2.2252641,1,40.18,226.45,87,30.6
2026-09-16T16:00,node/5299921764,Bar Crack,,,,41.4343466,2.2189911,1,40.18,226.45,87,30.6
2026-09-16T16:00,node/5299921811,Can Daura,,,,41.4358077,2.2218721,1,40.18,226.45,87,30.6
2026-09-16T16:00,node/5299922525,Bar La Imperial,,,,41.4354603,2.2205399,1,40.18,226.45,87,30.6
2026-09-16T16:00,node/5299922526,Bar Marta,,,,41.4349148,2.2200469,1,40.18,226.45,87,30.6
2026-09-16T16:00,node/5313632423,365,,,,41.3789307,2.1718613,0,40.18,226.45,87,30.6
2026-09-16T16:00,node/5327570662,Ancestral,,,,41.3977332,2.1656576,0,40.18,226.45,87,30.6
2026-09-16T16:00,node/5347967007,Bar Marín,,,,41.4474106,2.2217195,1,40.18,226.45,87,30.6
2026-09-16T16:00,node/5347967009,Bar La Cantonada,,,,41.4474812,2.2209325,1,40.18,226.45,87,30.6
2026-09-16T16:00,node/5363964402,El gran croissant,,,,41.4359355,2.2167366,1,40.18,226.45,87,30.6
2026-09-16T16:00,node/5395531687,Las Marismas,,,,41.3701297,2.1215161,1,40.18,226.45,87,30.6
2026-09-16T16:00,node/5407919537,El Yate,,,,41.4039787,2.1367463,0,40.18,226.45,87,30.6
2026-09-16T16:00,node/5417517130,Tou Kichi Rou,,,,41.3919953,2.1432267,0,40.18,226.45,87,30.6
2026-09-16T16:00,node/5418243448,La Pampa,,,,41.3793623,2.1879402,0,40.18,226.45,87,30.6
2026-09-16T16:00,node/5418243450,els maians,,,,41.3786757,2.1882219,1,40.18,226.45,87,30.6
2026-09-16T16:00,node/5418243451,no30,,,,41.3791653,2.1879988,1,40.18,226.45,87,30.6
2026-09-16T16:00,node/5418243452,Lolita,,,,41.3783615,2.1882936,1,40.18,226.45,87,30.6
2026-09-16T16:00,node/5418243454,Reina Margherita,,,,41.3792655,2.1879835,1,40.18,226.45,87,30.6
2026-09-16T16:00,node/5434314893,PolkaBarcelona,,,,41.3859057,2.1326565,0,40.18,226.45,87,30.6
2026-09-16T16:00,node/5485540627,Bar Placídia,,,,41.3999472,2.1524915,1,40.18,226.45,87,30.6
2026-09-16T16:00,node/5487473548,Cafè Mos,,,,41.4143487,2.1384116,0,40.18,226.45,87,30.6
2026-09-16T16:00,node/5498351755,365 Cafeteria Forn de Pa,,,,41.3747778,2.1626826,0,40.18,226.45,87,30.6
2026-09-16T16:00,node/5509139428,La Carmanyola,,,,41.4013829,2.2068942,1,40.18,226.45,87,30.6
2026-09-16T16:00,node/5536153362,Cafeteria La Dona,,,,41.4396715,2.2242727,1,40.18,226.45,87,30.6
2026-09-16T16:00,node/5564055763,Panda & Smile,,,,41.3842068,2.1585673,0,40.18,226.45,87,30.6
2026-09-16T16:00,node/5564064431,Atrapatapa,,,,41.3832362,2.1568636,0,40.18,226.45,87,30.6
2026-09-16T16:00,node/5595134220,Cervecería Amoretty's 3,,,,41.4412382,2.2200117,1,40.18,226.45,87,30.6
2026-09-16T16:00,node/5606506169,Sincopa,,,,41.3803881,2.1789886,0,40.18,226.45,87,30.6
2026-09-16T16:00,node/5611733921,Buenas Migas,,,,41.4024253,2.1743326,0,40.18,226.45,87,30.6
2026-09-16T16:00,node/5617465886,Amateur,,,,41.3967536,2.1962847,1,40.18,226.45,87,30.6
2026-09-16T16:00,node/5646412432,Made in Sicily,,,,41.4483394,2.2490191,1,40.18,226.45,87,30.6
2026-09-16T16:00,node/5646415922,La Bella Istambul,,,,41.4479233,2.2494906,1,40.18,226.45,87,30.6
2026-09-16T16:00,node/5658288082,Can Teixidó,,,,41.4491148,2.2483189,1,40.18,226.45,87,30.6
2026-09-16T16:00,node/5663240986,Cafè Escac,,,,41.3837378,2.1695562,0,40.18,226.45,87,30.6
2026-09-16T16:00,node/5676005621,CACHO,,,,41.3931048,2.1910878,1,40.18,226.45,87,30.6
2026-09-16T16:00,node/5718757792,360°,,,,41.3790957,2.1696433,1,40.18,226.45,87,30.6
2026-09-16T16:00,node/5793057257,Bar Granja el Chiquitín,,,,41.4398176,2.2263171,1,40.18,226.45,87,30.6
2026-09-16T16:00,node/5796742218,The Clock,,,,41.3754168,2.1482785,0,40.18,226.45,87,30.6
2026-09-16T16:00,node/5805410453,Morrow Coffee,,,,41.3771392,2.1513283,0,40.18,226.45,87,30.6
2026-09-16T16:00,node/5806521955,Paisano Bistró,,,,41.4048549,2.1759323,0,40.18,226.45,87,30.6
2026-09-16T16:00,node/5856758686,El racó de les tapes,,,,41.4357708,2.1910224,0,40.18,226.45,87,30.6
2026-09-16T16:00,node/5878496985,UDON,,,,41.4051569,2.1921906,1,40.18,226.45,87,30.6
2026-09-16T16:00,node/5916157285,Bar Castells,,,,41.3841472,2.1698121,0,40.18,226.45,87,30.6
2026-09-16T16:00,node/5923867889,,,,,41.4406062,2.2451514,1,40.18,226.45,87,30.6
2026-09-16T16:00,node/5930228787,Mi casa,,,,41.3993608,2.1535771,0,40.18,226.45,87,30.6
2026-09-16T16:00,node/5933808740,Kserol,,,,41.3986236,2.1753141,0,40.18,226.45,87,30.6
2026-09-16T16:00,node/5944781772,Restaurante Burning Rock&Food,,,,41.3746837,2.1311612,0,40.18,226.45,87,30.6
2026-09-16T16:00,node/5951964888,el Fornet,,,,41.3882003,2.1723419,0,40.18,226.45,87,30.6
2026-09-16T16:00,node/5972440521,Feroz,,,,41.3965882,2.1508404,0,40.18,226.45,87,30.6
2026-09-16T16:00,node/5980982393,Pepa Tomate,,,,41.3767661,2.1627826,0,40.18,226.45,87,30.6
2026-09-16T16:00,node/6000108088,La Neura,,,,41.4002093,2.1660134,0,40.18,226.45,87,30.6
2026-09-16T16:00,node/6009236381,Mesón Balouta,,,,41.4384121,2.1649296,0,40.18,226.45,87,30.6
2026-09-16T16:00,node/6010958538,Bar Avenida,,,,41.4371962,2.2238498,1,40.18,226.45,87,30.6
2026-09-16T16:00,node/6010958540,Bar Trébol BCN,,,,41.4352675,2.2193633,1,40.18,226.45,87,30.6
2026-09-16T16:00,node/6027971388,Novell,,,,41.4070495,2.1667319,1,40.18,226.45,87,30.6
2026-09-16T16:00,node/6038827086,Honest Greens,,,,41.3986972,2.1569862,0,40.18,226.45,87,30.6
2026-09-16T16:00,node/6066258257,Bar Roma Sports,,,,41.4449369,2.2223513,1,40.18,226.45,87,30.6
2026-09-16T16:00,node/6089625321,Vivari,,,,41.3973187,2.1676233,0,40.18,226.45,87,30.6
2026-09-16T16:00,node/6093865396,The FRESH POKE,,,,41.3975268,2.1644457,0,40.18,226.45,87,30.6
2026-09-16T16:00,node/6093944886,Nicasso,,,,41.4072456,2.1873211,0,40.18,226.45,87,30.6
2026-09-16T16:00,node/6096656135,Yoi Yoi Gion,,,,41.3965593,2.1606187,0,40.18,226.45,87,30.6
2026-09-16T16:00,node/6104559348,Belles Arts II,,,,41.3872827,2.1361782,0,40.18,226.45,87,30.6
2026-09-16T16:00,node/6104561002,Toyodo,,,,41.3866914,2.1375355,1,40.18,226.45,87,30.6
2026-09-16T16:00,node/6106764321,Il Caffe di Francesco,,,,41.3930707,2.1642758,1,40.18,226.45,87,30.6
2026-09-16T16:00,node/6109526596,El Cuiner de Damasc,,,,41.3814196,2.1776754,0,40.18,226.45,87,30.6
2026-09-16T16:00,node/6110978486,Bonaparte,,,,41.4775805,2.0724847,1,40.18,226.45,87,30.6
2026-09-16T16:00,node/6123253862,Bar Granja Oasis,,,,41.3505068,2.1127043,1,40.18,226.45,87,30.6
2026-09-16T16:00,node/6126749461,Cantero,,,,41.3942111,2.1902433,1,40.18,226.45,87,30.6
2026-09-16T16:00,node/6164234382,Poké Sí,,,,41.4052321,2.1924708,1,40.18,226.45,87,30.6
2026-09-16T16:00,node/6164236104,Palo Verde,,,,41.4047343,2.1968042,1,40.18,226.45,87,30.6
2026-09-16T16:00,node/6166398253,Panet,,,,41.3861845,2.1430687,1,40.18,226.45,87,30.6
2026-09-16T16:00,node/6182404055,Kasa,,,,41.3861348,2.1656868,0,40.18,226.45,87,30.6
2026-09-16T16:00,node/6188914880,Bella Venezia,,,,41.3965502,2.1644865,0,40.18,226.45,87,30.6
2026-09-16T16:00,node/6188922858,Arc iris,,,,41.3998386,2.1715382,1,40.18,226.45,87,30.6
2026-09-16T16:00,node/6193461695,Sun Market,,,,41.3928465,2.1569854,0,40.18,226.45,87,30.6
2026-09-16T16:00,node/6193479448,Akashi Sushi Bar,,,,41.3923045,2.1558108,0,40.18,226.45,87,30.6
2026-09-16T16:00,node/6200571548,La Svolta,,,,41.4061025,2.1515184,0,40.18,226.45,87,30.6
2026-09-16T16:00,node/6202321417,La Tapeta del Coll,,,,41.4179646,2.1467035,1,40.18,226.45,87,30.6
2026-09-16T16:00,node/6204104907,La Papa,,,,41.3898088,2.1577366,0,40.18,226.45,87,30.6
2026-09-16T16:00,node/6216083704,La Coma,,,,41.3401472,2.1265697,1,40.18,226.45,87,30.6
2026-09-16T16:00,node/6216218158,la Zona,,,,41.3460291,2.1439158,1,40.18,226.45,87,30.6
2026-09-16T16:00,node/6216756977,Estrella de Istanbul,,,,41.4098375,2.1751296,0,40.18,226.45,87,30.6
2026-09-16T16:00,node/6230395442,Akelarre,,,,41.3892275,2.1373726,0,40.18,226.45,87,30.6
2026-09-16T16:00,node/6230407068,Starbucks,,,,41.3951351,2.1581903,0,40.18,226.45,87,30.6
2026-09-16T16:00,node/6232752417,El Taller,,,,41.3587511,2.1404908,1,40.18,226.45,87,30.6
2026-09-16T16:00,node/6237797177,Luri,,,,41.3977931,2.1514901,1,40.18,226.45,87,30.6
2026-09-16T16:00,node/6246525924,in blue,,,,41.3877036,2.1368756,0,40.18,226.45,87,30.6
2026-09-16T16:00,node/6250219942,Al sur,,,,41.3941572,2.1586822,0,40.18,226.45,87,30.6
2026-09-16T16:00,node/6258570565,Dino Pan,,,,41.3824376,2.1318622,0,40.18,226.45,87,30.6
2026-09-16T16:00,node/6258570699,Don Sándwich,,,,41.3820321,2.1315862,0,40.18,226.45,87,30.6
2026-09-16T16:00,node/6258715958,La Lluna de Gavà,,,,41.3672801,2.1403759,0,40.18,226.45,87,30.6
2026-09-16T16:00,node/6258718433,La Toscana,,,,41.3805625,2.1323335,0,40.18,226.45,87,30.6
2026-09-16T16:00,node/6258718652,Cafeteria Melody Bar,,,,41.3779464,2.1338934,0,40.18,226.45,87,30.6
2026-09-16T16:00,node/6258719247,Bar Florida,,,,41.3592896,2.1399844,1,40.18,226.45,87,30.6
2026-09-16T16:00,node/6260784864,La Cabaña,,,,41.3699161,2.1341331,0,40.18,226.45,87,30.6
2026-09-16T16:00,node/6260786193,Goiko Grill,,,,41.3656448,2.1357604,1,40.18,226.45,87,30.6
2026-09-16T16:00,node/6264834185,König,,,,41.3862163,2.1827612,0,40.18,226.45,87,30.6
2026-09-16T16:00,node/6298115913,N.A.P.,,,,41.3774834,2.1900137,1,40.18,226.45,87,30.6
2026-09-16T16:00,node/6316025985,L'Esclop,,,,41.3768262,2.1577412,0,40.18,226.45,87,30.6
2026-09-16T16:00,node/6330973943,Don Kilo,,,,41.3998564,2.1639573,0,40.18,226.45,87,30.6
2026-09-16T16:00,node/6333708759,SandwiChez,,,,41.3941488,2.1694356,0,40.18,226.45,87,30.6
2026-09-16T16:00,node/6334053687,Cafè Yafa,,,,41.3997495,2.1643963,0,40.18,226.45,87,30.6
2026-09-16T16:00,node/6334053692,La Mananta,,,,41.3994169,2.1648424,0,40.18,226.45,87,30.6
2026-09-16T16:00,node/6339732807,La Soca 2,,,,41.3912352,2.1594135,0,40.18,226.45,87,30.6
2026-09-16T16:00,node/6339732809,Creps Barcelona,,,,41.3905618,2.1590619,0,40.18,226.45,87,30.6
2026-09-16T16:00,node/6357834156,Les gens que j'aime bar,,,,41.3936947,2.1648505,0,40.18,226.45,87,30.6
2026-09-16T16:00,node/6381462875,Comarca Cuina L’Hocal,,,,41.3609203,2.1295937,1,40.18,226.45,87,30.6
2026-09-16T16:00,node/6424929026,Cafeteria Samy's,,,,41.3637433,2.1369241,0,40.18,226.45,87,30.6
2026-09-16T16:00,node/6424929700,Sakuraya,,,,41.3653001,2.1307952,1,40.18,226.45,87,30.6
2026-09-16T16:00,node/6431480513,Restaurant Bodega de Tapas,,,,41.3772493,2.1371156,0,40.18,226.45,87,30.6
2026-09-16T16:00,node/6431508292,Bodega Salvat,,,,41.3711848,2.1345217,0,40.18,226.45,87,30.6
2026-09-16T16:00,node/6431508293,Jaqueline's,,,,41.3682256,2.1345214,0,40.18,226.45,87,30.6
2026-09-16T16:00,node/6431508485,Japonia Café,,,,41.3806518,2.1387176,0,40.18,226.45,87,30.6
2026-09-16T16:00,node/6431508488,La Bodegueta de Sants,,,,41.3710695,2.1344235,0,40.18,226.45,87,30.6
2026-09-16T16:00,node/6431512182,Bar Montevideo,,,,41.3693939,2.1342386,0,40.18,226.45,87,30.6
2026-09-16T16:00,node/6431558869,Bar Alegría,,,,41.3629394,2.1373301,1,40.18,226.45,87,30.6
2026-09-16T16:00,node/6431559030,Bar El Faro,,,,41.3628529,2.1373795,0,40.18,226.45,87,30.6
2026-09-16T16:00,node/6433259684,Entre Copas,,,,41.3621672,2.0761548,1,40.18,226.45,87,30.6
2026-09-16T16:00,node/6438381289,Vera Café,,,,41.3883674,2.1779512,0,40.18,226.45,87,30.6
2026-09-16T16:00,node/6441451785,Líder de Istanbul,,,,41.3752687,2.1338088,1,40.18,226.45,87,30.6
2026-09-16T16:00,node/6445233216,Gyoza Bar,,,,41.3931059,2.1798949,0,40.18,226.45,87,30.6
2026-09-16T16:00,node/6450380989,Bar But,,,,41.3979648,2.1593688,0,40.18,226.45,87,30.6
2026-09-16T16:00,node/6450381086,La Porxada,,,,41.4030026,2.1637245,0,40.18,226.45,87,30.6
2026-09-16T16:00,node/6462934229,Concordia,,,,41.3864201,2.1321758,1,40.18,226.45,87,30.6
2026-09-16T16:00,node/6475037976,L'Oasi a Consell,,,,41.3830142,2.1547507,0,40.18,226.45,87,30.6
2026-09-16T16:00,node/6477273844,Fandango,,,,41.3982346,2.1423415,0,40.18,226.45,87,30.6
2026-09-16T16:00,node/6506313588,Antigua,,,,41.3980086,2.1492952,0,40.18,226.45,87,30.6
2026-09-16T16:00,node/6507308246,L'Antica Pizzeria Da Michele,,,,41.3928154,2.1682858,0,40.18,226.45,87,30.6
2026-09-16T16:00,node/6532206187,Yü Sushi,,,,41.4032734,2.2032208,0,40.18,226.45,87,30.6
2026-09-16T16:00,node/6532330793,La Xemeneia,,,,41.4016359,2.2048002,0,40.18,226.45,87,30.6
2026-09-16T16:00,node/6535101686,Alma Loca,,,,41.3992845,2.1970974,0,40.18,226.45,87,30.6
2026-09-16T16:00,node/6538194375,Mr. White,,,,41.3761815,2.1601126,1,40.18,226.45,87,30.6
2026-09-16T16:00,node/6568369188,Elpilar,,,,41.4000903,2.1489875,0,40.18,226.45,87,30.6
2026-09-16T16:00,node/6597321587,Welcome,,,,41.4065151,2.1509474,0,40.18,226.45,87,30.6
2026-09-16T16:00,node/6600189447,café bar juli-mac,,,,41.3782625,2.1239845,0,40.18,226.45,87,30.6
2026-09-16T16:00,node/6642989000,El Pa Sencer,,,,41.3835483,2.1341796,0,40.18,226.45,87,30.6
2026-09-16T16:00,node/6642989001,Ateneu Popular de les Corts,,,,41.3826968,2.1329407,1,40.18,226.45,87,30.6
2026-09-16T16:00,node/6680396487,La prorroga,,,,41.4032976,2.1567512,0,40.18,226.45,87,30.6
2026-09-16T16:00,node/6680687871,La Mar Salada,,,,41.3768035,2.1888904,1,40.18,226.45,87,30.6
2026-09-16T16:00,node/6681709948,Kiltro Gràcia,,,,41.4018317,2.1544539,1,40.18,226.45,87,30.6
2026-09-16T16:00,node/6710510485,Catedral 1951,,,,41.3849142,2.1757337,0,40.18,226.45,87,30.6
2026-09-16T16:00,node/6750944404,Brasaña,,,,41.3605721,2.1345777,0,40.18,226.45,87,30.6
2026-09-16T16:00,node/6757307686,Kitsu,,,,41.4017918,2.1543486,0,40.18,226.45,87,30.6
2026-09-16T16:00,node/6757314489,LomoAlto,,,,41.3936053,2.1663935,0,40.18,226.45,87,30.6
2026-09-16T16:00,node/6766273102,inti & chaska,,,,41.3886755,2.1599487,0,40.18,226.45,87,30.6
2026-09-16T16:00,node/6771863086,Montseny,,,,41.4070642,2.1804416,0,40.18,226.45,87,30.6
2026-09-16T16:00,node/6775495571,El Petit,,,,41.3298893,2.0988681,1,40.18,226.45,87,30.6
2026-09-16T16:00,node/6782427526,Híbrid Cafè Restaurant,,,,41.3771219,2.1203336,1,40.18,226.45,87,30.6
2026-09-16T16:00,node/6786006588,365,,,,41.3820297,2.1697221,0,40.18,226.45,87,30.6
2026-09-16T16:00,node/6790695789,El Rincón de la Abuela Venezolana,,,,41.4058359,2.1788147,0,40.18,226.45,87,30.6
2026-09-16T16:00,node/6805613085,Bar la Cabaña,,,,41.4071784,2.1778546,1,40.18,226.45,87,30.6
2026-09-16T16:00,node/6812099686,La Xurreria de Maria,,,,41.4050102,2.1750002,0,40.18,226.45,87,30.6
2026-09-16T16:00,node/6821384885,Blu Bar,,,,41.3983358,2.2045648,0,40.18,226.45,87,30.6
2026-09-16T16:00,node/6835358009,Murivecci,,,,41.3874075,2.1828282,0,40.18,226.45,87,30.6
2026-09-16T16:00,node/6852974547,Garrido,,,,41.3603039,2.1401381,0,40.18,226.45,87,30.6
2026-09-16T16:00,node/6852994516,La Patatona,,,,41.3604651,2.1400108,0,40.18,226.45,87,30.6
2026-09-16T16:00,node/6855027201,Bar Sandwicheria Enka 3,,,,41.3758876,2.1221107,1,40.18,226.45,87,30.6
2026-09-16T16:00,node/6871523347,Cafe Punto 10,,,,41.3805947,2.1364501,0,40.18,226.45,87,30.6
2026-09-16T16:00,node/6914132390,El Nou Ramonet,,,,41.3817315,2.1876268,0,40.18,226.45,87,30.6
2026-09-16T16:00,node/6946328085,Cremat 11,,,,41.3855109,2.1810205,0,40.18,226.45,87,30.6
2026-09-16T16:00,node/6973926711,Syra Coffee,,,,41.3965047,2.1941864,0,40.18,226.45,87,30.6
2026-09-16T16:00,node/6983227455,SNOOKER - Cocteles y Billarea,,,,41.3921561,2.1703663,0,40.18,226.45,87,30.6
2026-09-16T16:00,node/7002869606,Chebú,,,,41.3791162,2.1515085,0,40.18,226.45,87,30.6
2026-09-16T16:00,node/7003296923,Triple Sec,,,,41.3747448,2.1609868,0,40.18,226.45,87,30.6
2026-09-16T16:00,node/7004598841,Orange Coffee,,,,41.4052864,2.1712189,0,40.18,226.45,87,30.6
2026-09-16T16:00,node/7014308129,Bar Bodega Lentejil,,,,41.4429922,2.2175094,1,40.18,226.45,87,30.6
2026-09-16T16:00,node/7017780931,Yoüme,,,,41.3835882,2.1541892,0,40.18,226.45,87,30.6
2026-09-16T16:00,node/7098025886,El Club del Café,,,,41.4340729,2.1892624,0,40.18,226.45,87,30.6
2026-09-16T16:00,node/7124857728,Cabo,,,,41.3964797,2.1851438,1,40.18,226.45,87,30.6
2026-09-16T16:00,node/7132160620,Santagloria,,,,41.3863926,2.1243567,1,40.18,226.45,87,30.6
2026-09-16T16:00,node/7141587085,La Cereria,,,,41.3815426,2.1767152,0,40.18,226.45,87,30.6
2026-09-16T16:00,node/7150994121,Vivari,,,,41.3998419,2.1775677,0,40.18,226.45,87,30.6
2026-09-16T16:00,node/7234692489,Van van var,,,,41.3942304,2.1901096,1,40.18,226.45,87,30.6
2026-09-16T16:00,node/7318977151,,,,,41.3711664,2.1434617,0,40.18,226.45,87,30.6
2026-09-16T16:00,node/7318977155,Bar Joaquim,,,,41.3704145,2.1424922,0,40.18,226.45,87,30.6
2026-09-16T16:00,node/7318977156,Vivari,,,,41.3686165,2.1410874,1,40.18,226.45,87,30.6
2026-09-16T16:00,node/7431790448,Santagloria,,,,41.3896086,2.1200086,1,40.18,226.45,87,30.6
2026-09-16T16:00,node/7438491414,,,,,41.3733479,2.1301506,1,40.18,226.45,87,30.6
2026-09-16T16:00,node/7504941029,Iberic Fusión Platja,,,,41.4380577,2.2431806,1,40.18,226.45,87,30.6
2026-09-16T16:00,node/7504941031,l'Altre Can Mario's,,,,41.4405591,2.2418866,1,40.18,226.45,87,30.6
2026-09-16T16:00,node/7504941033,L'Esmolet,,,,41.4432993,2.2460741,1,40.18,226.45,87,30.6
2026-09-16T16:00,node/7504941035,la Masia de la Xesca,,,,41.4452013,2.2417838,1,40.18,226.45,87,30.6
2026-09-16T16:00,node/7556742593,Menjador del Centre,,,,41.4009756,2.2000272,0,40.18,226.45,87,30.6
2026-09-16T16:00,node/7563962192,Passeig9,,,,41.4014488,2.2009478,0,40.18,226.45,87,30.6
2026-09-16T16:00,node/7600529740,Restaurante La Flama,,,,41.3514861,2.1114722,1,40.18,226.45,87,30.6
2026-09-16T16:00,node/7618205068,El Pellizquito,,,,41.3501292,2.1105817,1,40.18,226.45,87,30.6
2026-09-16T16:00,node/7640514041,Bar Plaça Carles Buïgas,,,,41.3711833,2.1510204,1,40.18,226.45,87,30.6
2026-09-16T16:00,node/7644933199,Almirall,,,,41.4100171,2.1883052,1,40.18,226.45,87,30.6
2026-09-16T16:00,node/7704818539,Bar Granja Rocxi,,,,41.3744206,2.1339573,0,40.18,226.45,87,30.6
2026-09-16T16:00,node/7704818548,Cafès Caracas,,,,41.3748038,2.1328052,0,40.18,226.45,87,30.6
2026-09-16T16:00,node/7706832792,Cru Sants,,,,41.3721342,2.1286919,1,40.18,226.45,87,30.6
2026-09-16T16:00,node/7736420790,Mamma Italia,,,,41.3764642,2.1234304,0,40.18,226.45,87,30.6
2026-09-16T16:00,node/7772770550,Eqvilibrivm Café,,,,41.3973065,2.1697662,0,40.18,226.45,87,30.6
2026-09-16T16:00,node/7838098454,El Caserón,,,,41.3838275,2.1398498,0,40.18,226.45,87,30.6
2026-09-16T16:00,node/7925586104,Delicream,,,,41.4572921,2.2290688,1,40.18,226.45,87,30.6
2026-09-16T16:00,node/7989010587,Castañeiras,,,,41.4100358,2.1760296,0,40.18,226.45,87,30.6
2026-09-16T16:00,node/7999604058,Lilo brunch,,,,41.3873718,2.1627034,0,40.18,226.45,87,30.6
2026-09-16T16:00,node/7999616840,Bellillo,,,,41.3879362,2.1620483,0,40.18,226.45,87,30.6
2026-09-16T16:00,node/8034999886,Costa Dorada,,,,41.3980284,2.1986941,0,40.18,226.45,87,30.6
2026-09-16T16:00,node/8046554489,Sport,,,,41.4001224,2.2000188,1,40.18,226.45,87,30.6
2026-09-16T16:00,node/8049731595,Echegaray,,,,41.4018684,2.2023424,0,40.18,226.45,87,30.6
2026-09-16T16:00,node/8049732292,Doroteo,,,,41.4029636,2.2006718,0,40.18,226.45,87,30.6
2026-09-16T16:00,node/8064873985,Saramar,,,,41.3957712,2.1953013,1,40.18,226.45,87,30.6
2026-09-16T16:00,node/8077128420,Tío Bigotes,,,,41.4013922,2.2028846,0,40.18,226.45,87,30.6
2026-09-16T16:00,manual/488492e9,Bar Viejo Cafe,Bar,yes,"Carrer de la Independència, 306, Sant Martí, 08026 Barcelona",41.4116,2.1794,1,40.18,226.45,87,30.6
2026-09-16T16:00,manual/c52f6190,New 88 Bar-Cafeteria,bar,yes,,41.4094505,2.1789589,1,40.18,226.45,87,30.6
2026-09-16T16:00,manual/5d2ea7ea,Restaurant Papá Nico,bar,yes,,41.4094505,2.1789589,1,40.18,226.45,87,30.6
2026-09-16T16:00,manual/c980e39e,Restaurant El Clot,restaurant,yes,,41.4087697,2.1875592,1,40.18,226.45,87,30.6
2026-09-16T17:00,relation/18317100,,,,,41.42,2.1188352,0,31.1,241.17,91,30.1
2026-09-16T17:00,node/208984374,Central Rambla,,,,41.3782716,2.1761732,1,31.1,241.17,91,30.1
2026-09-16T17:00,way/217583616,Can Fisher,,,,41.3946034,2.2062292,1,31.1,241.17,91,30.1
2026-09-16T17:00,way/245214117,la Caseta del Migdia,,,,41.3596833,2.1607145,1,31.1,241.17,91,30.1
2026-09-16T17:00,way/246717741,Mirablau,,,,41.4160323,2.1319129,1,31.1,241.17,91,30.1
2026-09-16T17:00,way/249404809,PURO,,,,41.3911248,2.1461635,0,31.1,241.17,91,30.1
2026-09-16T17:00,way/268912897,Can Cortada,,,,41.4362503,2.1524833,1,31.1,241.17,91,30.1
2026-09-16T17:00,way/315387188,Temple del Metall,,,,41.4741706,2.1662317,1,31.1,241.17,91,30.1
2026-09-16T17:00,way/392926648,Pacha,,,,41.3857491,2.1970415,1,31.1,241.17,91,30.1
2026-09-16T17:00,way/412702054,Camping,,,,41.3953192,2.2042386,1,31.1,241.17,91,30.1
2026-09-16T17:00,way/443599336,Asador Casa Juaco,,,,41.4476663,2.1426909,1,31.1,241.17,91,30.1
2026-09-16T17:00,way/446002194,La Base by Farré,,,,41.3967358,2.2101884,0,31.1,241.17,91,30.1
2026-09-16T17:00,node/476327681,Can Paixano,,,,41.3817618,2.1834151,0,31.1,241.17,91,30.1
2026-09-16T17:00,node/506202703,Bar Almogávares,,,,41.3962323,2.1890864,1,31.1,241.17,91,30.1
2026-09-16T17:00,way/519771543,Restaurant Can Cases,,,,41.4343885,2.0985276,1,31.1,241.17,91,30.1
2026-09-16T17:00,node/534367691,Sant Bartomeu,,,,41.3755248,2.1346488,0,31.1,241.17,91,30.1
2026-09-16T17:00,node/643022131,Euro Bar-Tapas,,,,41.4342324,2.2161197,1,31.1,241.17,91,30.1
2026-09-16T17:00,node/643429648,Joan Figuera,,,,41.4336545,2.2169391,1,31.1,241.17,91,30.1
2026-09-16T17:00,node/643496696,El rincón de Willy,,,,41.4380246,2.2180623,1,31.1,241.17,91,30.1
2026-09-16T17:00,node/643496704,Bar Somni d'estiu,,,,41.4382361,2.2166687,1,31.1,241.17,91,30.1
2026-09-16T17:00,way/655221168,L'Ovella Negra Marina,,,,41.3960196,2.1901331,0,31.1,241.17,91,30.1
2026-09-16T17:00,node/660004524,Bocatapa Can Manel,,,,41.4413833,2.2212875,1,31.1,241.17,91,30.1
2026-09-16T17:00,node/672140180,Kasparo,,,,41.3844847,2.1690087,0,31.1,241.17,91,30.1
2026-09-16T17:00,node/704031158,Café Zurich,,,,41.3858504,2.1694606,1,31.1,241.17,91,30.1
2026-09-16T17:00,node/704042058,Starbucks,,,,41.3888305,2.1719117,0,31.1,241.17,91,30.1
2026-09-16T17:00,node/704058886,Tapa Tapa,,,,41.3916926,2.1660167,1,31.1,241.17,91,30.1
2026-09-16T17:00,node/704060428,Oassis Natural Cooking,,,,41.3901637,2.1678915,0,31.1,241.17,91,30.1
2026-09-16T17:00,node/704066257,Ciutat Comtal,,,,41.3888272,2.1668833,0,31.1,241.17,91,30.1
2026-09-16T17:00,node/704066614,Taller de Tapas,,,,41.3905645,2.1639038,0,31.1,241.17,91,30.1
2026-09-16T17:00,way/707305723,Bar Frankfurt Cafeteria Fabregada,,,,41.3561748,2.1108239,1,31.1,241.17,91,30.1
2026-09-16T17:00,node/745947750,Bar Geminis,,,,41.3976224,2.1807778,0,31.1,241.17,91,30.1
2026-09-16T17:00,node/765796519,La Cafetera,,,,41.4049767,2.1575215,0,31.1,241.17,91,30.1
2026-09-16T17:00,node/814006271,Les 15 Nits Bar,,,,41.3804529,2.1749778,0,31.1,241.17,91,30.1
2026-09-16T17:00,node/819552792,Bracafe,,,,41.3944249,2.1675209,0,31.1,241.17,91,30.1
2026-09-16T17:00,node/824476551,Caleuche,,,,41.3761526,2.1686172,0,31.1,241.17,91,30.1
2026-09-16T17:00,node/830462039,Bar Restaurant Angela,,,,41.4043015,2.1949428,0,31.1,241.17,91,30.1
2026-09-16T17:00,way/907005766,Chevy's Bar,,,,41.4143731,2.2289499,1,31.1,241.17,91,30.1
2026-09-16T17:00,way/969257968,,,,,41.3793991,2.1073385,1,31.1,241.17,91,30.1
2026-09-16T17:00,way/1063378975,Bar Restaurant Oliver,,,,41.3469215,2.1546999,1,31.1,241.17,91,30.1
2026-09-16T17:00,node/1072798261,Taverna del Bisbe,,,,41.3849254,2.1766628,1,31.1,241.17,91,30.1
2026-09-16T17:00,node/1072800838,El Cafè D'en Victor,,,,41.3847931,2.1767008,0,31.1,241.17,91,30.1
2026-09-16T17:00,node/1083144027,Los Caracoles,,,,41.3796584,2.1765082,0,31.1,241.17,91,30.1
2026-09-16T17:00,node/1092685793,Elche,,,,41.3739754,2.1691488,0,31.1,241.17,91,30.1
2026-09-16T17:00,way/1112240803,ForumStation,,,,41.4096655,2.2221501,1,31.1,241.17,91,30.1
2026-09-16T17:00,node/1177498341,Casa Vall,,,,41.4074238,2.1585521,0,31.1,241.17,91,30.1
2026-09-16T17:00,node/1192698924,Bilbao Berria,,,,41.3841976,2.1748665,0,31.1,241.17,91,30.1
2026-09-16T17:00,node/1192699873,Tapas 24,,,,41.3908686,2.1674705,1,31.1,241.17,91,30.1
2026-09-16T17:00,way/1200964257,Chiringuito Joan Miro,,,,41.3789977,2.1478116,1,31.1,241.17,91,30.1
2026-09-16T17:00,node/1264182304,Tosca del Carme,,,,41.3819482,2.1695795,0,31.1,241.17,91,30.1
2026-09-16T17:00,node/1280416455,Carballeira,,,,41.4442679,2.2217701,1,31.1,241.17,91,30.1
2026-09-16T17:00,way/1300745688,La Casona de Sant Just,,,,41.3833348,2.0735139,1,31.1,241.17,91,30.1
2026-09-16T17:00,node/1310450869,El Filete Ruso,,,,41.3925451,2.1558968,0,31.1,241.17,91,30.1
2026-09-16T17:00,node/1312325106,La Palmera,,,,41.4144229,2.1385123,0,31.1,241.17,91,30.1
2026-09-16T17:00,node/1314943380,Mescladís del Pou,,,,41.3870865,2.1803497,0,31.1,241.17,91,30.1
2026-09-16T17:00,node/1335697982,,,,,41.3608771,2.1101417,1,31.1,241.17,91,30.1
2026-09-16T17:00,way/1368167814,Natura Beach. El Chiringuito,,,,41.4028929,2.2157443,1,31.1,241.17,91,30.1
2026-09-16T17:00,node/1420760625,Tapeo,,,,41.4044988,2.1554811,0,31.1,241.17,91,30.1
2026-09-16T17:00,node/1420760630,Diamant,,,,41.4042174,2.1555899,0,31.1,241.17,91,30.1
2026-09-16T17:00,node/1428867664,Café Berlin,,,,41.3943566,2.1494599,0,31.1,241.17,91,30.1
2026-09-16T17:00,node/1430537485,Oasis Restaurant,,,,41.3827219,2.1847191,1,31.1,241.17,91,30.1
2026-09-16T17:00,node/1445598557,Bracafe,,,,41.3948025,2.1817533,0,31.1,241.17,91,30.1
2026-09-16T17:00,node/1554649942,Torrades,,,,41.4375721,2.1566095,1,31.1,241.17,91,30.1
2026-09-16T17:00,node/1554649988,La Panera,,,,41.4374756,2.1563359,1,31.1,241.17,91,30.1
2026-09-16T17:00,node/1658425572,Rebeka,,,,41.3967185,2.1890325,0,31.1,241.17,91,30.1
2026-09-16T17:00,node/1685949861,Cerveceria Milenium 2,,,,41.3534566,2.0866307,1,31.1,241.17,91,30.1
2026-09-16T17:00,node/1711342192,Calero's Centre,,,,41.3744728,2.1349721,1,31.1,241.17,91,30.1
2026-09-16T17:00,node/1722136431,Cervecería Catalana,,,,41.3924032,2.1609008,1,31.1,241.17,91,30.1
2026-09-16T17:00,node/1739122591,La Tagliatella,,,,41.3943371,2.1521208,0,31.1,241.17,91,30.1
2026-09-16T17:00,node/1813593370,Bar Capricornio,,,,41.4381257,2.2179547,1,31.1,241.17,91,30.1
2026-09-16T17:00,node/1820633320,CASA TEVA,,,,41.3752815,2.1166845,1,31.1,241.17,91,30.1
2026-09-16T17:00,node/1824133931,Carmesí,,,,41.3737373,2.1644452,0,31.1,241.17,91,30.1
2026-09-16T17:00,node/1948986220,Cafeteria UPF Jaume I,,,,41.3900298,2.1901118,1,31.1,241.17,91,30.1
2026-09-16T17:00,node/1948987514,Cafeteria UPF Roger de Lluria,,,,41.3886776,2.1915119,0,31.1,241.17,91,30.1
2026-09-16T17:00,node/1951812612,Casa Pagès,,,,41.3998447,2.1613114,0,31.1,241.17,91,30.1
2026-09-16T17:00,node/1960366982,Casa Amalia,,,,41.3962525,2.1685646,0,31.1,241.17,91,30.1
2026-09-16T17:00,node/1984001407,Bar de la FIB,,,,41.3894239,2.1132363,0,31.1,241.17,91,30.1
2026-09-16T17:00,node/2034780565,Cerbeseria Lesseps,,,,41.4073551,2.1514486,1,31.1,241.17,91,30.1
2026-09-16T17:00,node/2034780569,L'Brasseria,,,,41.4067629,2.1516314,0,31.1,241.17,91,30.1
2026-09-16T17:00,node/2056517879,Caelum,,,,41.3830524,2.1744369,0,31.1,241.17,91,30.1
2026-09-16T17:00,node/2065469522,Restaurant Pipa,,,,41.3997461,2.2003004,0,31.1,241.17,91,30.1
2026-09-16T17:00,node/2087204991,La Sanguchería,,,,41.3954987,2.1484037,0,31.1,241.17,91,30.1
2026-09-16T17:00,node/2091604731,Tapa Tapa,,,,41.3762094,2.1500463,1,31.1,241.17,91,30.1
2026-09-16T17:00,node/2112843062,El Vaixell-2,,,,41.4541291,2.2350201,1,31.1,241.17,91,30.1
2026-09-16T17:00,node/2165154147,Asador de Lugo,,,,41.3797623,2.1376748,0,31.1,241.17,91,30.1
2026-09-16T17:00,node/2184580476,Bar del Pi,,,,41.3824922,2.1739624,1,31.1,241.17,91,30.1
2026-09-16T17:00,node/2187210264,Sopa,,,,41.4023416,2.1952788,0,31.1,241.17,91,30.1
2026-09-16T17:00,node/2197824500,Tierra del fuego,,,,41.4016702,2.2016399,0,31.1,241.17,91,30.1
2026-09-16T17:00,node/2213839299,Pollo Rico,,,,41.3791045,2.1721976,0,31.1,241.17,91,30.1
2026-09-16T17:00,node/2364075421,Chen-Ji,,,,41.3936143,2.1807074,0,31.1,241.17,91,30.1
2026-09-16T17:00,node/2434563732,La Bella Napoli,,,,41.3743686,2.1637621,0,31.1,241.17,91,30.1
2026-09-16T17:00,node/2442785485,El Círcol,,,,41.4501968,2.2474223,1,31.1,241.17,91,30.1
2026-09-16T17:00,node/2468197823,365 Cafeteria Forn de Pa,,,,41.3752071,2.1635151,1,31.1,241.17,91,30.1
2026-09-16T17:00,node/2476332030,Bar Lennon,,,,41.4028901,2.1612576,0,31.1,241.17,91,30.1
2026-09-16T17:00,node/2500906795,Bar Lúdic Queimada Nivell Q,,,,41.4094152,2.1808913,0,31.1,241.17,91,30.1
2026-09-16T17:00,node/2598482930,Con Gracia,,,,41.3990704,2.1600617,0,31.1,241.17,91,30.1
2026-09-16T17:00,node/2609183969,Fukuoka,,,,41.4022587,2.1612976,0,31.1,241.17,91,30.1
2026-09-16T17:00,node/2610750687,Xiringuito Aigua,,,,41.4096717,2.1683236,1,31.1,241.17,91,30.1
2026-09-16T17:00,node/2618447074,Vegetalia,,,,41.3803973,2.1776952,0,31.1,241.17,91,30.1
2026-09-16T17:00,node/2618538581,Veggie Garden,,,,41.3822767,2.1680336,1,31.1,241.17,91,30.1
2026-09-16T17:00,node/2618538595,Biocenter,,,,41.3825765,2.1694364,0,31.1,241.17,91,30.1
2026-09-16T17:00,node/2684052224,Pai Mei,,,,41.4051863,2.1931071,1,31.1,241.17,91,30.1
2026-09-16T17:00,node/2687089274,Dolça Estona,,,,41.4117096,2.1394938,0,31.1,241.17,91,30.1
2026-09-16T17:00,node/2689736934,Bar Bodega Molina,,,,41.4403298,2.1817019,0,31.1,241.17,91,30.1
2026-09-16T17:00,node/2721077740,Bar Veni,,,,41.3848861,2.1667078,0,31.1,241.17,91,30.1
2026-09-16T17:00,node/2727449418,Las Euras,,,,41.3998785,2.1577187,0,31.1,241.17,91,30.1
2026-09-16T17:00,node/2793491051,La bona tapa,,,,41.4368098,2.2166172,1,31.1,241.17,91,30.1
2026-09-16T17:00,node/2892028393,Kino,,,,41.3825992,2.1665452,0,31.1,241.17,91,30.1
2026-09-16T17:00,node/2892037115,23 Robadors,,,,41.3796029,2.1708903,0,31.1,241.17,91,30.1
2026-09-16T17:00,node/2910255826,Shôko,,,,41.3854991,2.1969746,1,31.1,241.17,91,30.1
2026-09-16T17:00,node/2910255827,Opium,,,,41.3852778,2.1967099,1,31.1,241.17,91,30.1
2026-09-16T17:00,node/2927944587,Tapas Tapas!,,,,41.3745104,2.1829399,1,31.1,241.17,91,30.1
2026-09-16T17:00,node/2951499208,El racó d'en Henry,,,,41.4394757,2.2215013,1,31.1,241.17,91,30.1
2026-09-16T17:00,node/2966340931,El Capritx,,,,41.4022886,2.1998883,0,31.1,241.17,91,30.1
2026-09-16T17:00,node/2968119440,Can Tresó,,,,41.4028999,2.1537483,0,31.1,241.17,91,30.1
2026-09-16T17:00,node/2969276727,La Sirena Verde,,,,41.4027605,2.1657128,1,31.1,241.17,91,30.1
2026-09-16T17:00,node/2969277275,Café de l'Eixample,,,,41.4005021,2.1690108,0,31.1,241.17,91,30.1
2026-09-16T17:00,node/2970751844,Taverna El Disbarat,,,,41.4017728,2.1545227,0,31.1,241.17,91,30.1
2026-09-16T17:00,node/3007755352,La Pausa,,,,41.4071883,2.1557816,1,31.1,241.17,91,30.1
2026-09-16T17:00,node/3007803307,Oh La Lá,,,,41.4460123,2.2485803,1,31.1,241.17,91,30.1
2026-09-16T17:00,node/3048077142,L'Aliança del Poblenou,,,,41.3997067,2.2032276,0,31.1,241.17,91,30.1
2026-09-16T17:00,node/3049368344,Clot76,,,,41.4082815,2.1885259,1,31.1,241.17,91,30.1
2026-09-16T17:00,node/3084370508,Marina Bay By Moncho's,,,,41.3863077,2.1975017,0,31.1,241.17,91,30.1
2026-09-16T17:00,node/3084507933,Caravelle,,,,41.3822872,2.1688475,0,31.1,241.17,91,30.1
2026-09-16T17:00,node/3120072573,Bar Restaurant Nàutic,,,,41.3806088,2.1408397,1,31.1,241.17,91,30.1
2026-09-16T17:00,node/3177990194,Mezcal Taco Bar,,,,41.3830563,2.1554872,0,31.1,241.17,91,30.1
2026-09-16T17:00,node/3270120640,Luigi,,,,41.3862659,2.1753788,0,31.1,241.17,91,30.1
2026-09-16T17:00,node/3271554311,Al Sultán,,,,41.4035661,2.1554863,0,31.1,241.17,91,30.1
2026-09-16T17:00,node/3328694987,Nou Candanchú,,,,41.4005128,2.1576475,0,31.1,241.17,91,30.1
2026-09-16T17:00,node/3339670930,Bahia,,,,41.3803265,2.1774842,0,31.1,241.17,91,30.1
2026-09-16T17:00,node/3441700493,Santos Tapas,,,,41.3818417,2.1745121,0,31.1,241.17,91,30.1
2026-09-16T17:00,node/3491476947,Bar del Pla,,,,41.3856036,2.1800221,0,31.1,241.17,91,30.1
2026-09-16T17:00,node/3496970198,Centre Cívic Can Deu,,,,41.3869027,2.1327794,1,31.1,241.17,91,30.1
2026-09-16T17:00,node/3504769719,El Rincón,,,,41.3908977,2.1900669,1,31.1,241.17,91,30.1
2026-09-16T17:00,node/3517276245,Bar Canigó,,,,41.4029724,2.1579186,0,31.1,241.17,91,30.1
2026-09-16T17:00,node/3522552400,Àpat's,,,,41.3757617,2.1419109,0,31.1,241.17,91,30.1
2026-09-16T17:00,node/3548547194,El Bon Menjador - 2,,,,41.4388101,2.2172863,1,31.1,241.17,91,30.1
2026-09-16T17:00,node/3548548998,Bar Morales,,,,41.4395878,2.2165237,1,31.1,241.17,91,30.1
2026-09-16T17:00,node/3548613495,Bar Paula's Tapería,,,,41.4385437,2.2175484,1,31.1,241.17,91,30.1
2026-09-16T17:00,node/3556089494,Delicias Mediterráneas,,,,41.4415079,2.2267435,1,31.1,241.17,91,30.1
2026-09-16T17:00,node/3556089497,Xurreria Rodríguez,,,,41.4416928,2.2264651,1,31.1,241.17,91,30.1
2026-09-16T17:00,node/3556089803,Bar de La Salut,,,,41.4422594,2.2258792,1,31.1,241.17,91,30.1
2026-09-16T17:00,node/3560942698,Sandvitxeria Alhociema,,,,41.4443624,2.2236761,1,31.1,241.17,91,30.1
2026-09-16T17:00,node/3560955995,Centro Cultural Castellano-manchego,,,,41.4390698,2.2176297,1,31.1,241.17,91,30.1
2026-09-16T17:00,node/3595399490,Bar Familiar,,,,41.4359163,2.2182018,1,31.1,241.17,91,30.1
2026-09-16T17:00,node/3595399769,La granja de Casablanca,,,,41.4357671,2.2189395,1,31.1,241.17,91,30.1
2026-09-16T17:00,node/3595401238,Bar Alcázar,,,,41.4365542,2.2183742,1,31.1,241.17,91,30.1
2026-09-16T17:00,node/3596986411,Agrupación Cultural Galega Agarimos,,,,41.4358268,2.2165495,1,31.1,241.17,91,30.1
2026-09-16T17:00,node/3612059306,Nabuco Tiramisú,,,,41.4004523,2.1577244,1,31.1,241.17,91,30.1
2026-09-16T17:00,node/3620986554,Yamane,,,,41.3868061,2.1808426,0,31.1,241.17,91,30.1
2026-09-16T17:00,node/3620991692,Yamaneko-ryouri,,,,41.4016619,2.1447787,1,31.1,241.17,91,30.1
2026-09-16T17:00,node/3624045193,Bar-Granja Maribel,,,,41.4399092,2.2235793,1,31.1,241.17,91,30.1
2026-09-16T17:00,node/3624045293,Bar La Cantonada,,,,41.4396227,2.2242325,1,31.1,241.17,91,30.1
2026-09-16T17:00,node/3713349650,Groin's,,,,41.4108415,2.1637178,0,31.1,241.17,91,30.1
2026-09-16T17:00,node/3718061014,Bar Calders,,,,41.3764788,2.1623937,0,31.1,241.17,91,30.1
2026-09-16T17:00,node/3730796125,Buenas Migas,,,,41.3975542,2.1587856,1,31.1,241.17,91,30.1
2026-09-16T17:00,node/3761312382,La Fonda,,,,41.3793598,2.1762144,0,31.1,241.17,91,30.1
2026-09-16T17:00,node/3777075876,Oaxaca,,,,41.3821041,2.1838988,0,31.1,241.17,91,30.1
2026-09-16T17:00,node/3779149860,EsPan's,,,,41.4349094,2.2194667,1,31.1,241.17,91,30.1
2026-09-16T17:00,node/3794002044,Samurai Ramen,,,,41.3736753,2.1548947,0,31.1,241.17,91,30.1
2026-09-16T17:00,node/3804046057,Robata Sushi & Grill,,,,41.3904886,2.1585836,0,31.1,241.17,91,30.1
2026-09-16T17:00,node/3809169458,Freiduría El Boquerón,,,,41.4400822,2.2264769,1,31.1,241.17,91,30.1
2026-09-16T17:00,node/3809169459,Marisquería Melchor,,,,41.4401715,2.2266602,1,31.1,241.17,91,30.1
2026-09-16T17:00,node/3809169461,Elhotro bar,,,,41.4401247,2.2268506,1,31.1,241.17,91,30.1
2026-09-16T17:00,node/3809169658,Carte d'Or,,,,41.4403068,2.2274065,1,31.1,241.17,91,30.1
2026-09-16T17:00,node/3809169668,Vivari,,,,41.4408122,2.2271125,1,31.1,241.17,91,30.1
2026-09-16T17:00,node/3809169669,Pantaiberic delicatessen,,,,41.4408174,2.2269502,1,31.1,241.17,91,30.1
2026-09-16T17:00,node/3840009426,La Esquinica,,,,41.4304816,2.1712169,0,31.1,241.17,91,30.1
2026-09-16T17:00,node/3874539219,Café del Centre,,,,41.3946111,2.1712059,0,31.1,241.17,91,30.1
2026-09-16T17:00,node/3890922254,Characato,,,,41.4046885,2.1836218,0,31.1,241.17,91,30.1
2026-09-16T17:00,node/3901403358,Les Dues Sicilies,,,,41.3866097,2.1802613,0,31.1,241.17,91,30.1
2026-09-16T17:00,node/3955968257,El racó de les Glòries,,,,41.3986109,2.1978895,0,31.1,241.17,91,30.1
2026-09-16T17:00,node/4060217594,Matt & Marshall,,,,41.3993348,2.1997769,0,31.1,241.17,91,30.1
2026-09-16T17:00,node/4073605889,Mariscco,,,,41.3804885,2.1753271,0,31.1,241.17,91,30.1
2026-09-16T17:00,node/4126257971,Xixbar,,,,41.3758485,2.1576176,0,31.1,241.17,91,30.1
2026-09-16T17:00,node/4127494769,Vapiano,,,,41.3788941,2.1758361,0,31.1,241.17,91,30.1
2026-09-16T17:00,node/4138815989,Nømad Cøffee,,,,41.3889108,2.1771731,0,31.1,241.17,91,30.1
2026-09-16T17:00,node/4150499794,El 68,,,,41.4023622,2.1612062,0,31.1,241.17,91,30.1
2026-09-16T17:00,node/4166496789,Bar Thonet Grill Room,,,,41.3792408,2.1761073,0,31.1,241.17,91,30.1
2026-09-16T17:00,node/4168100800,Cervecería Frankfurt Europa,,,,41.4396191,2.2191504,1,31.1,241.17,91,30.1
2026-09-16T17:00,node/4225209596,Bar El Velodromo,,,,41.3934442,2.1501395,0,31.1,241.17,91,30.1
2026-09-16T17:00,node/4225810298,Bar Nolla,,,,41.3905504,2.1647825,0,31.1,241.17,91,30.1
2026-09-16T17:00,node/4233959493,Pastisseria Granja,,,,41.3795042,2.1792309,0,31.1,241.17,91,30.1
2026-09-16T17:00,node/4239222689,Rekons,,,,41.3806195,2.1610796,1,31.1,241.17,91,30.1
2026-09-16T17:00,node/4244877765,Bar La Peña,,,,41.4404265,2.2170329,1,31.1,241.17,91,30.1
2026-09-16T17:00,node/4247196393,cal mariner,,,,41.3791754,2.1898206,0,31.1,241.17,91,30.1
2026-09-16T17:00,node/4253851490,El Trencadís,,,,41.3937976,2.1655309,0,31.1,241.17,91,30.1
2026-09-16T17:00,node/4253862889,Hummus,,,,41.3912547,2.1611975,0,31.1,241.17,91,30.1
2026-09-16T17:00,node/4254090289,La tasqueta de Blai,,,,41.3733347,2.1652358,0,31.1,241.17,91,30.1
2026-09-16T17:00,node/4254094290,Rosa Negra,,,,41.3819164,2.1687596,0,31.1,241.17,91,30.1
2026-09-16T17:00,node/4254704967,Firebug Brunch,,,,41.3927459,2.1778691,0,31.1,241.17,91,30.1
2026-09-16T17:00,node/4254996890,La Macchina,,,,41.4030005,2.1535966,0,31.1,241.17,91,30.1
2026-09-16T17:00,node/4267035492,Kebabish,,,,41.4409198,2.2217884,1,31.1,241.17,91,30.1
2026-09-16T17:00,node/4267055591,La cantina del tapeo,,,,41.4420999,2.2200224,1,31.1,241.17,91,30.1
2026-09-16T17:00,node/4278033120,Buenas Migas,,,,41.3838044,2.1696233,0,31.1,241.17,91,30.1
2026-09-16T17:00,node/4283188047,Granja Romaní,,,,41.4348618,2.2179712,1,31.1,241.17,91,30.1
2026-09-16T17:00,node/4283194434,Bar La Paradeta,,,,41.4337773,2.2167771,1,31.1,241.17,91,30.1
2026-09-16T17:00,node/4291934189,Fonda Espanya,,,,41.3799009,2.1728032,0,31.1,241.17,91,30.1
2026-09-16T17:00,node/4306440989,Blai 9,,,,41.3730722,2.1658539,0,31.1,241.17,91,30.1
2026-09-16T17:00,node/4314857689,El punt,,,,41.4413807,2.2316251,1,31.1,241.17,91,30.1
2026-09-16T17:00,node/4314859689,Versace,,,,41.4337089,2.2172203,1,31.1,241.17,91,30.1
2026-09-16T17:00,node/4315715092,Petit Comitè,,,,41.3943551,2.1600308,0,31.1,241.17,91,30.1
2026-09-16T17:00,node/4321183403,Brunch & Cake,,,,41.3882834,2.1615596,0,31.1,241.17,91,30.1
2026-09-16T17:00,node/4336933393,Mayura,,,,41.3938992,2.1720914,0,31.1,241.17,91,30.1
2026-09-16T17:00,node/4340119890,VIENA,,,,41.3579934,2.1293918,1,31.1,241.17,91,30.1
2026-09-16T17:00,node/4349925690,Nemrut,,,,41.3810051,2.1772158,0,31.1,241.17,91,30.1
2026-09-16T17:00,node/4350019284,Palosanto,,,,41.3808122,2.1772701,0,31.1,241.17,91,30.1
2026-09-16T17:00,node/4364289794,Faborit Casa Amatller,,,,41.3915836,2.1650592,0,31.1,241.17,91,30.1
2026-09-16T17:00,node/4386702690,Red Ant Noodle Bar,,,,41.3880129,2.1810961,0,31.1,241.17,91,30.1
2026-09-16T17:00,node/4396244190,Fresc Co,,,,41.3891657,2.1969678,0,31.1,241.17,91,30.1
2026-09-16T17:00,node/4401234193,BlackLab Brewhouse & Kitchen,,,,41.3812305,2.1854573,1,31.1,241.17,91,30.1
2026-09-16T17:00,node/4431102493,Forn Puiggròs,,,,41.4102615,2.1741597,0,31.1,241.17,91,30.1
2026-09-16T17:00,node/4439412389,La Vinya del Senyor,,,,41.3832546,2.1818655,0,31.1,241.17,91,30.1
2026-09-16T17:00,node/4440352791,La Gavina,,,,41.3807532,2.1853211,1,31.1,241.17,91,30.1
2026-09-16T17:00,node/4443367289,Pannus,,,,41.3863691,2.1726728,0,31.1,241.17,91,30.1
2026-09-16T17:00,node/4449185678,Il Caffè di Francesco,,,,41.3908733,2.1652201,0,31.1,241.17,91,30.1
2026-09-16T17:00,node/4451904190,Bar Granadino,,,,41.4404153,2.2238276,1,31.1,241.17,91,30.1
2026-09-16T17:00,node/4451904193,La ciudad de oro,,,,41.4408727,2.2240695,1,31.1,241.17,91,30.1
2026-09-16T17:00,node/4451986792,Cafe Bar Florida,,,,41.4403503,2.2236929,1,31.1,241.17,91,30.1
2026-09-16T17:00,node/4451986793,Bar Amigo,,,,41.4411469,2.2238965,1,31.1,241.17,91,30.1
2026-09-16T17:00,node/4451988991,Bar Frankfurt Jaime,,,,41.4408051,2.2241201,1,31.1,241.17,91,30.1
2026-09-16T17:00,node/4451989090,Entre tapes,,,,41.4423118,2.2237245,1,31.1,241.17,91,30.1
2026-09-16T17:00,node/4451992791,Bar Leo,,,,41.4406309,2.2245529,1,31.1,241.17,91,30.1
2026-09-16T17:00,node/4452031691,Bar La Granja,,,,41.4427953,2.2241899,1,31.1,241.17,91,30.1
2026-09-16T17:00,node/4455238130,Anahuac,,,,41.3965161,2.1513989,0,31.1,241.17,91,30.1
2026-09-16T17:00,node/4461595656,Cafeteria de la Biblioteca Jaumer Fuster,,,,41.4075557,2.1493457,0,31.1,241.17,91,30.1
2026-09-16T17:00,node/4470059420,Mesón Gallego,,,,41.3818896,2.0709288,1,31.1,241.17,91,30.1
2026-09-16T17:00,node/4486639527,Boldú,,,,41.3973783,2.1517865,1,31.1,241.17,91,30.1
2026-09-16T17:00,node/4486683966,La Tagliatella,,,,41.3974141,2.1514101,0,31.1,241.17,91,30.1
2026-09-16T17:00,node/4503193765,Bicioci,,,,41.3999229,2.1619101,0,31.1,241.17,91,30.1
2026-09-16T17:00,node/4509411660,Bar Mediterráneo,,,,41.4343007,2.2180868,1,31.1,241.17,91,30.1
2026-09-16T17:00,node/4516538193,Más Que Sushi,,,,41.3774227,2.1527247,1,31.1,241.17,91,30.1
2026-09-16T17:00,node/4516600994,Salambó,,,,41.4044546,2.1576355,0,31.1,241.17,91,30.1
2026-09-16T17:00,node/4520259289,Cachitos,,,,41.3953057,2.1536913,1,31.1,241.17,91,30.1
2026-09-16T17:00,node/4572063790,Cafetería 365,,,,41.3744652,2.1675541,0,31.1,241.17,91,30.1
2026-09-16T17:00,node/4580517495,Cadaqués,,,,41.4004717,2.1574102,0,31.1,241.17,91,30.1
2026-09-16T17:00,node/4591423938,Arabia Cafe,,,,41.3796023,2.1762764,0,31.1,241.17,91,30.1
2026-09-16T17:00,node/4602957463,Otafuku Daifuku,,,,41.3861633,2.1813225,0,31.1,241.17,91,30.1
2026-09-16T17:00,node/4631918790,Casa López,,,,41.4047191,2.1550626,0,31.1,241.17,91,30.1
2026-09-16T17:00,node/4643974106,Kyoka Via Augusta,,,,41.3979693,2.1315017,1,31.1,241.17,91,30.1
2026-09-16T17:00,node/4654613659,afiparc,,,,41.4134414,2.1527296,1,31.1,241.17,91,30.1
2026-09-16T17:00,node/4668687590,Can Vilaró,,,,41.3779004,2.1617005,0,31.1,241.17,91,30.1
2026-09-16T17:00,node/4673198082,Montesquiu,,,,41.4046825,2.1325233,0,31.1,241.17,91,30.1
2026-09-16T17:00,node/4680760648,Sushi Taller,,,,41.4048621,2.1326565,0,31.1,241.17,91,30.1
2026-09-16T17:00,node/4681801089,Orxateria la Valenciana,,,,41.3863413,2.1622578,0,31.1,241.17,91,30.1
2026-09-16T17:00,node/4704972453,majide,,,,41.3849224,2.1674688,0,31.1,241.17,91,30.1
2026-09-16T17:00,node/4709933976,Sottovoce,,,,41.3579226,2.1294974,1,31.1,241.17,91,30.1
2026-09-16T17:00,node/4711659235,Casa Lolea,,,,41.3888056,2.1771897,0,31.1,241.17,91,30.1
2026-09-16T17:00,node/4720526074,El Charrito,,,,41.3896183,2.1662427,1,31.1,241.17,91,30.1
2026-09-16T17:00,node/4721286889,Prodigi,,,,41.3985973,2.1659559,0,31.1,241.17,91,30.1
2026-09-16T17:00,node/4726582894,Catalina Cafe,,,,41.3862071,2.1793039,0,31.1,241.17,91,30.1
2026-09-16T17:00,node/4726583193,Betlem,,,,41.3949258,2.1712207,0,31.1,241.17,91,30.1
2026-09-16T17:00,node/4727975192,La Coruña,,,,41.4083413,2.1851911,0,31.1,241.17,91,30.1
2026-09-16T17:00,node/4728103192,Cafè Arrels,,,,41.4137041,2.1809929,0,31.1,241.17,91,30.1
2026-09-16T17:00,node/4729343193,Cervecería Frankfurt El Molino,,,,41.3746194,2.1669636,0,31.1,241.17,91,30.1
2026-09-16T17:00,node/4735766123,I'll Pomo d'Oro,,,,41.3926987,2.1585151,0,31.1,241.17,91,30.1
2026-09-16T17:00,node/4743830714,Casa Escarré (Joan's),,,,41.3747567,2.1427755,1,31.1,241.17,91,30.1
2026-09-16T17:00,node/4751727952,Bar Ribalda,,,,41.4026552,2.1328307,0,31.1,241.17,91,30.1
2026-09-16T17:00,node/4755496723,Brewdog,,,,41.3857301,2.1581661,0,31.1,241.17,91,30.1
2026-09-16T17:00,node/4756509699,Morro fi,,,,41.3833069,2.1550311,0,31.1,241.17,91,30.1
2026-09-16T17:00,node/4776357929,Tomodachi,,,,41.4053891,2.1644663,1,31.1,241.17,91,30.1
2026-09-16T17:00,node/4778618049,De Gustibus Italiae,,,,41.4027491,2.1330183,0,31.1,241.17,91,30.1
2026-09-16T17:00,node/4784670742,Índigo Café,,,,41.3874831,2.1626443,0,31.1,241.17,91,30.1
2026-09-16T17:00,node/4792724121,Venus Delicatessen Barcelona,,,,41.3807065,2.1779781,0,31.1,241.17,91,30.1
2026-09-16T17:00,node/4802341078,El Quatre,,,,41.4031267,2.1333762,0,31.1,241.17,91,30.1
2026-09-16T17:00,node/4805335780,Madonna Vegan,,,,41.3812162,2.1671279,0,31.1,241.17,91,30.1
2026-09-16T17:00,node/4816093515,Olímpic Bar,,,,41.4422394,2.2177816,1,31.1,241.17,91,30.1
2026-09-16T17:00,node/4822739686,Bar El Racó,,,,41.4417497,2.2212713,1,31.1,241.17,91,30.1
2026-09-16T17:00,node/4838956921,Supra,,,,41.3910798,2.1613999,0,31.1,241.17,91,30.1
2026-09-16T17:00,node/4844565923,Pampa Drugstore,,,,41.3827176,2.1712051,0,31.1,241.17,91,30.1
2026-09-16T17:00,node/4847673021,Usagui,,,,41.4021671,2.1463849,0,31.1,241.17,91,30.1
2026-09-16T17:00,node/4859449960,Restaurant el Magatzem,,,,41.3805096,2.1863595,0,31.1,241.17,91,30.1
2026-09-16T17:00,node/4859450597,Restaurant Cal Pinxo,,,,41.3806265,2.1855795,1,31.1,241.17,91,30.1
2026-09-16T17:00,node/4867833221,Pizzeria El Mundo,,,,41.3751322,2.1231212,1,31.1,241.17,91,30.1
2026-09-16T17:00,node/4881181797,Sierra Nevada,,,,41.4420581,2.1834715,0,31.1,241.17,91,30.1
2026-09-16T17:00,node/4903340658,El Ramblero,,,,41.4219271,2.1969049,1,31.1,241.17,91,30.1
2026-09-16T17:00,node/4906736149,L'Olivera,,,,41.4058547,2.1893093,1,31.1,241.17,91,30.1
2026-09-16T17:00,node/4917663030,Picnic,,,,41.4179648,2.1988442,0,31.1,241.17,91,30.1
2026-09-16T17:00,node/4937772721,Vila's Bar,,,,41.4059086,2.1571314,0,31.1,241.17,91,30.1
2026-09-16T17:00,node/4938104321,Hammock Juice Station,,,,41.3971863,2.1671778,1,31.1,241.17,91,30.1
2026-09-16T17:00,node/4973805221,Brunch & Cake by the sea,,,,41.3809714,2.1872568,1,31.1,241.17,91,30.1
2026-09-16T17:00,node/4973805421,Quinoa Aragó Vegetarià,,,,41.3886233,2.1598684,0,31.1,241.17,91,30.1
2026-09-16T17:00,node/4977546909,Tonkotsu,,,,41.3938467,2.1650368,0,31.1,241.17,91,30.1
2026-09-16T17:00,node/4983764927,Cervecería-Frankfurt,,,,41.4394391,2.2207951,1,31.1,241.17,91,30.1
2026-09-16T17:00,node/4983764935,Max Bar,,,,41.4401476,2.2214687,1,31.1,241.17,91,30.1
2026-09-16T17:00,node/4983764944,Bar Verín,,,,41.4396911,2.2210187,1,31.1,241.17,91,30.1
2026-09-16T17:00,node/4983764949,Bar R'Aurora,,,,41.4400582,2.2213943,1,31.1,241.17,91,30.1
2026-09-16T17:00,node/4983764952,Trocadero,,,,41.4385047,2.2204982,1,31.1,241.17,91,30.1
2026-09-16T17:00,node/4983764957,Bar La Alpujarra,,,,41.4420698,2.2228867,1,31.1,241.17,91,30.1
2026-09-16T17:00,node/4983764958,Sant Mori,,,,41.4390777,2.2210618,1,31.1,241.17,91,30.1
2026-09-16T17:00,node/4983764960,El buen gusto,,,,41.4411919,2.2225719,1,31.1,241.17,91,30.1
2026-09-16T17:00,node/4983764965,Bar Junior Bodega,,,,41.4417139,2.2225318,1,31.1,241.17,91,30.1
2026-09-16T17:00,node/4983764975,Bar Satisfecho,,,,41.4385461,2.2198488,1,31.1,241.17,91,30.1
2026-09-16T17:00,node/4983765002,Bar sushi Salon,,,,41.4425727,2.2233672,1,31.1,241.17,91,30.1
2026-09-16T17:00,node/4983765004,Corre que se acaban,,,,41.4392453,2.2212328,1,31.1,241.17,91,30.1
2026-09-16T17:00,node/4983765005,365,,,,41.4403303,2.2225575,1,31.1,241.17,91,30.1
2026-09-16T17:00,node/4984256695,Pampa Mía,,,,41.4085709,2.2035603,0,31.1,241.17,91,30.1
2026-09-16T17:00,node/4991221422,Salterio,,,,41.3825107,2.1760837,0,31.1,241.17,91,30.1
2026-09-16T17:00,node/5007434606,La Balmesina,,,,41.3970301,2.1522555,0,31.1,241.17,91,30.1
2026-09-16T17:00,node/5010794721,Syra Coffee,,,,41.4014925,2.1595216,0,31.1,241.17,91,30.1
2026-09-16T17:00,node/5010794821,Nomad Frutas Selectas,,,,41.3979292,2.1955517,0,31.1,241.17,91,30.1
2026-09-16T17:00,node/5023905423,Petra,,,,41.4038883,2.1551166,0,31.1,241.17,91,30.1
2026-09-16T17:00,node/5028969022,Guzzo,,,,41.3850929,2.1836594,0,31.1,241.17,91,30.1
2026-09-16T17:00,node/5030247521,La Pantera Rosa,,,,41.4010493,2.1525903,0,31.1,241.17,91,30.1
2026-09-16T17:00,node/5037900607,Orio,,,,41.3819545,2.1763606,0,31.1,241.17,91,30.1
2026-09-16T17:00,node/5048602525,Blau Cel,,,,41.4043091,2.1612896,0,31.1,241.17,91,30.1
2026-09-16T17:00,node/5053669724,La Xula Taperia,,,,41.4023295,2.1586126,0,31.1,241.17,91,30.1
2026-09-16T17:00,node/5081388242,La Raposa,,,,41.3725137,2.1639527,0,31.1,241.17,91,30.1
2026-09-16T17:00,node/5082277825,Vermuteria Puigmartí,,,,41.4013967,2.1590604,0,31.1,241.17,91,30.1
2026-09-16T17:00,node/5082277826,Caracas,,,,41.4020908,2.1601676,0,31.1,241.17,91,30.1
2026-09-16T17:00,node/5082288821,Curuba,,,,41.3999554,2.1574731,0,31.1,241.17,91,30.1
2026-09-16T17:00,node/5086827321,Metric Market,,,,41.3916196,2.1419287,0,31.1,241.17,91,30.1
2026-09-16T17:00,node/5088945722,La Juanola,,,,41.4066765,2.1569377,0,31.1,241.17,91,30.1
2026-09-16T17:00,node/5089333723,Ciuri‘s,,,,41.4052466,2.1565749,0,31.1,241.17,91,30.1
2026-09-16T17:00,node/5105012628,Entre Hores,,,,41.4030943,2.1577829,0,31.1,241.17,91,30.1
2026-09-16T17:00,node/5109943322,Intrèpid,,,,41.4043018,2.1550041,0,31.1,241.17,91,30.1
2026-09-16T17:00,node/5110964523,La Trobada,,,,41.4015625,2.1520155,0,31.1,241.17,91,30.1
2026-09-16T17:00,node/5111094221,El Dorado Chicken,,,,41.3930251,2.1579995,0,31.1,241.17,91,30.1
2026-09-16T17:00,node/5113896626,Granja Fimon's,,,,41.4477805,2.2438919,1,31.1,241.17,91,30.1
2026-09-16T17:00,node/5118124314,Kebab Bocateli,,,,41.4426035,2.2166674,1,31.1,241.17,91,30.1
2026-09-16T17:00,node/5118126421,Bar Frankfurt Polideportivo,,,,41.4429429,2.2162226,1,31.1,241.17,91,30.1
2026-09-16T17:00,node/5118126428,Granja Modesto,,,,41.4343689,2.2158958,1,31.1,241.17,91,30.1
2026-09-16T17:00,node/5118126435,Cafeteria i Forn de pa Grey,,,,41.4332655,2.2174982,1,31.1,241.17,91,30.1
2026-09-16T17:00,node/5118126438,Frankfurt Piscis,,,,41.4360107,2.2158678,1,31.1,241.17,91,30.1
2026-09-16T17:00,node/5118126440,Bar Julio,,,,41.4348299,2.2151483,1,31.1,241.17,91,30.1
2026-09-16T17:00,node/5118126443,Bar Beethoven,,,,41.4328863,2.2181523,1,31.1,241.17,91,30.1
2026-09-16T17:00,node/5118126453,Bar Bondia,,,,41.4342763,2.2160261,1,31.1,241.17,91,30.1
2026-09-16T17:00,node/5128075585,Monkey Factory,,,,41.3927261,2.1544614,1,31.1,241.17,91,30.1
2026-09-16T17:00,node/5137360822,El Jardí,,,,41.4475237,2.2469586,1,31.1,241.17,91,30.1
2026-09-16T17:00,node/5144745888,Bar La Imperial,,,,41.4372451,2.2200669,1,31.1,241.17,91,30.1
2026-09-16T17:00,node/5144745889,Gabi,,,,41.4372105,2.2199582,1,31.1,241.17,91,30.1
2026-09-16T17:00,node/5144745893,Bar India,,,,41.4420657,2.2284253,1,31.1,241.17,91,30.1
2026-09-16T17:00,node/5144745896,Mokka,,,,41.4371063,2.2201689,1,31.1,241.17,91,30.1
2026-09-16T17:00,node/5156690125,Loc,,,,41.4351636,2.2283155,1,31.1,241.17,91,30.1
2026-09-16T17:00,node/5160440326,Les Termes Bdn,,,,41.4520115,2.2476488,1,31.1,241.17,91,30.1
2026-09-16T17:00,node/5167185733,La Sucursal,,,,41.3806502,2.1611889,0,31.1,241.17,91,30.1
2026-09-16T17:00,node/5167569072,El Mercader de L'Eixample,,,,41.3923316,2.1603286,0,31.1,241.17,91,30.1
2026-09-16T17:00,node/5168232324,Colmado,,,,41.3819235,2.1744264,0,31.1,241.17,91,30.1
2026-09-16T17:00,node/5175039621,Green's,,,,41.3959672,2.1496553,1,31.1,241.17,91,30.1
2026-09-16T17:00,node/5176233727,Els Porxos,,,,41.4031581,2.1751611,1,31.1,241.17,91,30.1
2026-09-16T17:00,node/5182260830,Catafal,,,,41.4088089,2.1468574,1,31.1,241.17,91,30.1
2026-09-16T17:00,node/5190930121,Casa Ángel,,,,41.4070235,2.1818566,0,31.1,241.17,91,30.1
2026-09-16T17:00,node/5192085421,Esterri,,,,41.3812805,2.1618108,0,31.1,241.17,91,30.1
2026-09-16T17:00,node/5198200824,Copa d'Or,,,,41.3963876,2.1688461,0,31.1,241.17,91,30.1
2026-09-16T17:00,node/5198200829,Gyoza Bistró,,,,41.3940771,2.1723519,0,31.1,241.17,91,30.1
2026-09-16T17:00,node/5198201036,Nou Can Codina,,,,41.3989586,2.1608728,1,31.1,241.17,91,30.1
2026-09-16T17:00,node/5198201122,La Particcela,,,,41.3961328,2.1697679,0,31.1,241.17,91,30.1
2026-09-16T17:00,node/5198201124,Riko's Braseria - Restaurante,,,,41.3929731,2.1692667,0,31.1,241.17,91,30.1
2026-09-16T17:00,node/5199743028,seven7seven,,,,41.3898868,2.1622344,1,31.1,241.17,91,30.1
2026-09-16T17:00,node/5207046925,Sense Nom,,,,41.3843558,2.1622563,0,31.1,241.17,91,30.1
2026-09-16T17:00,node/5207067522,El Maravillas,,,,41.3868914,2.1323626,1,31.1,241.17,91,30.1
2026-09-16T17:00,node/5208223424,Bonastre,,,,41.3774986,2.1587463,1,31.1,241.17,91,30.1
2026-09-16T17:00,node/5212252535,Tariq,,,,41.4477214,2.2405051,1,31.1,241.17,91,30.1
2026-09-16T17:00,node/5218828496,Conecta,,,,41.4388265,2.2253266,1,31.1,241.17,91,30.1
2026-09-16T17:00,node/5218828499,Sweet dolç,,,,41.4385456,2.2254351,1,31.1,241.17,91,30.1
2026-09-16T17:00,node/5226505321,Bodega E. Marin,,,,41.4025586,2.1609645,0,31.1,241.17,91,30.1
2026-09-16T17:00,node/5228942946,La Pubilla,,,,41.3995748,2.1536674,0,31.1,241.17,91,30.1
2026-09-16T17:00,node/5237627856,Tasmango Dessert,,,,41.3909254,2.1784375,0,31.1,241.17,91,30.1
2026-09-16T17:00,node/5238186123,Lennox,,,,41.3834186,2.1829502,0,31.1,241.17,91,30.1
2026-09-16T17:00,node/5271863048,Rest. Alexandre,,,,41.4322501,2.1835476,1,31.1,241.17,91,30.1
2026-09-16T17:00,node/5286467104,Granja Monsul,,,,41.4437723,2.2239591,1,31.1,241.17,91,30.1
2026-09-16T17:00,node/5298404593,Próspero,,,,41.4382431,2.2237839,1,31.1,241.17,91,30.1
2026-09-16T17:00,node/5298404603,Bar Salamanca,,,,41.4388532,2.2246477,1,31.1,241.17,91,30.1
2026-09-16T17:00,node/5298405327,Bar Benuga,,,,41.4383471,2.2243229,1,31.1,241.17,91,30.1
2026-09-16T17:00,node/5298405384,Bar Rocío Los Cazadores,,,,41.4389682,2.2252641,1,31.1,241.17,91,30.1
2026-09-16T17:00,node/5299921764,Bar Crack,,,,41.4343466,2.2189911,1,31.1,241.17,91,30.1
2026-09-16T17:00,node/5299921811,Can Daura,,,,41.4358077,2.2218721,1,31.1,241.17,91,30.1
2026-09-16T17:00,node/5299922525,Bar La Imperial,,,,41.4354603,2.2205399,1,31.1,241.17,91,30.1
2026-09-16T17:00,node/5299922526,Bar Marta,,,,41.4349148,2.2200469,1,31.1,241.17,91,30.1
2026-09-16T17:00,node/5313632423,365,,,,41.3789307,2.1718613,0,31.1,241.17,91,30.1
2026-09-16T17:00,node/5327570662,Ancestral,,,,41.3977332,2.1656576,0,31.1,241.17,91,30.1
2026-09-16T17:00,node/5347967007,Bar Marín,,,,41.4474106,2.2217195,1,31.1,241.17,91,30.1
2026-09-16T17:00,node/5347967009,Bar La Cantonada,,,,41.4474812,2.2209325,1,31.1,241.17,91,30.1
2026-09-16T17:00,node/5363964402,El gran croissant,,,,41.4359355,2.2167366,1,31.1,241.17,91,30.1
2026-09-16T17:00,node/5395531687,Las Marismas,,,,41.3701297,2.1215161,1,31.1,241.17,91,30.1
2026-09-16T17:00,node/5407919537,El Yate,,,,41.4039787,2.1367463,0,31.1,241.17,91,30.1
2026-09-16T17:00,node/5417517130,Tou Kichi Rou,,,,41.3919953,2.1432267,0,31.1,241.17,91,30.1
2026-09-16T17:00,node/5418243448,La Pampa,,,,41.3793623,2.1879402,0,31.1,241.17,91,30.1
2026-09-16T17:00,node/5418243450,els maians,,,,41.3786757,2.1882219,1,31.1,241.17,91,30.1
2026-09-16T17:00,node/5418243451,no30,,,,41.3791653,2.1879988,1,31.1,241.17,91,30.1
2026-09-16T17:00,node/5418243452,Lolita,,,,41.3783615,2.1882936,1,31.1,241.17,91,30.1
2026-09-16T17:00,node/5418243454,Reina Margherita,,,,41.3792655,2.1879835,1,31.1,241.17,91,30.1
2026-09-16T17:00,node/5434314893,PolkaBarcelona,,,,41.3859057,2.1326565,0,31.1,241.17,91,30.1
2026-09-16T17:00,node/5485540627,Bar Placídia,,,,41.3999472,2.1524915,0,31.1,241.17,91,30.1
2026-09-16T17:00,node/5487473548,Cafè Mos,,,,41.4143487,2.1384116,0,31.1,241.17,91,30.1
2026-09-16T17:00,node/5498351755,365 Cafeteria Forn de Pa,,,,41.3747778,2.1626826,0,31.1,241.17,91,30.1
2026-09-16T17:00,node/5509139428,La Carmanyola,,,,41.4013829,2.2068942,1,31.1,241.17,91,30.1
2026-09-16T17:00,node/5536153362,Cafeteria La Dona,,,,41.4396715,2.2242727,1,31.1,241.17,91,30.1
2026-09-16T17:00,node/5564055763,Panda & Smile,,,,41.3842068,2.1585673,0,31.1,241.17,91,30.1
2026-09-16T17:00,node/5564064431,Atrapatapa,,,,41.3832362,2.1568636,0,31.1,241.17,91,30.1
2026-09-16T17:00,node/5595134220,Cervecería Amoretty's 3,,,,41.4412382,2.2200117,1,31.1,241.17,91,30.1
2026-09-16T17:00,node/5606506169,Sincopa,,,,41.3803881,2.1789886,0,31.1,241.17,91,30.1
2026-09-16T17:00,node/5611733921,Buenas Migas,,,,41.4024253,2.1743326,0,31.1,241.17,91,30.1
2026-09-16T17:00,node/5617465886,Amateur,,,,41.3967536,2.1962847,0,31.1,241.17,91,30.1
2026-09-16T17:00,node/5646412432,Made in Sicily,,,,41.4483394,2.2490191,1,31.1,241.17,91,30.1
2026-09-16T17:00,node/5646415922,La Bella Istambul,,,,41.4479233,2.2494906,1,31.1,241.17,91,30.1
2026-09-16T17:00,node/5658288082,Can Teixidó,,,,41.4491148,2.2483189,1,31.1,241.17,91,30.1
2026-09-16T17:00,node/5663240986,Cafè Escac,,,,41.3837378,2.1695562,0,31.1,241.17,91,30.1
2026-09-16T17:00,node/5676005621,CACHO,,,,41.3931048,2.1910878,1,31.1,241.17,91,30.1
2026-09-16T17:00,node/5718757792,360°,,,,41.3790957,2.1696433,1,31.1,241.17,91,30.1
2026-09-16T17:00,node/5793057257,Bar Granja el Chiquitín,,,,41.4398176,2.2263171,1,31.1,241.17,91,30.1
2026-09-16T17:00,node/5796742218,The Clock,,,,41.3754168,2.1482785,0,31.1,241.17,91,30.1
2026-09-16T17:00,node/5805410453,Morrow Coffee,,,,41.3771392,2.1513283,0,31.1,241.17,91,30.1
2026-09-16T17:00,node/5806521955,Paisano Bistró,,,,41.4048549,2.1759323,1,31.1,241.17,91,30.1
2026-09-16T17:00,node/5856758686,El racó de les tapes,,,,41.4357708,2.1910224,0,31.1,241.17,91,30.1
2026-09-16T17:00,node/5878496985,UDON,,,,41.4051569,2.1921906,1,31.1,241.17,91,30.1
2026-09-16T17:00,node/5916157285,Bar Castells,,,,41.3841472,2.1698121,0,31.1,241.17,91,30.1
2026-09-16T17:00,node/5923867889,,,,,41.4406062,2.2451514,1,31.1,241.17,91,30.1
2026-09-16T17:00,node/5930228787,Mi casa,,,,41.3993608,2.1535771,0,31.1,241.17,91,30.1
2026-09-16T17:00,node/5933808740,Kserol,,,,41.3986236,2.1753141,0,31.1,241.17,91,30.1
2026-09-16T17:00,node/5944781772,Restaurante Burning Rock&Food,,,,41.3746837,2.1311612,0,31.1,241.17,91,30.1
2026-09-16T17:00,node/5951964888,el Fornet,,,,41.3882003,2.1723419,0,31.1,241.17,91,30.1
2026-09-16T17:00,node/5972440521,Feroz,,,,41.3965882,2.1508404,0,31.1,241.17,91,30.1
2026-09-16T17:00,node/5980982393,Pepa Tomate,,,,41.3767661,2.1627826,0,31.1,241.17,91,30.1
2026-09-16T17:00,node/6000108088,La Neura,,,,41.4002093,2.1660134,0,31.1,241.17,91,30.1
2026-09-16T17:00,node/6009236381,Mesón Balouta,,,,41.4384121,2.1649296,0,31.1,241.17,91,30.1
2026-09-16T17:00,node/6010958538,Bar Avenida,,,,41.4371962,2.2238498,1,31.1,241.17,91,30.1
2026-09-16T17:00,node/6010958540,Bar Trébol BCN,,,,41.4352675,2.2193633,1,31.1,241.17,91,30.1
2026-09-16T17:00,node/6027971388,Novell,,,,41.4070495,2.1667319,0,31.1,241.17,91,30.1
2026-09-16T17:00,node/6038827086,Honest Greens,,,,41.3986972,2.1569862,0,31.1,241.17,91,30.1
2026-09-16T17:00,node/6066258257,Bar Roma Sports,,,,41.4449369,2.2223513,1,31.1,241.17,91,30.1
2026-09-16T17:00,node/6089625321,Vivari,,,,41.3973187,2.1676233,0,31.1,241.17,91,30.1
2026-09-16T17:00,node/6093865396,The FRESH POKE,,,,41.3975268,2.1644457,0,31.1,241.17,91,30.1
2026-09-16T17:00,node/6093944886,Nicasso,,,,41.4072456,2.1873211,0,31.1,241.17,91,30.1
2026-09-16T17:00,node/6096656135,Yoi Yoi Gion,,,,41.3965593,2.1606187,0,31.1,241.17,91,30.1
2026-09-16T17:00,node/6104559348,Belles Arts II,,,,41.3872827,2.1361782,0,31.1,241.17,91,30.1
2026-09-16T17:00,node/6104561002,Toyodo,,,,41.3866914,2.1375355,1,31.1,241.17,91,30.1
2026-09-16T17:00,node/6106764321,Il Caffe di Francesco,,,,41.3930707,2.1642758,1,31.1,241.17,91,30.1
2026-09-16T17:00,node/6109526596,El Cuiner de Damasc,,,,41.3814196,2.1776754,0,31.1,241.17,91,30.1
2026-09-16T17:00,node/6110978486,Bonaparte,,,,41.4775805,2.0724847,1,31.1,241.17,91,30.1
2026-09-16T17:00,node/6123253862,Bar Granja Oasis,,,,41.3505068,2.1127043,1,31.1,241.17,91,30.1
2026-09-16T17:00,node/6126749461,Cantero,,,,41.3942111,2.1902433,0,31.1,241.17,91,30.1
2026-09-16T17:00,node/6164234382,Poké Sí,,,,41.4052321,2.1924708,1,31.1,241.17,91,30.1
2026-09-16T17:00,node/6164236104,Palo Verde,,,,41.4047343,2.1968042,0,31.1,241.17,91,30.1
2026-09-16T17:00,node/6166398253,Panet,,,,41.3861845,2.1430687,1,31.1,241.17,91,30.1
2026-09-16T17:00,node/6182404055,Kasa,,,,41.3861348,2.1656868,0,31.1,241.17,91,30.1
2026-09-16T17:00,node/6188914880,Bella Venezia,,,,41.3965502,2.1644865,0,31.1,241.17,91,30.1
2026-09-16T17:00,node/6188922858,Arc iris,,,,41.3998386,2.1715382,1,31.1,241.17,91,30.1
2026-09-16T17:00,node/6193461695,Sun Market,,,,41.3928465,2.1569854,0,31.1,241.17,91,30.1
2026-09-16T17:00,node/6193479448,Akashi Sushi Bar,,,,41.3923045,2.1558108,0,31.1,241.17,91,30.1
2026-09-16T17:00,node/6200571548,La Svolta,,,,41.4061025,2.1515184,0,31.1,241.17,91,30.1
2026-09-16T17:00,node/6202321417,La Tapeta del Coll,,,,41.4179646,2.1467035,1,31.1,241.17,91,30.1
2026-09-16T17:00,node/6204104907,La Papa,,,,41.3898088,2.1577366,0,31.1,241.17,91,30.1
2026-09-16T17:00,node/6216083704,La Coma,,,,41.3401472,2.1265697,1,31.1,241.17,91,30.1
2026-09-16T17:00,node/6216218158,la Zona,,,,41.3460291,2.1439158,1,31.1,241.17,91,30.1
2026-09-16T17:00,node/6216756977,Estrella de Istanbul,,,,41.4098375,2.1751296,0,31.1,241.17,91,30.1
2026-09-16T17:00,node/6230395442,Akelarre,,,,41.3892275,2.1373726,0,31.1,241.17,91,30.1
2026-09-16T17:00,node/6230407068,Starbucks,,,,41.3951351,2.1581903,0,31.1,241.17,91,30.1
2026-09-16T17:00,node/6232752417,El Taller,,,,41.3587511,2.1404908,1,31.1,241.17,91,30.1
2026-09-16T17:00,node/6237797177,Luri,,,,41.3977931,2.1514901,0,31.1,241.17,91,30.1
2026-09-16T17:00,node/6246525924,in blue,,,,41.3877036,2.1368756,0,31.1,241.17,91,30.1
2026-09-16T17:00,node/6250219942,Al sur,,,,41.3941572,2.1586822,1,31.1,241.17,91,30.1
2026-09-16T17:00,node/6258570565,Dino Pan,,,,41.3824376,2.1318622,0,31.1,241.17,91,30.1
2026-09-16T17:00,node/6258570699,Don Sándwich,,,,41.3820321,2.1315862,0,31.1,241.17,91,30.1
2026-09-16T17:00,node/6258715958,La Lluna de Gavà,,,,41.3672801,2.1403759,0,31.1,241.17,91,30.1
2026-09-16T17:00,node/6258718433,La Toscana,,,,41.3805625,2.1323335,0,31.1,241.17,91,30.1
2026-09-16T17:00,node/6258718652,Cafeteria Melody Bar,,,,41.3779464,2.1338934,0,31.1,241.17,91,30.1
2026-09-16T17:00,node/6258719247,Bar Florida,,,,41.3592896,2.1399844,1,31.1,241.17,91,30.1
2026-09-16T17:00,node/6260784864,La Cabaña,,,,41.3699161,2.1341331,0,31.1,241.17,91,30.1
2026-09-16T17:00,node/6260786193,Goiko Grill,,,,41.3656448,2.1357604,1,31.1,241.17,91,30.1
2026-09-16T17:00,node/6264834185,König,,,,41.3862163,2.1827612,0,31.1,241.17,91,30.1
2026-09-16T17:00,node/6298115913,N.A.P.,,,,41.3774834,2.1900137,0,31.1,241.17,91,30.1
2026-09-16T17:00,node/6316025985,L'Esclop,,,,41.3768262,2.1577412,0,31.1,241.17,91,30.1
2026-09-16T17:00,node/6330973943,Don Kilo,,,,41.3998564,2.1639573,0,31.1,241.17,91,30.1
2026-09-16T17:00,node/6333708759,SandwiChez,,,,41.3941488,2.1694356,0,31.1,241.17,91,30.1
2026-09-16T17:00,node/6334053687,Cafè Yafa,,,,41.3997495,2.1643963,0,31.1,241.17,91,30.1
2026-09-16T17:00,node/6334053692,La Mananta,,,,41.3994169,2.1648424,0,31.1,241.17,91,30.1
2026-09-16T17:00,node/6339732807,La Soca 2,,,,41.3912352,2.1594135,0,31.1,241.17,91,30.1
2026-09-16T17:00,node/6339732809,Creps Barcelona,,,,41.3905618,2.1590619,0,31.1,241.17,91,30.1
2026-09-16T17:00,node/6357834156,Les gens que j'aime bar,,,,41.3936947,2.1648505,0,31.1,241.17,91,30.1
2026-09-16T17:00,node/6381462875,Comarca Cuina L’Hocal,,,,41.3609203,2.1295937,1,31.1,241.17,91,30.1
2026-09-16T17:00,node/6424929026,Cafeteria Samy's,,,,41.3637433,2.1369241,1,31.1,241.17,91,30.1
2026-09-16T17:00,node/6424929700,Sakuraya,,,,41.3653001,2.1307952,1,31.1,241.17,91,30.1
2026-09-16T17:00,node/6431480513,Restaurant Bodega de Tapas,,,,41.3772493,2.1371156,0,31.1,241.17,91,30.1
2026-09-16T17:00,node/6431508292,Bodega Salvat,,,,41.3711848,2.1345217,0,31.1,241.17,91,30.1
2026-09-16T17:00,node/6431508293,Jaqueline's,,,,41.3682256,2.1345214,0,31.1,241.17,91,30.1
2026-09-16T17:00,node/6431508485,Japonia Café,,,,41.3806518,2.1387176,1,31.1,241.17,91,30.1
2026-09-16T17:00,node/6431508488,La Bodegueta de Sants,,,,41.3710695,2.1344235,0,31.1,241.17,91,30.1
2026-09-16T17:00,node/6431512182,Bar Montevideo,,,,41.3693939,2.1342386,0,31.1,241.17,91,30.1
2026-09-16T17:00,node/6431558869,Bar Alegría,,,,41.3629394,2.1373301,0,31.1,241.17,91,30.1
2026-09-16T17:00,node/6431559030,Bar El Faro,,,,41.3628529,2.1373795,0,31.1,241.17,91,30.1
2026-09-16T17:00,node/6433259684,Entre Copas,,,,41.3621672,2.0761548,1,31.1,241.17,91,30.1
2026-09-16T17:00,node/6438381289,Vera Café,,,,41.3883674,2.1779512,0,31.1,241.17,91,30.1
2026-09-16T17:00,node/6441451785,Líder de Istanbul,,,,41.3752687,2.1338088,1,31.1,241.17,91,30.1
2026-09-16T17:00,node/6445233216,Gyoza Bar,,,,41.3931059,2.1798949,0,31.1,241.17,91,30.1
2026-09-16T17:00,node/6450380989,Bar But,,,,41.3979648,2.1593688,0,31.1,241.17,91,30.1
2026-09-16T17:00,node/6450381086,La Porxada,,,,41.4030026,2.1637245,0,31.1,241.17,91,30.1
2026-09-16T17:00,node/6462934229,Concordia,,,,41.3864201,2.1321758,1,31.1,241.17,91,30.1
2026-09-16T17:00,node/6475037976,L'Oasi a Consell,,,,41.3830142,2.1547507,0,31.1,241.17,91,30.1
2026-09-16T17:00,node/6477273844,Fandango,,,,41.3982346,2.1423415,0,31.1,241.17,91,30.1
2026-09-16T17:00,node/6506313588,Antigua,,,,41.3980086,2.1492952,0,31.1,241.17,91,30.1
2026-09-16T17:00,node/6507308246,L'Antica Pizzeria Da Michele,,,,41.3928154,2.1682858,0,31.1,241.17,91,30.1
2026-09-16T17:00,node/6532206187,Yü Sushi,,,,41.4032734,2.2032208,0,31.1,241.17,91,30.1
2026-09-16T17:00,node/6532330793,La Xemeneia,,,,41.4016359,2.2048002,0,31.1,241.17,91,30.1
2026-09-16T17:00,node/6535101686,Alma Loca,,,,41.3992845,2.1970974,0,31.1,241.17,91,30.1
2026-09-16T17:00,node/6538194375,Mr. White,,,,41.3761815,2.1601126,1,31.1,241.17,91,30.1
2026-09-16T17:00,node/6568369188,Elpilar,,,,41.4000903,2.1489875,1,31.1,241.17,91,30.1
2026-09-16T17:00,node/6597321587,Welcome,,,,41.4065151,2.1509474,0,31.1,241.17,91,30.1
2026-09-16T17:00,node/6600189447,café bar juli-mac,,,,41.3782625,2.1239845,1,31.1,241.17,91,30.1
2026-09-16T17:00,node/6642989000,El Pa Sencer,,,,41.3835483,2.1341796,0,31.1,241.17,91,30.1
2026-09-16T17:00,node/6642989001,Ateneu Popular de les Corts,,,,41.3826968,2.1329407,0,31.1,241.17,91,30.1
2026-09-16T17:00,node/6680396487,La prorroga,,,,41.4032976,2.1567512,0,31.1,241.17,91,30.1
2026-09-16T17:00,node/6680687871,La Mar Salada,,,,41.3768035,2.1888904,1,31.1,241.17,91,30.1
2026-09-16T17:00,node/6681709948,Kiltro Gràcia,,,,41.4018317,2.1544539,0,31.1,241.17,91,30.1
2026-09-16T17:00,node/6710510485,Catedral 1951,,,,41.3849142,2.1757337,0,31.1,241.17,91,30.1
2026-09-16T17:00,node/6750944404,Brasaña,,,,41.3605721,2.1345777,0,31.1,241.17,91,30.1
2026-09-16T17:00,node/6757307686,Kitsu,,,,41.4017918,2.1543486,0,31.1,241.17,91,30.1
2026-09-16T17:00,node/6757314489,LomoAlto,,,,41.3936053,2.1663935,0,31.1,241.17,91,30.1
2026-09-16T17:00,node/6766273102,inti & chaska,,,,41.3886755,2.1599487,0,31.1,241.17,91,30.1
2026-09-16T17:00,node/6771863086,Montseny,,,,41.4070642,2.1804416,0,31.1,241.17,91,30.1
2026-09-16T17:00,node/6775495571,El Petit,,,,41.3298893,2.0988681,1,31.1,241.17,91,30.1
2026-09-16T17:00,node/6782427526,Híbrid Cafè Restaurant,,,,41.3771219,2.1203336,1,31.1,241.17,91,30.1
2026-09-16T17:00,node/6786006588,365,,,,41.3820297,2.1697221,0,31.1,241.17,91,30.1
2026-09-16T17:00,node/6790695789,El Rincón de la Abuela Venezolana,,,,41.4058359,2.1788147,0,31.1,241.17,91,30.1
2026-09-16T17:00,node/6805613085,Bar la Cabaña,,,,41.4071784,2.1778546,0,31.1,241.17,91,30.1
2026-09-16T17:00,node/6812099686,La Xurreria de Maria,,,,41.4050102,2.1750002,0,31.1,241.17,91,30.1
2026-09-16T17:00,node/6821384885,Blu Bar,,,,41.3983358,2.2045648,0,31.1,241.17,91,30.1
2026-09-16T17:00,node/6835358009,Murivecci,,,,41.3874075,2.1828282,0,31.1,241.17,91,30.1
2026-09-16T17:00,node/6852974547,Garrido,,,,41.3603039,2.1401381,0,31.1,241.17,91,30.1
2026-09-16T17:00,node/6852994516,La Patatona,,,,41.3604651,2.1400108,0,31.1,241.17,91,30.1
2026-09-16T17:00,node/6855027201,Bar Sandwicheria Enka 3,,,,41.3758876,2.1221107,1,31.1,241.17,91,30.1
2026-09-16T17:00,node/6871523347,Cafe Punto 10,,,,41.3805947,2.1364501,0,31.1,241.17,91,30.1
2026-09-16T17:00,node/6914132390,El Nou Ramonet,,,,41.3817315,2.1876268,0,31.1,241.17,91,30.1
2026-09-16T17:00,node/6946328085,Cremat 11,,,,41.3855109,2.1810205,0,31.1,241.17,91,30.1
2026-09-16T17:00,node/6973926711,Syra Coffee,,,,41.3965047,2.1941864,1,31.1,241.17,91,30.1
2026-09-16T17:00,node/6983227455,SNOOKER - Cocteles y Billarea,,,,41.3921561,2.1703663,0,31.1,241.17,91,30.1
2026-09-16T17:00,node/7002869606,Chebú,,,,41.3791162,2.1515085,0,31.1,241.17,91,30.1
2026-09-16T17:00,node/7003296923,Triple Sec,,,,41.3747448,2.1609868,0,31.1,241.17,91,30.1
2026-09-16T17:00,node/7004598841,Orange Coffee,,,,41.4052864,2.1712189,1,31.1,241.17,91,30.1
2026-09-16T17:00,node/7014308129,Bar Bodega Lentejil,,,,41.4429922,2.2175094,1,31.1,241.17,91,30.1
2026-09-16T17:00,node/7017780931,Yoüme,,,,41.3835882,2.1541892,0,31.1,241.17,91,30.1
2026-09-16T17:00,node/7098025886,El Club del Café,,,,41.4340729,2.1892624,1,31.1,241.17,91,30.1
2026-09-16T17:00,node/7124857728,Cabo,,,,41.3964797,2.1851438,1,31.1,241.17,91,30.1
2026-09-16T17:00,node/7132160620,Santagloria,,,,41.3863926,2.1243567,0,31.1,241.17,91,30.1
2026-09-16T17:00,node/7141587085,La Cereria,,,,41.3815426,2.1767152,0,31.1,241.17,91,30.1
2026-09-16T17:00,node/7150994121,Vivari,,,,41.3998419,2.1775677,0,31.1,241.17,91,30.1
2026-09-16T17:00,node/7234692489,Van van var,,,,41.3942304,2.1901096,0,31.1,241.17,91,30.1
2026-09-16T17:00,node/7318977151,,,,,41.3711664,2.1434617,0,31.1,241.17,91,30.1
2026-09-16T17:00,node/7318977155,Bar Joaquim,,,,41.3704145,2.1424922,0,31.1,241.17,91,30.1
2026-09-16T17:00,node/7318977156,Vivari,,,,41.3686165,2.1410874,1,31.1,241.17,91,30.1
2026-09-16T17:00,node/7431790448,Santagloria,,,,41.3896086,2.1200086,1,31.1,241.17,91,30.1
2026-09-16T17:00,node/7438491414,,,,,41.3733479,2.1301506,1,31.1,241.17,91,30.1
2026-09-16T17:00,node/7504941029,Iberic Fusión Platja,,,,41.4380577,2.2431806,1,31.1,241.17,91,30.1
2026-09-16T17:00,node/7504941031,l'Altre Can Mario's,,,,41.4405591,2.2418866,1,31.1,241.17,91,30.1
2026-09-16T17:00,node/7504941033,L'Esmolet,,,,41.4432993,2.2460741,1,31.1,241.17,91,30.1
2026-09-16T17:00,node/7504941035,la Masia de la Xesca,,,,41.4452013,2.2417838,1,31.1,241.17,91,30.1
2026-09-16T17:00,node/7556742593,Menjador del Centre,,,,41.4009756,2.2000272,0,31.1,241.17,91,30.1
2026-09-16T17:00,node/7563962192,Passeig9,,,,41.4014488,2.2009478,0,31.1,241.17,91,30.1
2026-09-16T17:00,node/7600529740,Restaurante La Flama,,,,41.3514861,2.1114722,1,31.1,241.17,91,30.1
2026-09-16T17:00,node/7618205068,El Pellizquito,,,,41.3501292,2.1105817,1,31.1,241.17,91,30.1
2026-09-16T17:00,node/7640514041,Bar Plaça Carles Buïgas,,,,41.3711833,2.1510204,1,31.1,241.17,91,30.1
2026-09-16T17:00,node/7644933199,Almirall,,,,41.4100171,2.1883052,1,31.1,241.17,91,30.1
2026-09-16T17:00,node/7704818539,Bar Granja Rocxi,,,,41.3744206,2.1339573,0,31.1,241.17,91,30.1
2026-09-16T17:00,node/7704818548,Cafès Caracas,,,,41.3748038,2.1328052,1,31.1,241.17,91,30.1
2026-09-16T17:00,node/7706832792,Cru Sants,,,,41.3721342,2.1286919,1,31.1,241.17,91,30.1
2026-09-16T17:00,node/7736420790,Mamma Italia,,,,41.3764642,2.1234304,0,31.1,241.17,91,30.1
2026-09-16T17:00,node/7772770550,Eqvilibrivm Café,,,,41.3973065,2.1697662,0,31.1,241.17,91,30.1
2026-09-16T17:00,node/7838098454,El Caserón,,,,41.3838275,2.1398498,0,31.1,241.17,91,30.1
2026-09-16T17:00,node/7925586104,Delicream,,,,41.4572921,2.2290688,1,31.1,241.17,91,30.1
2026-09-16T17:00,node/7989010587,Castañeiras,,,,41.4100358,2.1760296,0,31.1,241.17,91,30.1
2026-09-16T17:00,node/7999604058,Lilo brunch,,,,41.3873718,2.1627034,0,31.1,241.17,91,30.1
2026-09-16T17:00,node/7999616840,Bellillo,,,,41.3879362,2.1620483,0,31.1,241.17,91,30.1
2026-09-16T17:00,node/8034999886,Costa Dorada,,,,41.3980284,2.1986941,0,31.1,241.17,91,30.1
2026-09-16T17:00,node/8046554489,Sport,,,,41.4001224,2.2000188,1,31.1,241.17,91,30.1
2026-09-16T17:00,node/8049731595,Echegaray,,,,41.4018684,2.2023424,0,31.1,241.17,91,30.1
2026-09-16T17:00,node/8049732292,Doroteo,,,,41.4029636,2.2006718,0,31.1,241.17,91,30.1
2026-09-16T17:00,node/8064873985,Saramar,,,,41.3957712,2.1953013,1,31.1,241.17,91,30.1
2026-09-16T17:00,node/8077128420,Tío Bigotes,,,,41.4013922,2.2028846,1,31.1,241.17,91,30.1
2026-09-16T17:00,manual/488492e9,Bar Viejo Cafe,Bar,yes,"Carrer de la Independència, 306, Sant Martí, 08026 Barcelona",41.4116,2.1794,1,31.1,241.17,91,30.1
2026-09-16T17:00,manual/c52f6190,New 88 Bar-Cafeteria,bar,yes,,41.4094505,2.1789589,0,31.1,241.17,91,30.1
2026-09-16T17:00,manual/5d2ea7ea,Restaurant Papá Nico,bar,yes,,41.4094505,2.1789589,0,31.1,241.17,91,30.1
2026-09-16T17:00,manual/c980e39e,Restaurant El Clot,restaurant,yes,,41.4087697,2.1875592,1,31.1,241.17,91,30.1
2026-09-16T18:00,relation/18317100,,,,,41.42,2.1188352,0,20.73,253.24,61,29.0
2026-09-16T18:00,node/208984374,Central Rambla,,,,41.3782716,2.1761732,0,20.73,253.24,61,29.0
2026-09-16T18:00,way/217583616,Can Fisher,,,,41.3946034,2.2062292,1,20.73,253.24,61,29.0
2026-09-16T18:00,way/245214117,la Caseta del Migdia,,,,41.3596833,2.1607145,1,20.73,253.24,61,29.0
2026-09-16T18:00,way/246717741,Mirablau,,,,41.4160323,2.1319129,1,20.73,253.24,61,29.0
2026-09-16T18:00,way/249404809,PURO,,,,41.3911248,2.1461635,0,20.73,253.24,61,29.0
2026-09-16T18:00,way/268912897,Can Cortada,,,,41.4362503,2.1524833,1,20.73,253.24,61,29.0
2026-09-16T18:00,way/315387188,Temple del Metall,,,,41.4741706,2.1662317,1,20.73,253.24,61,29.0
2026-09-16T18:00,way/392926648,Pacha,,,,41.3857491,2.1970415,0,20.73,253.24,61,29.0
2026-09-16T18:00,way/412702054,Camping,,,,41.3953192,2.2042386,1,20.73,253.24,61,29.0
2026-09-16T18:00,way/443599336,Asador Casa Juaco,,,,41.4476663,2.1426909,1,20.73,253.24,61,29.0
2026-09-16T18:00,way/446002194,La Base by Farré,,,,41.3967358,2.2101884,0,20.73,253.24,61,29.0
2026-09-16T18:00,node/476327681,Can Paixano,,,,41.3817618,2.1834151,0,20.73,253.24,61,29.0
2026-09-16T18:00,node/506202703,Bar Almogávares,,,,41.3962323,2.1890864,0,20.73,253.24,61,29.0
2026-09-16T18:00,way/519771543,Restaurant Can Cases,,,,41.4343885,2.0985276,1,20.73,253.24,61,29.0
2026-09-16T18:00,node/534367691,Sant Bartomeu,,,,41.3755248,2.1346488,1,20.73,253.24,61,29.0
2026-09-16T18:00,node/643022131,Euro Bar-Tapas,,,,41.4342324,2.2161197,1,20.73,253.24,61,29.0
2026-09-16T18:00,node/643429648,Joan Figuera,,,,41.4336545,2.2169391,1,20.73,253.24,61,29.0
2026-09-16T18:00,node/643496696,El rincón de Willy,,,,41.4380246,2.2180623,1,20.73,253.24,61,29.0
2026-09-16T18:00,node/643496704,Bar Somni d'estiu,,,,41.4382361,2.2166687,1,20.73,253.24,61,29.0
2026-09-16T18:00,way/655221168,L'Ovella Negra Marina,,,,41.3960196,2.1901331,0,20.73,253.24,61,29.0
2026-09-16T18:00,node/660004524,Bocatapa Can Manel,,,,41.4413833,2.2212875,1,20.73,253.24,61,29.0
2026-09-16T18:00,node/672140180,Kasparo,,,,41.3844847,2.1690087,0,20.73,253.24,61,29.0
2026-09-16T18:00,node/704031158,Café Zurich,,,,41.3858504,2.1694606,1,20.73,253.24,61,29.0
2026-09-16T18:00,node/704042058,Starbucks,,,,41.3888305,2.1719117,0,20.73,253.24,61,29.0
2026-09-16T18:00,node/704058886,Tapa Tapa,,,,41.3916926,2.1660167,0,20.73,253.24,61,29.0
2026-09-16T18:00,node/704060428,Oassis Natural Cooking,,,,41.3901637,2.1678915,0,20.73,253.24,61,29.0
2026-09-16T18:00,node/704066257,Ciutat Comtal,,,,41.3888272,2.1668833,0,20.73,253.24,61,29.0
2026-09-16T18:00,node/704066614,Taller de Tapas,,,,41.3905645,2.1639038,0,20.73,253.24,61,29.0
2026-09-16T18:00,way/707305723,Bar Frankfurt Cafeteria Fabregada,,,,41.3561748,2.1108239,1,20.73,253.24,61,29.0
2026-09-16T18:00,node/745947750,Bar Geminis,,,,41.3976224,2.1807778,0,20.73,253.24,61,29.0
2026-09-16T18:00,node/765796519,La Cafetera,,,,41.4049767,2.1575215,0,20.73,253.24,61,29.0
2026-09-16T18:00,node/814006271,Les 15 Nits Bar,,,,41.3804529,2.1749778,0,20.73,253.24,61,29.0
2026-09-16T18:00,node/819552792,Bracafe,,,,41.3944249,2.1675209,0,20.73,253.24,61,29.0
2026-09-16T18:00,node/824476551,Caleuche,,,,41.3761526,2.1686172,0,20.73,253.24,61,29.0
2026-09-16T18:00,node/830462039,Bar Restaurant Angela,,,,41.4043015,2.1949428,0,20.73,253.24,61,29.0
2026-09-16T18:00,way/907005766,Chevy's Bar,,,,41.4143731,2.2289499,1,20.73,253.24,61,29.0
2026-09-16T18:00,way/969257968,,,,,41.3793991,2.1073385,1,20.73,253.24,61,29.0
2026-09-16T18:00,way/1063378975,Bar Restaurant Oliver,,,,41.3469215,2.1546999,1,20.73,253.24,61,29.0
2026-09-16T18:00,node/1072798261,Taverna del Bisbe,,,,41.3849254,2.1766628,1,20.73,253.24,61,29.0
2026-09-16T18:00,node/1072800838,El Cafè D'en Victor,,,,41.3847931,2.1767008,0,20.73,253.24,61,29.0
2026-09-16T18:00,node/1083144027,Los Caracoles,,,,41.3796584,2.1765082,0,20.73,253.24,61,29.0
2026-09-16T18:00,node/1092685793,Elche,,,,41.3739754,2.1691488,0,20.73,253.24,61,29.0
2026-09-16T18:00,way/1112240803,ForumStation,,,,41.4096655,2.2221501,1,20.73,253.24,61,29.0
2026-09-16T18:00,node/1177498341,Casa Vall,,,,41.4074238,2.1585521,0,20.73,253.24,61,29.0
2026-09-16T18:00,node/1192698924,Bilbao Berria,,,,41.3841976,2.1748665,0,20.73,253.24,61,29.0
2026-09-16T18:00,node/1192699873,Tapas 24,,,,41.3908686,2.1674705,0,20.73,253.24,61,29.0
2026-09-16T18:00,way/1200964257,Chiringuito Joan Miro,,,,41.3789977,2.1478116,1,20.73,253.24,61,29.0
2026-09-16T18:00,node/1264182304,Tosca del Carme,,,,41.3819482,2.1695795,0,20.73,253.24,61,29.0
2026-09-16T18:00,node/1280416455,Carballeira,,,,41.4442679,2.2217701,1,20.73,253.24,61,29.0
2026-09-16T18:00,way/1300745688,La Casona de Sant Just,,,,41.3833348,2.0735139,1,20.73,253.24,61,29.0
2026-09-16T18:00,node/1310450869,El Filete Ruso,,,,41.3925451,2.1558968,0,20.73,253.24,61,29.0
2026-09-16T18:00,node/1312325106,La Palmera,,,,41.4144229,2.1385123,0,20.73,253.24,61,29.0
2026-09-16T18:00,node/1314943380,Mescladís del Pou,,,,41.3870865,2.1803497,0,20.73,253.24,61,29.0
2026-09-16T18:00,node/1335697982,,,,,41.3608771,2.1101417,1,20.73,253.24,61,29.0
2026-09-16T18:00,way/1368167814,Natura Beach. El Chiringuito,,,,41.4028929,2.2157443,1,20.73,253.24,61,29.0
2026-09-16T18:00,node/1420760625,Tapeo,,,,41.4044988,2.1554811,0,20.73,253.24,61,29.0
2026-09-16T18:00,node/1420760630,Diamant,,,,41.4042174,2.1555899,0,20.73,253.24,61,29.0
2026-09-16T18:00,node/1428867664,Café Berlin,,,,41.3943566,2.1494599,0,20.73,253.24,61,29.0
2026-09-16T18:00,node/1430537485,Oasis Restaurant,,,,41.3827219,2.1847191,1,20.73,253.24,61,29.0
2026-09-16T18:00,node/1445598557,Bracafe,,,,41.3948025,2.1817533,0,20.73,253.24,61,29.0
2026-09-16T18:00,node/1554649942,Torrades,,,,41.4375721,2.1566095,1,20.73,253.24,61,29.0
2026-09-16T18:00,node/1554649988,La Panera,,,,41.4374756,2.1563359,0,20.73,253.24,61,29.0
2026-09-16T18:00,node/1658425572,Rebeka,,,,41.3967185,2.1890325,0,20.73,253.24,61,29.0
2026-09-16T18:00,node/1685949861,Cerveceria Milenium 2,,,,41.3534566,2.0866307,1,20.73,253.24,61,29.0
2026-09-16T18:00,node/1711342192,Calero's Centre,,,,41.3744728,2.1349721,1,20.73,253.24,61,29.0
2026-09-16T18:00,node/1722136431,Cervecería Catalana,,,,41.3924032,2.1609008,0,20.73,253.24,61,29.0
2026-09-16T18:00,node/1739122591,La Tagliatella,,,,41.3943371,2.1521208,0,20.73,253.24,61,29.0
2026-09-16T18:00,node/1813593370,Bar Capricornio,,,,41.4381257,2.2179547,1,20.73,253.24,61,29.0
2026-09-16T18:00,node/1820633320,CASA TEVA,,,,41.3752815,2.1166845,1,20.73,253.24,61,29.0
2026-09-16T18:00,node/1824133931,Carmesí,,,,41.3737373,2.1644452,0,20.73,253.24,61,29.0
2026-09-16T18:00,node/1948986220,Cafeteria UPF Jaume I,,,,41.3900298,2.1901118,1,20.73,253.24,61,29.0
2026-09-16T18:00,node/1948987514,Cafeteria UPF Roger de Lluria,,,,41.3886776,2.1915119,0,20.73,253.24,61,29.0
2026-09-16T18:00,node/1951812612,Casa Pagès,,,,41.3998447,2.1613114,0,20.73,253.24,61,29.0
2026-09-16T18:00,node/1960366982,Casa Amalia,,,,41.3962525,2.1685646,0,20.73,253.24,61,29.0
2026-09-16T18:00,node/1984001407,Bar de la FIB,,,,41.3894239,2.1132363,0,20.73,253.24,61,29.0
2026-09-16T18:00,node/2034780565,Cerbeseria Lesseps,,,,41.4073551,2.1514486,1,20.73,253.24,61,29.0
2026-09-16T18:00,node/2034780569,L'Brasseria,,,,41.4067629,2.1516314,0,20.73,253.24,61,29.0
2026-09-16T18:00,node/2056517879,Caelum,,,,41.3830524,2.1744369,0,20.73,253.24,61,29.0
2026-09-16T18:00,node/2065469522,Restaurant Pipa,,,,41.3997461,2.2003004,0,20.73,253.24,61,29.0
2026-09-16T18:00,node/2087204991,La Sanguchería,,,,41.3954987,2.1484037,0,20.73,253.24,61,29.0
2026-09-16T18:00,node/2091604731,Tapa Tapa,,,,41.3762094,2.1500463,1,20.73,253.24,61,29.0
2026-09-16T18:00,node/2112843062,El Vaixell-2,,,,41.4541291,2.2350201,1,20.73,253.24,61,29.0
2026-09-16T18:00,node/2165154147,Asador de Lugo,,,,41.3797623,2.1376748,0,20.73,253.24,61,29.0
2026-09-16T18:00,node/2184580476,Bar del Pi,,,,41.3824922,2.1739624,0,20.73,253.24,61,29.0
2026-09-16T18:00,node/2187210264,Sopa,,,,41.4023416,2.1952788,1,20.73,253.24,61,29.0
2026-09-16T18:00,node/2197824500,Tierra del fuego,,,,41.4016702,2.2016399,0,20.73,253.24,61,29.0
2026-09-16T18:00,node/2213839299,Pollo Rico,,,,41.3791045,2.1721976,0,20.73,253.24,61,29.0
2026-09-16T18:00,node/2364075421,Chen-Ji,,,,41.3936143,2.1807074,0,20.73,253.24,61,29.0
2026-09-16T18:00,node/2434563732,La Bella Napoli,,,,41.3743686,2.1637621,0,20.73,253.24,61,29.0
2026-09-16T18:00,node/2442785485,El Círcol,,,,41.4501968,2.2474223,1,20.73,253.24,61,29.0
2026-09-16T18:00,node/2468197823,365 Cafeteria Forn de Pa,,,,41.3752071,2.1635151,1,20.73,253.24,61,29.0
2026-09-16T18:00,node/2476332030,Bar Lennon,,,,41.4028901,2.1612576,0,20.73,253.24,61,29.0
2026-09-16T18:00,node/2500906795,Bar Lúdic Queimada Nivell Q,,,,41.4094152,2.1808913,0,20.73,253.24,61,29.0
2026-09-16T18:00,node/2598482930,Con Gracia,,,,41.3990704,2.1600617,0,20.73,253.24,61,29.0
2026-09-16T18:00,node/2609183969,Fukuoka,,,,41.4022587,2.1612976,0,20.73,253.24,61,29.0
2026-09-16T18:00,node/2610750687,Xiringuito Aigua,,,,41.4096717,2.1683236,0,20.73,253.24,61,29.0
2026-09-16T18:00,node/2618447074,Vegetalia,,,,41.3803973,2.1776952,0,20.73,253.24,61,29.0
2026-09-16T18:00,node/2618538581,Veggie Garden,,,,41.3822767,2.1680336,1,20.73,253.24,61,29.0
2026-09-16T18:00,node/2618538595,Biocenter,,,,41.3825765,2.1694364,0,20.73,253.24,61,29.0
2026-09-16T18:00,node/2684052224,Pai Mei,,,,41.4051863,2.1931071,1,20.73,253.24,61,29.0
2026-09-16T18:00,node/2687089274,Dolça Estona,,,,41.4117096,2.1394938,0,20.73,253.24,61,29.0
2026-09-16T18:00,node/2689736934,Bar Bodega Molina,,,,41.4403298,2.1817019,0,20.73,253.24,61,29.0
2026-09-16T18:00,node/2721077740,Bar Veni,,,,41.3848861,2.1667078,0,20.73,253.24,61,29.0
2026-09-16T18:00,node/2727449418,Las Euras,,,,41.3998785,2.1577187,0,20.73,253.24,61,29.0
2026-09-16T18:00,node/2793491051,La bona tapa,,,,41.4368098,2.2166172,1,20.73,253.24,61,29.0
2026-09-16T18:00,node/2892028393,Kino,,,,41.3825992,2.1665452,0,20.73,253.24,61,29.0
2026-09-16T18:00,node/2892037115,23 Robadors,,,,41.3796029,2.1708903,0,20.73,253.24,61,29.0
2026-09-16T18:00,node/2910255826,Shôko,,,,41.3854991,2.1969746,0,20.73,253.24,61,29.0
2026-09-16T18:00,node/2910255827,Opium,,,,41.3852778,2.1967099,0,20.73,253.24,61,29.0
2026-09-16T18:00,node/2927944587,Tapas Tapas!,,,,41.3745104,2.1829399,1,20.73,253.24,61,29.0
2026-09-16T18:00,node/2951499208,El racó d'en Henry,,,,41.4394757,2.2215013,1,20.73,253.24,61,29.0
2026-09-16T18:00,node/2966340931,El Capritx,,,,41.4022886,2.1998883,0,20.73,253.24,61,29.0
2026-09-16T18:00,node/2968119440,Can Tresó,,,,41.4028999,2.1537483,0,20.73,253.24,61,29.0
2026-09-16T18:00,node/2969276727,La Sirena Verde,,,,41.4027605,2.1657128,0,20.73,253.24,61,29.0
2026-09-16T18:00,node/2969277275,Café de l'Eixample,,,,41.4005021,2.1690108,0,20.73,253.24,61,29.0
2026-09-16T18:00,node/2970751844,Taverna El Disbarat,,,,41.4017728,2.1545227,0,20.73,253.24,61,29.0
2026-09-16T18:00,node/3007755352,La Pausa,,,,41.4071883,2.1557816,0,20.73,253.24,61,29.0
2026-09-16T18:00,node/3007803307,Oh La Lá,,,,41.4460123,2.2485803,1,20.73,253.24,61,29.0
2026-09-16T18:00,node/3048077142,L'Aliança del Poblenou,,,,41.3997067,2.2032276,0,20.73,253.24,61,29.0
2026-09-16T18:00,node/3049368344,Clot76,,,,41.4082815,2.1885259,0,20.73,253.24,61,29.0
2026-09-16T18:00,node/3084370508,Marina Bay By Moncho's,,,,41.3863077,2.1975017,0,20.73,253.24,61,29.0
2026-09-16T18:00,node/3084507933,Caravelle,,,,41.3822872,2.1688475,0,20.73,253.24,61,29.0
2026-09-16T18:00,node/3120072573,Bar Restaurant Nàutic,,,,41.3806088,2.1408397,1,20.73,253.24,61,29.0
2026-09-16T18:00,node/3177990194,Mezcal Taco Bar,,,,41.3830563,2.1554872,0,20.73,253.24,61,29.0
2026-09-16T18:00,node/3270120640,Luigi,,,,41.3862659,2.1753788,0,20.73,253.24,61,29.0
2026-09-16T18:00,node/3271554311,Al Sultán,,,,41.4035661,2.1554863,0,20.73,253.24,61,29.0
2026-09-16T18:00,node/3328694987,Nou Candanchú,,,,41.4005128,2.1576475,0,20.73,253.24,61,29.0
2026-09-16T18:00,node/3339670930,Bahia,,,,41.3803265,2.1774842,0,20.73,253.24,61,29.0
2026-09-16T18:00,node/3441700493,Santos Tapas,,,,41.3818417,2.1745121,0,20.73,253.24,61,29.0
2026-09-16T18:00,node/3491476947,Bar del Pla,,,,41.3856036,2.1800221,0,20.73,253.24,61,29.0
2026-09-16T18:00,node/3496970198,Centre Cívic Can Deu,,,,41.3869027,2.1327794,0,20.73,253.24,61,29.0
2026-09-16T18:00,node/3504769719,El Rincón,,,,41.3908977,2.1900669,0,20.73,253.24,61,29.0
2026-09-16T18:00,node/3517276245,Bar Canigó,,,,41.4029724,2.1579186,0,20.73,253.24,61,29.0
2026-09-16T18:00,node/3522552400,Àpat's,,,,41.3757617,2.1419109,0,20.73,253.24,61,29.0
2026-09-16T18:00,node/3548547194,El Bon Menjador - 2,,,,41.4388101,2.2172863,1,20.73,253.24,61,29.0
2026-09-16T18:00,node/3548548998,Bar Morales,,,,41.4395878,2.2165237,1,20.73,253.24,61,29.0
2026-09-16T18:00,node/3548613495,Bar Paula's Tapería,,,,41.4385437,2.2175484,1,20.73,253.24,61,29.0
2026-09-16T18:00,node/3556089494,Delicias Mediterráneas,,,,41.4415079,2.2267435,1,20.73,253.24,61,29.0
2026-09-16T18:00,node/3556089497,Xurreria Rodríguez,,,,41.4416928,2.2264651,1,20.73,253.24,61,29.0
2026-09-16T18:00,node/3556089803,Bar de La Salut,,,,41.4422594,2.2258792,1,20.73,253.24,61,29.0
2026-09-16T18:00,node/3560942698,Sandvitxeria Alhociema,,,,41.4443624,2.2236761,1,20.73,253.24,61,29.0
2026-09-16T18:00,node/3560955995,Centro Cultural Castellano-manchego,,,,41.4390698,2.2176297,1,20.73,253.24,61,29.0
2026-09-16T18:00,node/3595399490,Bar Familiar,,,,41.4359163,2.2182018,1,20.73,253.24,61,29.0
2026-09-16T18:00,node/3595399769,La granja de Casablanca,,,,41.4357671,2.2189395,1,20.73,253.24,61,29.0
2026-09-16T18:00,node/3595401238,Bar Alcázar,,,,41.4365542,2.2183742,1,20.73,253.24,61,29.0
2026-09-16T18:00,node/3596986411,Agrupación Cultural Galega Agarimos,,,,41.4358268,2.2165495,1,20.73,253.24,61,29.0
2026-09-16T18:00,node/3612059306,Nabuco Tiramisú,,,,41.4004523,2.1577244,0,20.73,253.24,61,29.0
2026-09-16T18:00,node/3620986554,Yamane,,,,41.3868061,2.1808426,0,20.73,253.24,61,29.0
2026-09-16T18:00,node/3620991692,Yamaneko-ryouri,,,,41.4016619,2.1447787,1,20.73,253.24,61,29.0
2026-09-16T18:00,node/3624045193,Bar-Granja Maribel,,,,41.4399092,2.2235793,1,20.73,253.24,61,29.0
2026-09-16T18:00,node/3624045293,Bar La Cantonada,,,,41.4396227,2.2242325,1,20.73,253.24,61,29.0
2026-09-16T18:00,node/3713349650,Groin's,,,,41.4108415,2.1637178,0,20.73,253.24,61,29.0
2026-09-16T18:00,node/3718061014,Bar Calders,,,,41.3764788,2.1623937,0,20.73,253.24,61,29.0
2026-09-16T18:00,node/3730796125,Buenas Migas,,,,41.3975542,2.1587856,0,20.73,253.24,61,29.0
2026-09-16T18:00,node/3761312382,La Fonda,,,,41.3793598,2.1762144,0,20.73,253.24,61,29.0
2026-09-16T18:00,node/3777075876,Oaxaca,,,,41.3821041,2.1838988,0,20.73,253.24,61,29.0
2026-09-16T18:00,node/3779149860,EsPan's,,,,41.4349094,2.2194667,1,20.73,253.24,61,29.0
2026-09-16T18:00,node/3794002044,Samurai Ramen,,,,41.3736753,2.1548947,0,20.73,253.24,61,29.0
2026-09-16T18:00,node/3804046057,Robata Sushi & Grill,,,,41.3904886,2.1585836,0,20.73,253.24,61,29.0
2026-09-16T18:00,node/3809169458,Freiduría El Boquerón,,,,41.4400822,2.2264769,1,20.73,253.24,61,29.0
2026-09-16T18:00,node/3809169459,Marisquería Melchor,,,,41.4401715,2.2266602,1,20.73,253.24,61,29.0
2026-09-16T18:00,node/3809169461,Elhotro bar,,,,41.4401247,2.2268506,1,20.73,253.24,61,29.0
2026-09-16T18:00,node/3809169658,Carte d'Or,,,,41.4403068,2.2274065,1,20.73,253.24,61,29.0
2026-09-16T18:00,node/3809169668,Vivari,,,,41.4408122,2.2271125,1,20.73,253.24,61,29.0
2026-09-16T18:00,node/3809169669,Pantaiberic delicatessen,,,,41.4408174,2.2269502,1,20.73,253.24,61,29.0
2026-09-16T18:00,node/3840009426,La Esquinica,,,,41.4304816,2.1712169,1,20.73,253.24,61,29.0
2026-09-16T18:00,node/3874539219,Café del Centre,,,,41.3946111,2.1712059,0,20.73,253.24,61,29.0
2026-09-16T18:00,node/3890922254,Characato,,,,41.4046885,2.1836218,0,20.73,253.24,61,29.0
2026-09-16T18:00,node/3901403358,Les Dues Sicilies,,,,41.3866097,2.1802613,0,20.73,253.24,61,29.0
2026-09-16T18:00,node/3955968257,El racó de les Glòries,,,,41.3986109,2.1978895,0,20.73,253.24,61,29.0
2026-09-16T18:00,node/4060217594,Matt & Marshall,,,,41.3993348,2.1997769,0,20.73,253.24,61,29.0
2026-09-16T18:00,node/4073605889,Mariscco,,,,41.3804885,2.1753271,0,20.73,253.24,61,29.0
2026-09-16T18:00,node/4126257971,Xixbar,,,,41.3758485,2.1576176,0,20.73,253.24,61,29.0
2026-09-16T18:00,node/4127494769,Vapiano,,,,41.3788941,2.1758361,0,20.73,253.24,61,29.0
2026-09-16T18:00,node/4138815989,Nømad Cøffee,,,,41.3889108,2.1771731,0,20.73,253.24,61,29.0
2026-09-16T18:00,node/4150499794,El 68,,,,41.4023622,2.1612062,0,20.73,253.24,61,29.0
2026-09-16T18:00,node/4166496789,Bar Thonet Grill Room,,,,41.3792408,2.1761073,0,20.73,253.24,61,29.0
2026-09-16T18:00,node/4168100800,Cervecería Frankfurt Europa,,,,41.4396191,2.2191504,1,20.73,253.24,61,29.0
2026-09-16T18:00,node/4225209596,Bar El Velodromo,,,,41.3934442,2.1501395,0,20.73,253.24,61,29.0
2026-09-16T18:00,node/4225810298,Bar Nolla,,,,41.3905504,2.1647825,0,20.73,253.24,61,29.0
2026-09-16T18:00,node/4233959493,Pastisseria Granja,,,,41.3795042,2.1792309,0,20.73,253.24,61,29.0
2026-09-16T18:00,node/4239222689,Rekons,,,,41.3806195,2.1610796,0,20.73,253.24,61,29.0
2026-09-16T18:00,node/4244877765,Bar La Peña,,,,41.4404265,2.2170329,1,20.73,253.24,61,29.0
2026-09-16T18:00,node/4247196393,cal mariner,,,,41.3791754,2.1898206,0,20.73,253.24,61,29.0
2026-09-16T18:00,node/4253851490,El Trencadís,,,,41.3937976,2.1655309,0,20.73,253.24,61,29.0
2026-09-16T18:00,node/4253862889,Hummus,,,,41.3912547,2.1611975,0,20.73,253.24,61,29.0
2026-09-16T18:00,node/4254090289,La tasqueta de Blai,,,,41.3733347,2.1652358,0,20.73,253.24,61,29.0
2026-09-16T18:00,node/4254094290,Rosa Negra,,,,41.3819164,2.1687596,0,20.73,253.24,61,29.0
2026-09-16T18:00,node/4254704967,Firebug Brunch,,,,41.3927459,2.1778691,0,20.73,253.24,61,29.0
2026-09-16T18:00,node/4254996890,La Macchina,,,,41.4030005,2.1535966,0,20.73,253.24,61,29.0
2026-09-16T18:00,node/4267035492,Kebabish,,,,41.4409198,2.2217884,1,20.73,253.24,61,29.0
2026-09-16T18:00,node/4267055591,La cantina del tapeo,,,,41.4420999,2.2200224,1,20.73,253.24,61,29.0
2026-09-16T18:00,node/4278033120,Buenas Migas,,,,41.3838044,2.1696233,0,20.73,253.24,61,29.0
2026-09-16T18:00,node/4283188047,Granja Romaní,,,,41.4348618,2.2179712,1,20.73,253.24,61,29.0
2026-09-16T18:00,node/4283194434,Bar La Paradeta,,,,41.4337773,2.2167771,1,20.73,253.24,61,29.0
2026-09-16T18:00,node/4291934189,Fonda Espanya,,,,41.3799009,2.1728032,0,20.73,253.24,61,29.0
2026-09-16T18:00,node/4306440989,Blai 9,,,,41.3730722,2.1658539,0,20.73,253.24,61,29.0
2026-09-16T18:00,node/4314857689,El punt,,,,41.4413807,2.2316251,1,20.73,253.24,61,29.0
2026-09-16T18:00,node/4314859689,Versace,,,,41.4337089,2.2172203,1,20.73,253.24,61,29.0
2026-09-16T18:00,node/4315715092,Petit Comitè,,,,41.3943551,2.1600308,0,20.73,253.24,61,29.0
2026-09-16T18:00,node/4321183403,Brunch & Cake,,,,41.3882834,2.1615596,0,20.73,253.24,61,29.0
2026-09-16T18:00,node/4336933393,Mayura,,,,41.3938992,2.1720914,0,20.73,253.24,61,29.0
2026-09-16T18:00,node/4340119890,VIENA,,,,41.3579934,2.1293918,1,20.73,253.24,61,29.0
2026-09-16T18:00,node/4349925690,Nemrut,,,,41.3810051,2.1772158,0,20.73,253.24,61,29.0
2026-09-16T18:00,node/4350019284,Palosanto,,,,41.3808122,2.1772701,0,20.73,253.24,61,29.0
2026-09-16T18:00,node/4364289794,Faborit Casa Amatller,,,,41.3915836,2.1650592,0,20.73,253.24,61,29.0
2026-09-16T18:00,node/4386702690,Red Ant Noodle Bar,,,,41.3880129,2.1810961,0,20.73,253.24,61,29.0
2026-09-16T18:00,node/4396244190,Fresc Co,,,,41.3891657,2.1969678,0,20.73,253.24,61,29.0
2026-09-16T18:00,node/4401234193,BlackLab Brewhouse & Kitchen,,,,41.3812305,2.1854573,1,20.73,253.24,61,29.0
2026-09-16T18:00,node/4431102493,Forn Puiggròs,,,,41.4102615,2.1741597,0,20.73,253.24,61,29.0
2026-09-16T18:00,node/4439412389,La Vinya del Senyor,,,,41.3832546,2.1818655,0,20.73,253.24,61,29.0
2026-09-16T18:00,node/4440352791,La Gavina,,,,41.3807532,2.1853211,1,20.73,253.24,61,29.0
2026-09-16T18:00,node/4443367289,Pannus,,,,41.3863691,2.1726728,0,20.73,253.24,61,29.0
2026-09-16T18:00,node/4449185678,Il Caffè di Francesco,,,,41.3908733,2.1652201,0,20.73,253.24,61,29.0
2026-09-16T18:00,node/4451904190,Bar Granadino,,,,41.4404153,2.2238276,1,20.73,253.24,61,29.0
2026-09-16T18:00,node/4451904193,La ciudad de oro,,,,41.4408727,2.2240695,1,20.73,253.24,61,29.0
2026-09-16T18:00,node/4451986792,Cafe Bar Florida,,,,41.4403503,2.2236929,1,20.73,253.24,61,29.0
2026-09-16T18:00,node/4451986793,Bar Amigo,,,,41.4411469,2.2238965,1,20.73,253.24,61,29.0
2026-09-16T18:00,node/4451988991,Bar Frankfurt Jaime,,,,41.4408051,2.2241201,1,20.73,253.24,61,29.0
2026-09-16T18:00,node/4451989090,Entre tapes,,,,41.4423118,2.2237245,1,20.73,253.24,61,29.0
2026-09-16T18:00,node/4451992791,Bar Leo,,,,41.4406309,2.2245529,1,20.73,253.24,61,29.0
2026-09-16T18:00,node/4452031691,Bar La Granja,,,,41.4427953,2.2241899,1,20.73,253.24,61,29.0
2026-09-16T18:00,node/4455238130,Anahuac,,,,41.3965161,2.1513989,0,20.73,253.24,61,29.0
2026-09-16T18:00,node/4461595656,Cafeteria de la Biblioteca Jaumer Fuster,,,,41.4075557,2.1493457,0,20.73,253.24,61,29.0
2026-09-16T18:00,node/4470059420,Mesón Gallego,,,,41.3818896,2.0709288,1,20.73,253.24,61,29.0
2026-09-16T18:00,node/4486639527,Boldú,,,,41.3973783,2.1517865,0,20.73,253.24,61,29.0
2026-09-16T18:00,node/4486683966,La Tagliatella,,,,41.3974141,2.1514101,0,20.73,253.24,61,29.0
2026-09-16T18:00,node/4503193765,Bicioci,,,,41.3999229,2.1619101,0,20.73,253.24,61,29.0
2026-09-16T18:00,node/4509411660,Bar Mediterráneo,,,,41.4343007,2.2180868,1,20.73,253.24,61,29.0
2026-09-16T18:00,node/4516538193,Más Que Sushi,,,,41.3774227,2.1527247,1,20.73,253.24,61,29.0
2026-09-16T18:00,node/4516600994,Salambó,,,,41.4044546,2.1576355,0,20.73,253.24,61,29.0
2026-09-16T18:00,node/4520259289,Cachitos,,,,41.3953057,2.1536913,0,20.73,253.24,61,29.0
2026-09-16T18:00,node/4572063790,Cafetería 365,,,,41.3744652,2.1675541,0,20.73,253.24,61,29.0
2026-09-16T18:00,node/4580517495,Cadaqués,,,,41.4004717,2.1574102,0,20.73,253.24,61,29.0
2026-09-16T18:00,node/4591423938,Arabia Cafe,,,,41.3796023,2.1762764,0,20.73,253.24,61,29.0
2026-09-16T18:00,node/4602957463,Otafuku Daifuku,,,,41.3861633,2.1813225,0,20.73,253.24,61,29.0
2026-09-16T18:00,node/4631918790,Casa López,,,,41.4047191,2.1550626,0,20.73,253.24,61,29.0
2026-09-16T18:00,node/4643974106,Kyoka Via Augusta,,,,41.3979693,2.1315017,1,20.73,253.24,61,29.0
2026-09-16T18:00,node/4654613659,afiparc,,,,41.4134414,2.1527296,1,20.73,253.24,61,29.0
2026-09-16T18:00,node/4668687590,Can Vilaró,,,,41.3779004,2.1617005,0,20.73,253.24,61,29.0
2026-09-16T18:00,node/4673198082,Montesquiu,,,,41.4046825,2.1325233,0,20.73,253.24,61,29.0
2026-09-16T18:00,node/4680760648,Sushi Taller,,,,41.4048621,2.1326565,0,20.73,253.24,61,29.0
2026-09-16T18:00,node/4681801089,Orxateria la Valenciana,,,,41.3863413,2.1622578,0,20.73,253.24,61,29.0
2026-09-16T18:00,node/4704972453,majide,,,,41.3849224,2.1674688,0,20.73,253.24,61,29.0
2026-09-16T18:00,node/4709933976,Sottovoce,,,,41.3579226,2.1294974,1,20.73,253.24,61,29.0
2026-09-16T18:00,node/4711659235,Casa Lolea,,,,41.3888056,2.1771897,0,20.73,253.24,61,29.0
2026-09-16T18:00,node/4720526074,El Charrito,,,,41.3896183,2.1662427,0,20.73,253.24,61,29.0
2026-09-16T18:00,node/4721286889,Prodigi,,,,41.3985973,2.1659559,0,20.73,253.24,61,29.0
2026-09-16T18:00,node/4726582894,Catalina Cafe,,,,41.3862071,2.1793039,0,20.73,253.24,61,29.0
2026-09-16T18:00,node/4726583193,Betlem,,,,41.3949258,2.1712207,0,20.73,253.24,61,29.0
2026-09-16T18:00,node/4727975192,La Coruña,,,,41.4083413,2.1851911,0,20.73,253.24,61,29.0
2026-09-16T18:00,node/4728103192,Cafè Arrels,,,,41.4137041,2.1809929,0,20.73,253.24,61,29.0
2026-09-16T18:00,node/4729343193,Cervecería Frankfurt El Molino,,,,41.3746194,2.1669636,0,20.73,253.24,61,29.0
2026-09-16T18:00,node/4735766123,I'll Pomo d'Oro,,,,41.3926987,2.1585151,0,20.73,253.24,61,29.0
2026-09-16T18:00,node/4743830714,Casa Escarré (Joan's),,,,41.3747567,2.1427755,0,20.73,253.24,61,29.0
2026-09-16T18:00,node/4751727952,Bar Ribalda,,,,41.4026552,2.1328307,0,20.73,253.24,61,29.0
2026-09-16T18:00,node/4755496723,Brewdog,,,,41.3857301,2.1581661,0,20.73,253.24,61,29.0
2026-09-16T18:00,node/4756509699,Morro fi,,,,41.3833069,2.1550311,0,20.73,253.24,61,29.0
2026-09-16T18:00,node/4776357929,Tomodachi,,,,41.4053891,2.1644663,0,20.73,253.24,61,29.0
2026-09-16T18:00,node/4778618049,De Gustibus Italiae,,,,41.4027491,2.1330183,1,20.73,253.24,61,29.0
2026-09-16T18:00,node/4784670742,Índigo Café,,,,41.3874831,2.1626443,0,20.73,253.24,61,29.0
2026-09-16T18:00,node/4792724121,Venus Delicatessen Barcelona,,,,41.3807065,2.1779781,0,20.73,253.24,61,29.0
2026-09-16T18:00,node/4802341078,El Quatre,,,,41.4031267,2.1333762,0,20.73,253.24,61,29.0
2026-09-16T18:00,node/4805335780,Madonna Vegan,,,,41.3812162,2.1671279,0,20.73,253.24,61,29.0
2026-09-16T18:00,node/4816093515,Olímpic Bar,,,,41.4422394,2.2177816,1,20.73,253.24,61,29.0
2026-09-16T18:00,node/4822739686,Bar El Racó,,,,41.4417497,2.2212713,1,20.73,253.24,61,29.0
2026-09-16T18:00,node/4838956921,Supra,,,,41.3910798,2.1613999,0,20.73,253.24,61,29.0
2026-09-16T18:00,node/4844565923,Pampa Drugstore,,,,41.3827176,2.1712051,0,20.73,253.24,61,29.0
2026-09-16T18:00,node/4847673021,Usagui,,,,41.4021671,2.1463849,0,20.73,253.24,61,29.0
2026-09-16T18:00,node/4859449960,Restaurant el Magatzem,,,,41.3805096,2.1863595,0,20.73,253.24,61,29.0
2026-09-16T18:00,node/4859450597,Restaurant Cal Pinxo,,,,41.3806265,2.1855795,1,20.73,253.24,61,29.0
2026-09-16T18:00,node/4867833221,Pizzeria El Mundo,,,,41.3751322,2.1231212,1,20.73,253.24,61,29.0
2026-09-16T18:00,node/4881181797,Sierra Nevada,,,,41.4420581,2.1834715,0,20.73,253.24,61,29.0
2026-09-16T18:00,node/4903340658,El Ramblero,,,,41.4219271,2.1969049,1,20.73,253.24,61,29.0
2026-09-16T18:00,node/4906736149,L'Olivera,,,,41.4058547,2.1893093,1,20.73,253.24,61,29.0
2026-09-16T18:00,node/4917663030,Picnic,,,,41.4179648,2.1988442,0,20.73,253.24,61,29.0
2026-09-16T18:00,node/4937772721,Vila's Bar,,,,41.4059086,2.1571314,0,20.73,253.24,61,29.0
2026-09-16T18:00,node/4938104321,Hammock Juice Station,,,,41.3971863,2.1671778,0,20.73,253.24,61,29.0
2026-09-16T18:00,node/4973805221,Brunch & Cake by the sea,,,,41.3809714,2.1872568,1,20.73,253.24,61,29.0
2026-09-16T18:00,node/4973805421,Quinoa Aragó Vegetarià,,,,41.3886233,2.1598684,0,20.73,253.24,61,29.0
2026-09-16T18:00,node/4977546909,Tonkotsu,,,,41.3938467,2.1650368,0,20.73,253.24,61,29.0
2026-09-16T18:00,node/4983764927,Cervecería-Frankfurt,,,,41.4394391,2.2207951,1,20.73,253.24,61,29.0
2026-09-16T18:00,node/4983764935,Max Bar,,,,41.4401476,2.2214687,1,20.73,253.24,61,29.0
2026-09-16T18:00,node/4983764944,Bar Verín,,,,41.4396911,2.2210187,1,20.73,253.24,61,29.0
2026-09-16T18:00,node/4983764949,Bar R'Aurora,,,,41.4400582,2.2213943,1,20.73,253.24,61,29.0
2026-09-16T18:00,node/4983764952,Trocadero,,,,41.4385047,2.2204982,1,20.73,253.24,61,29.0
2026-09-16T18:00,node/4983764957,Bar La Alpujarra,,,,41.4420698,2.2228867,1,20.73,253.24,61,29.0
2026-09-16T18:00,node/4983764958,Sant Mori,,,,41.4390777,2.2210618,1,20.73,253.24,61,29.0
2026-09-16T18:00,node/4983764960,El buen gusto,,,,41.4411919,2.2225719,1,20.73,253.24,61,29.0
2026-09-16T18:00,node/4983764965,Bar Junior Bodega,,,,41.4417139,2.2225318,1,20.73,253.24,61,29.0
2026-09-16T18:00,node/4983764975,Bar Satisfecho,,,,41.4385461,2.2198488,1,20.73,253.24,61,29.0
2026-09-16T18:00,node/4983765002,Bar sushi Salon,,,,41.4425727,2.2233672,1,20.73,253.24,61,29.0
2026-09-16T18:00,node/4983765004,Corre que se acaban,,,,41.4392453,2.2212328,1,20.73,253.24,61,29.0
2026-09-16T18:00,node/4983765005,365,,,,41.4403303,2.2225575,1,20.73,253.24,61,29.0
2026-09-16T18:00,node/4984256695,Pampa Mía,,,,41.4085709,2.2035603,0,20.73,253.24,61,29.0
2026-09-16T18:00,node/4991221422,Salterio,,,,41.3825107,2.1760837,0,20.73,253.24,61,29.0
2026-09-16T18:00,node/5007434606,La Balmesina,,,,41.3970301,2.1522555,0,20.73,253.24,61,29.0
2026-09-16T18:00,node/5010794721,Syra Coffee,,,,41.4014925,2.1595216,0,20.73,253.24,61,29.0
2026-09-16T18:00,node/5010794821,Nomad Frutas Selectas,,,,41.3979292,2.1955517,0,20.73,253.24,61,29.0
2026-09-16T18:00,node/5023905423,Petra,,,,41.4038883,2.1551166,0,20.73,253.24,61,29.0
2026-09-16T18:00,node/5028969022,Guzzo,,,,41.3850929,2.1836594,0,20.73,253.24,61,29.0
2026-09-16T18:00,node/5030247521,La Pantera Rosa,,,,41.4010493,2.1525903,0,20.73,253.24,61,29.0
2026-09-16T18:00,node/5037900607,Orio,,,,41.3819545,2.1763606,0,20.73,253.24,61,29.0
2026-09-16T18:00,node/5048602525,Blau Cel,,,,41.4043091,2.1612896,0,20.73,253.24,61,29.0
2026-09-16T18:00,node/5053669724,La Xula Taperia,,,,41.4023295,2.1586126,0,20.73,253.24,61,29.0
2026-09-16T18:00,node/5081388242,La Raposa,,,,41.3725137,2.1639527,0,20.73,253.24,61,29.0
2026-09-16T18:00,node/5082277825,Vermuteria Puigmartí,,,,41.4013967,2.1590604,0,20.73,253.24,61,29.0
2026-09-16T18:00,node/5082277826,Caracas,,,,41.4020908,2.1601676,0,20.73,253.24,61,29.0
2026-09-16T18:00,node/5082288821,Curuba,,,,41.3999554,2.1574731,0,20.73,253.24,61,29.0
2026-09-16T18:00,node/5086827321,Metric Market,,,,41.3916196,2.1419287,0,20.73,253.24,61,29.0
2026-09-16T18:00,node/5088945722,La Juanola,,,,41.4066765,2.1569377,0,20.73,253.24,61,29.0
2026-09-16T18:00,node/5089333723,Ciuri‘s,,,,41.4052466,2.1565749,0,20.73,253.24,61,29.0
2026-09-16T18:00,node/5105012628,Entre Hores,,,,41.4030943,2.1577829,0,20.73,253.24,61,29.0
2026-09-16T18:00,node/5109943322,Intrèpid,,,,41.4043018,2.1550041,0,20.73,253.24,61,29.0
2026-09-16T18:00,node/5110964523,La Trobada,,,,41.4015625,2.1520155,0,20.73,253.24,61,29.0
2026-09-16T18:00,node/5111094221,El Dorado Chicken,,,,41.3930251,2.1579995,0,20.73,253.24,61,29.0
2026-09-16T18:00,node/5113896626,Granja Fimon's,,,,41.4477805,2.2438919,1,20.73,253.24,61,29.0
2026-09-16T18:00,node/5118124314,Kebab Bocateli,,,,41.4426035,2.2166674,1,20.73,253.24,61,29.0
2026-09-16T18:00,node/5118126421,Bar Frankfurt Polideportivo,,,,41.4429429,2.2162226,1,20.73,253.24,61,29.0
2026-09-16T18:00,node/5118126428,Granja Modesto,,,,41.4343689,2.2158958,1,20.73,253.24,61,29.0
2026-09-16T18:00,node/5118126435,Cafeteria i Forn de pa Grey,,,,41.4332655,2.2174982,1,20.73,253.24,61,29.0
2026-09-16T18:00,node/5118126438,Frankfurt Piscis,,,,41.4360107,2.2158678,1,20.73,253.24,61,29.0
2026-09-16T18:00,node/5118126440,Bar Julio,,,,41.4348299,2.2151483,1,20.73,253.24,61,29.0
2026-09-16T18:00,node/5118126443,Bar Beethoven,,,,41.4328863,2.2181523,1,20.73,253.24,61,29.0
2026-09-16T18:00,node/5118126453,Bar Bondia,,,,41.4342763,2.2160261,1,20.73,253.24,61,29.0
2026-09-16T18:00,node/5128075585,Monkey Factory,,,,41.3927261,2.1544614,0,20.73,253.24,61,29.0
2026-09-16T18:00,node/5137360822,El Jardí,,,,41.4475237,2.2469586,1,20.73,253.24,61,29.0
2026-09-16T18:00,node/5144745888,Bar La Imperial,,,,41.4372451,2.2200669,1,20.73,253.24,61,29.0
2026-09-16T18:00,node/5144745889,Gabi,,,,41.4372105,2.2199582,1,20.73,253.24,61,29.0
2026-09-16T18:00,node/5144745893,Bar India,,,,41.4420657,2.2284253,1,20.73,253.24,61,29.0
2026-09-16T18:00,node/5144745896,Mokka,,,,41.4371063,2.2201689,1,20.73,253.24,61,29.0
2026-09-16T18:00,node/5156690125,Loc,,,,41.4351636,2.2283155,1,20.73,253.24,61,29.0
2026-09-16T18:00,node/5160440326,Les Termes Bdn,,,,41.4520115,2.2476488,1,20.73,253.24,61,29.0
2026-09-16T18:00,node/5167185733,La Sucursal,,,,41.3806502,2.1611889,0,20.73,253.24,61,29.0
2026-09-16T18:00,node/5167569072,El Mercader de L'Eixample,,,,41.3923316,2.1603286,0,20.73,253.24,61,29.0
2026-09-16T18:00,node/5168232324,Colmado,,,,41.3819235,2.1744264,0,20.73,253.24,61,29.0
2026-09-16T18:00,node/5175039621,Green's,,,,41.3959672,2.1496553,0,20.73,253.24,61,29.0
2026-09-16T18:00,node/5176233727,Els Porxos,,,,41.4031581,2.1751611,1,20.73,253.24,61,29.0
2026-09-16T18:00,node/5182260830,Catafal,,,,41.4088089,2.1468574,0,20.73,253.24,61,29.0
2026-09-16T18:00,node/5190930121,Casa Ángel,,,,41.4070235,2.1818566,0,20.73,253.24,61,29.0
2026-09-16T18:00,node/5192085421,Esterri,,,,41.3812805,2.1618108,0,20.73,253.24,61,29.0
2026-09-16T18:00,node/5198200824,Copa d'Or,,,,41.3963876,2.1688461,0,20.73,253.24,61,29.0
2026-09-16T18:00,node/5198200829,Gyoza Bistró,,,,41.3940771,2.1723519,0,20.73,253.24,61,29.0
2026-09-16T18:00,node/5198201036,Nou Can Codina,,,,41.3989586,2.1608728,0,20.73,253.24,61,29.0
2026-09-16T18:00,node/5198201122,La Particcela,,,,41.3961328,2.1697679,0,20.73,253.24,61,29.0
2026-09-16T18:00,node/5198201124,Riko's Braseria - Restaurante,,,,41.3929731,2.1692667,0,20.73,253.24,61,29.0
2026-09-16T18:00,node/5199743028,seven7seven,,,,41.3898868,2.1622344,0,20.73,253.24,61,29.0
2026-09-16T18:00,node/5207046925,Sense Nom,,,,41.3843558,2.1622563,0,20.73,253.24,61,29.0
2026-09-16T18:00,node/5207067522,El Maravillas,,,,41.3868914,2.1323626,0,20.73,253.24,61,29.0
2026-09-16T18:00,node/5208223424,Bonastre,,,,41.3774986,2.1587463,0,20.73,253.24,61,29.0
2026-09-16T18:00,node/5212252535,Tariq,,,,41.4477214,2.2405051,1,20.73,253.24,61,29.0
2026-09-16T18:00,node/5218828496,Conecta,,,,41.4388265,2.2253266,1,20.73,253.24,61,29.0
2026-09-16T18:00,node/5218828499,Sweet dolç,,,,41.4385456,2.2254351,1,20.73,253.24,61,29.0
2026-09-16T18:00,node/5226505321,Bodega E. Marin,,,,41.4025586,2.1609645,0,20.73,253.24,61,29.0
2026-09-16T18:00,node/5228942946,La Pubilla,,,,41.3995748,2.1536674,0,20.73,253.24,61,29.0
2026-09-16T18:00,node/5237627856,Tasmango Dessert,,,,41.3909254,2.1784375,1,20.73,253.24,61,29.0
2026-09-16T18:00,node/5238186123,Lennox,,,,41.3834186,2.1829502,0,20.73,253.24,61,29.0
2026-09-16T18:00,node/5271863048,Rest. Alexandre,,,,41.4322501,2.1835476,1,20.73,253.24,61,29.0
2026-09-16T18:00,node/5286467104,Granja Monsul,,,,41.4437723,2.2239591,1,20.73,253.24,61,29.0
2026-09-16T18:00,node/5298404593,Próspero,,,,41.4382431,2.2237839,1,20.73,253.24,61,29.0
2026-09-16T18:00,node/5298404603,Bar Salamanca,,,,41.4388532,2.2246477,1,20.73,253.24,61,29.0
2026-09-16T18:00,node/5298405327,Bar Benuga,,,,41.4383471,2.2243229,1,20.73,253.24,61,29.0
2026-09-16T18:00,node/5298405384,Bar Rocío Los Cazadores,,,,41.4389682,2.2252641,1,20.73,253.24,61,29.0
2026-09-16T18:00,node/5299921764,Bar Crack,,,,41.4343466,2.2189911,1,20.73,253.24,61,29.0
2026-09-16T18:00,node/5299921811,Can Daura,,,,41.4358077,2.2218721,1,20.73,253.24,61,29.0
2026-09-16T18:00,node/5299922525,Bar La Imperial,,,,41.4354603,2.2205399,1,20.73,253.24,61,29.0
2026-09-16T18:00,node/5299922526,Bar Marta,,,,41.4349148,2.2200469,1,20.73,253.24,61,29.0
2026-09-16T18:00,node/5313632423,365,,,,41.3789307,2.1718613,0,20.73,253.24,61,29.0
2026-09-16T18:00,node/5327570662,Ancestral,,,,41.3977332,2.1656576,0,20.73,253.24,61,29.0
2026-09-16T18:00,node/5347967007,Bar Marín,,,,41.4474106,2.2217195,1,20.73,253.24,61,29.0
2026-09-16T18:00,node/5347967009,Bar La Cantonada,,,,41.4474812,2.2209325,1,20.73,253.24,61,29.0
2026-09-16T18:00,node/5363964402,El gran croissant,,,,41.4359355,2.2167366,1,20.73,253.24,61,29.0
2026-09-16T18:00,node/5395531687,Las Marismas,,,,41.3701297,2.1215161,1,20.73,253.24,61,29.0
2026-09-16T18:00,node/5407919537,El Yate,,,,41.4039787,2.1367463,0,20.73,253.24,61,29.0
2026-09-16T18:00,node/5417517130,Tou Kichi Rou,,,,41.3919953,2.1432267,0,20.73,253.24,61,29.0
2026-09-16T18:00,node/5418243448,La Pampa,,,,41.3793623,2.1879402,1,20.73,253.24,61,29.0
2026-09-16T18:00,node/5418243450,els maians,,,,41.3786757,2.1882219,1,20.73,253.24,61,29.0
2026-09-16T18:00,node/5418243451,no30,,,,41.3791653,2.1879988,1,20.73,253.24,61,29.0
2026-09-16T18:00,node/5418243452,Lolita,,,,41.3783615,2.1882936,1,20.73,253.24,61,29.0
2026-09-16T18:00,node/5418243454,Reina Margherita,,,,41.3792655,2.1879835,1,20.73,253.24,61,29.0
2026-09-16T18:00,node/5434314893,PolkaBarcelona,,,,41.3859057,2.1326565,0,20.73,253.24,61,29.0
2026-09-16T18:00,node/5485540627,Bar Placídia,,,,41.3999472,2.1524915,0,20.73,253.24,61,29.0
2026-09-16T18:00,node/5487473548,Cafè Mos,,,,41.4143487,2.1384116,0,20.73,253.24,61,29.0
2026-09-16T18:00,node/5498351755,365 Cafeteria Forn de Pa,,,,41.3747778,2.1626826,0,20.73,253.24,61,29.0
2026-09-16T18:00,node/5509139428,La Carmanyola,,,,41.4013829,2.2068942,1,20.73,253.24,61,29.0
2026-09-16T18:00,node/5536153362,Cafeteria La Dona,,,,41.4396715,2.2242727,1,20.73,253.24,61,29.0
2026-09-16T18:00,node/5564055763,Panda & Smile,,,,41.3842068,2.1585673,0,20.73,253.24,61,29.0
2026-09-16T18:00,node/5564064431,Atrapatapa,,,,41.3832362,2.1568636,0,20.73,253.24,61,29.0
2026-09-16T18:00,node/5595134220,Cervecería Amoretty's 3,,,,41.4412382,2.2200117,1,20.73,253.24,61,29.0
2026-09-16T18:00,node/5606506169,Sincopa,,,,41.3803881,2.1789886,0,20.73,253.24,61,29.0
2026-09-16T18:00,node/5611733921,Buenas Migas,,,,41.4024253,2.1743326,0,20.73,253.24,61,29.0
2026-09-16T18:00,node/5617465886,Amateur,,,,41.3967536,2.1962847,0,20.73,253.24,61,29.0
2026-09-16T18:00,node/5646412432,Made in Sicily,,,,41.4483394,2.2490191,1,20.73,253.24,61,29.0
2026-09-16T18:00,node/5646415922,La Bella Istambul,,,,41.4479233,2.2494906,1,20.73,253.24,61,29.0
2026-09-16T18:00,node/5658288082,Can Teixidó,,,,41.4491148,2.2483189,1,20.73,253.24,61,29.0
2026-09-16T18:00,node/5663240986,Cafè Escac,,,,41.3837378,2.1695562,0,20.73,253.24,61,29.0
2026-09-16T18:00,node/5676005621,CACHO,,,,41.3931048,2.1910878,0,20.73,253.24,61,29.0
2026-09-16T18:00,node/5718757792,360°,,,,41.3790957,2.1696433,1,20.73,253.24,61,29.0
2026-09-16T18:00,node/5793057257,Bar Granja el Chiquitín,,,,41.4398176,2.2263171,1,20.73,253.24,61,29.0
2026-09-16T18:00,node/5796742218,The Clock,,,,41.3754168,2.1482785,0,20.73,253.24,61,29.0
2026-09-16T18:00,node/5805410453,Morrow Coffee,,,,41.3771392,2.1513283,0,20.73,253.24,61,29.0
2026-09-16T18:00,node/5806521955,Paisano Bistró,,,,41.4048549,2.1759323,1,20.73,253.24,61,29.0
2026-09-16T18:00,node/5856758686,El racó de les tapes,,,,41.4357708,2.1910224,0,20.73,253.24,61,29.0
2026-09-16T18:00,node/5878496985,UDON,,,,41.4051569,2.1921906,0,20.73,253.24,61,29.0
2026-09-16T18:00,node/5916157285,Bar Castells,,,,41.3841472,2.1698121,0,20.73,253.24,61,29.0
2026-09-16T18:00,node/5923867889,,,,,41.4406062,2.2451514,1,20.73,253.24,61,29.0
2026-09-16T18:00,node/5930228787,Mi casa,,,,41.3993608,2.1535771,0,20.73,253.24,61,29.0
2026-09-16T18:00,node/5933808740,Kserol,,,,41.3986236,2.1753141,0,20.73,253.24,61,29.0
2026-09-16T18:00,node/5944781772,Restaurante Burning Rock&Food,,,,41.3746837,2.1311612,0,20.73,253.24,61,29.0
2026-09-16T18:00,node/5951964888,el Fornet,,,,41.3882003,2.1723419,0,20.73,253.24,61,29.0
2026-09-16T18:00,node/5972440521,Feroz,,,,41.3965882,2.1508404,0,20.73,253.24,61,29.0
2026-09-16T18:00,node/5980982393,Pepa Tomate,,,,41.3767661,2.1627826,0,20.73,253.24,61,29.0
2026-09-16T18:00,node/6000108088,La Neura,,,,41.4002093,2.1660134,0,20.73,253.24,61,29.0
2026-09-16T18:00,node/6009236381,Mesón Balouta,,,,41.4384121,2.1649296,0,20.73,253.24,61,29.0
2026-09-16T18:00,node/6010958538,Bar Avenida,,,,41.4371962,2.2238498,1,20.73,253.24,61,29.0
2026-09-16T18:00,node/6010958540,Bar Trébol BCN,,,,41.4352675,2.2193633,1,20.73,253.24,61,29.0
2026-09-16T18:00,node/6027971388,Novell,,,,41.4070495,2.1667319,0,20.73,253.24,61,29.0
2026-09-16T18:00,node/6038827086,Honest Greens,,,,41.3986972,2.1569862,0,20.73,253.24,61,29.0
2026-09-16T18:00,node/6066258257,Bar Roma Sports,,,,41.4449369,2.2223513,1,20.73,253.24,61,29.0
2026-09-16T18:00,node/6089625321,Vivari,,,,41.3973187,2.1676233,0,20.73,253.24,61,29.0
2026-09-16T18:00,node/6093865396,The FRESH POKE,,,,41.3975268,2.1644457,0,20.73,253.24,61,29.0
2026-09-16T18:00,node/6093944886,Nicasso,,,,41.4072456,2.1873211,0,20.73,253.24,61,29.0
2026-09-16T18:00,node/6096656135,Yoi Yoi Gion,,,,41.3965593,2.1606187,0,20.73,253.24,61,29.0
2026-09-16T18:00,node/6104559348,Belles Arts II,,,,41.3872827,2.1361782,0,20.73,253.24,61,29.0
2026-09-16T18:00,node/6104561002,Toyodo,,,,41.3866914,2.1375355,1,20.73,253.24,61,29.0
2026-09-16T18:00,node/6106764321,Il Caffe di Francesco,,,,41.3930707,2.1642758,0,20.73,253.24,61,29.0
2026-09-16T18:00,node/6109526596,El Cuiner de Damasc,,,,41.3814196,2.1776754,0,20.73,253.24,61,29.0
2026-09-16T18:00,node/6110978486,Bonaparte,,,,41.4775805,2.0724847,1,20.73,253.24,61,29.0
2026-09-16T18:00,node/6123253862,Bar Granja Oasis,,,,41.3505068,2.1127043,1,20.73,253.24,61,29.0
2026-09-16T18:00,node/6126749461,Cantero,,,,41.3942111,2.1902433,1,20.73,253.24,61,29.0
2026-09-16T18:00,node/6164234382,Poké Sí,,,,41.4052321,2.1924708,1,20.73,253.24,61,29.0
2026-09-16T18:00,node/6164236104,Palo Verde,,,,41.4047343,2.1968042,0,20.73,253.24,61,29.0
2026-09-16T18:00,node/6166398253,Panet,,,,41.3861845,2.1430687,1,20.73,253.24,61,29.0
2026-09-16T18:00,node/6182404055,Kasa,,,,41.3861348,2.1656868,0,20.73,253.24,61,29.0
2026-09-16T18:00,node/6188914880,Bella Venezia,,,,41.3965502,2.1644865,0,20.73,253.24,61,29.0
2026-09-16T18:00,node/6188922858,Arc iris,,,,41.3998386,2.1715382,0,20.73,253.24,61,29.0
2026-09-16T18:00,node/6193461695,Sun Market,,,,41.3928465,2.1569854,0,20.73,253.24,61,29.0
2026-09-16T18:00,node/6193479448,Akashi Sushi Bar,,,,41.3923045,2.1558108,0,20.73,253.24,61,29.0
2026-09-16T18:00,node/6200571548,La Svolta,,,,41.4061025,2.1515184,0,20.73,253.24,61,29.0
2026-09-16T18:00,node/6202321417,La Tapeta del Coll,,,,41.4179646,2.1467035,1,20.73,253.24,61,29.0
2026-09-16T18:00,node/6204104907,La Papa,,,,41.3898088,2.1577366,0,20.73,253.24,61,29.0
2026-09-16T18:00,node/6216083704,La Coma,,,,41.3401472,2.1265697,1,20.73,253.24,61,29.0
2026-09-16T18:00,node/6216218158,la Zona,,,,41.3460291,2.1439158,1,20.73,253.24,61,29.0
2026-09-16T18:00,node/6216756977,Estrella de Istanbul,,,,41.4098375,2.1751296,0,20.73,253.24,61,29.0
2026-09-16T18:00,node/6230395442,Akelarre,,,,41.3892275,2.1373726,0,20.73,253.24,61,29.0
2026-09-16T18:00,node/6230407068,Starbucks,,,,41.3951351,2.1581903,0,20.73,253.24,61,29.0
2026-09-16T18:00,node/6232752417,El Taller,,,,41.3587511,2.1404908,0,20.73,253.24,61,29.0
2026-09-16T18:00,node/6237797177,Luri,,,,41.3977931,2.1514901,0,20.73,253.24,61,29.0
2026-09-16T18:00,node/6246525924,in blue,,,,41.3877036,2.1368756,0,20.73,253.24,61,29.0
2026-09-16T18:00,node/6250219942,Al sur,,,,41.3941572,2.1586822,0,20.73,253.24,61,29.0
2026-09-16T18:00,node/6258570565,Dino Pan,,,,41.3824376,2.1318622,0,20.73,253.24,61,29.0
2026-09-16T18:00,node/6258570699,Don Sándwich,,,,41.3820321,2.1315862,0,20.73,253.24,61,29.0
2026-09-16T18:00,node/6258715958,La Lluna de Gavà,,,,41.3672801,2.1403759,0,20.73,253.24,61,29.0
2026-09-16T18:00,node/6258718433,La Toscana,,,,41.3805625,2.1323335,0,20.73,253.24,61,29.0
2026-09-16T18:00,node/6258718652,Cafeteria Melody Bar,,,,41.3779464,2.1338934,0,20.73,253.24,61,29.0
2026-09-16T18:00,node/6258719247,Bar Florida,,,,41.3592896,2.1399844,0,20.73,253.24,61,29.0
2026-09-16T18:00,node/6260784864,La Cabaña,,,,41.3699161,2.1341331,0,20.73,253.24,61,29.0
2026-09-16T18:00,node/6260786193,Goiko Grill,,,,41.3656448,2.1357604,1,20.73,253.24,61,29.0
2026-09-16T18:00,node/6264834185,König,,,,41.3862163,2.1827612,0,20.73,253.24,61,29.0
2026-09-16T18:00,node/6298115913,N.A.P.,,,,41.3774834,2.1900137,0,20.73,253.24,61,29.0
2026-09-16T18:00,node/6316025985,L'Esclop,,,,41.3768262,2.1577412,0,20.73,253.24,61,29.0
2026-09-16T18:00,node/6330973943,Don Kilo,,,,41.3998564,2.1639573,0,20.73,253.24,61,29.0
2026-09-16T18:00,node/6333708759,SandwiChez,,,,41.3941488,2.1694356,0,20.73,253.24,61,29.0
2026-09-16T18:00,node/6334053687,Cafè Yafa,,,,41.3997495,2.1643963,0,20.73,253.24,61,29.0
2026-09-16T18:00,node/6334053692,La Mananta,,,,41.3994169,2.1648424,0,20.73,253.24,61,29.0
2026-09-16T18:00,node/6339732807,La Soca 2,,,,41.3912352,2.1594135,0,20.73,253.24,61,29.0
2026-09-16T18:00,node/6339732809,Creps Barcelona,,,,41.3905618,2.1590619,0,20.73,253.24,61,29.0
2026-09-16T18:00,node/6357834156,Les gens que j'aime bar,,,,41.3936947,2.1648505,0,20.73,253.24,61,29.0
2026-09-16T18:00,node/6381462875,Comarca Cuina L’Hocal,,,,41.3609203,2.1295937,1,20.73,253.24,61,29.0
2026-09-16T18:00,node/6424929026,Cafeteria Samy's,,,,41.3637433,2.1369241,1,20.73,253.24,61,29.0
2026-09-16T18:00,node/6424929700,Sakuraya,,,,41.3653001,2.1307952,1,20.73,253.24,61,29.0
2026-09-16T18:00,node/6431480513,Restaurant Bodega de Tapas,,,,41.3772493,2.1371156,0,20.73,253.24,61,29.0
2026-09-16T18:00,node/6431508292,Bodega Salvat,,,,41.3711848,2.1345217,0,20.73,253.24,61,29.0
2026-09-16T18:00,node/6431508293,Jaqueline's,,,,41.3682256,2.1345214,0,20.73,253.24,61,29.0
2026-09-16T18:00,node/6431508485,Japonia Café,,,,41.3806518,2.1387176,0,20.73,253.24,61,29.0
2026-09-16T18:00,node/6431508488,La Bodegueta de Sants,,,,41.3710695,2.1344235,0,20.73,253.24,61,29.0
2026-09-16T18:00,node/6431512182,Bar Montevideo,,,,41.3693939,2.1342386,0,20.73,253.24,61,29.0
2026-09-16T18:00,node/6431558869,Bar Alegría,,,,41.3629394,2.1373301,1,20.73,253.24,61,29.0
2026-09-16T18:00,node/6431559030,Bar El Faro,,,,41.3628529,2.1373795,0,20.73,253.24,61,29.0
2026-09-16T18:00,node/6433259684,Entre Copas,,,,41.3621672,2.0761548,1,20.73,253.24,61,29.0
2026-09-16T18:00,node/6438381289,Vera Café,,,,41.3883674,2.1779512,0,20.73,253.24,61,29.0
2026-09-16T18:00,node/6441451785,Líder de Istanbul,,,,41.3752687,2.1338088,0,20.73,253.24,61,29.0
2026-09-16T18:00,node/6445233216,Gyoza Bar,,,,41.3931059,2.1798949,0,20.73,253.24,61,29.0
2026-09-16T18:00,node/6450380989,Bar But,,,,41.3979648,2.1593688,0,20.73,253.24,61,29.0
2026-09-16T18:00,node/6450381086,La Porxada,,,,41.4030026,2.1637245,0,20.73,253.24,61,29.0
2026-09-16T18:00,node/6462934229,Concordia,,,,41.3864201,2.1321758,0,20.73,253.24,61,29.0
2026-09-16T18:00,node/6475037976,L'Oasi a Consell,,,,41.3830142,2.1547507,0,20.73,253.24,61,29.0
2026-09-16T18:00,node/6477273844,Fandango,,,,41.3982346,2.1423415,0,20.73,253.24,61,29.0
2026-09-16T18:00,node/6506313588,Antigua,,,,41.3980086,2.1492952,0,20.73,253.24,61,29.0
2026-09-16T18:00,node/6507308246,L'Antica Pizzeria Da Michele,,,,41.3928154,2.1682858,1,20.73,253.24,61,29.0
2026-09-16T18:00,node/6532206187,Yü Sushi,,,,41.4032734,2.2032208,0,20.73,253.24,61,29.0
2026-09-16T18:00,node/6532330793,La Xemeneia,,,,41.4016359,2.2048002,0,20.73,253.24,61,29.0
2026-09-16T18:00,node/6535101686,Alma Loca,,,,41.3992845,2.1970974,0,20.73,253.24,61,29.0
2026-09-16T18:00,node/6538194375,Mr. White,,,,41.3761815,2.1601126,0,20.73,253.24,61,29.0
2026-09-16T18:00,node/6568369188,Elpilar,,,,41.4000903,2.1489875,0,20.73,253.24,61,29.0
2026-09-16T18:00,node/6597321587,Welcome,,,,41.4065151,2.1509474,0,20.73,253.24,61,29.0
2026-09-16T18:00,node/6600189447,café bar juli-mac,,,,41.3782625,2.1239845,0,20.73,253.24,61,29.0
2026-09-16T18:00,node/6642989000,El Pa Sencer,,,,41.3835483,2.1341796,0,20.73,253.24,61,29.0
2026-09-16T18:00,node/6642989001,Ateneu Popular de les Corts,,,,41.3826968,2.1329407,0,20.73,253.24,61,29.0
2026-09-16T18:00,node/6680396487,La prorroga,,,,41.4032976,2.1567512,0,20.73,253.24,61,29.0
2026-09-16T18:00,node/6680687871,La Mar Salada,,,,41.3768035,2.1888904,1,20.73,253.24,61,29.0
2026-09-16T18:00,node/6681709948,Kiltro Gràcia,,,,41.4018317,2.1544539,0,20.73,253.24,61,29.0
2026-09-16T18:00,node/6710510485,Catedral 1951,,,,41.3849142,2.1757337,0,20.73,253.24,61,29.0
2026-09-16T18:00,node/6750944404,Brasaña,,,,41.3605721,2.1345777,0,20.73,253.24,61,29.0
2026-09-16T18:00,node/6757307686,Kitsu,,,,41.4017918,2.1543486,0,20.73,253.24,61,29.0
2026-09-16T18:00,node/6757314489,LomoAlto,,,,41.3936053,2.1663935,0,20.73,253.24,61,29.0
2026-09-16T18:00,node/6766273102,inti & chaska,,,,41.3886755,2.1599487,0,20.73,253.24,61,29.0
2026-09-16T18:00,node/6771863086,Montseny,,,,41.4070642,2.1804416,0,20.73,253.24,61,29.0
2026-09-16T18:00,node/6775495571,El Petit,,,,41.3298893,2.0988681,1,20.73,253.24,61,29.0
2026-09-16T18:00,node/6782427526,Híbrid Cafè Restaurant,,,,41.3771219,2.1203336,0,20.73,253.24,61,29.0
2026-09-16T18:00,node/6786006588,365,,,,41.3820297,2.1697221,0,20.73,253.24,61,29.0
2026-09-16T18:00,node/6790695789,El Rincón de la Abuela Venezolana,,,,41.4058359,2.1788147,0,20.73,253.24,61,29.0
2026-09-16T18:00,node/6805613085,Bar la Cabaña,,,,41.4071784,2.1778546,0,20.73,253.24,61,29.0
2026-09-16T18:00,node/6812099686,La Xurreria de Maria,,,,41.4050102,2.1750002,0,20.73,253.24,61,29.0
2026-09-16T18:00,node/6821384885,Blu Bar,,,,41.3983358,2.2045648,0,20.73,253.24,61,29.0
2026-09-16T18:00,node/6835358009,Murivecci,,,,41.3874075,2.1828282,0,20.73,253.24,61,29.0
2026-09-16T18:00,node/6852974547,Garrido,,,,41.3603039,2.1401381,0,20.73,253.24,61,29.0
2026-09-16T18:00,node/6852994516,La Patatona,,,,41.3604651,2.1400108,0,20.73,253.24,61,29.0
2026-09-16T18:00,node/6855027201,Bar Sandwicheria Enka 3,,,,41.3758876,2.1221107,1,20.73,253.24,61,29.0
2026-09-16T18:00,node/6871523347,Cafe Punto 10,,,,41.3805947,2.1364501,0,20.73,253.24,61,29.0
2026-09-16T18:00,node/6914132390,El Nou Ramonet,,,,41.3817315,2.1876268,0,20.73,253.24,61,29.0
2026-09-16T18:00,node/6946328085,Cremat 11,,,,41.3855109,2.1810205,0,20.73,253.24,61,29.0
2026-09-16T18:00,node/6973926711,Syra Coffee,,,,41.3965047,2.1941864,1,20.73,253.24,61,29.0
2026-09-16T18:00,node/6983227455,SNOOKER - Cocteles y Billarea,,,,41.3921561,2.1703663,0,20.73,253.24,61,29.0
2026-09-16T18:00,node/7002869606,Chebú,,,,41.3791162,2.1515085,0,20.73,253.24,61,29.0
2026-09-16T18:00,node/7003296923,Triple Sec,,,,41.3747448,2.1609868,0,20.73,253.24,61,29.0
2026-09-16T18:00,node/7004598841,Orange Coffee,,,,41.4052864,2.1712189,0,20.73,253.24,61,29.0
2026-09-16T18:00,node/7014308129,Bar Bodega Lentejil,,,,41.4429922,2.2175094,1,20.73,253.24,61,29.0
2026-09-16T18:00,node/7017780931,Yoüme,,,,41.3835882,2.1541892,0,20.73,253.24,61,29.0
2026-09-16T18:00,node/7098025886,El Club del Café,,,,41.4340729,2.1892624,1,20.73,253.24,61,29.0
2026-09-16T18:00,node/7124857728,Cabo,,,,41.3964797,2.1851438,1,20.73,253.24,61,29.0
2026-09-16T18:00,node/7132160620,Santagloria,,,,41.3863926,2.1243567,0,20.73,253.24,61,29.0
2026-09-16T18:00,node/7141587085,La Cereria,,,,41.3815426,2.1767152,0,20.73,253.24,61,29.0
2026-09-16T18:00,node/7150994121,Vivari,,,,41.3998419,2.1775677,0,20.73,253.24,61,29.0
2026-09-16T18:00,node/7234692489,Van van var,,,,41.3942304,2.1901096,1,20.73,253.24,61,29.0
2026-09-16T18:00,node/7318977151,,,,,41.3711664,2.1434617,0,20.73,253.24,61,29.0
2026-09-16T18:00,node/7318977155,Bar Joaquim,,,,41.3704145,2.1424922,1,20.73,253.24,61,29.0
2026-09-16T18:00,node/7318977156,Vivari,,,,41.3686165,2.1410874,1,20.73,253.24,61,29.0
2026-09-16T18:00,node/7431790448,Santagloria,,,,41.3896086,2.1200086,1,20.73,253.24,61,29.0
2026-09-16T18:00,node/7438491414,,,,,41.3733479,2.1301506,0,20.73,253.24,61,29.0
2026-09-16T18:00,node/7504941029,Iberic Fusión Platja,,,,41.4380577,2.2431806,1,20.73,253.24,61,29.0
2026-09-16T18:00,node/7504941031,l'Altre Can Mario's,,,,41.4405591,2.2418866,1,20.73,253.24,61,29.0
2026-09-16T18:00,node/7504941033,L'Esmolet,,,,41.4432993,2.2460741,1,20.73,253.24,61,29.0
2026-09-16T18:00,node/7504941035,la Masia de la Xesca,,,,41.4452013,2.2417838,1,20.73,253.24,61,29.0
2026-09-16T18:00,node/7556742593,Menjador del Centre,,,,41.4009756,2.2000272,0,20.73,253.24,61,29.0
2026-09-16T18:00,node/7563962192,Passeig9,,,,41.4014488,2.2009478,0,20.73,253.24,61,29.0
2026-09-16T18:00,node/7600529740,Restaurante La Flama,,,,41.3514861,2.1114722,1,20.73,253.24,61,29.0
2026-09-16T18:00,node/7618205068,El Pellizquito,,,,41.3501292,2.1105817,1,20.73,253.24,61,29.0
2026-09-16T18:00,node/7640514041,Bar Plaça Carles Buïgas,,,,41.3711833,2.1510204,1,20.73,253.24,61,29.0
2026-09-16T18:00,node/7644933199,Almirall,,,,41.4100171,2.1883052,0,20.73,253.24,61,29.0
2026-09-16T18:00,node/7704818539,Bar Granja Rocxi,,,,41.3744206,2.1339573,0,20.73,253.24,61,29.0
2026-09-16T18:00,node/7704818548,Cafès Caracas,,,,41.3748038,2.1328052,0,20.73,253.24,61,29.0
2026-09-16T18:00,node/7706832792,Cru Sants,,,,41.3721342,2.1286919,0,20.73,253.24,61,29.0
2026-09-16T18:00,node/7736420790,Mamma Italia,,,,41.3764642,2.1234304,0,20.73,253.24,61,29.0
2026-09-16T18:00,node/7772770550,Eqvilibrivm Café,,,,41.3973065,2.1697662,0,20.73,253.24,61,29.0
2026-09-16T18:00,node/7838098454,El Caserón,,,,41.3838275,2.1398498,0,20.73,253.24,61,29.0
2026-09-16T18:00,node/7925586104,Delicream,,,,41.4572921,2.2290688,1,20.73,253.24,61,29.0
2026-09-16T18:00,node/7989010587,Castañeiras,,,,41.4100358,2.1760296,0,20.73,253.24,61,29.0
2026-09-16T18:00,node/7999604058,Lilo brunch,,,,41.3873718,2.1627034,0,20.73,253.24,61,29.0
2026-09-16T18:00,node/7999616840,Bellillo,,,,41.3879362,2.1620483,0,20.73,253.24,61,29.0
2026-09-16T18:00,node/8034999886,Costa Dorada,,,,41.3980284,2.1986941,0,20.73,253.24,61,29.0
2026-09-16T18:00,node/8046554489,Sport,,,,41.4001224,2.2000188,0,20.73,253.24,61,29.0
2026-09-16T18:00,node/8049731595,Echegaray,,,,41.4018684,2.2023424,0,20.73,253.24,61,29.0
2026-09-16T18:00,node/8049732292,Doroteo,,,,41.4029636,2.2006718,0,20.73,253.24,61,29.0
2026-09-16T18:00,node/8064873985,Saramar,,,,41.3957712,2.1953013,0,20.73,253.24,61,29.0
2026-09-16T18:00,node/8077128420,Tío Bigotes,,,,41.4013922,2.2028846,0,20.73,253.24,61,29.0
2026-09-16T18:00,manual/488492e9,Bar Viejo Cafe,Bar,yes,"Carrer de la Independència, 306, Sant Martí, 08026 Barcelona",41.4116,2.1794,0,20.73,253.24,61,29.0
2026-09-16T18:00,manual/c52f6190,New 88 Bar-Cafeteria,bar,yes,,41.4094505,2.1789589,0,20.73,253.24,61,29.0
2026-09-16T18:00,manual/5d2ea7ea,Restaurant Papá Nico,bar,yes,,41.4094505,2.1789589,0,20.73,253.24,61,29.0
2026-09-16T18:00,manual/c980e39e,Restaurant El Clot,restaurant,yes,,41.4087697,2.1875592,1,20.73,253.24,61,29.0
2026-09-16T19:00,relation/18317100,,,,,41.42,2.1188352,0,9.71,263.8,30,27.6
2026-09-16T19:00,node/208984374,Central Rambla,,,,41.3782716,2.1761732,0,9.71,263.8,30,27.6
2026-09-16T19:00,way/217583616,Can Fisher,,,,41.3946034,2.2062292,1,9.71,263.8,30,27.6
2026-09-16T19:00,way/245214117,la Caseta del Migdia,,,,41.3596833,2.1607145,1,9.71,263.8,30,27.6
2026-09-16T19:00,way/246717741,Mirablau,,,,41.4160323,2.1319129,1,9.71,263.8,30,27.6
2026-09-16T19:00,way/249404809,PURO,,,,41.3911248,2.1461635,0,9.71,263.8,30,27.6
2026-09-16T19:00,way/268912897,Can Cortada,,,,41.4362503,2.1524833,1,9.71,263.8,30,27.6
2026-09-16T19:00,way/315387188,Temple del Metall,,,,41.4741706,2.1662317,1,9.71,263.8,30,27.6
2026-09-16T19:00,way/392926648,Pacha,,,,41.3857491,2.1970415,0,9.71,263.8,30,27.6
2026-09-16T19:00,way/412702054,Camping,,,,41.3953192,2.2042386,1,9.71,263.8,30,27.6
2026-09-16T19:00,way/443599336,Asador Casa Juaco,,,,41.4476663,2.1426909,1,9.71,263.8,30,27.6
2026-09-16T19:00,way/446002194,La Base by Farré,,,,41.3967358,2.2101884,0,9.71,263.8,30,27.6
2026-09-16T19:00,node/476327681,Can Paixano,,,,41.3817618,2.1834151,0,9.71,263.8,30,27.6
2026-09-16T19:00,node/506202703,Bar Almogávares,,,,41.3962323,2.1890864,0,9.71,263.8,30,27.6
2026-09-16T19:00,way/519771543,Restaurant Can Cases,,,,41.4343885,2.0985276,1,9.71,263.8,30,27.6
2026-09-16T19:00,node/534367691,Sant Bartomeu,,,,41.3755248,2.1346488,0,9.71,263.8,30,27.6
2026-09-16T19:00,node/643022131,Euro Bar-Tapas,,,,41.4342324,2.2161197,1,9.71,263.8,30,27.6
2026-09-16T19:00,node/643429648,Joan Figuera,,,,41.4336545,2.2169391,1,9.71,263.8,30,27.6
2026-09-16T19:00,node/643496696,El rincón de Willy,,,,41.4380246,2.2180623,1,9.71,263.8,30,27.6
2026-09-16T19:00,node/643496704,Bar Somni d'estiu,,,,41.4382361,2.2166687,1,9.71,263.8,30,27.6
2026-09-16T19:00,way/655221168,L'Ovella Negra Marina,,,,41.3960196,2.1901331,0,9.71,263.8,30,27.6
2026-09-16T19:00,node/660004524,Bocatapa Can Manel,,,,41.4413833,2.2212875,1,9.71,263.8,30,27.6
2026-09-16T19:00,node/672140180,Kasparo,,,,41.3844847,2.1690087,0,9.71,263.8,30,27.6
2026-09-16T19:00,node/704031158,Café Zurich,,,,41.3858504,2.1694606,0,9.71,263.8,30,27.6
2026-09-16T19:00,node/704042058,Starbucks,,,,41.3888305,2.1719117,0,9.71,263.8,30,27.6
2026-09-16T19:00,node/704058886,Tapa Tapa,,,,41.3916926,2.1660167,0,9.71,263.8,30,27.6
2026-09-16T19:00,node/704060428,Oassis Natural Cooking,,,,41.3901637,2.1678915,0,9.71,263.8,30,27.6
2026-09-16T19:00,node/704066257,Ciutat Comtal,,,,41.3888272,2.1668833,0,9.71,263.8,30,27.6
2026-09-16T19:00,node/704066614,Taller de Tapas,,,,41.3905645,2.1639038,0,9.71,263.8,30,27.6
2026-09-16T19:00,way/707305723,Bar Frankfurt Cafeteria Fabregada,,,,41.3561748,2.1108239,1,9.71,263.8,30,27.6
2026-09-16T19:00,node/745947750,Bar Geminis,,,,41.3976224,2.1807778,0,9.71,263.8,30,27.6
2026-09-16T19:00,node/765796519,La Cafetera,,,,41.4049767,2.1575215,0,9.71,263.8,30,27.6
2026-09-16T19:00,node/814006271,Les 15 Nits Bar,,,,41.3804529,2.1749778,0,9.71,263.8,30,27.6
2026-09-16T19:00,node/819552792,Bracafe,,,,41.3944249,2.1675209,0,9.71,263.8,30,27.6
2026-09-16T19:00,node/824476551,Caleuche,,,,41.3761526,2.1686172,0,9.71,263.8,30,27.6
2026-09-16T19:00,node/830462039,Bar Restaurant Angela,,,,41.4043015,2.1949428,0,9.71,263.8,30,27.6
2026-09-16T19:00,way/907005766,Chevy's Bar,,,,41.4143731,2.2289499,1,9.71,263.8,30,27.6
2026-09-16T19:00,way/969257968,,,,,41.3793991,2.1073385,1,9.71,263.8,30,27.6
2026-09-16T19:00,way/1063378975,Bar Restaurant Oliver,,,,41.3469215,2.1546999,1,9.71,263.8,30,27.6
2026-09-16T19:00,node/1072798261,Taverna del Bisbe,,,,41.3849254,2.1766628,0,9.71,263.8,30,27.6
2026-09-16T19:00,node/1072800838,El Cafè D'en Victor,,,,41.3847931,2.1767008,0,9.71,263.8,30,27.6
2026-09-16T19:00,node/1083144027,Los Caracoles,,,,41.3796584,2.1765082,0,9.71,263.8,30,27.6
2026-09-16T19:00,node/1092685793,Elche,,,,41.3739754,2.1691488,0,9.71,263.8,30,27.6
2026-09-16T19:00,way/1112240803,ForumStation,,,,41.4096655,2.2221501,0,9.71,263.8,30,27.6
2026-09-16T19:00,node/1177498341,Casa Vall,,,,41.4074238,2.1585521,0,9.71,263.8,30,27.6
2026-09-16T19:00,node/1192698924,Bilbao Berria,,,,41.3841976,2.1748665,0,9.71,263.8,30,27.6
2026-09-16T19:00,node/1192699873,Tapas 24,,,,41.3908686,2.1674705,0,9.71,263.8,30,27.6
2026-09-16T19:00,way/1200964257,Chiringuito Joan Miro,,,,41.3789977,2.1478116,0,9.71,263.8,30,27.6
2026-09-16T19:00,node/1264182304,Tosca del Carme,,,,41.3819482,2.1695795,0,9.71,263.8,30,27.6
2026-09-16T19:00,node/1280416455,Carballeira,,,,41.4442679,2.2217701,1,9.71,263.8,30,27.6
2026-09-16T19:00,way/1300745688,La Casona de Sant Just,,,,41.3833348,2.0735139,1,9.71,263.8,30,27.6
2026-09-16T19:00,node/1310450869,El Filete Ruso,,,,41.3925451,2.1558968,0,9.71,263.8,30,27.6
2026-09-16T19:00,node/1312325106,La Palmera,,,,41.4144229,2.1385123,0,9.71,263.8,30,27.6
2026-09-16T19:00,node/1314943380,Mescladís del Pou,,,,41.3870865,2.1803497,0,9.71,263.8,30,27.6
2026-09-16T19:00,node/1335697982,,,,,41.3608771,2.1101417,1,9.71,263.8,30,27.6
2026-09-16T19:00,way/1368167814,Natura Beach. El Chiringuito,,,,41.4028929,2.2157443,1,9.71,263.8,30,27.6
2026-09-16T19:00,node/1420760625,Tapeo,,,,41.4044988,2.1554811,0,9.71,263.8,30,27.6
2026-09-16T19:00,node/1420760630,Diamant,,,,41.4042174,2.1555899,0,9.71,263.8,30,27.6
2026-09-16T19:00,node/1428867664,Café Berlin,,,,41.3943566,2.1494599,0,9.71,263.8,30,27.6
2026-09-16T19:00,node/1430537485,Oasis Restaurant,,,,41.3827219,2.1847191,0,9.71,263.8,30,27.6
2026-09-16T19:00,node/1445598557,Bracafe,,,,41.3948025,2.1817533,0,9.71,263.8,30,27.6
2026-09-16T19:00,node/1554649942,Torrades,,,,41.4375721,2.1566095,1,9.71,263.8,30,27.6
2026-09-16T19:00,node/1554649988,La Panera,,,,41.4374756,2.1563359,0,9.71,263.8,30,27.6
2026-09-16T19:00,node/1658425572,Rebeka,,,,41.3967185,2.1890325,0,9.71,263.8,30,27.6
2026-09-16T19:00,node/1685949861,Cerveceria Milenium 2,,,,41.3534566,2.0866307,1,9.71,263.8,30,27.6
2026-09-16T19:00,node/1711342192,Calero's Centre,,,,41.3744728,2.1349721,0,9.71,263.8,30,27.6
2026-09-16T19:00,node/1722136431,Cervecería Catalana,,,,41.3924032,2.1609008,0,9.71,263.8,30,27.6
2026-09-16T19:00,node/1739122591,La Tagliatella,,,,41.3943371,2.1521208,1,9.71,263.8,30,27.6
2026-09-16T19:00,node/1813593370,Bar Capricornio,,,,41.4381257,2.2179547,1,9.71,263.8,30,27.6
2026-09-16T19:00,node/1820633320,CASA TEVA,,,,41.3752815,2.1166845,1,9.71,263.8,30,27.6
2026-09-16T19:00,node/1824133931,Carmesí,,,,41.3737373,2.1644452,0,9.71,263.8,30,27.6
2026-09-16T19:00,node/1948986220,Cafeteria UPF Jaume I,,,,41.3900298,2.1901118,0,9.71,263.8,30,27.6
2026-09-16T19:00,node/1948987514,Cafeteria UPF Roger de Lluria,,,,41.3886776,2.1915119,0,9.71,263.8,30,27.6
2026-09-16T19:00,node/1951812612,Casa Pagès,,,,41.3998447,2.1613114,0,9.71,263.8,30,27.6
2026-09-16T19:00,node/1960366982,Casa Amalia,,,,41.3962525,2.1685646,0,9.71,263.8,30,27.6
2026-09-16T19:00,node/1984001407,Bar de la FIB,,,,41.3894239,2.1132363,0,9.71,263.8,30,27.6
2026-09-16T19:00,node/2034780565,Cerbeseria Lesseps,,,,41.4073551,2.1514486,1,9.71,263.8,30,27.6
2026-09-16T19:00,node/2034780569,L'Brasseria,,,,41.4067629,2.1516314,0,9.71,263.8,30,27.6
2026-09-16T19:00,node/2056517879,Caelum,,,,41.3830524,2.1744369,0,9.71,263.8,30,27.6
2026-09-16T19:00,node/2065469522,Restaurant Pipa,,,,41.3997461,2.2003004,0,9.71,263.8,30,27.6
2026-09-16T19:00,node/2087204991,La Sanguchería,,,,41.3954987,2.1484037,0,9.71,263.8,30,27.6
2026-09-16T19:00,node/2091604731,Tapa Tapa,,,,41.3762094,2.1500463,1,9.71,263.8,30,27.6
2026-09-16T19:00,node/2112843062,El Vaixell-2,,,,41.4541291,2.2350201,1,9.71,263.8,30,27.6
2026-09-16T19:00,node/2165154147,Asador de Lugo,,,,41.3797623,2.1376748,0,9.71,263.8,30,27.6
2026-09-16T19:00,node/2184580476,Bar del Pi,,,,41.3824922,2.1739624,0,9.71,263.8,30,27.6
2026-09-16T19:00,node/2187210264,Sopa,,,,41.4023416,2.1952788,0,9.71,263.8,30,27.6
2026-09-16T19:00,node/2197824500,Tierra del fuego,,,,41.4016702,2.2016399,0,9.71,263.8,30,27.6
2026-09-16T19:00,node/2213839299,Pollo Rico,,,,41.3791045,2.1721976,0,9.71,263.8,30,27.6
2026-09-16T19:00,node/2364075421,Chen-Ji,,,,41.3936143,2.1807074,0,9.71,263.8,30,27.6
2026-09-16T19:00,node/2434563732,La Bella Napoli,,,,41.3743686,2.1637621,0,9.71,263.8,30,27.6
2026-09-16T19:00,node/2442785485,El Círcol,,,,41.4501968,2.2474223,1,9.71,263.8,30,27.6
2026-09-16T19:00,node/2468197823,365 Cafeteria Forn de Pa,,,,41.3752071,2.1635151,1,9.71,263.8,30,27.6
2026-09-16T19:00,node/2476332030,Bar Lennon,,,,41.4028901,2.1612576,0,9.71,263.8,30,27.6
2026-09-16T19:00,node/2500906795,Bar Lúdic Queimada Nivell Q,,,,41.4094152,2.1808913,0,9.71,263.8,30,27.6
2026-09-16T19:00,node/2598482930,Con Gracia,,,,41.3990704,2.1600617,0,9.71,263.8,30,27.6
2026-09-16T19:00,node/2609183969,Fukuoka,,,,41.4022587,2.1612976,0,9.71,263.8,30,27.6
2026-09-16T19:00,node/2610750687,Xiringuito Aigua,,,,41.4096717,2.1683236,0,9.71,263.8,30,27.6
2026-09-16T19:00,node/2618447074,Vegetalia,,,,41.3803973,2.1776952,0,9.71,263.8,30,27.6
2026-09-16T19:00,node/2618538581,Veggie Garden,,,,41.3822767,2.1680336,0,9.71,263.8,30,27.6
2026-09-16T19:00,node/2618538595,Biocenter,,,,41.3825765,2.1694364,0,9.71,263.8,30,27.6
2026-09-16T19:00,node/2684052224,Pai Mei,,,,41.4051863,2.1931071,0,9.71,263.8,30,27.6
2026-09-16T19:00,node/2687089274,Dolça Estona,,,,41.4117096,2.1394938,0,9.71,263.8,30,27.6
2026-09-16T19:00,node/2689736934,Bar Bodega Molina,,,,41.4403298,2.1817019,0,9.71,263.8,30,27.6
2026-09-16T19:00,node/2721077740,Bar Veni,,,,41.3848861,2.1667078,0,9.71,263.8,30,27.6
2026-09-16T19:00,node/2727449418,Las Euras,,,,41.3998785,2.1577187,0,9.71,263.8,30,27.6
2026-09-16T19:00,node/2793491051,La bona tapa,,,,41.4368098,2.2166172,1,9.71,263.8,30,27.6
2026-09-16T19:00,node/2892028393,Kino,,,,41.3825992,2.1665452,0,9.71,263.8,30,27.6
2026-09-16T19:00,node/2892037115,23 Robadors,,,,41.3796029,2.1708903,0,9.71,263.8,30,27.6
2026-09-16T19:00,node/2910255826,Shôko,,,,41.3854991,2.1969746,0,9.71,263.8,30,27.6
2026-09-16T19:00,node/2910255827,Opium,,,,41.3852778,2.1967099,0,9.71,263.8,30,27.6
2026-09-16T19:00,node/2927944587,Tapas Tapas!,,,,41.3745104,2.1829399,1,9.71,263.8,30,27.6
2026-09-16T19:00,node/2951499208,El racó d'en Henry,,,,41.4394757,2.2215013,1,9.71,263.8,30,27.6
2026-09-16T19:00,node/2966340931,El Capritx,,,,41.4022886,2.1998883,0,9.71,263.8,30,27.6
2026-09-16T19:00,node/2968119440,Can Tresó,,,,41.4028999,2.1537483,0,9.71,263.8,30,27.6
2026-09-16T19:00,node/2969276727,La Sirena Verde,,,,41.4027605,2.1657128,0,9.71,263.8,30,27.6
2026-09-16T19:00,node/2969277275,Café de l'Eixample,,,,41.4005021,2.1690108,0,9.71,263.8,30,27.6
2026-09-16T19:00,node/2970751844,Taverna El Disbarat,,,,41.4017728,2.1545227,0,9.71,263.8,30,27.6
2026-09-16T19:00,node/3007755352,La Pausa,,,,41.4071883,2.1557816,0,9.71,263.8,30,27.6
2026-09-16T19:00,node/3007803307,Oh La Lá,,,,41.4460123,2.2485803,1,9.71,263.8,30,27.6
2026-09-16T19:00,node/3048077142,L'Aliança del Poblenou,,,,41.3997067,2.2032276,0,9.71,263.8,30,27.6
2026-09-16T19:00,node/3049368344,Clot76,,,,41.4082815,2.1885259,0,9.71,263.8,30,27.6
2026-09-16T19:00,node/3084370508,Marina Bay By Moncho's,,,,41.3863077,2.1975017,0,9.71,263.8,30,27.6
2026-09-16T19:00,node/3084507933,Caravelle,,,,41.3822872,2.1688475,0,9.71,263.8,30,27.6
2026-09-16T19:00,node/3120072573,Bar Restaurant Nàutic,,,,41.3806088,2.1408397,1,9.71,263.8,30,27.6
2026-09-16T19:00,node/3177990194,Mezcal Taco Bar,,,,41.3830563,2.1554872,0,9.71,263.8,30,27.6
2026-09-16T19:00,node/3270120640,Luigi,,,,41.3862659,2.1753788,0,9.71,263.8,30,27.6
2026-09-16T19:00,node/3271554311,Al Sultán,,,,41.4035661,2.1554863,0,9.71,263.8,30,27.6
2026-09-16T19:00,node/3328694987,Nou Candanchú,,,,41.4005128,2.1576475,0,9.71,263.8,30,27.6
2026-09-16T19:00,node/3339670930,Bahia,,,,41.3803265,2.1774842,0,9.71,263.8,30,27.6
2026-09-16T19:00,node/3441700493,Santos Tapas,,,,41.3818417,2.1745121,0,9.71,263.8,30,27.6
2026-09-16T19:00,node/3491476947,Bar del Pla,,,,41.3856036,2.1800221,0,9.71,263.8,30,27.6
2026-09-16T19:00,node/3496970198,Centre Cívic Can Deu,,,,41.3869027,2.1327794,0,9.71,263.8,30,27.6
2026-09-16T19:00,node/3504769719,El Rincón,,,,41.3908977,2.1900669,0,9.71,263.8,30,27.6
2026-09-16T19:00,node/3517276245,Bar Canigó,,,,41.4029724,2.1579186,0,9.71,263.8,30,27.6
2026-09-16T19:00,node/3522552400,Àpat's,,,,41.3757617,2.1419109,0,9.71,263.8,30,27.6
2026-09-16T19:00,node/3548547194,El Bon Menjador - 2,,,,41.4388101,2.2172863,1,9.71,263.8,30,27.6
2026-09-16T19:00,node/3548548998,Bar Morales,,,,41.4395878,2.2165237,1,9.71,263.8,30,27.6
2026-09-16T19:00,node/3548613495,Bar Paula's Tapería,,,,41.4385437,2.2175484,1,9.71,263.8,30,27.6
2026-09-16T19:00,node/3556089494,Delicias Mediterráneas,,,,41.4415079,2.2267435,1,9.71,263.8,30,27.6
2026-09-16T19:00,node/3556089497,Xurreria Rodríguez,,,,41.4416928,2.2264651,1,9.71,263.8,30,27.6
2026-09-16T19:00,node/3556089803,Bar de La Salut,,,,41.4422594,2.2258792,1,9.71,263.8,30,27.6
2026-09-16T19:00,node/3560942698,Sandvitxeria Alhociema,,,,41.4443624,2.2236761,1,9.71,263.8,30,27.6
2026-09-16T19:00,node/3560955995,Centro Cultural Castellano-manchego,,,,41.4390698,2.2176297,1,9.71,263.8,30,27.6
2026-09-16T19:00,node/3595399490,Bar Familiar,,,,41.4359163,2.2182018,1,9.71,263.8,30,27.6
2026-09-16T19:00,node/3595399769,La granja de Casablanca,,,,41.4357671,2.2189395,1,9.71,263.8,30,27.6
2026-09-16T19:00,node/3595401238,Bar Alcázar,,,,41.4365542,2.2183742,1,9.71,263.8,30,27.6
2026-09-16T19:00,node/3596986411,Agrupación Cultural Galega Agarimos,,,,41.4358268,2.2165495,1,9.71,263.8,30,27.6
2026-09-16T19:00,node/3612059306,Nabuco Tiramisú,,,,41.4004523,2.1577244,0,9.71,263.8,30,27.6
2026-09-16T19:00,node/3620986554,Yamane,,,,41.3868061,2.1808426,0,9.71,263.8,30,27.6
2026-09-16T19:00,node/3620991692,Yamaneko-ryouri,,,,41.4016619,2.1447787,0,9.71,263.8,30,27.6
2026-09-16T19:00,node/3624045193,Bar-Granja Maribel,,,,41.4399092,2.2235793,1,9.71,263.8,30,27.6
2026-09-16T19:00,node/3624045293,Bar La Cantonada,,,,41.4396227,2.2242325,1,9.71,263.8,30,27.6
2026-09-16T19:00,node/3713349650,Groin's,,,,41.4108415,2.1637178,0,9.71,263.8,30,27.6
2026-09-16T19:00,node/3718061014,Bar Calders,,,,41.3764788,2.1623937,0,9.71,263.8,30,27.6
2026-09-16T19:00,node/3730796125,Buenas Migas,,,,41.3975542,2.1587856,0,9.71,263.8,30,27.6
2026-09-16T19:00,node/3761312382,La Fonda,,,,41.3793598,2.1762144,0,9.71,263.8,30,27.6
2026-09-16T19:00,node/3777075876,Oaxaca,,,,41.3821041,2.1838988,0,9.71,263.8,30,27.6
2026-09-16T19:00,node/3779149860,EsPan's,,,,41.4349094,2.2194667,1,9.71,263.8,30,27.6
2026-09-16T19:00,node/3794002044,Samurai Ramen,,,,41.3736753,2.1548947,0,9.71,263.8,30,27.6
2026-09-16T19:00,node/3804046057,Robata Sushi & Grill,,,,41.3904886,2.1585836,0,9.71,263.8,30,27.6
2026-09-16T19:00,node/3809169458,Freiduría El Boquerón,,,,41.4400822,2.2264769,1,9.71,263.8,30,27.6
2026-09-16T19:00,node/3809169459,Marisquería Melchor,,,,41.4401715,2.2266602,1,9.71,263.8,30,27.6
2026-09-16T19:00,node/3809169461,Elhotro bar,,,,41.4401247,2.2268506,1,9.71,263.8,30,27.6
2026-09-16T19:00,node/3809169658,Carte d'Or,,,,41.4403068,2.2274065,1,9.71,263.8,30,27.6
2026-09-16T19:00,node/3809169668,Vivari,,,,41.4408122,2.2271125,1,9.71,263.8,30,27.6
2026-09-16T19:00,node/3809169669,Pantaiberic delicatessen,,,,41.4408174,2.2269502,1,9.71,263.8,30,27.6
2026-09-16T19:00,node/3840009426,La Esquinica,,,,41.4304816,2.1712169,1,9.71,263.8,30,27.6
2026-09-16T19:00,node/3874539219,Café del Centre,,,,41.3946111,2.1712059,0,9.71,263.8,30,27.6
2026-09-16T19:00,node/3890922254,Characato,,,,41.4046885,2.1836218,0,9.71,263.8,30,27.6
2026-09-16T19:00,node/3901403358,Les Dues Sicilies,,,,41.3866097,2.1802613,0,9.71,263.8,30,27.6
2026-09-16T19:00,node/3955968257,El racó de les Glòries,,,,41.3986109,2.1978895,0,9.71,263.8,30,27.6
2026-09-16T19:00,node/4060217594,Matt & Marshall,,,,41.3993348,2.1997769,0,9.71,263.8,30,27.6
2026-09-16T19:00,node/4073605889,Mariscco,,,,41.3804885,2.1753271,0,9.71,263.8,30,27.6
2026-09-16T19:00,node/4126257971,Xixbar,,,,41.3758485,2.1576176,0,9.71,263.8,30,27.6
2026-09-16T19:00,node/4127494769,Vapiano,,,,41.3788941,2.1758361,0,9.71,263.8,30,27.6
2026-09-16T19:00,node/4138815989,Nømad Cøffee,,,,41.3889108,2.1771731,0,9.71,263.8,30,27.6
2026-09-16T19:00,node/4150499794,El 68,,,,41.4023622,2.1612062,0,9.71,263.8,30,27.6
2026-09-16T19:00,node/4166496789,Bar Thonet Grill Room,,,,41.3792408,2.1761073,0,9.71,263.8,30,27.6
2026-09-16T19:00,node/4168100800,Cervecería Frankfurt Europa,,,,41.4396191,2.2191504,1,9.71,263.8,30,27.6
2026-09-16T19:00,node/4225209596,Bar El Velodromo,,,,41.3934442,2.1501395,0,9.71,263.8,30,27.6
2026-09-16T19:00,node/4225810298,Bar Nolla,,,,41.3905504,2.1647825,0,9.71,263.8,30,27.6
2026-09-16T19:00,node/4233959493,Pastisseria Granja,,,,41.3795042,2.1792309,0,9.71,263.8,30,27.6
2026-09-16T19:00,node/4239222689,Rekons,,,,41.3806195,2.1610796,0,9.71,263.8,30,27.6
2026-09-16T19:00,node/4244877765,Bar La Peña,,,,41.4404265,2.2170329,1,9.71,263.8,30,27.6
2026-09-16T19:00,node/4247196393,cal mariner,,,,41.3791754,2.1898206,0,9.71,263.8,30,27.6
2026-09-16T19:00,node/4253851490,El Trencadís,,,,41.3937976,2.1655309,0,9.71,263.8,30,27.6
2026-09-16T19:00,node/4253862889,Hummus,,,,41.3912547,2.1611975,0,9.71,263.8,30,27.6
2026-09-16T19:00,node/4254090289,La tasqueta de Blai,,,,41.3733347,2.1652358,0,9.71,263.8,30,27.6
2026-09-16T19:00,node/4254094290,Rosa Negra,,,,41.3819164,2.1687596,0,9.71,263.8,30,27.6
2026-09-16T19:00,node/4254704967,Firebug Brunch,,,,41.3927459,2.1778691,0,9.71,263.8,30,27.6
2026-09-16T19:00,node/4254996890,La Macchina,,,,41.4030005,2.1535966,0,9.71,263.8,30,27.6
2026-09-16T19:00,node/4267035492,Kebabish,,,,41.4409198,2.2217884,1,9.71,263.8,30,27.6
2026-09-16T19:00,node/4267055591,La cantina del tapeo,,,,41.4420999,2.2200224,1,9.71,263.8,30,27.6
2026-09-16T19:00,node/4278033120,Buenas Migas,,,,41.3838044,2.1696233,0,9.71,263.8,30,27.6
2026-09-16T19:00,node/4283188047,Granja Romaní,,,,41.4348618,2.2179712,1,9.71,263.8,30,27.6
2026-09-16T19:00,node/4283194434,Bar La Paradeta,,,,41.4337773,2.2167771,1,9.71,263.8,30,27.6
2026-09-16T19:00,node/4291934189,Fonda Espanya,,,,41.3799009,2.1728032,0,9.71,263.8,30,27.6
2026-09-16T19:00,node/4306440989,Blai 9,,,,41.3730722,2.1658539,0,9.71,263.8,30,27.6
2026-09-16T19:00,node/4314857689,El punt,,,,41.4413807,2.2316251,1,9.71,263.8,30,27.6
2026-09-16T19:00,node/4314859689,Versace,,,,41.4337089,2.2172203,1,9.71,263.8,30,27.6
2026-09-16T19:00,node/4315715092,Petit Comitè,,,,41.3943551,2.1600308,0,9.71,263.8,30,27.6
2026-09-16T19:00,node/4321183403,Brunch & Cake,,,,41.3882834,2.1615596,0,9.71,263.8,30,27.6
2026-09-16T19:00,node/4336933393,Mayura,,,,41.3938992,2.1720914,0,9.71,263.8,30,27.6
2026-09-16T19:00,node/4340119890,VIENA,,,,41.3579934,2.1293918,1,9.71,263.8,30,27.6
2026-09-16T19:00,node/4349925690,Nemrut,,,,41.3810051,2.1772158,0,9.71,263.8,30,27.6
2026-09-16T19:00,node/4350019284,Palosanto,,,,41.3808122,2.1772701,0,9.71,263.8,30,27.6
2026-09-16T19:00,node/4364289794,Faborit Casa Amatller,,,,41.3915836,2.1650592,0,9.71,263.8,30,27.6
2026-09-16T19:00,node/4386702690,Red Ant Noodle Bar,,,,41.3880129,2.1810961,0,9.71,263.8,30,27.6
2026-09-16T19:00,node/4396244190,Fresc Co,,,,41.3891657,2.1969678,0,9.71,263.8,30,27.6
2026-09-16T19:00,node/4401234193,BlackLab Brewhouse & Kitchen,,,,41.3812305,2.1854573,1,9.71,263.8,30,27.6
2026-09-16T19:00,node/4431102493,Forn Puiggròs,,,,41.4102615,2.1741597,0,9.71,263.8,30,27.6
2026-09-16T19:00,node/4439412389,La Vinya del Senyor,,,,41.3832546,2.1818655,0,9.71,263.8,30,27.6
2026-09-16T19:00,node/4440352791,La Gavina,,,,41.3807532,2.1853211,1,9.71,263.8,30,27.6
2026-09-16T19:00,node/4443367289,Pannus,,,,41.3863691,2.1726728,0,9.71,263.8,30,27.6
2026-09-16T19:00,node/4449185678,Il Caffè di Francesco,,,,41.3908733,2.1652201,0,9.71,263.8,30,27.6
2026-09-16T19:00,node/4451904190,Bar Granadino,,,,41.4404153,2.2238276,1,9.71,263.8,30,27.6
2026-09-16T19:00,node/4451904193,La ciudad de oro,,,,41.4408727,2.2240695,1,9.71,263.8,30,27.6
2026-09-16T19:00,node/4451986792,Cafe Bar Florida,,,,41.4403503,2.2236929,1,9.71,263.8,30,27.6
2026-09-16T19:00,node/4451986793,Bar Amigo,,,,41.4411469,2.2238965,1,9.71,263.8,30,27.6
2026-09-16T19:00,node/4451988991,Bar Frankfurt Jaime,,,,41.4408051,2.2241201,1,9.71,263.8,30,27.6
2026-09-16T19:00,node/4451989090,Entre tapes,,,,41.4423118,2.2237245,1,9.71,263.8,30,27.6
2026-09-16T19:00,node/4451992791,Bar Leo,,,,41.4406309,2.2245529,1,9.71,263.8,30,27.6
2026-09-16T19:00,node/4452031691,Bar La Granja,,,,41.4427953,2.2241899,1,9.71,263.8,30,27.6
2026-09-16T19:00,node/4455238130,Anahuac,,,,41.3965161,2.1513989,0,9.71,263.8,30,27.6
2026-09-16T19:00,node/4461595656,Cafeteria de la Biblioteca Jaumer Fuster,,,,41.4075557,2.1493457,0,9.71,263.8,30,27.6
2026-09-16T19:00,node/4470059420,Mesón Gallego,,,,41.3818896,2.0709288,1,9.71,263.8,30,27.6
2026-09-16T19:00,node/4486639527,Boldú,,,,41.3973783,2.1517865,0,9.71,263.8,30,27.6
2026-09-16T19:00,node/4486683966,La Tagliatella,,,,41.3974141,2.1514101,0,9.71,263.8,30,27.6
2026-09-16T19:00,node/4503193765,Bicioci,,,,41.3999229,2.1619101,0,9.71,263.8,30,27.6
2026-09-16T19:00,node/4509411660,Bar Mediterráneo,,,,41.4343007,2.2180868,1,9.71,263.8,30,27.6
2026-09-16T19:00,node/4516538193,Más Que Sushi,,,,41.3774227,2.1527247,0,9.71,263.8,30,27.6
2026-09-16T19:00,node/4516600994,Salambó,,,,41.4044546,2.1576355,0,9.71,263.8,30,27.6
2026-09-16T19:00,node/4520259289,Cachitos,,,,41.3953057,2.1536913,0,9.71,263.8,30,27.6
2026-09-16T19:00,node/4572063790,Cafetería 365,,,,41.3744652,2.1675541,0,9.71,263.8,30,27.6
2026-09-16T19:00,node/4580517495,Cadaqués,,,,41.4004717,2.1574102,0,9.71,263.8,30,27.6
2026-09-16T19:00,node/4591423938,Arabia Cafe,,,,41.3796023,2.1762764,0,9.71,263.8,30,27.6
2026-09-16T19:00,node/4602957463,Otafuku Daifuku,,,,41.3861633,2.1813225,0,9.71,263.8,30,27.6
2026-09-16T19:00,node/4631918790,Casa López,,,,41.4047191,2.1550626,0,9.71,263.8,30,27.6
2026-09-16T19:00,node/4643974106,Kyoka Via Augusta,,,,41.3979693,2.1315017,1,9.71,263.8,30,27.6
2026-09-16T19:00,node/4654613659,afiparc,,,,41.4134414,2.1527296,1,9.71,263.8,30,27.6
2026-09-16T19:00,node/4668687590,Can Vilaró,,,,41.3779004,2.1617005,0,9.71,263.8,30,27.6
2026-09-16T19:00,node/4673198082,Montesquiu,,,,41.4046825,2.1325233,0,9.71,263.8,30,27.6
2026-09-16T19:00,node/4680760648,Sushi Taller,,,,41.4048621,2.1326565,0,9.71,263.8,30,27.6
2026-09-16T19:00,node/4681801089,Orxateria la Valenciana,,,,41.3863413,2.1622578,0,9.71,263.8,30,27.6
2026-09-16T19:00,node/4704972453,majide,,,,41.3849224,2.1674688,0,9.71,263.8,30,27.6
2026-09-16T19:00,node/4709933976,Sottovoce,,,,41.3579226,2.1294974,1,9.71,263.8,30,27.6
2026-09-16T19:00,node/4711659235,Casa Lolea,,,,41.3888056,2.1771897,0,9.71,263.8,30,27.6
2026-09-16T19:00,node/4720526074,El Charrito,,,,41.3896183,2.1662427,0,9.71,263.8,30,27.6
2026-09-16T19:00,node/4721286889,Prodigi,,,,41.3985973,2.1659559,0,9.71,263.8,30,27.6
2026-09-16T19:00,node/4726582894,Catalina Cafe,,,,41.3862071,2.1793039,0,9.71,263.8,30,27.6
2026-09-16T19:00,node/4726583193,Betlem,,,,41.3949258,2.1712207,0,9.71,263.8,30,27.6
2026-09-16T19:00,node/4727975192,La Coruña,,,,41.4083413,2.1851911,0,9.71,263.8,30,27.6
2026-09-16T19:00,node/4728103192,Cafè Arrels,,,,41.4137041,2.1809929,0,9.71,263.8,30,27.6
2026-09-16T19:00,node/4729343193,Cervecería Frankfurt El Molino,,,,41.3746194,2.1669636,0,9.71,263.8,30,27.6
2026-09-16T19:00,node/4735766123,I'll Pomo d'Oro,,,,41.3926987,2.1585151,0,9.71,263.8,30,27.6
2026-09-16T19:00,node/4743830714,Casa Escarré (Joan's),,,,41.3747567,2.1427755,0,9.71,263.8,30,27.6
2026-09-16T19:00,node/4751727952,Bar Ribalda,,,,41.4026552,2.1328307,0,9.71,263.8,30,27.6
2026-09-16T19:00,node/4755496723,Brewdog,,,,41.3857301,2.1581661,0,9.71,263.8,30,27.6
2026-09-16T19:00,node/4756509699,Morro fi,,,,41.3833069,2.1550311,0,9.71,263.8,30,27.6
2026-09-16T19:00,node/4776357929,Tomodachi,,,,41.4053891,2.1644663,0,9.71,263.8,30,27.6
2026-09-16T19:00,node/4778618049,De Gustibus Italiae,,,,41.4027491,2.1330183,0,9.71,263.8,30,27.6
2026-09-16T19:00,node/4784670742,Índigo Café,,,,41.3874831,2.1626443,0,9.71,263.8,30,27.6
2026-09-16T19:00,node/4792724121,Venus Delicatessen Barcelona,,,,41.3807065,2.1779781,0,9.71,263.8,30,27.6
2026-09-16T19:00,node/4802341078,El Quatre,,,,41.4031267,2.1333762,0,9.71,263.8,30,27.6
2026-09-16T19:00,node/4805335780,Madonna Vegan,,,,41.3812162,2.1671279,0,9.71,263.8,30,27.6
2026-09-16T19:00,node/4816093515,Olímpic Bar,,,,41.4422394,2.2177816,1,9.71,263.8,30,27.6
2026-09-16T19:00,node/4822739686,Bar El Racó,,,,41.4417497,2.2212713,1,9.71,263.8,30,27.6
2026-09-16T19:00,node/4838956921,Supra,,,,41.3910798,2.1613999,0,9.71,263.8,30,27.6
2026-09-16T19:00,node/4844565923,Pampa Drugstore,,,,41.3827176,2.1712051,0,9.71,263.8,30,27.6
2026-09-16T19:00,node/4847673021,Usagui,,,,41.4021671,2.1463849,0,9.71,263.8,30,27.6
2026-09-16T19:00,node/4859449960,Restaurant el Magatzem,,,,41.3805096,2.1863595,0,9.71,263.8,30,27.6
2026-09-16T19:00,node/4859450597,Restaurant Cal Pinxo,,,,41.3806265,2.1855795,1,9.71,263.8,30,27.6
2026-09-16T19:00,node/4867833221,Pizzeria El Mundo,,,,41.3751322,2.1231212,1,9.71,263.8,30,27.6
2026-09-16T19:00,node/4881181797,Sierra Nevada,,,,41.4420581,2.1834715,0,9.71,263.8,30,27.6
2026-09-16T19:00,node/4903340658,El Ramblero,,,,41.4219271,2.1969049,1,9.71,263.8,30,27.6
2026-09-16T19:00,node/4906736149,L'Olivera,,,,41.4058547,2.1893093,1,9.71,263.8,30,27.6
2026-09-16T19:00,node/4917663030,Picnic,,,,41.4179648,2.1988442,0,9.71,263.8,30,27.6
2026-09-16T19:00,node/4937772721,Vila's Bar,,,,41.4059086,2.1571314,0,9.71,263.8,30,27.6
2026-09-16T19:00,node/4938104321,Hammock Juice Station,,,,41.3971863,2.1671778,0,9.71,263.8,30,27.6
2026-09-16T19:00,node/4973805221,Brunch & Cake by the sea,,,,41.3809714,2.1872568,0,9.71,263.8,30,27.6
2026-09-16T19:00,node/4973805421,Quinoa Aragó Vegetarià,,,,41.3886233,2.1598684,0,9.71,263.8,30,27.6
2026-09-16T19:00,node/4977546909,Tonkotsu,,,,41.3938467,2.1650368,0,9.71,263.8,30,27.6
2026-09-16T19:00,node/4983764927,Cervecería-Frankfurt,,,,41.4394391,2.2207951,1,9.71,263.8,30,27.6
2026-09-16T19:00,node/4983764935,Max Bar,,,,41.4401476,2.2214687,1,9.71,263.8,30,27.6
2026-09-16T19:00,node/4983764944,Bar Verín,,,,41.4396911,2.2210187,1,9.71,263.8,30,27.6
2026-09-16T19:00,node/4983764949,Bar R'Aurora,,,,41.4400582,2.2213943,1,9.71,263.8,30,27.6
2026-09-16T19:00,node/4983764952,Trocadero,,,,41.4385047,2.2204982,1,9.71,263.8,30,27.6
2026-09-16T19:00,node/4983764957,Bar La Alpujarra,,,,41.4420698,2.2228867,1,9.71,263.8,30,27.6
2026-09-16T19:00,node/4983764958,Sant Mori,,,,41.4390777,2.2210618,1,9.71,263.8,30,27.6
2026-09-16T19:00,node/4983764960,El buen gusto,,,,41.4411919,2.2225719,1,9.71,263.8,30,27.6
2026-09-16T19:00,node/4983764965,Bar Junior Bodega,,,,41.4417139,2.2225318,1,9.71,263.8,30,27.6
2026-09-16T19:00,node/4983764975,Bar Satisfecho,,,,41.4385461,2.2198488,1,9.71,263.8,30,27.6
2026-09-16T19:00,node/4983765002,Bar sushi Salon,,,,41.4425727,2.2233672,1,9.71,263.8,30,27.6
2026-09-16T19:00,node/4983765004,Corre que se acaban,,,,41.4392453,2.2212328,1,9.71,263.8,30,27.6
2026-09-16T19:00,node/4983765005,365,,,,41.4403303,2.2225575,1,9.71,263.8,30,27.6
2026-09-16T19:00,node/4984256695,Pampa Mía,,,,41.4085709,2.2035603,1,9.71,263.8,30,27.6
2026-09-16T19:00,node/4991221422,Salterio,,,,41.3825107,2.1760837,0,9.71,263.8,30,27.6
2026-09-16T19:00,node/5007434606,La Balmesina,,,,41.3970301,2.1522555,0,9.71,263.8,30,27.6
2026-09-16T19:00,node/5010794721,Syra Coffee,,,,41.4014925,2.1595216,0,9.71,263.8,30,27.6
2026-09-16T19:00,node/5010794821,Nomad Frutas Selectas,,,,41.3979292,2.1955517,0,9.71,263.8,30,27.6
2026-09-16T19:00,node/5023905423,Petra,,,,41.4038883,2.1551166,0,9.71,263.8,30,27.6
2026-09-16T19:00,node/5028969022,Guzzo,,,,41.3850929,2.1836594,0,9.71,263.8,30,27.6
2026-09-16T19:00,node/5030247521,La Pantera Rosa,,,,41.4010493,2.1525903,0,9.71,263.8,30,27.6
2026-09-16T19:00,node/5037900607,Orio,,,,41.3819545,2.1763606,0,9.71,263.8,30,27.6
2026-09-16T19:00,node/5048602525,Blau Cel,,,,41.4043091,2.1612896,0,9.71,263.8,30,27.6
2026-09-16T19:00,node/5053669724,La Xula Taperia,,,,41.4023295,2.1586126,0,9.71,263.8,30,27.6
2026-09-16T19:00,node/5081388242,La Raposa,,,,41.3725137,2.1639527,0,9.71,263.8,30,27.6
2026-09-16T19:00,node/5082277825,Vermuteria Puigmartí,,,,41.4013967,2.1590604,0,9.71,263.8,30,27.6
2026-09-16T19:00,node/5082277826,Caracas,,,,41.4020908,2.1601676,0,9.71,263.8,30,27.6
2026-09-16T19:00,node/5082288821,Curuba,,,,41.3999554,2.1574731,0,9.71,263.8,30,27.6
2026-09-16T19:00,node/5086827321,Metric Market,,,,41.3916196,2.1419287,0,9.71,263.8,30,27.6
2026-09-16T19:00,node/5088945722,La Juanola,,,,41.4066765,2.1569377,0,9.71,263.8,30,27.6
2026-09-16T19:00,node/5089333723,Ciuri‘s,,,,41.4052466,2.1565749,0,9.71,263.8,30,27.6
2026-09-16T19:00,node/5105012628,Entre Hores,,,,41.4030943,2.1577829,0,9.71,263.8,30,27.6
2026-09-16T19:00,node/5109943322,Intrèpid,,,,41.4043018,2.1550041,0,9.71,263.8,30,27.6
2026-09-16T19:00,node/5110964523,La Trobada,,,,41.4015625,2.1520155,0,9.71,263.8,30,27.6
2026-09-16T19:00,node/5111094221,El Dorado Chicken,,,,41.3930251,2.1579995,0,9.71,263.8,30,27.6
2026-09-16T19:00,node/5113896626,Granja Fimon's,,,,41.4477805,2.2438919,1,9.71,263.8,30,27.6
2026-09-16T19:00,node/5118124314,Kebab Bocateli,,,,41.4426035,2.2166674,1,9.71,263.8,30,27.6
2026-09-16T19:00,node/5118126421,Bar Frankfurt Polideportivo,,,,41.4429429,2.2162226,1,9.71,263.8,30,27.6
2026-09-16T19:00,node/5118126428,Granja Modesto,,,,41.4343689,2.2158958,1,9.71,263.8,30,27.6
2026-09-16T19:00,node/5118126435,Cafeteria i Forn de pa Grey,,,,41.4332655,2.2174982,1,9.71,263.8,30,27.6
2026-09-16T19:00,node/5118126438,Frankfurt Piscis,,,,41.4360107,2.2158678,1,9.71,263.8,30,27.6
2026-09-16T19:00,node/5118126440,Bar Julio,,,,41.4348299,2.2151483,1,9.71,263.8,30,27.6
2026-09-16T19:00,node/5118126443,Bar Beethoven,,,,41.4328863,2.2181523,1,9.71,263.8,30,27.6
2026-09-16T19:00,node/5118126453,Bar Bondia,,,,41.4342763,2.2160261,1,9.71,263.8,30,27.6
2026-09-16T19:00,node/5128075585,Monkey Factory,,,,41.3927261,2.1544614,0,9.71,263.8,30,27.6
2026-09-16T19:00,node/5137360822,El Jardí,,,,41.4475237,2.2469586,1,9.71,263.8,30,27.6
2026-09-16T19:00,node/5144745888,Bar La Imperial,,,,41.4372451,2.2200669,1,9.71,263.8,30,27.6
2026-09-16T19:00,node/5144745889,Gabi,,,,41.4372105,2.2199582,1,9.71,263.8,30,27.6
2026-09-16T19:00,node/5144745893,Bar India,,,,41.4420657,2.2284253,1,9.71,263.8,30,27.6
2026-09-16T19:00,node/5144745896,Mokka,,,,41.4371063,2.2201689,1,9.71,263.8,30,27.6
2026-09-16T19:00,node/5156690125,Loc,,,,41.4351636,2.2283155,1,9.71,263.8,30,27.6
2026-09-16T19:00,node/5160440326,Les Termes Bdn,,,,41.4520115,2.2476488,1,9.71,263.8,30,27.6
2026-09-16T19:00,node/5167185733,La Sucursal,,,,41.3806502,2.1611889,0,9.71,263.8,30,27.6
2026-09-16T19:00,node/5167569072,El Mercader de L'Eixample,,,,41.3923316,2.1603286,0,9.71,263.8,30,27.6
2026-09-16T19:00,node/5168232324,Colmado,,,,41.3819235,2.1744264,0,9.71,263.8,30,27.6
2026-09-16T19:00,node/5175039621,Green's,,,,41.3959672,2.1496553,0,9.71,263.8,30,27.6
2026-09-16T19:00,node/5176233727,Els Porxos,,,,41.4031581,2.1751611,0,9.71,263.8,30,27.6
2026-09-16T19:00,node/5182260830,Catafal,,,,41.4088089,2.1468574,0,9.71,263.8,30,27.6
2026-09-16T19:00,node/5190930121,Casa Ángel,,,,41.4070235,2.1818566,0,9.71,263.8,30,27.6
2026-09-16T19:00,node/5192085421,Esterri,,,,41.3812805,2.1618108,0,9.71,263.8,30,27.6
2026-09-16T19:00,node/5198200824,Copa d'Or,,,,41.3963876,2.1688461,0,9.71,263.8,30,27.6
2026-09-16T19:00,node/5198200829,Gyoza Bistró,,,,41.3940771,2.1723519,0,9.71,263.8,30,27.6
2026-09-16T19:00,node/5198201036,Nou Can Codina,,,,41.3989586,2.1608728,0,9.71,263.8,30,27.6
2026-09-16T19:00,node/5198201122,La Particcela,,,,41.3961328,2.1697679,0,9.71,263.8,30,27.6
2026-09-16T19:00,node/5198201124,Riko's Braseria - Restaurante,,,,41.3929731,2.1692667,0,9.71,263.8,30,27.6
2026-09-16T19:00,node/5199743028,seven7seven,,,,41.3898868,2.1622344,0,9.71,263.8,30,27.6
2026-09-16T19:00,node/5207046925,Sense Nom,,,,41.3843558,2.1622563,0,9.71,263.8,30,27.6
2026-09-16T19:00,node/5207067522,El Maravillas,,,,41.3868914,2.1323626,0,9.71,263.8,30,27.6
2026-09-16T19:00,node/5208223424,Bonastre,,,,41.3774986,2.1587463,0,9.71,263.8,30,27.6
2026-09-16T19:00,node/5212252535,Tariq,,,,41.4477214,2.2405051,1,9.71,263.8,30,27.6
2026-09-16T19:00,node/5218828496,Conecta,,,,41.4388265,2.2253266,1,9.71,263.8,30,27.6
2026-09-16T19:00,node/5218828499,Sweet dolç,,,,41.4385456,2.2254351,1,9.71,263.8,30,27.6
2026-09-16T19:00,node/5226505321,Bodega E. Marin,,,,41.4025586,2.1609645,0,9.71,263.8,30,27.6
2026-09-16T19:00,node/5228942946,La Pubilla,,,,41.3995748,2.1536674,0,9.71,263.8,30,27.6
2026-09-16T19:00,node/5237627856,Tasmango Dessert,,,,41.3909254,2.1784375,0,9.71,263.8,30,27.6
2026-09-16T19:00,node/5238186123,Lennox,,,,41.3834186,2.1829502,0,9.71,263.8,30,27.6
2026-09-16T19:00,node/5271863048,Rest. Alexandre,,,,41.4322501,2.1835476,1,9.71,263.8,30,27.6
2026-09-16T19:00,node/5286467104,Granja Monsul,,,,41.4437723,2.2239591,1,9.71,263.8,30,27.6
2026-09-16T19:00,node/5298404593,Próspero,,,,41.4382431,2.2237839,1,9.71,263.8,30,27.6
2026-09-16T19:00,node/5298404603,Bar Salamanca,,,,41.4388532,2.2246477,1,9.71,263.8,30,27.6
2026-09-16T19:00,node/5298405327,Bar Benuga,,,,41.4383471,2.2243229,1,9.71,263.8,30,27.6
2026-09-16T19:00,node/5298405384,Bar Rocío Los Cazadores,,,,41.4389682,2.2252641,1,9.71,263.8,30,27.6
2026-09-16T19:00,node/5299921764,Bar Crack,,,,41.4343466,2.2189911,1,9.71,263.8,30,27.6
2026-09-16T19:00,node/5299921811,Can Daura,,,,41.4358077,2.2218721,1,9.71,263.8,30,27.6
2026-09-16T19:00,node/5299922525,Bar La Imperial,,,,41.4354603,2.2205399,1,9.71,263.8,30,27.6
2026-09-16T19:00,node/5299922526,Bar Marta,,,,41.4349148,2.2200469,1,9.71,263.8,30,27.6
2026-09-16T19:00,node/5313632423,365,,,,41.3789307,2.1718613,0,9.71,263.8,30,27.6
2026-09-16T19:00,node/5327570662,Ancestral,,,,41.3977332,2.1656576,1,9.71,263.8,30,27.6
2026-09-16T19:00,node/5347967007,Bar Marín,,,,41.4474106,2.2217195,1,9.71,263.8,30,27.6
2026-09-16T19:00,node/5347967009,Bar La Cantonada,,,,41.4474812,2.2209325,1,9.71,263.8,30,27.6
2026-09-16T19:00,node/5363964402,El gran croissant,,,,41.4359355,2.2167366,1,9.71,263.8,30,27.6
2026-09-16T19:00,node/5395531687,Las Marismas,,,,41.3701297,2.1215161,1,9.71,263.8,30,27.6
2026-09-16T19:00,node/5407919537,El Yate,,,,41.4039787,2.1367463,0,9.71,263.8,30,27.6
2026-09-16T19:00,node/5417517130,Tou Kichi Rou,,,,41.3919953,2.1432267,0,9.71,263.8,30,27.6
2026-09-16T19:00,node/5418243448,La Pampa,,,,41.3793623,2.1879402,1,9.71,263.8,30,27.6
2026-09-16T19:00,node/5418243450,els maians,,,,41.3786757,2.1882219,1,9.71,263.8,30,27.6
2026-09-16T19:00,node/5418243451,no30,,,,41.3791653,2.1879988,1,9.71,263.8,30,27.6
2026-09-16T19:00,node/5418243452,Lolita,,,,41.3783615,2.1882936,1,9.71,263.8,30,27.6
2026-09-16T19:00,node/5418243454,Reina Margherita,,,,41.3792655,2.1879835,1,9.71,263.8,30,27.6
2026-09-16T19:00,node/5434314893,PolkaBarcelona,,,,41.3859057,2.1326565,0,9.71,263.8,30,27.6
2026-09-16T19:00,node/5485540627,Bar Placídia,,,,41.3999472,2.1524915,0,9.71,263.8,30,27.6
2026-09-16T19:00,node/5487473548,Cafè Mos,,,,41.4143487,2.1384116,1,9.71,263.8,30,27.6
2026-09-16T19:00,node/5498351755,365 Cafeteria Forn de Pa,,,,41.3747778,2.1626826,0,9.71,263.8,30,27.6
2026-09-16T19:00,node/5509139428,La Carmanyola,,,,41.4013829,2.2068942,0,9.71,263.8,30,27.6
2026-09-16T19:00,node/5536153362,Cafeteria La Dona,,,,41.4396715,2.2242727,1,9.71,263.8,30,27.6
2026-09-16T19:00,node/5564055763,Panda & Smile,,,,41.3842068,2.1585673,0,9.71,263.8,30,27.6
2026-09-16T19:00,node/5564064431,Atrapatapa,,,,41.3832362,2.1568636,0,9.71,263.8,30,27.6
2026-09-16T19:00,node/5595134220,Cervecería Amoretty's 3,,,,41.4412382,2.2200117,1,9.71,263.8,30,27.6
2026-09-16T19:00,node/5606506169,Sincopa,,,,41.3803881,2.1789886,0,9.71,263.8,30,27.6
2026-09-16T19:00,node/5611733921,Buenas Migas,,,,41.4024253,2.1743326,0,9.71,263.8,30,27.6
2026-09-16T19:00,node/5617465886,Amateur,,,,41.3967536,2.1962847,0,9.71,263.8,30,27.6
2026-09-16T19:00,node/5646412432,Made in Sicily,,,,41.4483394,2.2490191,1,9.71,263.8,30,27.6
2026-09-16T19:00,node/5646415922,La Bella Istambul,,,,41.4479233,2.2494906,1,9.71,263.8,30,27.6
2026-09-16T19:00,node/5658288082,Can Teixidó,,,,41.4491148,2.2483189,1,9.71,263.8,30,27.6
2026-09-16T19:00,node/5663240986,Cafè Escac,,,,41.3837378,2.1695562,0,9.71,263.8,30,27.6
2026-09-16T19:00,node/5676005621,CACHO,,,,41.3931048,2.1910878,0,9.71,263.8,30,27.6
2026-09-16T19:00,node/5718757792,360°,,,,41.3790957,2.1696433,0,9.71,263.8,30,27.6
2026-09-16T19:00,node/5793057257,Bar Granja el Chiquitín,,,,41.4398176,2.2263171,1,9.71,263.8,30,27.6
2026-09-16T19:00,node/5796742218,The Clock,,,,41.3754168,2.1482785,0,9.71,263.8,30,27.6
2026-09-16T19:00,node/5805410453,Morrow Coffee,,,,41.3771392,2.1513283,0,9.71,263.8,30,27.6
2026-09-16T19:00,node/5806521955,Paisano Bistró,,,,41.4048549,2.1759323,0,9.71,263.8,30,27.6
2026-09-16T19:00,node/5856758686,El racó de les tapes,,,,41.4357708,2.1910224,0,9.71,263.8,30,27.6
2026-09-16T19:00,node/5878496985,UDON,,,,41.4051569,2.1921906,0,9.71,263.8,30,27.6
2026-09-16T19:00,node/5916157285,Bar Castells,,,,41.3841472,2.1698121,0,9.71,263.8,30,27.6
2026-09-16T19:00,node/5923867889,,,,,41.4406062,2.2451514,1,9.71,263.8,30,27.6
2026-09-16T19:00,node/5930228787,Mi casa,,,,41.3993608,2.1535771,0,9.71,263.8,30,27.6
2026-09-16T19:00,node/5933808740,Kserol,,,,41.3986236,2.1753141,0,9.71,263.8,30,27.6
2026-09-16T19:00,node/5944781772,Restaurante Burning Rock&Food,,,,41.3746837,2.1311612,0,9.71,263.8,30,27.6
2026-09-16T19:00,node/5951964888,el Fornet,,,,41.3882003,2.1723419,0,9.71,263.8,30,27.6
2026-09-16T19:00,node/5972440521,Feroz,,,,41.3965882,2.1508404,0,9.71,263.8,30,27.6
2026-09-16T19:00,node/5980982393,Pepa Tomate,,,,41.3767661,2.1627826,0,9.71,263.8,30,27.6
2026-09-16T19:00,node/6000108088,La Neura,,,,41.4002093,2.1660134,0,9.71,263.8,30,27.6
2026-09-16T19:00,node/6009236381,Mesón Balouta,,,,41.4384121,2.1649296,0,9.71,263.8,30,27.6
2026-09-16T19:00,node/6010958538,Bar Avenida,,,,41.4371962,2.2238498,1,9.71,263.8,30,27.6
2026-09-16T19:00,node/6010958540,Bar Trébol BCN,,,,41.4352675,2.2193633,1,9.71,263.8,30,27.6
2026-09-16T19:00,node/6027971388,Novell,,,,41.4070495,2.1667319,0,9.71,263.8,30,27.6
2026-09-16T19:00,node/6038827086,Honest Greens,,,,41.3986972,2.1569862,0,9.71,263.8,30,27.6
2026-09-16T19:00,node/6066258257,Bar Roma Sports,,,,41.4449369,2.2223513,1,9.71,263.8,30,27.6
2026-09-16T19:00,node/6089625321,Vivari,,,,41.3973187,2.1676233,0,9.71,263.8,30,27.6
2026-09-16T19:00,node/6093865396,The FRESH POKE,,,,41.3975268,2.1644457,0,9.71,263.8,30,27.6
2026-09-16T19:00,node/6093944886,Nicasso,,,,41.4072456,2.1873211,0,9.71,263.8,30,27.6
2026-09-16T19:00,node/6096656135,Yoi Yoi Gion,,,,41.3965593,2.1606187,1,9.71,263.8,30,27.6
2026-09-16T19:00,node/6104559348,Belles Arts II,,,,41.3872827,2.1361782,0,9.71,263.8,30,27.6
2026-09-16T19:00,node/6104561002,Toyodo,,,,41.3866914,2.1375355,0,9.71,263.8,30,27.6
2026-09-16T19:00,node/6106764321,Il Caffe di Francesco,,,,41.3930707,2.1642758,0,9.71,263.8,30,27.6
2026-09-16T19:00,node/6109526596,El Cuiner de Damasc,,,,41.3814196,2.1776754,0,9.71,263.8,30,27.6
2026-09-16T19:00,node/6110978486,Bonaparte,,,,41.4775805,2.0724847,1,9.71,263.8,30,27.6
2026-09-16T19:00,node/6123253862,Bar Granja Oasis,,,,41.3505068,2.1127043,1,9.71,263.8,30,27.6
2026-09-16T19:00,node/6126749461,Cantero,,,,41.3942111,2.1902433,0,9.71,263.8,30,27.6
2026-09-16T19:00,node/6164234382,Poké Sí,,,,41.4052321,2.1924708,0,9.71,263.8,30,27.6
2026-09-16T19:00,node/6164236104,Palo Verde,,,,41.4047343,2.1968042,0,9.71,263.8,30,27.6
2026-09-16T19:00,node/6166398253,Panet,,,,41.3861845,2.1430687,0,9.71,263.8,30,27.6
2026-09-16T19:00,node/6182404055,Kasa,,,,41.3861348,2.1656868,0,9.71,263.8,30,27.6
2026-09-16T19:00,node/6188914880,Bella Venezia,,,,41.3965502,2.1644865,0,9.71,263.8,30,27.6
2026-09-16T19:00,node/6188922858,Arc iris,,,,41.3998386,2.1715382,0,9.71,263.8,30,27.6
2026-09-16T19:00,node/6193461695,Sun Market,,,,41.3928465,2.1569854,0,9.71,263.8,30,27.6
2026-09-16T19:00,node/6193479448,Akashi Sushi Bar,,,,41.3923045,2.1558108,0,9.71,263.8,30,27.6
2026-09-16T19:00,node/6200571548,La Svolta,,,,41.4061025,2.1515184,0,9.71,263.8,30,27.6
2026-09-16T19:00,node/6202321417,La Tapeta del Coll,,,,41.4179646,2.1467035,1,9.71,263.8,30,27.6
2026-09-16T19:00,node/6204104907,La Papa,,,,41.3898088,2.1577366,0,9.71,263.8,30,27.6
2026-09-16T19:00,node/6216083704,La Coma,,,,41.3401472,2.1265697,0,9.71,263.8,30,27.6
2026-09-16T19:00,node/6216218158,la Zona,,,,41.3460291,2.1439158,1,9.71,263.8,30,27.6
2026-09-16T19:00,node/6216756977,Estrella de Istanbul,,,,41.4098375,2.1751296,0,9.71,263.8,30,27.6
2026-09-16T19:00,node/6230395442,Akelarre,,,,41.3892275,2.1373726,0,9.71,263.8,30,27.6
2026-09-16T19:00,node/6230407068,Starbucks,,,,41.3951351,2.1581903,0,9.71,263.8,30,27.6
2026-09-16T19:00,node/6232752417,El Taller,,,,41.3587511,2.1404908,0,9.71,263.8,30,27.6
2026-09-16T19:00,node/6237797177,Luri,,,,41.3977931,2.1514901,0,9.71,263.8,30,27.6
2026-09-16T19:00,node/6246525924,in blue,,,,41.3877036,2.1368756,0,9.71,263.8,30,27.6
2026-09-16T19:00,node/6250219942,Al sur,,,,41.3941572,2.1586822,0,9.71,263.8,30,27.6
2026-09-16T19:00,node/6258570565,Dino Pan,,,,41.3824376,2.1318622,0,9.71,263.8,30,27.6
2026-09-16T19:00,node/6258570699,Don Sándwich,,,,41.3820321,2.1315862,0,9.71,263.8,30,27.6
2026-09-16T19:00,node/6258715958,La Lluna de Gavà,,,,41.3672801,2.1403759,0,9.71,263.8,30,27.6
2026-09-16T19:00,node/6258718433,La Toscana,,,,41.3805625,2.1323335,0,9.71,263.8,30,27.6
2026-09-16T19:00,node/6258718652,Cafeteria Melody Bar,,,,41.3779464,2.1338934,0,9.71,263.8,30,27.6
2026-09-16T19:00,node/6258719247,Bar Florida,,,,41.3592896,2.1399844,0,9.71,263.8,30,27.6
2026-09-16T19:00,node/6260784864,La Cabaña,,,,41.3699161,2.1341331,0,9.71,263.8,30,27.6
2026-09-16T19:00,node/6260786193,Goiko Grill,,,,41.3656448,2.1357604,0,9.71,263.8,30,27.6
2026-09-16T19:00,node/6264834185,König,,,,41.3862163,2.1827612,0,9.71,263.8,30,27.6
2026-09-16T19:00,node/6298115913,N.A.P.,,,,41.3774834,2.1900137,0,9.71,263.8,30,27.6
2026-09-16T19:00,node/6316025985,L'Esclop,,,,41.3768262,2.1577412,0,9.71,263.8,30,27.6
2026-09-16T19:00,node/6330973943,Don Kilo,,,,41.3998564,2.1639573,0,9.71,263.8,30,27.6
2026-09-16T19:00,node/6333708759,SandwiChez,,,,41.3941488,2.1694356,0,9.71,263.8,30,27.6
2026-09-16T19:00,node/6334053687,Cafè Yafa,,,,41.3997495,2.1643963,0,9.71,263.8,30,27.6
2026-09-16T19:00,node/6334053692,La Mananta,,,,41.3994169,2.1648424,0,9.71,263.8,30,27.6
2026-09-16T19:00,node/6339732807,La Soca 2,,,,41.3912352,2.1594135,0,9.71,263.8,30,27.6
2026-09-16T19:00,node/6339732809,Creps Barcelona,,,,41.3905618,2.1590619,0,9.71,263.8,30,27.6
2026-09-16T19:00,node/6357834156,Les gens que j'aime bar,,,,41.3936947,2.1648505,0,9.71,263.8,30,27.6
2026-09-16T19:00,node/6381462875,Comarca Cuina L’Hocal,,,,41.3609203,2.1295937,1,9.71,263.8,30,27.6
2026-09-16T19:00,node/6424929026,Cafeteria Samy's,,,,41.3637433,2.1369241,0,9.71,263.8,30,27.6
2026-09-16T19:00,node/6424929700,Sakuraya,,,,41.3653001,2.1307952,1,9.71,263.8,30,27.6
2026-09-16T19:00,node/6431480513,Restaurant Bodega de Tapas,,,,41.3772493,2.1371156,0,9.71,263.8,30,27.6
2026-09-16T19:00,node/6431508292,Bodega Salvat,,,,41.3711848,2.1345217,0,9.71,263.8,30,27.6
2026-09-16T19:00,node/6431508293,Jaqueline's,,,,41.3682256,2.1345214,0,9.71,263.8,30,27.6
2026-09-16T19:00,node/6431508485,Japonia Café,,,,41.3806518,2.1387176,0,9.71,263.8,30,27.6
2026-09-16T19:00,node/6431508488,La Bodegueta de Sants,,,,41.3710695,2.1344235,0,9.71,263.8,30,27.6
2026-09-16T19:00,node/6431512182,Bar Montevideo,,,,41.3693939,2.1342386,0,9.71,263.8,30,27.6
2026-09-16T19:00,node/6431558869,Bar Alegría,,,,41.3629394,2.1373301,0,9.71,263.8,30,27.6
2026-09-16T19:00,node/6431559030,Bar El Faro,,,,41.3628529,2.1373795,0,9.71,263.8,30,27.6
2026-09-16T19:00,node/6433259684,Entre Copas,,,,41.3621672,2.0761548,1,9.71,263.8,30,27.6
2026-09-16T19:00,node/6438381289,Vera Café,,,,41.3883674,2.1779512,0,9.71,263.8,30,27.6
2026-09-16T19:00,node/6441451785,Líder de Istanbul,,,,41.3752687,2.1338088,0,9.71,263.8,30,27.6
2026-09-16T19:00,node/6445233216,Gyoza Bar,,,,41.3931059,2.1798949,0,9.71,263.8,30,27.6
2026-09-16T19:00,node/6450380989,Bar But,,,,41.3979648,2.1593688,0,9.71,263.8,30,27.6
2026-09-16T19:00,node/6450381086,La Porxada,,,,41.4030026,2.1637245,0,9.71,263.8,30,27.6
2026-09-16T19:00,node/6462934229,Concordia,,,,41.3864201,2.1321758,0,9.71,263.8,30,27.6
2026-09-16T19:00,node/6475037976,L'Oasi a Consell,,,,41.3830142,2.1547507,0,9.71,263.8,30,27.6
2026-09-16T19:00,node/6477273844,Fandango,,,,41.3982346,2.1423415,1,9.71,263.8,30,27.6
2026-09-16T19:00,node/6506313588,Antigua,,,,41.3980086,2.1492952,0,9.71,263.8,30,27.6
2026-09-16T19:00,node/6507308246,L'Antica Pizzeria Da Michele,,,,41.3928154,2.1682858,0,9.71,263.8,30,27.6
2026-09-16T19:00,node/6532206187,Yü Sushi,,,,41.4032734,2.2032208,0,9.71,263.8,30,27.6
2026-09-16T19:00,node/6532330793,La Xemeneia,,,,41.4016359,2.2048002,0,9.71,263.8,30,27.6
2026-09-16T19:00,node/6535101686,Alma Loca,,,,41.3992845,2.1970974,0,9.71,263.8,30,27.6
2026-09-16T19:00,node/6538194375,Mr. White,,,,41.3761815,2.1601126,0,9.71,263.8,30,27.6
2026-09-16T19:00,node/6568369188,Elpilar,,,,41.4000903,2.1489875,0,9.71,263.8,30,27.6
2026-09-16T19:00,node/6597321587,Welcome,,,,41.4065151,2.1509474,0,9.71,263.8,30,27.6
2026-09-16T19:00,node/6600189447,café bar juli-mac,,,,41.3782625,2.1239845,0,9.71,263.8,30,27.6
2026-09-16T19:00,node/6642989000,El Pa Sencer,,,,41.3835483,2.1341796,0,9.71,263.8,30,27.6
2026-09-16T19:00,node/6642989001,Ateneu Popular de les Corts,,,,41.3826968,2.1329407,0,9.71,263.8,30,27.6
2026-09-16T19:00,node/6680396487,La prorroga,,,,41.4032976,2.1567512,0,9.71,263.8,30,27.6
2026-09-16T19:00,node/6680687871,La Mar Salada,,,,41.3768035,2.1888904,1,9.71,263.8,30,27.6
2026-09-16T19:00,node/6681709948,Kiltro Gràcia,,,,41.4018317,2.1544539,0,9.71,263.8,30,27.6
2026-09-16T19:00,node/6710510485,Catedral 1951,,,,41.3849142,2.1757337,0,9.71,263.8,30,27.6
2026-09-16T19:00,node/6750944404,Brasaña,,,,41.3605721,2.1345777,1,9.71,263.8,30,27.6
2026-09-16T19:00,node/6757307686,Kitsu,,,,41.4017918,2.1543486,0,9.71,263.8,30,27.6
2026-09-16T19:00,node/6757314489,LomoAlto,,,,41.3936053,2.1663935,0,9.71,263.8,30,27.6
2026-09-16T19:00,node/6766273102,inti & chaska,,,,41.3886755,2.1599487,0,9.71,263.8,30,27.6
2026-09-16T19:00,node/6771863086,Montseny,,,,41.4070642,2.1804416,0,9.71,263.8,30,27.6
2026-09-16T19:00,node/6775495571,El Petit,,,,41.3298893,2.0988681,1,9.71,263.8,30,27.6
2026-09-16T19:00,node/6782427526,Híbrid Cafè Restaurant,,,,41.3771219,2.1203336,0,9.71,263.8,30,27.6
2026-09-16T19:00,node/6786006588,365,,,,41.3820297,2.1697221,0,9.71,263.8,30,27.6
2026-09-16T19:00,node/6790695789,El Rincón de la Abuela Venezolana,,,,41.4058359,2.1788147,0,9.71,263.8,30,27.6
2026-09-16T19:00,node/6805613085,Bar la Cabaña,,,,41.4071784,2.1778546,0,9.71,263.8,30,27.6
2026-09-16T19:00,node/6812099686,La Xurreria de Maria,,,,41.4050102,2.1750002,0,9.71,263.8,30,27.6
2026-09-16T19:00,node/6821384885,Blu Bar,,,,41.3983358,2.2045648,0,9.71,263.8,30,27.6
2026-09-16T19:00,node/6835358009,Murivecci,,,,41.3874075,2.1828282,0,9.71,263.8,30,27.6
2026-09-16T19:00,node/6852974547,Garrido,,,,41.3603039,2.1401381,0,9.71,263.8,30,27.6
2026-09-16T19:00,node/6852994516,La Patatona,,,,41.3604651,2.1400108,0,9.71,263.8,30,27.6
2026-09-16T19:00,node/6855027201,Bar Sandwicheria Enka 3,,,,41.3758876,2.1221107,1,9.71,263.8,30,27.6
2026-09-16T19:00,node/6871523347,Cafe Punto 10,,,,41.3805947,2.1364501,0,9.71,263.8,30,27.6
2026-09-16T19:00,node/6914132390,El Nou Ramonet,,,,41.3817315,2.1876268,0,9.71,263.8,30,27.6
2026-09-16T19:00,node/6946328085,Cremat 11,,,,41.3855109,2.1810205,0,9.71,263.8,30,27.6
2026-09-16T19:00,node/6973926711,Syra Coffee,,,,41.3965047,2.1941864,0,9.71,263.8,30,27.6
2026-09-16T19:00,node/6983227455,SNOOKER - Cocteles y Billarea,,,,41.3921561,2.1703663,0,9.71,263.8,30,27.6
2026-09-16T19:00,node/7002869606,Chebú,,,,41.3791162,2.1515085,0,9.71,263.8,30,27.6
2026-09-16T19:00,node/7003296923,Triple Sec,,,,41.3747448,2.1609868,0,9.71,263.8,30,27.6
2026-09-16T19:00,node/7004598841,Orange Coffee,,,,41.4052864,2.1712189,0,9.71,263.8,30,27.6
2026-09-16T19:00,node/7014308129,Bar Bodega Lentejil,,,,41.4429922,2.2175094,1,9.71,263.8,30,27.6
2026-09-16T19:00,node/7017780931,Yoüme,,,,41.3835882,2.1541892,0,9.71,263.8,30,27.6
2026-09-16T19:00,node/7098025886,El Club del Café,,,,41.4340729,2.1892624,0,9.71,263.8,30,27.6
2026-09-16T19:00,node/7124857728,Cabo,,,,41.3964797,2.1851438,0,9.71,263.8,30,27.6
2026-09-16T19:00,node/7132160620,Santagloria,,,,41.3863926,2.1243567,0,9.71,263.8,30,27.6
2026-09-16T19:00,node/7141587085,La Cereria,,,,41.3815426,2.1767152,0,9.71,263.8,30,27.6
2026-09-16T19:00,node/7150994121,Vivari,,,,41.3998419,2.1775677,0,9.71,263.8,30,27.6
2026-09-16T19:00,node/7234692489,Van van var,,,,41.3942304,2.1901096,0,9.71,263.8,30,27.6
2026-09-16T19:00,node/7318977151,,,,,41.3711664,2.1434617,0,9.71,263.8,30,27.6
2026-09-16T19:00,node/7318977155,Bar Joaquim,,,,41.3704145,2.1424922,1,9.71,263.8,30,27.6
2026-09-16T19:00,node/7318977156,Vivari,,,,41.3686165,2.1410874,1,9.71,263.8,30,27.6
2026-09-16T19:00,node/7431790448,Santagloria,,,,41.3896086,2.1200086,1,9.71,263.8,30,27.6
2026-09-16T19:00,node/7438491414,,,,,41.3733479,2.1301506,0,9.71,263.8,30,27.6
2026-09-16T19:00,node/7504941029,Iberic Fusión Platja,,,,41.4380577,2.2431806,1,9.71,263.8,30,27.6
2026-09-16T19:00,node/7504941031,l'Altre Can Mario's,,,,41.4405591,2.2418866,1,9.71,263.8,30,27.6
2026-09-16T19:00,node/7504941033,L'Esmolet,,,,41.4432993,2.2460741,1,9.71,263.8,30,27.6
2026-09-16T19:00,node/7504941035,la Masia de la Xesca,,,,41.4452013,2.2417838,1,9.71,263.8,30,27.6
2026-09-16T19:00,node/7556742593,Menjador del Centre,,,,41.4009756,2.2000272,0,9.71,263.8,30,27.6
2026-09-16T19:00,node/7563962192,Passeig9,,,,41.4014488,2.2009478,0,9.71,263.8,30,27.6
2026-09-16T19:00,node/7600529740,Restaurante La Flama,,,,41.3514861,2.1114722,1,9.71,263.8,30,27.6
2026-09-16T19:00,node/7618205068,El Pellizquito,,,,41.3501292,2.1105817,1,9.71,263.8,30,27.6
2026-09-16T19:00,node/7640514041,Bar Plaça Carles Buïgas,,,,41.3711833,2.1510204,1,9.71,263.8,30,27.6
2026-09-16T19:00,node/7644933199,Almirall,,,,41.4100171,2.1883052,0,9.71,263.8,30,27.6
2026-09-16T19:00,node/7704818539,Bar Granja Rocxi,,,,41.3744206,2.1339573,0,9.71,263.8,30,27.6
2026-09-16T19:00,node/7704818548,Cafès Caracas,,,,41.3748038,2.1328052,0,9.71,263.8,30,27.6
2026-09-16T19:00,node/7706832792,Cru Sants,,,,41.3721342,2.1286919,0,9.71,263.8,30,27.6
2026-09-16T19:00,node/7736420790,Mamma Italia,,,,41.3764642,2.1234304,0,9.71,263.8,30,27.6
2026-09-16T19:00,node/7772770550,Eqvilibrivm Café,,,,41.3973065,2.1697662,0,9.71,263.8,30,27.6
2026-09-16T19:00,node/7838098454,El Caserón,,,,41.3838275,2.1398498,0,9.71,263.8,30,27.6
2026-09-16T19:00,node/7925586104,Delicream,,,,41.4572921,2.2290688,1,9.71,263.8,30,27.6
2026-09-16T19:00,node/7989010587,Castañeiras,,,,41.4100358,2.1760296,0,9.71,263.8,30,27.6
2026-09-16T19:00,node/7999604058,Lilo brunch,,,,41.3873718,2.1627034,0,9.71,263.8,30,27.6
2026-09-16T19:00,node/7999616840,Bellillo,,,,41.3879362,2.1620483,0,9.71,263.8,30,27.6
2026-09-16T19:00,node/8034999886,Costa Dorada,,,,41.3980284,2.1986941,0,9.71,263.8,30,27.6
2026-09-16T19:00,node/8046554489,Sport,,,,41.4001224,2.2000188,0,9.71,263.8,30,27.6
2026-09-16T19:00,node/8049731595,Echegaray,,,,41.4018684,2.2023424,0,9.71,263.8,30,27.6
2026-09-16T19:00,node/8049732292,Doroteo,,,,41.4029636,2.2006718,0,9.71,263.8,30,27.6
2026-09-16T19:00,node/8064873985,Saramar,,,,41.3957712,2.1953013,0,9.71,263.8,30,27.6
2026-09-16T19:00,node/8077128420,Tío Bigotes,,,,41.4013922,2.2028846,0,9.71,263.8,30,27.6
2026-09-16T19:00,manual/488492e9,Bar Viejo Cafe,Bar,yes,"Carrer de la Independència, 306, Sant Martí, 08026 Barcelona",41.4116,2.1794,0,9.71,263.8,30,27.6
2026-09-16T19:00,manual/c52f6190,New 88 Bar-Cafeteria,bar,yes,,41.4094505,2.1789589,0,9.71,263.8,30,27.6
2026-09-16T19:00,manual/5d2ea7ea,Restaurant Papá Nico,bar,yes,,41.4094505,2.1789589,0,9.71,263.8,30,27.6
2026-09-16T19:00,manual/c980e39e,Restaurant El Clot,restaurant,yes,,41.4087697,2.1875592,0,9.71,263.8,30,27.6
